0 0 0 0 0 0 0 0 0 0 0 0 0 0 0 0 0 0 0 0 0 0 0 0 0 0 0 0 0 0 0 0 0 0
2 4 4 4 5 5 6 5 5 5 0 6 9 8 8 9 6 5 5 5 5 5 7 5 7 6 6 8 10 9 7 7 6 5
2 4 4 4 5 5 6 5 5 5 0 6 9 8 8 9 6 5 5 5 5 5 7 5 6 6 6 8 10 10 7 8 6 5
2 4 4 4 5 5 6 5 5 6 0 6 10 9 8 9 6 5 5 5 5 5 6 5 7 6 6 9 11 10 7 8 6 5
2 4 4 4 5 4 5 5 5 5 0 6 10 9 8 10 6 5 5 5 5 5 6 5 6 5 6 9 11 10 7 8 6 5
2 4 4 4 5 5 6 5 5 5 0 6 9 8 8 9 6 5 5 5 5 5 6 5 6 5 6 9 10 9 7 8 6 5
2 4 4 4 5 5 5 5 5 5 0 6 9 8 8 9 6 5 5 5 5 5 6 5 6 5 5 8 10 9 7 8 6 5
2 4 4 4 5 5 5 5 5 5 0 6 10 9 8 9 6 5 5 5 5 5 6 5 6 6 6 9 10 9 8 8 6 5
2 4 4 4 5 5 6 5 5 5 0 6 11 10 10 10 6 6 5 5 6 6 7 5 7 6 6 9 11 11 9 8 7 6
2 4 4 4 5 5 6 5 5 6 0 6 10 9 8 9 6 6 5 5 6 6 9 6 7 6 6 9 10 9 7 8 6 5
2 4 4 4 5 5 5 5 5 5 0 6 9 9 8 9 6 5 4 5 5 5 6 5 6 5 5 8 10 9 7 8 6 5
2 4 4 4 5 5 6 5 5 5 0 5 8 8 7 8 6 5 5 5 5 5 6 5 6 5 5 8 9 9 6 8 6 5
2 4 4 4 5 4 5 4 5 5 0 5 8 7 6 7 5 5 5 5 5 5 6 5 6 5 5 8 9 8 6 7 5 5
2 4 4 4 5 5 6 5 5 5 0 5 9 8 7 7 5 5 4 5 6 7 6 5 6 6 6 8 9 9 6 7 5 5
2 4 4 4 5 5 5 5 5 5 0 5 8 7 6 7 5 5 4 5 5 6 6 5 6 6 6 7 8 8 6 7 5 5
2 4 4 4 5 5 6 5 5 5 0 5 8 7 5 7 5 5 4 5 6 6 6 5 6 6 6 8 8 7 5 7 5 5
2 4 4 4 5 4 5 5 5 5 0 5 8 7 6 7 5 5 4 5 5 6 6 5 6 5 5 8 8 7 5 7 5 4
2 4 4 4 5 5 5 5 5 5 0 5 8 7 6 7 5 4 4 4 5 6 6 5 6 5 5 8 8 8 5 7 5 4
2 4 4 4 5 5 6 5 4 4 0 5 8 7 5 6 5 5 5 5 6 6 7 5 6 5 5 7 8 8 6 6 5 5
2 4 4 4 5 4 5 5 5 5 0 5 8 8 6 7 5 5 4 5 5 6 6 5 6 5 5 8 8 8 6 7 5 4
2 4 4 4 5 5 6 5 5 4 0 5 7 7 5 6 5 4 4 5 5 6 7 5 6 5 5 7 8 7 5 6 5 4
2 4 4 4 5 5 6 4 5 4 0 5 7 7 5 6 5 4 4 5 5 6 7 5 6 5 5 7 8 7 5 6 5 4
2 4 4 4 5 5 6 4 5 5 0 5 8 7 6 6 5 4 4 5 5 6 7 5 6 5 5 8 8 7 5 6 5 4
2 4 4 4 5 5 6 4 5 4 0 5 8 7 5 7 5 4 4 5 5 6 7 5 6 5 5 8 9 8 5 6 5 4
2 4 4 4 5 5 6 4 5 4 0 4 8 7 5 7 5 4 4 5 5 6 6 5 6 5 5 7 8 7 5 6 5 4
2 4 4 4 5 5 6 4 4 4 0 4 7 6 4 6 5 4 4 5 5 6 6 5 6 5 5 7 8 7 5 6 4 4
2 4 4 4 5 5 6 4 4 4 0 5 7 6 5 6 5 4 4 5 5 6 7 5 6 5 5 8 8 7 5 6 4 4
2 4 4 4 5 5 6 4 5 4 0 4 7 6 5 5 4 4 4 5 6 6 7 5 6 5 5 8 8 7 5 6 4 4
2 4 3 4 5 5 6 4 4 4 0 4 7 6 5 6 4 4 4 4 6 6 6 5 5 5 5 7 8 7 5 6 4 4
2 4 4 4 5 5 6 4 4 4 0 4 8 7 5 6 4 4 4 4 6 6 7 5 5 5 5 7 8 7 5 6 4 4
2 4 4 4 5 5 6 4 4 4 0 5 7 7 5 5 4 4 4 4 5 6 7 5 6 5 5 7 8 7 5 6 4 4
2 4 4 4 5 5 6 4 5 5 0 5 8 8 5 6 5 4 4 5 6 6 7 5 6 5 5 9 8 7 6 6 4 4
2 4 5 5 6 5 6 5 5 5 0 4 7 7 5 6 5 5 5 5 6 6 7 5 6 5 5 7 8 7 6 7 5 5
2 4 4 4 5 5 6 4 5 4 0 4 7 6 5 5 4 4 4 5 6 6 7 5 6 5 5 7 8 7 5 6 4 4
2 4 4 4 5 5 6 4 4 4 0 4 7 6 5 5 4 4 4 5 5 6 7 5 5 5 5 7 8 7 5 6 4 4
2 4 4 4 5 5 6 5 5 4 0 4 7 6 4 5 4 4 4 5 6 6 7 5 6 5 5 7 8 7 6 6 5 4
2 4 4 4 5 5 6 5 4 4 0 4 7 6 5 6 5 4 4 4 5 6 7 5 6 5 5 7 8 7 5 6 5 4
2 4 4 4 5 5 6 5 5 4 0 5 8 6 5 6 5 4 4 5 5 6 7 5 6 5 5 8 8 7 5 6 5 4
2 4 4 4 5 5 6 5 5 5 0 4 7 7 6 6 5 5 4 5 6 6 7 5 6 6 6 8 8 8 6 7 5 5
2 4 4 4 5 5 6 5 6 5 0 5 7 7 5 6 5 5 4 5 5 6 7 5 7 6 6 8 9 8 6 7 5 5
2 4 4 4 5 5 6 5 6 5 0 5 8 7 6 6 5 4 4 5 5 6 7 5 6 6 6 8 8 7 5 6 5 4
2 4 4 4 5 5 7 5 5 5 0 5 8 7 6 6 5 5 5 5 6 7 7 5 6 6 5 8 9 9 6 6 5 5
2 4 4 4 5 5 6 5 6 5 0 5 8 6 6 6 5 5 4 5 5 5 7 5 7 6 5 8 9 8 5 6 5 5
2 4 4 5 5 5 7 5 6 5 0 5 8 7 7 7 5 5 5 5 6 6 7 6 7 6 5 8 9 8 6 7 5 5
2 4 4 4 5 5 6 5 6 5 0 5 8 7 6 7 5 5 5 5 5 6 7 5 7 6 5 8 9 8 5 7 5 5
2 4 5 5 6 5 7 6 6 5 0 5 8 7 6 7 5 5 5 5 6 6 7 6 8 6 6 8 9 8 5 7 5 5
2 4 4 5 6 5 6 5 6 5 0 5 8 6 6 7 5 5 5 5 6 6 7 6 7 6 5 8 9 8 5 7 5 5
2 4 4 4 5 5 6 5 6 5 0 5 8 7 6 7 5 5 5 5 5 6 7 5 7 6 6 9 10 8 5 7 5 5
2 4 4 4 5 5 6 5 6 5 0 5 8 7 6 7 5 5 5 5 5 6 8 5 7 6 6 8 9 8 6 7 5 5
2 4 4 4 5 5 6 5 5 5 0 5 8 7 7 7 5 5 5 5 5 5 7 5 7 6 5 8 9 8 6 7 5 5
2 4 4 4 5 5 6 5 5 5 0 5 8 8 7 7 5 5 5 5 5 5 7 5 7 6 5 8 9 8 6 7 5 5
2 4 4 4 5 5 6 5 5 5 0 5 10 9 8 7 5 5 4 5 5 5 7 5 7 6 6 9 10 9 7 7 5 5
2 4 4 4 5 5 6 5 6 5 0 5 8 7 7 7 5 5 5 5 5 5 7 5 7 6 6 8 9 8 6 7 5 5
2 4 4 4 5 5 6 5 6 5 0 5 8 7 7 7 5 5 5 5 5 5 7 5 7 6 6 8 9 8 6 7 5 5
2 4 4 5 5 5 6 6 6 6 0 6 9 8 8 7 6 5 5 5 5 6 7 6 7 7 6 8 10 9 6 7 6 5
2 4 4 4 5 5 6 5 6 5 0 5 9 8 7 7 5 5 5 5 5 5 7 5 7 6 6 8 10 9 6 7 5 5
2 4 4 4 5 5 6 5 6 5 0 5 8 7 7 7 5 5 4 5 5 5 7 5 7 6 6 8 9 8 6 7 5 5
2 4 4 4 5 5 6 5 6 5 0 5 8 8 7 7 5 5 4 5 5 5 6 5 7 6 6 8 9 8 6 7 5 5
2 4 4 4 5 5 6 5 6 5 0 5 8 8 7 7 5 5 4 5 5 5 6 5 7 6 6 9 10 8 6 7 5 5
2 4 4 4 5 5 6 6 6 5 0 6 9 9 9 8 6 5 5 5 5 5 6 6 8 7 6 9 10 8 7 7 6 5
2 4 5 5 6 5 7 6 6 7 0 6 9 9 8 8 6 5 5 5 5 6 6 6 8 8 7 9 10 9 7 9 6 5
2 4 4 4 5 5 6 5 6 6 0 6 9 8 8 7 5 5 5 5 5 5 6 5 7 7 6 9 10 9 7 7 5 5
2 4 4 4 5 5 6 5 6 5 0 6 9 8 7 7 5 5 5 5 5 5 6 6 8 7 6 9 10 9 6 7 5 5
2 4 4 4 5 5 6 6 6 6 0 6 10 8 7 8 6 5 5 5 5 5 6 5 8 7 6 10 10 9 6 7 5 5
2 4 4 4 5 5 6 5 6 5 0 6 10 8 8 7 5 5 5 5 5 5 6 5 8 7 7 10 11 9 6 7 5 5
2 4 4 4 5 5 6 5 6 6 0 6 9 8 7 8 6 5 5 5 6 5 7 6 8 7 6 9 10 9 6 7 5 5
2 4 4 4 5 5 6 6 7 6 0 5 9 8 7 8 6 5 5 5 6 5 6 6 8 8 6 10 11 9 6 7 6 5
2 4 4 4 5 5 6 5 5 5 0 6 9 8 7 7 5 5 4 5 5 5 6 5 7 6 6 9 10 8 6 7 5 5
2 4 4 4 5 5 6 5 5 5 0 6 9 7 7 7 5 5 5 5 5 6 6 5 7 6 6 9 10 8 6 7 5 5
2 4 4 4 6 5 7 5 5 5 0 5 9 7 6 7 5 5 5 5 6 6 7 6 7 6 6 9 10 10 6 7 5 5
2 4 4 4 5 5 6 5 6 5 0 6 9 7 6 7 6 5 5 5 5 6 7 6 8 7 6 9 10 8 5 7 5 5
2 4 4 4 5 5 6 5 6 5 0 6 9 7 7 7 5 5 5 5 5 5 7 6 7 6 6 9 9 8 6 7 5 5
2 4 4 4 5 5 6 5 5 5 0 6 9 7 7 8 5 5 4 5 5 6 7 5 7 6 6 9 9 8 5 6 5 5
2 4 5 5 5 5 6 5 5 5 0 6 9 8 7 8 6 6 5 6 6 6 7 5 7 7 6 9 9 8 6 7 6 6
2 4 4 4 5 5 5 5 5 5 0 5 8 7 6 7 5 5 4 5 5 5 7 5 6 6 5 8 9 8 6 7 5 5
2 4 4 4 5 5 5 5 5 5 0 5 8 7 7 8 6 5 5 5 5 5 6 5 7 6 5 8 9 8 6 7 5 5
2 4 4 4 5 5 6 5 5 5 0 6 9 7 7 7 5 5 5 5 5 5 6 5 6 6 5 9 9 8 5 7 5 5
2 4 4 4 5 5 6 5 5 5 0 6 9 8 7 8 6 5 5 5 6 6 7 6 7 6 6 9 10 8 6 7 6 5
2 4 4 4 5 5 6 5 5 5 0 5 8 7 6 7 5 5 5 5 5 5 6 5 7 6 6 9 9 8 6 7 5 5
2 4 5 5 5 6 7 6 6 6 0 6 9 8 7 8 6 6 5 6 6 6 7 6 7 8 7 10 10 9 7 7 6 6
2 4 4 4 5 5 6 5 5 5 0 5 8 7 6 7 6 5 5 5 6 5 6 5 6 6 5 8 9 8 5 6 6 5
2 4 4 4 5 5 6 5 5 5 0 6 8 7 6 7 5 5 5 5 6 6 7 5 6 6 5 8 8 7 5 6 5 5
2 4 4 4 5 5 6 5 5 5 0 6 8 7 7 8 6 5 5 5 6 6 7 5 6 6 6 9 9 7 6 7 6 5
2 4 4 4 5 5 6 5 5 5 0 6 9 8 7 8 6 5 5 5 5 6 7 5 7 6 6 9 10 9 6 7 5 5
2 4 4 4 5 5 6 5 5 5 0 5 9 7 6 8 6 5 5 5 5 5 7 5 6 6 5 8 9 8 5 7 5 5
2 4 4 4 5 5 7 5 5 5 0 5 9 7 6 8 6 5 5 5 5 6 7 5 6 6 5 8 9 8 5 7 6 5
2 4 4 4 5 5 6 5 5 5 0 5 8 7 6 8 6 5 5 5 6 6 7 5 6 6 5 8 9 8 6 7 5 5
2 4 4 4 5 5 6 5 5 5 0 6 8 7 7 8 6 5 5 5 6 6 7 5 7 6 6 9 9 8 6 7 6 5
2 4 4 4 5 5 6 5 5 5 0 5 8 7 6 8 6 5 5 5 5 6 7 5 6 6 5 8 9 8 6 7 6 5
2 4 4 4 5 5 6 5 4 5 0 6 8 8 7 9 6 5 4 5 5 6 7 5 6 5 6 8 9 9 6 7 6 5
2 4 4 4 5 5 6 5 4 5 0 5 9 8 8 9 6 5 4 5 5 6 7 5 6 5 5 8 9 8 7 8 6 5
2 4 4 4 5 5 6 5 5 5 0 5 8 8 7 8 6 5 4 5 5 6 7 5 6 5 5 8 9 8 6 7 6 5
2 4 4 4 5 5 7 5 5 5 0 5 8 7 6 8 6 5 5 5 5 6 7 5 6 6 5 8 9 8 5 7 6 5
2 4 4 4 5 5 7 5 5 5 0 5 8 7 6 7 6 5 5 5 5 6 7 5 6 5 5 8 9 8 6 7 6 5
2 4 4 4 5 5 6 5 5 5 0 5 7 7 6 8 6 5 5 5 5 6 7 5 6 5 5 7 8 8 6 8 6 5
2 4 4 4 5 5 6 5 5 5 0 5 7 7 6 8 6 5 5 5 5 5 7 5 6 5 5 8 9 8 6 7 6 5
2 4 4 4 5 5 6 5 5 5 0 5 8 7 6 8 6 6 5 5 5 6 7 5 6 6 5 8 9 8 6 8 6 6
2 4 4 4 5 5 7 5 5 5 0 5 7 6 6 8 6 6 5 5 6 6 8 6 6 5 5 8 9 8 6 8 6 5
2 4 4 4 5 5 6 5 5 5 0 5 7 7 6 8 6 5 5 5 5 5 6 5 6 5 5 8 8 7 6 7 6 5
2 4 4 4 5 5 6 5 5 5 0 5 9 8 7 8 6 5 5 5 5 5 7 5 6 6 5 8 9 8 6 7 6 5
2 4 5 5 5 5 6 5 5 5 0 5 8 7 6 8 6 5 5 5 5 6 7 6 7 6 5 8 9 8 6 7 6 5
2 4 4 4 5 5 6 5 5 5 0 5 8 8 6 7 6 5 5 5 5 6 7 5 6 6 5 8 9 8 6 7 6 5
2 4 4 4 5 5 6 5 5 6 0 5 8 7 6 8 6 5 5 5 5 6 6 5 6 6 6 8 9 8 6 8 6 5
2 4 4 4 5 5 6 5 5 5 0 5 7 7 6 7 6 5 4 5 5 5 7 5 6 5 5 8 8 7 6 8 6 5
2 4 4 4 5 5 6 5 5 5 0 6 9 8 6 8 6 5 5 5 5 5 6 5 6 6 5 9 9 8 5 7 6 5
2 4 4 4 5 5 7 5 5 5 0 5 7 7 6 7 6 5 5 5 5 7 8 6 6 6 5 8 9 8 5 7 6 5
2 4 5 5 5 5 6 5 5 5 0 5 7 7 6 8 6 5 5 6 5 5 6 5 6 6 5 8 9 7 6 8 6 5
2 4 4 4 5 5 6 5 5 5 0 5 8 7 6 7 6 5 5 6 5 5 6 5 6 6 6 8 9 8 5 7 6 5
2 4 4 5 5 4 6 5 6 5 0 5 8 7 6 7 6 5 5 6 5 5 6 5 7 6 5 8 9 8 6 7 6 5
2 4 4 4 5 4 6 4 5 5 0 5 7 7 6 8 5 5 5 5 5 5 6 5 6 6 5 8 8 7 6 7 5 5
2 4 4 4 5 4 6 5 5 5 0 5 8 7 6 8 6 5 5 5 5 5 6 5 6 6 5 8 9 7 6 7 6 5
2 4 4 4 5 4 6 4 5 5 0 5 8 7 6 7 5 5 5 5 5 5 6 5 6 6 5 8 8 7 6 7 5 5
2 4 4 4 5 4 6 5 5 5 0 5 8 8 6 7 5 5 5 5 5 5 6 5 6 6 5 8 9 7 6 7 5 5
2 4 4 4 5 4 6 4 5 5 0 5 8 7 6 8 5 5 5 5 5 5 6 5 6 6 5 8 9 8 6 8 6 5
2 4 4 4 5 4 6 4 5 5 0 5 7 7 6 7 5 5 5 5 5 5 6 5 6 6 5 7 8 7 6 7 5 5
2 4 4 4 5 4 6 4 5 5 0 5 7 7 6 7 5 5 5 5 5 5 6 5 6 6 5 7 8 7 6 8 5 5
2 4 4 4 5 4 6 5 5 5 0 5 7 7 6 7 5 5 5 6 5 5 6 5 6 6 5 7 8 7 5 8 6 5
2 4 4 4 5 5 6 4 5 5 0 6 8 8 7 8 6 5 5 5 5 6 6 5 6 6 6 8 9 8 6 7 6 5
2 4 4 4 5 5 6 5 5 5 0 5 9 8 7 9 6 5 5 5 6 6 7 5 6 6 5 9 9 7 6 8 6 6
2 4 5 5 5 5 6 5 6 6 0 6 9 8 8 8 7 6 5 6 6 5 6 5 7 6 6 9 9 7 7 8 7 6
2 4 4 4 5 4 6 4 5 5 0 6 8 8 6 7 5 5 5 5 5 5 6 5 6 6 5 8 8 7 6 7 5 5
2 4 4 4 4 4 5 4 5 5 0 5 7 7 6 7 5 5 4 5 5 5 6 4 6 6 5 8 8 7 5 7 5 5
2 4 4 4 4 4 5 4 5 5 0 5 7 7 6 7 5 5 4 5 5 5 6 5 6 6 5 7 8 7 5 7 5 5
2 4 3 4 4 4 5 4 5 5 0 5 7 6 6 7 5 4 4 4 5 5 6 4 6 6 5 8 8 8 5 7 5 4
2 4 4 4 4 4 5 4 5 5 0 5 8 7 6 7 5 5 5 5 5 5 6 5 6 6 6 8 8 7 5 7 5 5
2 4 4 4 4 5 6 5 5 5 0 5 8 7 7 8 5 5 4 5 5 6 7 5 6 6 6 9 10 8 5 7 5 5
2 4 4 4 4 4 5 4 5 5 0 5 7 6 6 7 5 4 4 5 5 5 6 4 6 6 5 8 8 7 5 7 5 4
2 4 4 4 4 4 5 4 5 5 0 5 7 7 6 7 5 4 4 4 5 5 6 4 5 5 5 8 8 7 5 7 5 4
2 4 4 4 5 5 6 5 5 5 0 5 7 6 6 7 5 4 4 5 5 5 6 5 6 6 5 7 8 7 5 7 5 5
2 4 4 4 4 4 5 4 4 5 0 5 7 6 5 7 5 4 4 4 5 5 6 4 5 5 5 7 7 7 5 7 5 4
2 4 4 4 4 4 5 4 4 5 0 6 7 6 5 7 5 4 4 4 5 5 6 4 5 5 6 8 8 7 5 7 5 4
2 4 4 4 4 4 5 4 5 5 0 5 7 7 6 7 5 4 4 4 5 5 6 4 5 5 5 7 8 7 6 7 5 4
2 4 4 4 5 4 5 4 5 5 0 5 7 6 5 7 5 5 4 5 5 5 6 5 6 5 5 7 8 7 5 7 5 5
2 4 4 4 5 4 6 4 5 5 0 5 7 6 5 7 5 5 5 5 5 5 6 5 6 6 6 7 8 7 5 7 5 5
2 4 4 5 5 4 6 5 5 5 0 4 7 6 5 7 5 5 5 5 5 5 6 5 6 5 5 8 8 7 5 6 5 4
2 4 4 4 5 4 5 4 5 5 0 5 7 5 5 7 5 4 4 4 5 5 6 4 5 5 5 7 8 7 4 6 5 4
2 4 4 4 5 4 6 4 4 5 0 5 7 6 5 7 5 5 4 4 5 5 6 5 5 5 6 8 8 7 5 6 5 5
2 4 4 4 5 4 6 4 4 5 0 5 7 6 5 8 6 5 4 5 5 5 6 5 5 5 5 8 8 7 5 7 5 5
2 4 4 4 5 4 6 4 4 5 0 5 7 6 6 8 5 5 4 5 5 5 6 4 5 5 6 8 8 7 6 7 5 5
2 4 4 4 5 4 6 5 4 5 0 5 7 6 6 7 5 5 4 5 5 5 6 5 5 5 5 8 8 7 6 7 5 5
2 4 4 4 5 5 6 5 5 6 0 6 7 7 6 7 5 5 4 5 5 5 7 5 5 6 6 8 8 8 6 7 5 5
2 4 4 4 5 4 5 4 4 5 0 5 7 6 6 7 5 5 4 5 6 5 6 4 5 5 5 7 8 7 5 7 5 4
2 4 4 4 5 4 5 4 4 5 0 4 6 6 5 7 5 5 4 4 5 5 6 4 5 5 5 7 8 7 5 7 5 5
2 4 4 4 5 4 6 4 4 5 0 5 7 6 5 7 5 5 4 4 5 5 6 5 5 5 5 8 8 7 5 6 5 5
2 4 4 4 5 4 6 4 4 5 0 5 7 6 5 7 5 5 4 5 5 5 6 4 5 5 5 8 8 7 5 7 5 5
2 4 4 4 5 5 5 4 5 5 0 5 7 6 6 7 5 5 4 5 5 5 6 4 5 5 5 7 8 7 5 7 5 5
2 4 4 4 5 5 5 4 4 5 0 5 7 7 6 7 5 5 4 5 5 5 6 5 5 5 5 7 8 7 6 7 5 5
2 4 4 4 5 4 5 5 5 5 0 5 7 6 6 7 5 5 5 5 5 5 6 4 5 5 5 7 8 7 6 7 6 5
2 4 4 4 5 4 5 4 4 5 0 5 7 6 5 6 5 4 4 5 5 5 5 4 5 5 5 7 8 7 6 6 5 4
2 4 4 4 5 4 5 4 4 5 0 5 7 6 5 6 5 4 5 5 6 5 6 4 5 5 5 7 8 7 6 6 5 4
2 4 4 4 4 4 5 4 4 4 0 5 7 6 6 6 5 4 4 4 5 4 5 4 5 5 4 7 8 7 6 6 5 4
2 4 4 4 4 4 5 4 4 5 0 5 7 6 5 6 5 4 5 5 5 5 6 4 5 5 5 7 8 7 6 6 5 5
2 4 4 4 4 4 5 4 4 4 0 5 7 6 5 6 5 4 4 5 5 4 5 4 5 5 5 7 8 7 5 6 5 4
2 4 4 4 4 4 5 4 4 4 0 4 7 6 5 6 5 4 4 5 5 5 5 4 5 5 5 7 8 7 5 6 5 4
2 4 4 4 4 4 5 4 4 4 0 4 7 6 5 6 5 4 4 5 5 4 5 4 5 5 5 7 8 8 5 6 5 4
2 4 4 4 5 4 5 4 4 4 0 5 6 6 5 6 5 4 4 5 5 4 5 4 5 5 5 7 8 7 5 6 5 4
2 4 4 4 5 4 5 4 4 5 0 5 7 6 6 7 5 5 5 5 5 5 5 4 5 5 5 7 8 7 5 6 5 5
2 4 4 4 4 4 5 4 4 4 0 5 7 6 5 7 5 4 4 4 5 4 5 4 5 5 5 8 9 7 5 6 5 4
2 4 4 4 4 4 5 4 4 5 0 5 7 6 5 6 5 4 4 5 5 4 5 4 5 5 5 7 8 7 6 6 5 4
2 4 4 4 4 4 5 4 4 5 0 5 7 6 6 6 5 4 4 4 5 5 5 4 5 5 5 7 8 7 6 6 5 4
2 4 4 4 4 4 5 4 4 5 0 5 7 7 6 6 5 4 4 5 5 4 5 4 5 5 5 7 8 7 6 6 5 5
2 4 4 4 4 4 5 4 5 5 0 5 7 6 6 6 5 4 4 4 5 5 5 4 5 5 5 7 8 7 5 6 5 4
2 4 4 4 4 4 5 4 4 5 0 6 7 7 6 6 5 5 4 5 5 4 5 4 5 5 5 7 8 8 7 6 5 5
2 4 4 4 5 4 5 4 4 5 0 5 7 6 5 6 5 4 4 4 5 4 5 4 5 5 5 7 8 7 5 6 5 4
2 4 4 4 4 4 5 4 5 5 0 5 7 6 6 6 5 4 4 4 4 5 5 4 5 5 5 8 9 7 5 6 5 4
2 4 4 4 4 4 5 4 4 5 0 5 7 6 7 8 5 4 4 4 4 4 5 4 5 5 5 7 8 8 6 8 5 4
2 4 4 4 5 4 5 4 5 5 0 5 7 6 7 7 5 5 4 4 5 4 5 4 5 5 6 8 9 8 7 8 5 5
2 4 4 4 4 4 4 4 4 5 0 4 6 6 6 7 5 4 4 4 4 4 5 4 5 5 5 7 7 7 5 6 5 4
2 4 4 4 5 4 5 4 4 5 0 4 7 6 5 6 5 4 4 5 5 5 5 4 5 5 5 6 7 7 5 6 5 4
2 4 4 4 4 4 5 4 4 4 0 5 7 6 5 6 4 4 4 4 4 4 5 4 5 5 5 7 7 7 5 6 4 4
2 4 3 4 4 4 4 4 4 4 0 5 6 6 5 6 4 4 4 4 4 4 5 4 5 4 5 7 7 6 5 6 4 4
2 4 3 4 4 4 5 4 4 4 0 4 6 6 5 6 4 4 4 4 4 4 5 4 5 4 5 6 7 6 5 6 4 4
2 4 4 4 5 4 5 4 4 4 0 4 6 6 5 6 5 4 4 4 4 4 5 4 5 5 5 6 7 7 5 6 5 4
2 4 4 4 4 4 5 4 4 4 0 4 6 6 6 6 5 4 4 4 4 4 5 4 5 5 5 6 7 7 5 6 5 4
2 4 4 4 4 4 5 4 4 4 0 4 6 5 5 6 5 4 4 5 4 5 6 4 5 5 5 6 7 7 5 6 5 4
2 4 4 4 4 4 5 4 4 4 0 4 6 5 5 6 5 4 4 4 4 4 5 4 5 5 5 6 7 7 5 6 5 4
2 4 4 4 4 4 5 4 4 4 0 4 6 6 5 6 5 4 4 4 4 5 5 4 5 5 5 6 7 7 5 6 5 4
2 4 4 4 5 4 5 4 4 4 0 4 6 5 5 6 5 4 4 4 4 4 6 4 5 5 5 6 7 7 5 6 5 4
2 4 4 4 5 4 5 4 4 4 0 4 6 5 5 6 5 4 4 4 4 4 6 4 5 5 5 6 7 7 5 6 5 4
2 4 4 4 5 4 5 4 4 4 0 4 6 6 6 6 5 5 5 5 5 5 6 4 5 5 6 6 7 7 6 7 5 5
2 4 4 4 5 5 5 5 5 5 0 4 6 5 5 6 5 4 4 5 5 5 6 5 5 5 5 6 7 6 5 6 5 5
2 4 4 4 5 4 5 4 4 5 0 5 6 5 5 7 5 4 4 5 5 5 6 4 5 5 5 6 7 7 6 7 5 5
2 4 4 4 5 5 6 5 4 4 0 4 6 5 5 6 5 4 4 4 4 5 6 4 5 5 5 6 7 7 5 6 5 4
2 4 4 4 5 5 5 5 4 4 0 4 6 5 5 7 5 5 5 5 5 5 6 4 5 5 5 6 7 6 5 7 5 5
2 4 4 4 5 4 5 5 4 4 0 4 6 6 6 7 5 5 5 5 5 5 6 5 5 5 5 6 7 7 5 7 5 5
2 4 4 4 5 5 6 5 5 4 0 5 7 7 7 8 6 6 5 5 5 5 6 5 6 5 5 7 9 7 6 8 6 6
2 4 4 4 5 5 5 5 5 5 0 5 6 5 5 7 5 5 5 5 5 5 6 5 6 5 5 6 7 6 5 7 5 5
2 4 4 4 5 4 5 5 5 5 0 5 7 6 5 7 5 5 5 5 5 5 6 5 6 5 5 7 7 7 5 7 6 5
2 4 4 4 5 4 6 5 4 5 0 5 6 6 6 7 5 5 4 5 5 5 6 5 5 5 5 6 7 7 6 7 6 5
2 4 4 4 5 5 6 5 4 5 0 4 8 6 6 7 6 5 5 5 5 6 6 5 5 5 5 8 8 7 6 7 6 5
2 4 4 4 5 4 6 5 4 5 0 5 7 6 6 7 6 5 5 5 5 5 6 5 5 5 5 7 8 7 6 7 6 5
2 4 4 5 6 5 6 5 5 5 0 5 7 6 6 7 6 6 5 5 6 6 7 5 6 6 5 8 8 7 5 7 6 6
2 4 4 4 5 5 5 4 4 5 0 4 7 6 6 7 6 5 5 5 5 5 6 5 5 5 5 7 7 7 6 7 6 5
2 4 4 4 5 5 6 5 5 6 0 5 7 6 6 8 5 5 5 5 5 5 6 5 6 6 5 7 7 7 6 8 6 5
2 4 4 4 5 5 6 5 5 5 0 5 7 6 6 7 6 5 5 5 5 5 6 5 6 5 5 7 7 7 6 7 6 5
2 4 4 4 5 5 6 5 5 5 0 5 7 6 6 7 6 5 5 5 5 5 6 5 6 6 5 7 8 7 5 7 6 5
2 4 4 4 5 5 6 5 5 5 0 5 7 6 6 7 5 5 5 5 5 5 6 5 6 5 5 7 8 8 5 7 6 5
2 4 4 4 5 4 5 5 4 5 0 5 7 6 6 7 5 5 4 5 5 5 6 5 5 5 5 7 8 7 6 7 6 5
2 4 4 4 5 5 6 5 5 5 0 5 7 6 6 7 6 5 5 5 5 5 6 5 6 6 5 7 8 8 6 7 6 5
2 4 4 4 5 5 5 5 5 5 0 5 7 6 6 7 6 5 5 5 5 5 6 5 6 6 5 7 8 7 7 8 6 5
2 4 5 5 6 5 6 5 5 5 0 5 7 6 6 7 6 6 5 6 6 6 7 5 6 5 5 7 8 7 6 7 6 6
2 4 4 4 5 5 5 5 5 5 0 5 7 6 6 7 5 5 4 5 5 5 6 5 6 5 5 7 8 7 6 7 5 5
2 4 4 4 5 4 5 5 5 5 0 5 7 6 6 7 5 5 4 5 5 5 6 5 6 5 5 7 8 7 6 7 5 5
2 4 4 4 5 4 5 4 4 5 0 5 7 7 6 7 5 5 4 5 5 5 6 5 6 5 5 7 8 7 6 7 5 5
2 4 4 4 5 4 5 5 4 5 0 5 7 6 6 7 5 5 4 4 5 5 5 4 6 5 5 7 8 7 6 7 5 5
2 4 4 4 5 4 5 4 4 5 0 4 7 6 5 7 5 5 4 5 5 5 5 4 5 5 5 7 8 7 5 7 5 5
2 4 4 4 5 4 5 4 5 5 0 4 7 6 5 7 5 5 4 5 5 5 6 4 5 5 5 7 8 7 6 7 5 5
2 4 4 4 4 4 5 4 4 5 0 4 6 6 5 7 5 5 4 5 5 5 5 4 5 5 5 7 7 7 5 7 5 4
2 4 4 4 5 4 5 4 4 5 0 4 7 6 5 7 5 5 4 5 5 5 6 5 6 5 5 7 7 7 5 7 5 5
2 4 4 4 6 5 5 5 5 5 0 5 8 7 6 8 6 6 5 5 5 6 6 5 6 6 5 7 8 7 6 8 6 5
2 4 4 4 5 4 5 4 4 5 0 5 7 7 6 7 5 5 4 4 5 5 5 5 5 5 5 7 8 7 6 7 5 5
2 4 4 4 5 5 5 5 5 5 0 5 8 8 7 8 6 5 4 4 5 6 6 5 6 6 5 8 9 8 6 7 6 5
2 4 4 4 5 5 5 5 5 5 0 5 7 7 6 7 5 5 4 4 5 5 6 5 6 6 5 7 8 8 5 7 5 5
2 4 4 4 5 4 5 4 5 5 0 4 7 6 5 6 5 5 4 4 5 5 6 4 6 5 5 7 8 7 5 6 5 5
2 4 4 4 5 5 5 4 4 5 0 4 7 6 5 6 5 5 4 4 5 5 6 4 5 5 5 7 7 7 5 6 5 5
2 4 3 4 5 4 5 4 4 4 0 4 6 6 5 6 5 4 4 4 4 5 5 4 5 5 4 7 7 7 5 6 5 4
2 4 3 4 5 4 5 4 4 4 0 4 6 6 5 6 5 4 4 4 5 5 5 4 5 5 4 6 7 7 5 6 5 4
2 4 3 4 5 4 5 4 4 4 0 4 6 5 4 6 5 4 4 4 5 5 5 4 6 5 4 7 7 6 5 6 5 4
2 4 3 3 4 4 5 4 4 4 0 4 6 6 5 6 4 4 4 4 4 5 5 4 5 5 5 6 7 6 5 6 4 4
2 4 3 4 5 5 5 4 5 4 0 4 6 6 5 6 5 5 4 4 5 6 5 5 6 5 4 6 7 7 5 6 5 4
2 4 3 3 4 4 5 4 4 4 0 4 6 6 5 6 4 4 3 4 4 5 5 4 5 5 4 6 7 7 5 6 4 4
2 4 3 4 4 4 5 5 5 5 0 5 6 6 5 6 4 4 4 4 4 5 5 4 6 6 5 6 7 7 5 6 4 4
2 4 3 4 4 4 5 4 4 4 0 4 6 5 5 6 4 4 3 4 5 5 5 4 5 5 4 6 7 7 6 6 4 4
2 4 3 3 4 4 4 4 4 4 0 4 6 5 5 6 4 4 3 3 4 4 5 4 5 5 4 6 7 7 4 5 4 4
2 4 3 3 4 4 4 4 4 4 0 4 6 6 5 6 4 4 3 4 4 4 5 4 5 5 4 6 7 7 4 6 4 4
2 4 4 4 5 4 4 4 4 4 0 4 7 6 6 6 5 4 4 4 5 5 5 4 5 5 4 7 8 6 5 5 5 4
2 4 4 4 5 4 5 4 4 4 0 4 7 6 5 6 5 5 4 5 5 5 6 5 6 5 5 8 8 7 4 5 5 5
2 4 3 3 5 4 5 4 4 4 0 4 6 6 5 6 4 4 4 4 5 5 5 4 5 5 5 7 7 6 5 5 4 4
2 4 3 4 4 4 5 4 4 4 0 5 6 6 5 6 5 4 4 4 4 5 5 4 5 5 5 7 7 7 5 6 4 4
2 4 3 4 4 4 5 4 4 4 0 4 7 6 5 6 5 4 4 4 4 5 5 4 5 5 5 7 7 6 5 5 5 4
2 4 3 4 4 4 5 4 4 4 0 4 7 6 5 6 4 4 4 4 4 5 5 4 5 5 4 7 7 6 4 5 4 4
2 4 3 3 4 4 5 4 4 4 0 4 7 6 5 6 4 4 4 4 4 5 5 4 5 5 4 7 7 6 5 5 4 4
2 4 3 3 4 4 4 4 4 4 0 4 7 6 5 6 4 4 4 4 4 4 5 4 5 5 4 7 7 6 5 6 4 4
2 4 4 4 4 4 5 4 4 4 0 4 7 7 5 6 5 4 4 4 4 4 5 4 5 5 4 7 7 7 4 6 4 4
2 4 3 3 4 4 5 4 4 4 0 4 7 6 5 6 5 4 4 4 4 4 5 4 5 5 4 7 8 7 4 6 4 4
2 4 3 4 5 4 5 4 4 4 0 5 8 7 6 6 5 4 4 4 4 4 5 4 5 5 5 7 8 8 5 6 4 4
2 4 3 4 5 4 5 4 4 4 0 5 7 7 6 7 5 4 4 4 4 5 5 4 6 5 5 8 8 7 5 6 5 4
2 4 4 4 5 5 5 4 4 4 0 4 8 7 6 6 5 5 4 4 5 5 5 4 5 5 5 7 8 7 5 6 5 4
2 4 4 4 5 4 6 4 5 4 0 5 8 7 6 7 5 4 4 4 4 5 5 4 5 5 5 8 8 7 6 6 5 4
2 4 3 3 4 4 5 4 4 4 0 4 7 7 6 7 4 4 4 4 4 4 4 4 5 5 5 8 9 7 5 7 5 4
2 4 3 4 5 4 5 4 4 4 0 4 7 7 6 7 4 4 4 4 4 4 5 4 5 5 5 7 8 7 5 6 4 4
2 4 4 4 4 4 5 5 4 4 0 4 7 7 6 7 5 4 4 4 4 5 5 4 6 5 5 8 8 7 5 6 5 4
2 4 4 4 4 4 5 5 5 5 0 5 8 7 7 7 5 4 4 4 4 5 5 5 6 6 5 8 9 7 6 7 5 4
2 4 3 4 5 4 5 4 4 4 0 4 7 7 6 7 5 4 4 4 5 5 5 4 6 5 5 8 8 7 5 7 5 4
2 4 3 4 4 4 5 4 4 4 0 5 8 7 6 7 5 4 4 4 4 4 5 4 6 5 5 8 9 7 5 7 5 4
2 4 4 4 5 4 5 5 5 4 0 5 8 7 6 7 5 5 4 5 5 5 5 5 6 6 5 8 9 7 5 7 5 4
2 4 4 4 5 5 5 4 4 4 0 5 8 7 6 7 5 4 4 5 5 5 5 4 6 5 5 8 9 7 5 7 5 4
2 4 4 4 5 4 5 4 4 4 0 5 8 7 6 7 5 4 4 4 5 5 5 4 6 5 5 8 9 8 5 6 5 4
2 4 3 4 5 4 5 4 4 4 0 5 8 7 6 7 5 4 4 4 4 5 5 4 6 5 5 8 8 7 6 7 5 4
2 4 4 4 5 4 5 4 4 4 0 5 8 7 6 7 5 5 4 4 5 5 5 4 6 5 5 8 9 8 6 7 5 4
2 4 4 4 5 5 5 5 5 5 0 5 8 7 7 8 5 5 4 5 5 5 5 5 6 5 5 8 9 7 6 7 5 5
2 4 4 4 5 5 5 5 5 4 0 5 8 7 7 9 6 5 5 5 5 5 5 5 6 5 5 8 9 8 6 8 6 5
2 4 4 4 5 5 5 5 5 4 0 5 8 7 7 8 6 5 5 5 5 5 5 4 6 5 5 8 9 8 7 8 6 5
2 4 4 4 5 4 5 4 5 4 0 5 8 7 6 8 5 5 5 5 5 5 5 4 6 5 5 8 9 8 5 7 5 5
2 4 3 4 4 4 5 4 4 4 0 4 8 7 6 7 5 4 4 4 4 5 5 4 6 5 5 8 8 7 5 7 5 4
2 4 3 4 4 4 5 4 4 4 0 4 7 7 6 7 5 4 4 4 4 5 5 4 5 5 4 7 8 7 6 7 5 4
2 4 3 4 4 4 5 4 4 4 0 4 7 6 6 7 5 4 4 4 4 4 5 4 6 5 4 7 8 7 5 7 5 4
2 4 4 4 5 4 5 4 4 4 0 5 8 7 6 7 5 5 4 4 5 4 5 5 6 5 4 7 8 7 5 7 5 4
2 4 4 4 4 4 5 4 4 4 0 4 8 7 6 7 5 5 4 4 5 4 5 4 5 5 5 8 8 7 5 7 5 4
2 4 4 4 4 4 5 4 4 4 0 4 7 7 6 8 5 5 4 4 4 4 5 4 6 5 5 8 8 7 5 7 5 4
2 4 4 4 4 4 5 4 4 4 0 4 7 7 6 8 5 5 4 5 5 4 6 4 6 5 4 7 8 7 5 7 5 4
2 4 4 4 4 4 5 4 4 4 0 5 8 8 6 8 5 4 4 4 5 5 6 4 6 5 5 8 8 7 6 7 5 4
2 4 4 4 5 4 6 4 5 4 0 4 7 6 6 7 5 5 4 5 5 5 5 5 6 5 4 7 8 7 5 7 5 5
2 4 4 4 5 5 5 5 5 4 0 4 7 6 6 8 5 5 5 5 5 5 6 5 6 5 5 7 8 8 5 7 5 5
2 4 4 4 5 4 5 4 4 4 0 4 7 6 6 7 5 5 4 5 5 5 5 4 6 5 4 7 8 6 5 7 5 5
2 4 4 4 5 4 5 4 4 4 0 4 7 6 6 8 5 5 4 5 5 4 5 4 6 5 5 7 8 7 5 7 5 5
2 4 3 4 4 4 5 4 5 4 0 4 7 6 6 7 5 5 4 4 5 4 6 4 6 5 4 7 8 7 5 7 5 5
2 4 4 4 4 4 5 4 4 4 0 4 7 6 6 7 5 5 4 4 5 5 5 4 5 5 4 8 9 8 5 7 5 5
2 4 4 4 4 4 5 4 4 4 0 4 7 6 6 7 5 5 4 4 4 4 5 4 6 5 5 7 8 7 5 6 5 4
2 4 4 4 4 4 5 4 4 4 0 4 7 7 6 7 5 5 4 4 5 4 5 4 5 5 4 7 8 7 6 6 5 5
2 4 3 4 4 4 5 4 4 4 0 4 7 6 6 7 5 4 4 4 4 4 5 4 5 5 5 7 8 7 6 7 5 4
2 4 4 4 4 4 5 4 4 4 0 4 7 7 6 8 5 5 4 4 5 4 5 4 6 5 5 7 8 7 6 7 5 5
2 4 4 4 4 4 5 4 4 4 0 4 7 7 6 7 5 5 4 4 4 5 5 4 6 5 5 7 8 7 5 7 5 5
2 4 3 3 4 4 5 4 4 4 0 4 7 7 6 8 5 5 4 4 5 5 5 4 6 5 5 7 7 7 5 7 5 5
2 4 3 3 4 4 5 4 5 5 0 4 6 6 6 7 5 5 4 4 5 5 5 4 6 6 5 7 7 6 5 7 5 5
2 4 3 3 4 4 5 4 5 5 0 4 6 6 6 7 5 4 4 4 5 4 5 4 6 5 5 7 7 6 5 6 5 4
2 4 3 3 4 4 5 4 5 5 0 4 6 6 6 7 5 4 4 4 5 5 6 4 6 5 5 7 7 6 5 6 5 4
2 4 4 4 4 4 5 4 5 5 0 4 7 7 6 7 5 5 4 5 5 5 6 5 6 6 5 7 7 7 6 7 5 5
2 4 4 4 5 4 5 5 5 5 0 4 7 7 6 7 5 5 4 5 5 5 6 5 6 6 5 7 7 7 6 7 5 5
2 4 4 4 4 4 5 5 5 5 0 5 7 7 7 7 5 5 4 5 5 5 6 5 6 6 5 7 8 7 7 8 5 5
2 4 4 4 4 4 6 4 5 5 0 5 7 7 7 7 5 5 5 5 5 5 6 4 6 6 5 7 8 7 6 7 6 5
2 4 4 3 5 4 6 4 5 5 0 4 7 7 6 7 5 5 4 5 5 5 6 5 6 6 5 7 7 6 6 7 5 5
2 4 4 4 4 4 5 4 5 5 0 4 7 6 6 7 5 4 4 5 5 5 6 5 6 6 5 7 7 6 6 6 5 4
2 4 4 4 4 4 5 4 5 5 0 4 7 6 6 7 5 5 4 5 5 5 6 5 6 6 5 7 8 7 5 6 5 5
2 4 4 4 4 4 5 5 5 5 0 5 7 7 7 7 5 5 4 5 5 5 6 5 7 6 5 7 8 7 6 7 5 5
2 4 4 4 4 4 6 5 5 5 0 4 7 7 6 7 6 5 5 5 5 5 6 5 6 6 5 7 7 7 5 7 5 5
2 4 4 3 4 4 5 5 5 5 0 4 7 6 6 7 5 4 4 5 5 5 6 5 7 6 5 7 8 7 5 7 5 4
2 4 4 4 5 4 5 5 5 5 0 5 7 7 6 8 6 5 4 5 6 5 6 5 6 6 5 7 8 8 6 7 6 5
2 4 3 3 4 4 6 4 5 5 0 4 6 6 6 6 5 4 4 5 5 5 8 5 6 6 5 7 8 7 5 6 5 4
2 4 3 3 4 4 5 4 5 5 0 4 7 6 6 7 5 4 4 5 5 5 6 5 7 6 5 7 8 7 6 7 5 4
2 4 3 3 5 5 6 5 5 5 0 4 6 6 6 7 5 5 5 5 5 5 6 5 6 6 5 7 8 7 5 7 5 5
2 4 3 3 4 4 5 4 5 5 0 4 6 6 6 7 5 4 4 4 5 5 5 5 6 6 5 6 7 7 6 7 5 4
2 4 4 4 4 4 5 5 5 5 0 4 7 6 6 7 5 4 4 5 5 5 5 5 6 6 6 7 9 8 6 8 5 5
2 4 3 3 4 4 5 4 5 5 0 4 7 6 6 7 5 4 4 5 5 5 6 5 6 6 5 7 8 7 6 7 5 4
2 4 3 3 4 4 5 4 5 5 0 4 7 6 6 7 5 4 4 4 5 5 6 5 6 6 5 7 8 7 6 7 5 4
2 4 3 3 5 5 5 5 5 5 0 4 7 7 6 7 5 4 4 5 5 5 6 5 6 6 5 7 8 7 6 7 5 4
2 4 4 4 4 4 5 5 5 5 0 5 8 7 6 7 5 4 4 5 5 5 6 5 7 6 5 7 8 8 6 7 5 4
2 4 4 4 5 4 5 5 5 5 0 5 7 7 7 7 5 4 4 5 5 5 6 5 7 6 6 7 8 8 6 7 5 4
2 4 4 4 5 4 5 5 5 5 0 4 7 7 6 7 5 5 4 5 5 5 6 5 6 5 5 7 8 7 5 7 5 4
2 4 4 4 5 4 5 5 5 5 0 4 7 6 6 7 5 4 4 5 6 5 6 5 7 6 5 7 8 7 5 7 5 4
2 4 4 4 5 4 5 5 5 5 0 5 8 7 6 7 5 5 5 5 6 5 6 5 7 6 5 8 9 8 5 7 5 5
2 4 3 4 5 4 5 5 5 5 0 5 7 7 6 7 5 4 4 5 5 5 6 5 6 5 5 7 8 8 5 7 5 4
2 4 4 4 5 4 5 5 5 5 0 5 7 7 6 7 5 4 4 4 5 5 6 5 6 5 5 7 8 7 6 7 5 4
2 4 3 4 5 4 5 5 5 5 0 5 8 7 6 7 5 4 4 4 5 5 6 5 6 6 5 7 8 7 5 7 5 4
2 4 4 4 5 4 6 5 5 5 0 5 7 7 6 7 5 5 4 4 5 5 5 5 6 5 5 7 8 8 5 7 5 4
2 4 4 4 5 5 5 5 5 5 0 5 8 7 6 7 6 5 5 5 6 5 6 5 6 6 5 8 9 8 6 7 6 5
2 4 4 4 5 4 5 5 5 4 0 5 8 7 6 7 5 5 4 5 6 5 6 5 6 5 5 7 9 8 5 7 5 4
2 4 3 3 4 4 5 4 5 4 0 4 7 7 6 8 5 4 4 5 5 5 6 4 6 5 4 7 8 7 6 7 5 4
2 4 4 4 5 4 5 4 5 5 0 5 8 7 6 7 5 4 4 4 5 5 6 4 6 5 5 7 8 8 6 7 5 4
2 4 4 4 5 4 5 5 5 4 0 4 7 7 6 7 5 5 5 5 6 5 6 5 6 5 5 7 8 7 5 7 5 5
2 4 4 4 5 4 5 4 5 4 0 5 8 7 6 7 5 4 4 4 6 5 6 4 6 5 5 7 8 7 5 7 5 4
2 4 4 4 4 4 5 4 4 4 0 5 8 7 7 7 5 4 4 4 5 5 6 4 6 5 5 7 8 7 6 7 5 4
2 4 4 4 4 4 5 4 4 4 0 5 8 7 6 7 5 5 4 4 5 5 6 4 6 5 5 7 8 8 6 8 5 5
2 4 3 4 4 4 5 4 4 4 0 4 7 6 6 7 5 4 4 4 5 5 6 4 6 5 4 7 8 7 5 7 5 4
2 4 3 4 5 4 5 4 5 5 0 4 7 6 6 7 5 4 4 4 5 5 6 4 6 6 5 7 8 7 5 7 5 4
2 4 3 4 5 4 5 4 4 4 0 4 7 6 6 7 5 4 4 4 6 5 5 4 5 5 4 7 8 7 5 7 5 4
2 4 3 4 5 4 5 4 4 4 0 4 7 6 6 7 5 4 4 4 5 5 6 4 6 5 4 7 8 7 5 7 5 4
2 4 4 4 5 5 5 5 5 5 0 4 8 7 6 7 5 5 5 5 5 5 6 5 7 6 5 8 9 7 5 7 5 5
2 4 4 4 4 4 5 4 4 4 0 4 7 6 6 8 5 5 4 4 5 5 6 4 6 5 4 7 8 7 5 7 5 4
2 4 3 4 4 4 5 4 4 5 0 4 7 6 6 7 5 4 4 4 5 5 5 4 5 5 5 7 8 7 5 6 5 4
2 4 3 4 5 4 5 5 4 5 0 4 7 6 6 7 5 4 4 4 5 5 5 4 6 5 5 7 8 7 6 6 5 4
2 4 3 4 4 4 4 4 4 4 0 4 6 6 6 6 5 4 4 4 5 4 5 4 5 5 4 6 7 7 5 6 5 4
2 4 3 3 5 4 5 4 4 4 0 4 7 6 5 7 5 4 4 4 5 5 7 4 5 5 4 6 7 7 5 6 5 4
2 4 3 4 4 4 5 4 4 5 0 4 7 6 6 7 5 4 4 4 5 4 6 4 5 5 4 7 7 7 5 6 5 4
2 4 3 3 4 4 5 4 4 4 0 4 6 5 5 6 5 4 4 4 5 4 6 4 5 5 4 6 7 6 5 6 5 4
2 4 3 4 4 4 5 4 4 4 0 4 7 6 5 6 5 4 4 4 5 5 6 4 5 5 4 7 8 7 5 6 5 4
2 4 4 4 5 4 5 5 5 5 0 4 7 6 5 7 5 5 4 5 5 5 7 5 6 5 5 7 8 7 5 6 5 4
2 4 3 4 4 4 5 4 4 5 0 4 6 6 5 6 5 4 4 4 5 4 6 4 6 5 5 7 7 7 5 6 5 4
2 4 3 3 4 4 5 4 4 4 0 4 6 6 5 6 5 4 4 4 5 4 6 4 5 5 5 7 8 7 5 6 5 4
2 4 3 4 4 4 4 4 4 4 0 4 6 5 5 6 4 4 4 4 5 4 5 4 5 5 4 6 7 6 5 6 4 4
2 4 3 3 4 4 4 4 4 4 0 4 6 6 6 7 5 4 4 4 4 4 5 4 5 5 4 6 7 7 6 7 5 4
2 4 3 3 4 4 4 4 4 4 0 4 6 6 6 7 5 4 4 4 4 4 6 4 5 5 4 7 8 7 5 6 5 4
2 4 3 4 4 4 5 4 4 4 0 4 7 6 5 7 5 4 4 4 4 4 6 4 5 5 4 8 8 7 5 7 5 4
2 4 4 4 5 4 5 4 4 5 0 5 7 6 6 7 5 4 4 5 5 5 6 4 6 5 5 8 8 7 6 7 5 4
2 4 3 4 4 4 5 4 4 4 0 4 7 6 5 7 5 4 4 4 4 4 6 4 5 5 5 8 8 7 5 7 5 4
2 4 3 4 4 5 6 4 4 4 0 4 7 6 5 7 5 4 4 4 4 6 11 5 5 5 5 8 8 6 5 7 5 4
2 4 3 4 4 4 5 4 4 5 0 4 7 6 5 7 4 4 4 4 4 4 7 4 5 5 5 8 8 7 5 7 5 4
2 4 3 4 4 4 5 4 4 4 0 4 7 6 5 6 4 4 4 4 4 4 7 5 5 5 4 8 8 7 5 6 4 4
2 4 3 4 4 4 5 4 4 4 0 4 7 6 6 6 4 4 4 4 4 4 7 5 5 5 5 8 8 7 5 6 5 4
2 4 4 4 4 4 5 4 4 5 0 5 8 7 7 7 5 4 4 4 4 4 7 4 6 5 5 9 9 8 7 7 5 4
2 4 3 3 4 4 5 4 4 4 0 5 7 6 5 6 4 4 4 4 4 5 7 4 5 5 5 8 8 7 6 6 4 4
2 4 3 4 4 4 5 4 4 4 0 5 7 7 6 6 5 4 4 4 5 4 7 4 5 5 5 8 8 7 6 6 5 4
2 4 3 4 4 4 5 4 4 4 0 4 7 6 6 6 4 4 4 4 5 4 7 4 5 5 5 8 8 7 5 6 5 4
2 4 3 3 4 4 5 4 4 4 0 4 7 6 5 6 4 4 4 4 5 4 7 4 6 5 5 8 8 7 5 6 4 4
2 4 3 4 4 4 5 4 4 4 0 4 7 6 6 6 4 4 4 4 5 4 7 4 5 5 5 8 8 7 5 6 5 4
2 4 4 4 5 5 6 5 5 5 0 5 8 6 6 7 6 6 5 5 6 5 7 5 7 6 5 9 10 8 6 7 6 6
2 4 4 4 4 4 5 4 5 5 0 5 7 6 5 6 5 4 4 5 5 5 7 4 6 6 5 8 8 7 5 6 5 4
2 4 3 4 4 4 5 4 4 4 0 4 7 6 5 6 5 4 4 4 5 5 7 5 6 5 5 8 8 7 5 6 5 4
2 4 3 4 4 4 5 4 4 4 0 5 7 7 6 6 4 4 4 4 5 5 7 4 5 5 5 8 8 7 6 6 5 4
2 4 3 4 5 4 5 4 4 4 0 5 7 7 6 7 5 4 4 4 5 5 7 4 5 5 5 8 8 7 6 6 5 4
2 4 4 4 5 5 5 4 4 4 0 5 8 7 6 7 5 4 4 4 6 5 7 5 6 5 5 8 8 7 6 6 5 4
2 4 4 4 5 5 5 5 5 5 0 5 8 8 7 7 5 5 4 5 5 5 7 5 6 6 6 9 9 8 6 7 5 5
2 4 4 4 4 4 5 4 4 4 0 5 7 6 6 7 5 4 4 5 5 5 7 4 6 5 5 8 8 7 5 6 5 4
2 4 4 4 5 4 5 4 4 4 0 4 7 6 5 7 5 4 4 4 5 5 7 4 5 5 5 7 8 6 5 6 5 4
2 4 4 4 5 4 5 4 4 4 0 4 7 6 6 7 5 4 4 4 5 5 7 4 5 5 5 8 8 6 5 6 5 4
2 4 3 4 5 4 5 4 4 4 0 4 7 6 6 7 5 4 4 4 5 5 7 4 6 5 5 7 7 6 5 6 5 4
2 4 3 4 5 4 5 4 4 4 0 4 7 6 6 7 5 4 4 4 5 5 7 4 5 5 4 7 8 6 5 6 5 4
2 4 4 4 4 4 5 4 4 4 0 4 7 7 6 7 5 4 4 4 5 5 7 4 5 5 4 7 8 7 6 6 5 4
2 4 4 4 5 4 5 4 4 4 0 4 7 7 6 7 5 4 4 4 5 5 7 4 5 5 4 8 8 7 6 7 5 4
2 4 3 4 4 4 5 4 4 4 0 4 7 7 7 8 5 4 4 4 5 5 7 4 5 5 4 7 8 6 6 7 5 4
2 4 3 3 4 4 5 4 4 4 0 4 7 6 5 6 4 4 4 4 5 5 6 4 5 5 4 7 8 6 5 6 4 4
2 4 3 3 4 4 5 4 4 4 0 4 7 6 6 6 4 4 4 4 5 5 6 4 5 5 4 8 9 7 5 6 4 4
2 4 3 4 5 4 5 4 4 4 0 4 7 6 5 7 4 4 4 4 5 5 7 4 5 5 4 8 8 6 5 6 5 4
2 4 3 4 5 4 5 4 4 4 0 4 7 7 6 6 4 4 4 4 5 5 7 4 5 5 4 7 8 6 5 6 4 4
2 4 3 4 5 4 5 4 4 4 0 4 7 6 5 6 4 4 4 4 5 5 5 4 5 5 4 7 7 6 5 6 4 4
2 4 3 4 5 4 4 4 4 4 0 4 7 6 5 6 4 4 4 4 5 5 5 4 5 5 4 7 8 6 5 6 4 4
2 4 3 4 5 4 5 4 4 4 0 4 7 6 5 6 4 4 4 4 5 5 5 4 5 5 4 7 8 7 5 6 4 4
2 4 3 4 5 4 5 4 4 4 0 4 7 6 5 6 4 4 4 4 5 5 5 4 5 5 4 7 8 6 5 6 4 4
2 4 4 4 5 4 5 4 4 4 0 5 8 7 6 7 5 5 4 4 6 5 5 4 5 5 5 8 9 7 6 6 5 5
2 4 3 4 5 4 5 4 4 4 0 4 7 6 5 6 4 4 4 4 5 5 5 4 5 5 4 7 8 7 5 6 4 4
2 4 3 4 5 4 5 4 4 4 0 4 7 6 6 7 4 4 4 4 5 5 5 4 6 5 5 7 8 6 5 6 4 4
2 4 3 4 5 4 5 4 4 4 0 4 7 7 6 7 5 4 4 4 5 5 6 4 6 5 4 7 8 7 6 7 5 4
2 4 3 4 5 4 5 4 4 4 0 4 7 7 6 6 4 4 4 4 5 5 5 4 5 5 5 7 8 7 5 6 4 4
2 4 4 4 5 5 5 5 4 4 0 4 7 7 6 7 6 5 4 4 5 6 6 5 6 5 5 7 8 7 5 7 5 5
2 4 4 4 5 5 6 5 5 5 0 4 7 7 6 6 5 5 4 5 6 6 6 5 6 6 6 8 9 7 5 6 5 5
2 4 3 4 5 4 5 4 4 4 0 4 7 7 6 7 5 4 4 4 5 5 5 4 5 5 5 7 8 7 5 6 5 4
2 4 4 4 5 4 5 4 4 4 0 4 7 7 6 7 5 4 4 4 5 5 5 4 5 5 5 7 8 7 5 6 5 4
2 4 4 4 5 4 5 5 5 5 0 5 8 7 7 7 5 5 5 5 5 5 6 5 6 6 5 7 8 7 6 7 5 5
2 4 4 4 5 5 5 4 4 4 0 5 7 7 6 6 5 4 4 4 6 5 6 5 5 5 5 7 8 7 6 6 5 4
2 4 3 3 4 4 5 4 4 4 0 4 7 7 6 6 4 4 4 4 5 4 6 4 5 5 5 7 8 7 5 7 4 4
2 4 3 4 4 4 5 4 4 4 0 5 7 7 6 6 4 4 4 4 5 5 6 4 5 5 5 7 8 7 6 7 5 4
2 4 3 3 4 4 5 4 4 4 0 5 8 7 6 6 5 4 4 5 5 5 6 4 5 5 5 8 8 7 6 7 5 4
2 4 3 3 4 4 5 4 4 4 0 5 7 7 6 6 4 4 4 4 5 4 5 4 5 5 5 7 8 7 6 6 5 4
2 4 3 4 4 4 5 4 4 5 0 5 8 7 6 7 5 4 4 5 5 4 5 4 5 5 5 8 8 7 5 6 5 4
2 4 4 4 5 4 5 5 5 5 0 5 8 7 6 7 6 5 5 5 6 5 6 5 6 5 5 7 8 7 6 7 6 5
2 4 4 4 4 4 5 4 4 5 0 4 7 6 5 7 5 4 4 4 5 5 6 4 5 5 5 7 8 7 5 7 5 4
2 4 3 4 4 4 5 4 4 5 0 4 6 6 5 6 5 4 4 4 5 5 5 4 5 5 5 6 7 6 5 6 5 4
2 4 3 4 4 4 5 4 4 5 0 4 7 6 5 6 5 4 4 5 5 5 5 4 5 5 5 7 8 6 5 7 5 4
2 4 4 4 4 4 5 4 5 5 0 5 6 6 6 6 5 4 4 4 5 5 5 4 5 5 5 6 7 6 5 6 5 4
2 4 4 4 4 4 5 4 5 5 0 5 7 6 6 7 5 4 4 4 5 5 5 4 5 5 5 6 7 7 6 6 5 4
2 4 4 5 6 5 6 5 5 5 0 5 8 8 7 7 6 5 5 5 6 6 7 5 6 6 5 7 8 8 6 7 6 5
2 4 4 4 4 4 5 4 5 5 0 5 7 7 7 6 5 4 4 4 5 4 5 4 6 5 5 7 8 7 6 7 5 4
2 4 3 4 4 4 5 4 4 5 0 5 7 7 7 7 5 4 4 5 5 4 5 4 5 5 5 7 8 7 5 7 5 4
2 4 3 3 4 4 5 4 4 5 0 4 6 6 5 7 5 4 4 4 5 4 5 4 5 5 5 6 7 7 5 6 5 4
2 4 3 3 4 4 5 4 4 5 0 4 6 6 5 7 5 4 4 4 5 5 5 4 5 5 5 6 7 7 5 7 5 4
2 4 3 3 4 4 5 4 4 5 0 4 6 6 5 6 5 4 4 5 5 5 5 4 5 5 5 7 7 7 5 6 5 4
2 4 3 4 4 4 5 4 5 5 0 4 7 7 6 7 5 4 4 5 5 5 5 4 5 5 5 7 8 7 5 7 5 4
2 4 4 4 4 5 5 4 5 5 0 5 7 7 6 7 5 5 4 5 5 5 7 4 6 5 5 6 7 7 5 7 5 5
2 4 4 4 4 4 5 4 5 5 0 5 7 7 6 7 5 4 4 5 5 5 5 4 5 5 5 7 7 7 5 6 5 4
2 4 4 4 4 4 6 4 4 5 0 5 7 6 6 7 5 4 4 5 5 5 5 4 5 5 5 6 7 7 6 6 5 4
2 4 4 4 4 4 6 4 5 5 0 5 8 8 6 7 5 5 4 5 5 5 5 5 6 6 6 8 9 8 6 6 5 5
2 4 4 4 5 5 5 4 4 5 0 5 7 7 6 6 6 5 5 5 5 5 6 5 5 5 5 6 7 7 6 7 6 5
2 4 4 3 4 4 5 4 4 4 0 5 7 6 6 7 5 4 4 5 5 5 6 4 5 5 5 7 8 7 6 6 5 4
2 4 3 3 4 4 5 4 4 5 0 4 6 6 5 6 4 4 4 5 5 5 5 4 5 5 5 6 7 7 5 6 5 4
2 4 3 3 4 4 5 4 4 5 0 5 6 6 5 6 4 4 4 4 5 5 6 4 6 6 5 7 7 6 5 6 5 4
2 4 4 4 4 4 5 4 5 5 0 5 7 6 5 6 5 5 4 5 5 5 5 4 6 6 5 7 7 7 6 6 5 5
2 4 4 4 4 5 5 4 5 5 0 5 7 6 6 7 5 5 4 5 5 5 6 4 6 5 5 7 7 7 5 6 5 5
2 4 4 4 4 5 5 4 5 5 0 4 7 6 5 6 5 5 5 6 5 5 7 4 6 5 5 7 7 7 6 7 5 5
2 4 4 4 4 5 5 4 5 5 0 4 6 6 5 7 5 5 4 4 5 5 6 4 6 5 5 7 7 6 5 6 5 5
2 4 4 4 5 5 5 4 5 5 0 5 7 7 6 6 5 5 4 5 5 5 5 4 6 6 5 7 7 7 6 6 5 5
2 4 4 4 4 5 5 4 5 5 0 4 7 7 5 6 5 4 4 4 5 5 5 4 6 5 5 7 7 6 5 6 5 4
2 4 4 4 5 5 5 4 5 5 0 4 6 6 5 6 5 5 4 4 5 5 6 5 6 6 5 7 7 6 5 6 5 4
2 4 3 4 4 5 5 4 5 5 0 4 6 5 5 6 5 4 4 4 5 5 5 4 6 5 5 7 7 6 5 6 5 4
2 4 4 4 4 5 5 4 5 5 0 4 6 6 5 6 5 4 4 4 5 6 5 4 6 5 5 7 7 7 5 6 5 4
2 4 3 4 4 5 5 4 5 5 0 4 6 5 5 6 5 4 4 4 5 5 6 4 6 6 5 7 7 6 5 6 5 4
2 4 4 4 5 5 5 4 5 5 0 4 6 6 5 6 5 5 4 5 5 5 6 4 6 5 5 7 7 6 5 6 5 4
2 4 4 4 4 5 5 4 5 5 0 4 6 6 5 6 5 4 4 4 5 5 6 4 6 6 5 7 7 6 5 6 5 4
2 4 4 4 5 5 5 4 5 5 0 4 7 6 5 6 5 5 5 5 5 6 6 4 6 6 5 7 7 7 6 6 5 5
2 4 4 4 5 5 5 4 5 5 0 5 7 7 6 6 5 5 4 5 5 5 6 4 6 6 5 7 7 6 5 6 5 5
2 4 4 4 4 5 5 4 5 5 0 5 6 6 5 6 5 4 4 4 5 5 6 4 6 5 5 7 7 6 6 5 5 4
2 4 4 4 4 5 5 4 5 5 0 4 6 6 5 6 5 4 4 4 5 5 6 4 6 5 5 7 7 6 6 6 5 4
2 4 4 4 4 5 5 4 4 5 0 4 6 5 5 5 5 4 4 4 5 5 6 4 6 5 5 7 6 6 4 5 5 4
2 4 3 4 4 5 5 4 4 4 0 4 6 5 5 5 4 4 4 4 5 5 6 4 6 5 5 7 6 6 5 5 4 4
2 4 4 4 4 5 5 4 4 4 0 4 7 5 5 6 5 4 4 4 6 5 6 4 6 5 5 7 8 7 5 5 4 4
2 4 4 4 4 4 5 4 4 4 0 4 6 6 5 6 5 4 4 4 5 5 6 4 5 5 5 7 7 6 5 5 5 4
2 4 3 4 4 5 5 4 4 4 0 4 5 5 5 6 5 4 4 4 5 5 6 4 5 5 5 6 6 6 4 5 4 4
2 4 4 4 5 5 6 5 5 5 0 5 7 7 6 6 5 4 4 4 5 5 6 5 6 5 5 7 7 6 5 6 5 4
2 4 4 4 5 5 6 4 5 5 0 4 6 6 5 6 5 5 4 5 5 5 6 4 5 5 5 7 7 6 5 5 5 4
2 4 4 4 6 6 6 5 5 6 0 5 7 7 6 6 5 5 4 4 6 6 7 5 7 6 6 8 8 8 5 6 5 5
2 4 4 4 5 5 5 4 4 5 0 4 6 5 5 6 5 4 4 4 5 5 6 5 6 5 5 7 7 6 5 5 5 4
2 4 4 4 5 5 5 4 5 5 0 4 7 6 5 6 5 4 4 4 5 5 6 5 6 5 5 8 8 7 5 6 5 4
2 4 3 4 5 4 5 4 4 5 0 4 6 7 6 6 5 4 4 4 5 5 6 4 5 5 5 7 7 6 5 5 4 4
2 4 4 4 5 4 5 5 4 5 0 4 6 6 5 6 5 4 4 4 5 5 6 5 5 5 5 7 7 6 5 5 5 4
2 4 4 4 5 5 5 4 4 5 0 4 6 6 5 6 5 5 4 4 6 6 7 5 6 5 5 7 7 6 5 5 5 5
2 4 4 4 5 5 5 5 4 5 0 4 6 6 5 5 5 5 4 5 6 6 7 5 6 5 5 7 7 6 5 5 5 4
2 4 3 3 4 4 5 5 5 4 0 5 8 7 6 7 5 4 4 4 5 5 6 5 6 5 4 7 8 7 5 5 4 4
2 4 3 3 4 4 5 5 5 4 0 5 8 7 6 6 4 4 4 4 5 5 6 4 6 5 4 7 8 7 5 6 4 4
2 4 3 3 4 4 5 5 5 4 0 5 8 7 6 7 4 4 4 4 5 5 6 4 6 5 4 7 8 7 5 6 4 4
2 4 3 3 4 4 5 5 5 4 0 4 7 7 5 6 4 4 4 4 5 5 6 4 6 5 4 7 8 7 5 5 4 4
2 4 3 3 4 4 5 5 4 4 0 4 7 7 6 6 4 4 4 4 5 5 6 4 6 5 4 7 8 7 5 5 4 4
2 4 3 3 4 4 5 4 4 4 0 4 7 7 5 6 4 4 4 4 5 4 6 4 6 5 4 7 8 7 5 6 4 4
2 4 3 3 4 4 5 4 4 4 0 4 7 7 6 6 4 4 4 4 5 5 7 5 6 5 4 7 8 7 5 6 4 4
2 4 3 3 4 4 5 5 5 4 0 5 7 7 6 6 4 4 4 4 4 4 5 4 6 5 4 7 8 7 5 6 4 4
2 4 3 3 4 4 5 5 5 4 0 5 8 8 7 6 4 4 4 4 4 4 5 4 6 5 4 7 8 7 5 6 4 4
2 4 3 3 4 4 5 4 4 4 0 4 7 7 6 6 4 4 3 4 4 4 5 4 5 5 4 7 8 7 5 6 4 4
2 4 3 3 4 4 5 5 5 4 0 4 7 6 6 6 4 4 3 4 4 4 6 4 6 5 4 7 7 7 5 5 4 4
2 4 3 3 4 4 5 5 4 4 0 4 7 6 6 7 4 4 4 4 5 4 6 4 5 5 4 7 8 7 5 6 4 4
2 4 3 3 4 4 5 4 4 4 0 4 7 6 6 7 4 4 3 4 4 4 5 4 5 5 4 7 7 6 5 6 4 4
2 4 3 3 4 4 5 4 4 4 0 4 7 6 6 7 5 4 4 4 5 4 6 4 5 5 4 7 8 7 5 7 5 4
2 4 3 3 4 4 5 4 5 4 0 5 8 7 6 6 4 4 3 4 5 4 6 4 6 5 4 7 8 7 6 6 5 4
2 4 3 3 4 4 5 5 5 4 0 4 7 7 6 6 5 4 4 4 5 4 6 4 6 5 4 7 8 7 6 7 5 4
2 4 3 3 4 4 5 4 5 4 0 5 7 7 6 6 4 4 4 4 4 4 6 4 6 5 4 7 8 7 6 6 5 4
2 4 3 3 4 4 5 4 4 4 0 5 7 6 6 6 4 4 3 4 4 4 5 4 5 5 4 7 8 7 5 6 5 4
2 4 3 4 4 4 5 5 4 4 0 5 9 8 7 7 5 4 4 4 5 4 6 5 6 5 4 8 10 8 6 6 5 4
2 4 3 3 4 4 5 4 4 4 0 4 7 7 6 6 4 4 3 4 4 4 6 4 6 5 4 6 7 7 5 6 4 4
2 4 3 3 4 4 4 4 4 4 0 4 6 6 5 6 4 4 3 4 4 4 5 4 5 5 5 7 7 7 5 6 4 4
2 4 3 4 4 4 5 4 4 4 0 4 7 6 6 6 4 4 4 4 4 4 5 4 5 5 4 7 8 7 6 6 5 4
2 4 3 4 4 4 5 4 4 4 0 5 7 6 6 6 5 4 4 4 4 5 5 4 5 5 4 7 8 7 6 7 5 4
2 4 3 3 4 4 4 4 4 4 0 4 6 6 5 6 4 4 3 4 4 4 5 4 5 4 4 6 7 7 5 6 5 4
2 4 3 3 4 4 4 4 4 4 0 4 6 6 5 6 4 4 3 4 4 4 5 4 5 4 4 6 7 7 5 6 4 4
2 4 3 3 4 4 4 4 4 4 0 4 6 6 5 6 4 4 4 4 4 4 5 4 5 4 4 6 7 6 5 6 5 4
2 4 3 3 4 4 4 4 4 4 0 4 6 6 5 6 4 4 4 4 4 4 5 4 5 4 4 6 7 7 5 6 5 4
2 4 4 4 4 4 5 5 4 4 0 5 7 6 5 6 5 4 4 5 5 4 5 4 5 5 4 7 7 7 5 6 5 4
2 4 3 3 4 4 4 4 4 4 0 4 6 5 5 6 5 4 4 4 4 4 5 4 5 5 4 7 7 6 5 6 5 4
2 4 3 3 4 4 4 4 4 4 0 4 6 6 5 6 4 4 4 4 4 4 5 4 5 4 4 6 7 6 5 6 5 4
2 4 3 4 4 4 4 4 4 4 0 4 6 6 6 6 5 4 4 4 4 4 5 4 5 5 4 6 7 7 5 6 5 4
2 4 3 4 4 4 4 4 4 4 0 4 7 6 6 6 5 4 4 4 4 4 5 4 5 5 4 7 7 7 6 6 5 4
2 4 3 3 4 4 6 4 4 4 0 4 6 6 5 6 4 4 4 4 4 4 6 4 5 4 4 6 7 7 5 6 5 4
2 4 3 3 4 4 5 4 5 4 0 4 6 6 5 7 5 4 4 4 4 4 5 4 5 5 4 6 7 7 5 7 5 4
2 4 3 3 4 4 5 4 4 4 0 4 7 6 6 7 5 4 4 4 4 4 6 4 5 5 4 7 7 7 5 6 5 4
2 4 3 4 4 4 5 4 4 4 0 4 6 6 5 6 5 4 4 4 5 4 5 4 5 5 4 7 7 7 5 6 5 4
2 4 3 4 4 4 5 4 4 4 0 4 6 6 6 6 5 4 4 4 5 4 5 4 5 5 4 6 7 6 6 6 5 4
2 4 3 4 4 4 5 4 4 4 0 4 6 6 5 6 5 4 4 4 5 4 5 4 5 5 4 6 7 6 5 6 5 4
2 4 3 4 4 4 5 4 4 4 0 4 6 6 5 7 5 4 4 4 5 4 5 4 5 5 4 6 7 7 5 6 5 4
2 4 4 4 5 4 5 4 4 4 0 4 6 6 5 6 5 4 4 4 5 4 5 4 5 5 4 6 7 6 5 6 5 4
2 4 3 4 5 4 5 4 4 4 0 4 6 6 5 6 5 5 4 4 5 5 5 4 5 5 4 7 7 7 5 6 5 4
2 4 4 4 4 4 5 5 5 5 0 5 7 7 6 7 5 4 4 4 5 5 6 4 5 5 5 7 7 7 6 6 5 4
2 4 4 4 5 4 5 5 5 4 0 5 7 6 6 7 5 5 4 5 5 5 6 5 5 5 4 7 8 7 6 7 6 5
2 4 3 4 4 4 5 4 4 4 0 4 6 6 5 6 4 4 4 4 4 4 5 4 5 4 4 6 7 6 5 6 4 4
2 4 3 3 4 4 5 4 4 4 0 4 6 5 5 6 4 4 3 4 4 4 5 4 5 4 4 6 6 6 5 6 4 4
2 4 3 3 4 4 5 4 4 4 0 4 6 5 5 6 4 4 3 4 4 4 5 4 5 4 4 7 6 6 5 6 4 4
2 4 3 3 4 4 5 4 4 4 0 4 5 5 5 6 4 4 4 4 4 4 5 4 5 4 4 6 6 6 5 6 4 4
2 4 3 3 4 4 5 4 4 4 0 4 6 5 5 6 4 4 3 4 4 4 5 4 5 4 4 6 6 6 5 6 4 4
2 4 4 4 4 4 5 4 5 5 0 5 6 6 6 7 5 4 4 4 5 4 5 4 5 5 5 6 7 6 6 6 5 4
2 4 4 4 4 4 5 4 4 4 0 4 6 6 6 7 4 4 4 4 5 4 5 4 5 5 4 6 7 6 5 6 4 4
2 4 3 3 4 4 5 4 4 4 0 4 5 5 5 6 4 4 3 4 5 5 5 4 5 4 4 6 6 6 5 6 4 4
2 4 3 3 4 4 5 4 4 4 0 4 6 5 6 7 4 4 4 4 5 4 5 4 5 4 4 6 6 6 5 6 4 4
2 4 3 3 4 4 5 4 4 4 0 4 5 5 5 6 4 4 4 4 5 4 5 4 5 4 4 6 6 6 5 6 4 4
2 4 3 3 4 4 5 4 4 4 0 4 5 5 5 7 4 4 4 4 5 4 5 4 5 4 4 6 6 6 5 6 4 4
2 4 3 3 4 4 5 4 4 4 0 4 5 5 4 6 4 4 3 4 4 4 5 4 5 4 4 6 6 6 4 5 4 4
2 4 3 3 4 4 5 4 4 4 0 4 5 5 5 6 4 4 4 4 4 4 5 4 4 4 4 6 6 6 4 5 4 4
2 4 3 3 4 4 5 4 4 4 0 4 5 5 5 6 4 4 3 3 4 4 5 4 4 4 4 5 6 6 5 5 4 4
2 4 3 3 4 4 5 4 4 4 0 4 5 5 5 6 4 4 3 3 4 4 5 4 5 4 4 5 6 6 5 5 4 4
2 4 3 3 4 4 5 4 4 4 0 4 5 5 5 6 4 4 3 3 4 4 5 4 5 4 4 6 6 6 5 6 4 4
2 4 3 3 4 4 5 4 4 4 0 4 5 5 5 6 4 4 3 3 4 4 5 4 5 4 4 5 6 6 5 5 4 4
2 4 3 3 4 4 5 4 4 4 0 4 5 5 5 6 4 4 3 4 4 4 5 4 5 4 4 5 6 6 5 6 4 4
2 4 3 3 4 4 4 4 4 4 0 4 5 5 5 6 4 4 3 4 5 4 5 4 5 4 4 5 6 6 5 5 4 4
2 4 3 3 4 4 4 4 4 4 0 4 5 5 5 6 5 4 3 4 5 5 5 4 5 5 4 5 6 6 5 6 4 4
2 4 3 3 4 4 4 4 4 4 0 4 5 5 4 6 4 4 3 3 4 4 4 4 4 4 4 5 6 6 5 5 4 4
2 4 3 3 4 4 4 3 3 3 0 4 5 5 4 6 4 4 3 3 4 4 4 4 4 4 4 5 6 7 5 5 4 4
2 4 3 3 4 4 4 3 4 4 0 4 6 5 5 6 4 4 3 3 4 4 4 4 4 4 4 6 6 6 5 5 4 4
2 4 3 3 4 4 4 4 4 4 0 4 6 5 4 6 4 4 3 4 4 4 4 4 5 4 4 6 7 6 5 5 4 4
2 4 3 3 4 3 4 4 4 4 0 4 6 5 5 5 4 4 3 3 4 4 4 4 5 4 4 6 6 6 5 5 4 4
2 4 3 3 4 4 5 3 3 4 0 4 6 5 4 6 4 4 3 3 4 4 5 4 4 4 4 5 6 6 5 5 4 4
2 4 3 3 4 3 4 4 4 4 0 4 6 6 5 6 4 4 3 3 4 4 5 4 4 4 4 5 6 6 5 5 4 4
2 4 3 3 4 3 4 3 3 3 0 4 6 5 5 6 4 3 3 3 4 4 4 3 4 4 3 5 6 6 5 5 4 3
2 4 3 3 4 4 4 4 3 4 0 4 6 6 5 5 4 4 3 3 4 4 4 4 4 4 4 6 7 8 6 5 4 4
2 4 3 3 4 3 4 4 3 3 0 4 6 6 5 6 4 4 3 3 4 4 4 4 4 4 3 5 6 6 5 5 4 4
2 4 3 3 4 3 4 4 4 4 0 4 5 5 5 5 4 4 3 3 4 4 5 4 4 4 4 5 6 6 5 5 4 4
2 4 3 3 4 3 4 3 4 4 0 4 6 5 5 6 4 4 3 3 4 4 4 4 4 4 3 5 6 6 5 5 4 4
2 4 3 4 4 4 4 4 4 4 0 4 5 5 5 6 5 4 4 4 5 4 5 4 5 4 4 5 6 6 5 5 4 4
2 4 3 3 3 3 4 3 4 4 0 4 5 5 5 5 4 4 3 3 4 4 4 3 4 4 4 5 6 6 5 5 4 4
2 4 3 3 3 3 4 3 3 3 0 4 5 5 5 5 4 3 3 3 4 3 4 3 4 4 3 5 6 6 5 5 4 3
2 4 3 3 3 3 4 3 3 3 0 3 5 6 5 5 4 3 3 3 4 3 4 3 4 4 3 5 6 6 6 5 4 3
2 4 3 3 3 3 4 3 3 3 0 3 6 6 5 5 4 4 3 3 4 4 4 3 4 4 3 5 6 6 5 5 4 4
2 4 3 3 3 3 4 3 3 3 0 4 6 6 5 5 4 3 3 3 4 3 4 3 4 4 3 5 6 7 6 5 4 3
2 4 3 3 3 3 4 3 3 3 0 4 5 5 5 5 4 4 4 4 4 4 4 3 4 4 3 5 6 6 5 6 4 4
2 4 3 3 4 3 4 3 3 3 0 3 5 5 4 5 4 4 3 3 4 4 4 3 4 4 3 6 7 6 5 5 4 4
2 4 3 3 4 3 4 4 4 4 0 3 6 5 4 6 5 4 4 4 5 4 5 4 5 4 3 6 7 6 4 5 5 4
2 4 3 3 4 3 4 3 4 4 0 3 6 5 5 6 4 4 3 4 4 4 4 3 5 4 3 5 6 6 5 6 4 4
2 4 3 3 4 3 4 3 3 3 0 3 6 6 5 6 4 4 3 4 4 4 4 3 4 4 3 6 7 7 5 6 4 4
2 4 3 3 3 3 4 3 3 3 0 3 6 5 4 5 4 4 3 3 4 4 4 3 4 4 3 6 7 6 5 6 4 4
2 4 3 3 4 3 4 3 3 4 0 3 5 5 5 5 4 4 3 3 4 4 4 3 4 4 3 5 6 6 5 5 4 3
2 4 3 3 4 3 4 3 4 4 0 4 7 7 5 6 4 4 3 4 4 4 4 3 4 4 3 6 7 7 5 5 4 4
2 4 3 3 4 3 4 4 4 4 0 3 5 6 5 5 4 4 3 4 4 4 4 3 4 4 3 5 6 6 5 5 4 4
2 4 3 3 4 3 4 4 4 3 0 3 5 5 5 6 4 4 4 4 4 4 4 4 4 4 3 5 6 6 4 6 4 4
2 4 3 3 4 3 4 4 4 4 0 3 5 5 5 6 4 4 4 4 4 4 4 3 4 4 3 5 6 6 5 6 4 4
2 4 3 3 3 3 4 3 4 3 0 3 5 5 5 6 4 4 3 4 4 4 4 3 4 4 3 5 6 6 5 6 4 4
2 4 3 3 3 3 4 3 4 3 0 3 5 5 5 5 4 3 3 3 4 4 4 3 4 4 3 5 6 6 4 5 4 3
2 4 3 3 4 3 4 3 4 3 0 3 5 5 5 6 4 4 3 4 4 4 4 3 4 4 3 5 6 6 5 5 4 4
2 4 3 3 3 3 4 3 4 3 0 3 5 5 5 6 4 4 3 4 4 4 5 3 4 4 3 5 6 6 5 5 4 3
2 4 3 3 4 4 4 3 4 3 0 3 5 5 5 6 4 4 3 4 4 4 5 3 4 4 3 5 6 6 5 6 4 4
2 4 3 3 4 3 4 3 4 4 0 3 5 5 5 6 4 4 3 4 4 4 4 3 4 4 3 5 6 6 5 6 4 4
2 4 3 3 4 3 4 3 4 3 0 3 5 6 5 5 4 4 3 4 4 4 4 3 4 4 3 5 6 6 5 6 4 4
2 4 3 3 4 3 4 4 4 4 0 3 5 5 5 5 4 4 3 4 4 4 4 4 4 4 3 5 6 6 5 6 4 4
2 4 3 3 4 3 4 4 4 3 0 3 6 6 5 6 4 4 3 4 4 4 4 3 4 4 3 6 6 6 5 6 4 4
2 4 3 3 4 3 4 3 4 3 0 3 5 6 5 5 4 4 4 4 4 4 4 3 4 4 3 6 6 6 5 6 4 4
2 4 3 3 4 3 4 3 4 3 0 3 6 5 5 6 4 4 3 4 4 4 4 3 4 4 3 5 6 6 5 5 4 4
2 4 3 3 4 3 4 3 4 3 0 3 6 6 5 6 4 4 4 4 4 4 4 3 4 4 3 6 6 6 5 6 4 4
2 4 3 3 4 3 4 3 4 3 0 3 6 6 5 6 4 4 3 4 4 4 4 3 4 4 3 6 6 6 5 6 4 4
2 4 3 3 4 3 4 3 4 3 0 3 6 6 6 6 4 4 3 4 4 4 4 3 4 4 3 6 6 6 5 6 4 4
2 4 3 3 4 3 4 3 3 3 0 3 6 6 5 6 4 4 4 4 4 5 6 4 4 4 3 6 6 7 5 6 4 4
2 4 3 3 4 3 4 3 4 4 0 3 6 5 5 6 4 4 3 4 5 5 4 4 4 4 3 6 6 6 5 6 4 4
2 4 3 3 4 3 4 4 4 4 0 4 6 6 5 6 4 4 3 4 4 4 4 4 4 4 4 6 7 6 5 6 4 4
2 4 3 3 4 4 4 4 4 4 0 4 6 6 5 6 4 4 3 4 5 5 5 4 5 4 4 7 7 7 5 6 5 4
2 4 3 4 4 4 5 4 4 4 0 4 6 6 5 6 4 4 4 4 5 5 5 4 5 5 4 7 7 6 5 6 5 4
2 4 3 3 4 4 5 4 4 4 0 4 7 6 5 6 4 4 4 4 5 5 5 4 5 4 4 7 7 7 5 6 5 4
2 4 3 3 4 4 5 4 4 4 0 4 6 6 5 6 4 4 3 4 4 4 5 4 5 4 4 6 7 6 5 6 4 4
2 4 3 3 4 4 5 4 4 4 0 4 6 6 5 6 4 4 3 4 4 4 5 4 4 4 4 6 7 6 5 6 4 4
2 4 3 3 4 4 5 4 4 4 0 4 7 6 5 6 5 4 3 4 4 5 5 4 5 4 3 6 7 7 5 6 5 4
2 4 3 3 4 4 5 4 4 4 0 4 6 6 5 6 4 4 3 4 4 5 5 4 5 4 4 6 7 6 5 6 4 4
2 4 3 3 4 4 5 4 4 4 0 4 6 5 5 6 4 4 3 4 5 5 6 4 4 4 3 6 6 6 4 5 4 4
2 4 3 3 4 4 5 4 4 4 0 4 6 6 5 6 4 4 4 4 5 5 6 4 5 4 3 6 6 6 5 5 4 4
2 4 3 3 4 4 5 4 3 3 0 4 6 6 5 6 4 4 3 4 5 5 6 4 4 4 4 6 6 6 5 5 4 4
2 4 3 3 4 4 5 4 3 3 0 4 6 6 5 6 4 4 3 3 4 4 5 4 4 4 3 6 6 6 5 6 4 4
2 4 3 3 4 4 5 4 3 3 0 4 6 6 5 6 4 4 3 3 5 5 5 4 4 4 4 6 7 6 5 5 4 4
2 4 3 3 4 4 5 4 4 4 0 4 6 6 5 6 4 4 3 3 5 5 5 4 5 4 4 6 7 6 5 6 4 4
2 4 3 3 4 4 5 4 4 4 0 4 6 7 6 6 4 4 3 4 5 4 6 4 4 4 4 6 7 6 5 6 4 4
2 4 3 3 4 4 5 4 4 4 0 4 6 6 5 6 4 4 3 4 5 4 6 4 4 4 4 6 7 6 4 5 4 4
2 4 3 3 4 4 5 4 3 3 0 4 6 6 5 6 4 4 3 4 5 5 6 4 4 4 3 6 7 6 5 6 4 4
2 4 3 3 4 4 5 4 4 4 0 4 6 6 5 5 4 4 3 3 4 5 6 4 4 4 4 6 6 6 4 5 4 4
2 4 3 3 4 4 5 4 3 3 0 4 6 6 5 6 4 4 3 4 5 5 6 4 5 4 4 6 6 6 5 5 4 4
2 4 3 3 4 4 5 4 4 4 0 4 6 6 5 6 4 4 3 3 5 5 6 4 5 4 4 6 7 6 5 5 4 4
2 4 3 3 4 4 5 4 4 4 0 4 7 6 6 6 5 4 4 4 5 5 6 4 5 5 4 6 7 6 5 5 5 4
2 4 3 3 4 4 5 4 4 4 0 4 6 6 5 6 4 4 3 4 5 5 6 4 5 4 4 6 7 6 5 5 4 4
2 4 3 3 4 4 5 4 4 4 0 4 6 6 5 6 5 4 4 4 5 5 6 4 5 4 4 6 6 6 5 6 5 4
2 4 3 3 4 4 5 4 4 4 0 4 6 5 5 6 4 4 3 4 5 5 6 4 5 4 3 7 7 6 4 6 4 4
2 4 3 3 4 4 5 4 4 4 0 4 6 6 5 5 4 4 3 4 5 5 6 4 5 4 3 6 6 6 5 5 4 3
2 4 3 3 4 4 5 4 4 4 0 4 6 6 5 6 4 4 3 4 5 5 6 4 6 5 4 6 7 6 5 6 4 4
2 4 3 3 4 4 5 4 4 4 0 4 6 6 5 6 4 4 3 4 5 5 6 4 5 4 4 6 6 6 4 5 4 4
2 4 3 3 4 4 5 4 4 3 0 4 6 6 5 6 4 4 3 4 6 5 6 4 5 4 3 6 7 6 5 5 4 4
2 4 3 3 4 4 5 4 4 4 0 4 7 6 6 7 4 4 3 4 4 4 6 4 5 5 4 7 7 6 5 6 4 4
2 4 3 3 4 4 5 4 4 3 0 4 6 6 5 6 4 4 3 4 4 4 6 4 5 4 4 6 6 6 5 5 4 4
2 4 3 3 4 4 5 4 4 3 0 4 6 6 5 6 4 4 3 4 4 5 6 4 5 4 4 6 6 6 5 6 4 4
2 4 3 3 4 3 5 4 4 3 0 4 7 7 5 6 4 4 3 3 4 4 6 4 5 4 4 7 7 7 5 6 4 4
2 4 3 3 4 4 5 4 4 3 0 4 7 6 5 6 4 4 3 4 4 4 6 4 5 4 4 7 7 6 5 6 4 4
2 4 3 3 4 4 5 4 4 3 0 4 6 6 5 6 4 4 3 4 4 4 6 4 5 4 3 7 7 6 5 6 4 4
2 4 3 3 4 4 5 4 4 3 0 4 7 7 5 6 5 4 4 4 4 5 6 4 5 4 4 7 7 7 5 6 5 4
2 4 3 3 4 3 4 3 4 3 0 4 6 6 5 6 4 4 3 4 4 4 5 4 5 4 3 6 7 6 5 6 4 4
2 4 3 3 4 4 4 4 4 3 0 4 6 6 5 6 4 4 3 4 4 4 5 4 4 4 4 6 7 6 5 6 5 4
2 4 3 3 4 4 5 4 4 3 0 4 7 6 5 6 4 4 3 3 4 4 5 4 5 4 4 7 8 7 6 6 4 4
2 4 3 3 4 4 5 4 4 3 0 4 6 6 5 6 4 4 3 3 4 4 5 3 5 4 4 7 8 6 5 6 4 4
2 4 3 3 4 4 4 4 4 3 0 4 6 6 5 6 4 4 3 4 4 4 5 4 5 4 4 7 7 6 6 6 4 4
2 4 3 3 4 4 5 4 4 4 0 4 7 7 6 6 4 4 3 4 4 4 5 4 5 4 4 7 7 7 6 6 4 4
2 4 3 3 4 4 5 4 4 4 0 4 7 6 6 5 4 4 3 4 4 4 7 4 5 4 4 7 7 7 6 6 4 4
2 4 3 3 4 3 5 4 4 3 0 4 6 6 5 5 4 3 3 3 4 4 5 4 5 4 4 7 7 6 5 6 4 3
2 4 3 3 4 4 5 4 4 3 0 4 6 6 5 5 4 3 3 3 4 5 5 4 5 4 4 7 7 7 5 6 4 4
2 4 3 3 4 3 5 4 4 3 0 4 6 6 5 6 4 4 3 3 4 4 5 4 5 4 4 7 7 7 5 6 4 4
2 4 3 3 4 4 5 4 4 4 0 4 7 6 5 6 4 4 3 3 4 5 5 4 5 4 4 7 8 7 5 6 4 4
2 4 3 3 4 4 5 4 4 3 0 4 6 6 5 5 4 4 3 3 4 4 5 4 5 4 4 7 7 7 5 6 4 4
2 4 3 3 4 4 5 4 4 3 0 4 7 6 5 5 4 4 3 3 4 4 5 4 5 4 4 7 7 7 5 6 4 4
2 4 3 3 4 4 5 4 4 4 0 4 6 6 5 6 4 4 3 3 4 5 6 4 5 4 4 7 7 7 5 6 4 4
2 4 3 3 4 4 5 4 4 3 0 4 6 6 5 5 4 3 3 3 4 4 5 4 5 4 4 6 7 7 5 6 4 4
2 4 3 3 4 4 5 4 4 4 0 4 6 6 5 6 4 4 3 3 4 5 6 4 5 4 4 7 7 7 6 6 4 4
2 4 3 3 4 4 5 4 4 3 0 4 6 6 5 7 5 4 4 4 4 5 5 4 5 4 4 7 7 7 5 6 5 4
2 4 4 4 4 4 5 5 5 4 0 5 7 6 6 6 4 4 4 4 4 5 6 4 5 5 4 7 7 7 6 6 4 4
2 4 3 3 4 4 5 4 4 3 0 4 6 6 5 6 4 4 4 4 4 5 6 4 5 4 4 6 7 6 5 6 4 4
2 4 3 3 4 4 5 4 4 3 0 4 6 5 5 6 5 4 4 4 4 5 5 4 5 4 4 6 7 7 5 6 5 4
2 4 3 3 3 4 5 4 4 3 0 4 6 5 5 5 4 4 3 3 4 4 6 4 4 4 4 6 7 7 5 6 4 4
2 4 3 3 4 4 5 4 4 3 0 4 6 6 5 6 4 4 3 3 4 5 5 4 5 4 3 6 7 6 5 6 4 4
2 4 3 3 4 4 5 4 4 3 0 4 6 6 5 6 4 4 3 3 4 4 5 4 5 4 3 6 7 6 5 6 5 4
2 4 3 3 4 4 5 4 4 3 0 4 6 6 5 6 4 4 4 4 4 5 5 4 5 4 3 6 7 7 5 6 5 4
2 4 3 3 3 4 4 4 4 4 0 4 6 6 5 6 4 4 3 3 4 4 5 4 4 4 3 6 6 6 5 6 4 4
2 4 3 3 4 4 5 4 4 3 0 4 6 6 5 6 4 4 3 4 4 5 5 4 5 4 4 5 6 6 5 6 4 4
2 4 3 3 4 4 5 4 4 3 0 4 6 6 6 6 4 4 3 4 4 5 5 4 5 4 4 6 6 6 6 6 4 4
2 4 3 3 4 4 5 4 4 3 0 4 6 6 5 6 4 4 3 3 4 5 5 4 5 4 4 5 6 6 5 6 4 4
2 4 3 3 4 4 4 4 4 3 0 4 6 6 5 6 4 4 3 3 4 5 5 4 5 4 3 6 6 6 5 6 4 4
2 4 3 3 4 4 5 4 4 3 0 4 6 6 5 6 4 4 3 4 4 5 5 4 5 4 4 5 6 6 5 6 4 4
2 4 3 3 4 4 4 4 4 3 0 4 6 6 5 6 4 4 3 3 4 4 5 4 5 4 4 5 7 6 5 6 4 4
2 4 3 3 3 4 4 4 3 3 0 3 5 5 5 6 4 4 3 3 4 4 5 4 4 4 3 5 6 5 4 6 4 4
2 4 3 3 4 4 4 4 4 4 0 4 6 6 5 6 4 4 4 4 4 5 5 4 5 4 3 5 6 6 5 6 5 4
2 4 3 3 3 4 4 3 3 3 0 3 6 6 5 6 4 4 3 3 4 4 5 3 4 3 3 5 6 6 5 5 4 4
2 4 3 3 4 4 5 3 3 3 0 3 5 5 5 6 4 4 3 3 4 4 5 3 4 3 3 6 6 5 5 5 4 4
2 4 3 3 4 4 5 4 4 3 0 4 5 6 5 6 4 4 3 3 4 5 5 4 4 4 3 6 6 5 6 6 4 4
2 4 3 3 4 4 5 4 4 3 0 3 6 5 5 6 4 4 3 4 4 4 5 4 5 4 3 6 7 6 5 6 5 4
2 4 3 3 4 4 4 4 4 3 0 4 6 6 6 6 4 4 3 3 4 4 5 4 4 4 3 5 6 5 5 6 4 4
2 4 3 3 4 4 4 4 3 3 0 4 5 5 5 6 4 4 3 3 4 4 5 4 4 4 3 6 6 6 5 6 4 4
2 4 3 3 4 4 4 4 4 3 0 4 6 7 5 6 4 4 3 3 4 4 5 4 5 4 3 6 6 6 5 6 4 4
2 4 3 3 4 4 4 4 3 4 0 4 6 6 6 6 5 4 4 3 4 4 5 4 4 4 3 5 6 6 5 6 5 4
2 4 3 3 4 4 4 4 4 4 0 4 5 5 5 6 4 4 3 3 4 4 5 4 4 4 3 5 6 5 5 6 4 4
2 4 3 3 4 4 4 4 4 4 0 4 5 5 5 6 4 4 3 3 4 4 5 4 5 4 4 6 6 5 5 6 5 4
2 4 3 3 4 4 4 4 3 3 0 4 5 5 5 6 4 4 3 3 4 4 5 4 4 4 3 5 6 5 4 6 4 4
2 4 3 3 4 3 4 3 3 3 0 4 5 5 5 6 4 4 3 3 4 4 4 4 4 4 3 5 5 5 5 6 4 4
2 4 3 3 3 3 4 4 4 4 0 3 5 5 5 5 4 4 3 3 4 4 5 4 4 4 3 6 6 5 5 5 4 4
2 4 3 3 4 3 4 4 3 3 0 4 5 5 5 6 4 4 3 3 4 4 5 4 4 4 3 5 6 5 5 6 4 4
2 4 3 3 3 4 4 4 3 3 0 4 6 6 5 6 4 4 3 3 4 4 4 4 4 4 3 6 6 5 5 6 5 4
2 4 3 3 4 4 4 4 4 3 0 4 6 6 5 6 5 4 3 3 4 4 5 4 4 4 4 6 7 6 5 7 5 4
2 4 3 3 4 4 4 4 4 4 0 4 6 6 5 6 5 4 4 4 4 4 5 4 4 4 4 6 6 6 5 6 4 4
2 4 3 3 4 4 4 4 4 4 0 4 6 5 5 6 4 4 3 3 4 4 5 4 5 4 4 6 6 6 5 6 4 4
2 4 3 3 4 4 4 4 4 4 0 4 6 6 5 6 4 4 4 4 4 4 5 4 5 4 4 7 7 6 5 6 4 4
2 4 3 3 4 4 4 4 4 4 0 4 6 6 5 6 4 4 4 4 5 4 5 4 4 4 4 6 7 6 5 6 5 4
2 4 3 3 4 4 4 4 4 3 0 4 6 7 5 6 4 4 3 4 4 4 5 4 4 4 4 6 6 6 5 6 4 4
2 4 3 3 4 4 4 4 4 4 0 5 7 7 7 7 5 4 3 4 4 5 5 4 4 4 4 6 7 7 6 7 5 4
2 4 3 3 4 3 4 4 4 3 0 4 7 7 6 7 5 4 4 4 4 4 5 4 4 4 4 6 7 7 6 6 5 4
2 4 3 3 4 3 4 4 3 4 0 4 7 7 6 7 4 4 3 3 4 4 5 4 4 4 4 6 7 7 5 6 5 4
2 4 3 3 4 3 4 4 4 4 0 4 6 6 6 7 5 4 3 4 4 4 5 4 4 4 4 6 7 7 5 6 5 4
2 4 3 3 4 4 4 4 4 3 0 4 6 6 6 7 5 4 4 4 4 4 5 4 4 4 4 6 7 7 5 6 5 4
2 4 3 3 4 4 4 4 3 4 0 4 6 6 6 7 5 4 4 4 4 4 5 4 4 4 4 6 7 7 5 6 5 4
2 4 3 3 4 4 4 4 4 3 0 4 7 6 6 7 5 4 3 4 4 4 5 4 4 4 4 7 8 7 5 6 5 4
2 4 3 3 4 3 4 4 3 3 0 4 6 6 6 7 4 4 3 3 4 4 4 4 4 4 4 6 7 7 5 6 4 4
2 4 3 3 4 3 4 4 3 3 0 4 6 6 6 7 4 4 3 3 4 4 4 4 4 4 4 7 7 7 5 6 4 4
2 4 3 3 4 3 4 3 3 3 0 4 6 6 6 7 4 4 3 4 4 4 4 4 4 3 3 6 7 7 5 7 5 4
2 4 3 3 4 3 4 4 3 3 0 4 7 6 5 7 5 4 4 4 4 4 4 4 5 4 4 7 7 7 5 6 5 4
2 4 3 3 4 3 4 4 4 4 0 4 6 6 6 7 5 4 3 3 4 4 4 4 4 4 4 6 7 7 6 6 5 4
2 4 3 3 4 3 4 3 3 3 0 4 6 6 6 7 4 4 3 3 4 4 4 3 4 4 4 6 7 7 5 6 4 4
2 4 3 3 4 4 4 4 3 4 0 4 7 6 6 7 5 4 3 3 4 4 4 4 4 4 4 6 7 7 5 6 5 4
2 4 3 3 4 4 4 3 3 4 0 4 6 6 6 7 5 4 4 4 4 4 4 4 4 4 4 6 7 7 5 6 5 4
2 4 3 3 4 3 4 3 3 3 0 4 6 6 5 6 4 4 3 3 3 3 4 3 4 4 3 6 7 7 5 6 4 4
2 4 3 3 4 3 4 4 3 4 0 4 6 6 5 6 4 4 3 3 3 3 4 3 4 4 4 6 7 7 5 6 4 4
2 4 3 3 3 3 4 3 3 3 0 4 6 6 5 6 4 4 3 3 3 3 4 3 4 4 3 6 7 7 5 6 4 4
2 4 3 3 3 3 4 3 3 3 0 4 6 6 5 6 4 4 3 3 3 3 4 3 4 4 3 6 7 7 5 6 4 4
2 4 3 3 3 3 4 3 3 3 0 4 6 6 5 6 4 4 3 3 3 3 4 3 4 4 3 6 7 7 5 6 4 4
2 4 3 3 4 3 4 3 3 3 0 4 6 6 5 6 4 4 3 3 3 3 4 3 4 4 4 6 7 7 5 6 4 4
2 4 3 3 4 3 4 3 3 4 0 4 6 6 6 7 5 4 3 3 3 3 4 3 5 4 4 6 7 7 5 7 5 4
2 4 3 3 3 3 4 3 3 3 0 4 6 6 5 6 4 4 3 3 3 3 4 3 5 4 3 6 7 7 5 6 4 4
2 4 3 3 3 3 3 3 3 3 0 3 5 5 5 6 4 4 3 3 3 3 4 3 4 4 3 5 6 6 4 6 4 4
2 4 3 3 4 3 4 4 4 4 0 3 6 5 5 6 5 4 4 4 4 4 4 4 5 4 4 6 6 6 4 6 5 4
2 4 3 3 3 3 4 3 3 3 0 3 5 5 5 6 4 4 3 3 3 3 4 3 4 4 3 5 6 6 4 5 4 4
2 4 3 3 3 3 4 3 3 3 0 3 5 5 5 6 4 3 3 3 3 3 3 3 4 4 3 5 6 6 4 5 4 4
2 4 3 3 3 3 4 3 3 3 0 4 6 6 6 6 4 3 3 3 3 3 4 3 4 4 3 5 6 6 5 6 4 4
2 4 3 3 3 3 4 3 3 3 0 3 5 5 5 5 4 3 3 3 3 3 3 3 4 4 3 5 6 6 4 5 4 3
2 4 3 3 3 3 4 3 3 3 0 4 5 5 4 5 4 3 3 3 3 3 3 3 4 4 3 5 5 5 4 5 4 3
2 4 3 3 3 3 4 3 3 4 0 4 5 5 4 5 4 3 3 3 3 3 4 3 5 4 4 6 6 5 4 5 4 4
2 4 3 3 4 3 4 3 4 4 0 4 5 5 5 5 4 3 3 3 4 3 4 4 5 4 4 6 6 5 4 5 4 4
2 4 3 3 3 3 4 3 4 4 0 4 5 5 5 5 4 4 3 3 3 3 3 3 4 4 4 5 6 6 4 5 4 4
2 4 3 3 3 3 4 3 4 4 0 3 5 5 4 5 4 3 3 3 3 3 4 3 5 4 3 5 5 5 4 5 4 3
2 4 3 3 3 3 4 3 4 4 0 3 5 5 5 5 4 3 3 3 4 3 4 3 5 4 4 5 5 5 4 5 4 4
2 4 3 3 3 3 4 3 4 4 0 4 7 7 6 6 4 4 3 3 3 3 4 3 5 4 4 7 8 7 5 6 4 4
2 4 3 3 4 3 4 4 4 4 0 4 6 5 5 6 4 4 4 4 4 4 4 4 5 5 4 6 7 6 4 5 4 4
2 4 3 3 4 3 4 4 4 4 0 4 6 5 5 6 4 4 3 4 4 4 4 4 5 5 4 6 6 6 4 5 4 4
2 4 3 3 3 3 4 3 4 4 0 4 6 5 5 6 4 4 3 3 4 3 4 3 4 4 4 5 6 6 4 5 4 4
2 4 3 3 3 3 4 3 3 4 0 4 6 6 5 6 4 3 3 3 4 4 4 3 4 4 4 6 6 6 4 5 4 3
2 4 3 3 4 3 4 3 4 4 0 4 6 5 5 6 4 4 3 3 3 4 4 4 4 4 4 6 6 6 5 6 4 4
2 4 3 3 3 3 4 3 4 4 0 4 6 6 6 6 4 4 3 4 4 4 4 4 4 4 4 6 6 6 5 5 4 4
2 4 3 3 4 3 4 4 4 4 0 4 6 6 6 6 4 4 3 3 4 4 4 4 5 4 4 6 6 6 5 5 4 4
2 4 3 3 3 3 4 3 4 4 0 4 6 6 6 6 4 4 3 3 4 4 4 4 5 4 4 6 6 6 5 5 4 4
2 4 3 3 3 3 4 3 4 4 0 4 6 6 6 6 4 4 3 3 4 4 4 3 5 4 4 6 7 6 5 5 4 4
2 4 3 3 3 3 4 4 4 4 0 4 7 6 6 6 4 4 3 3 4 4 4 4 5 5 4 7 8 7 5 5 4 4
2 4 3 3 3 3 4 4 4 4 0 4 6 6 6 6 4 4 3 3 4 4 4 4 5 4 4 6 7 6 5 5 4 4
2 4 3 3 3 3 4 3 4 4 0 4 6 6 6 6 4 4 3 3 4 3 4 4 5 5 4 6 7 6 5 5 4 4
2 4 3 3 3 3 4 4 4 4 0 4 6 6 6 6 4 4 3 4 4 4 4 4 5 5 4 6 7 6 5 6 4 4
2 4 3 3 3 3 4 3 4 4 0 4 7 6 6 6 4 4 3 3 4 3 4 3 4 4 4 7 8 7 5 5 4 4
2 4 3 3 3 3 4 3 4 4 0 4 6 6 6 6 4 4 3 3 4 4 4 3 4 4 4 6 7 6 5 5 4 4
2 4 3 3 3 3 4 3 4 4 0 4 6 6 6 6 4 3 3 3 4 3 4 3 5 4 4 6 7 6 5 5 4 4
2 4 3 3 3 3 4 3 4 4 0 4 7 6 6 6 4 4 3 3 4 4 4 3 5 4 4 7 7 6 5 5 4 4
2 4 3 3 3 3 4 3 4 4 0 4 7 6 6 6 4 3 3 3 4 4 4 3 5 4 4 6 7 6 5 5 4 3
2 4 3 3 3 3 4 4 4 4 0 4 7 6 6 6 4 3 3 3 3 4 4 4 5 4 4 6 7 6 5 5 4 3
2 4 3 3 3 3 5 4 4 4 0 5 8 7 7 6 4 4 3 3 4 4 4 4 5 4 4 7 8 7 5 5 4 4
2 4 3 3 3 3 4 3 4 4 0 4 6 6 6 6 4 3 3 3 3 3 4 3 4 4 4 6 7 6 4 5 4 3
2 4 3 3 3 3 4 4 4 4 0 4 6 6 6 6 4 4 3 3 4 4 4 4 5 4 4 6 7 6 5 5 4 4
2 4 3 3 3 3 4 4 4 4 0 4 6 6 5 6 4 3 3 3 3 3 4 3 5 4 4 6 7 6 4 5 4 3
2 4 2 3 3 3 4 3 4 4 0 4 7 6 6 6 4 3 3 3 3 3 4 3 5 4 4 6 7 6 5 5 4 3
2 4 2 3 3 3 4 3 4 4 0 4 6 6 6 6 4 3 3 3 3 3 4 3 4 4 4 6 7 6 4 5 4 3
2 4 3 3 3 3 4 3 4 4 0 4 6 6 6 6 4 3 3 3 3 3 4 3 4 4 4 6 7 7 5 5 4 3
2 4 3 3 3 3 4 4 4 4 0 4 6 6 6 6 4 3 3 3 4 4 4 3 5 4 4 6 7 7 5 5 4 3
2 4 3 3 3 3 4 3 4 4 0 4 6 6 5 5 4 3 3 3 3 4 4 3 4 4 4 6 6 6 4 5 4 3
2 4 3 3 3 3 4 3 4 3 0 4 6 5 5 5 4 4 3 3 3 4 4 3 4 4 4 6 6 6 4 5 4 4
2 4 3 3 3 3 4 3 3 3 0 4 6 5 5 5 4 3 3 3 3 4 4 3 4 4 4 5 6 6 4 5 4 3
2 4 2 2 3 3 4 3 3 4 0 4 6 5 5 5 4 3 3 3 3 4 4 3 4 4 4 6 6 6 4 5 4 3
2 4 2 2 3 3 4 3 3 4 0 4 6 5 5 5 4 3 3 3 3 3 4 3 4 4 3 5 6 6 4 5 4 3
2 4 3 3 3 3 4 3 4 4 0 4 6 6 5 5 4 3 3 3 3 3 4 3 4 4 4 6 6 6 4 5 4 3
2 4 2 2 3 3 4 3 3 3 0 4 6 5 5 5 3 3 3 3 3 3 4 3 4 4 4 5 6 6 4 4 4 3
2 4 3 3 3 3 4 3 3 3 0 4 6 6 5 5 4 3 3 3 3 3 4 3 4 4 3 5 6 6 5 4 4 3
2 4 3 3 3 3 4 3 3 3 0 4 6 6 6 6 4 4 3 3 4 3 4 3 4 3 4 6 7 6 5 5 4 4
2 4 3 3 3 3 4 3 3 3 0 4 5 5 5 5 4 3 3 3 3 3 4 3 4 4 3 4 5 5 4 4 4 3
2 4 2 2 3 3 4 3 3 3 0 3 5 5 5 5 4 3 3 3 3 3 4 3 4 3 3 5 5 5 4 5 4 3
2 4 3 3 3 3 4 3 3 3 0 3 5 5 4 5 4 4 3 3 3 3 4 3 4 3 3 4 5 5 4 4 4 3
2 4 3 3 3 3 4 3 3 3 0 4 5 5 5 5 4 3 3 3 3 3 4 3 4 4 3 4 5 5 4 5 4 4
2 4 3 3 3 3 4 3 3 3 0 3 5 5 4 5 4 3 3 3 3 3 4 3 4 4 3 4 5 5 4 5 4 3
2 4 2 3 3 3 4 3 3 3 0 4 5 5 4 5 4 3 3 3 3 3 4 3 4 3 3 4 5 6 4 5 4 3
2 4 3 3 4 3 4 3 3 4 0 4 5 5 5 5 4 4 3 3 4 4 4 3 4 4 4 5 5 6 4 5 4 4
2 4 3 3 3 3 4 3 3 4 0 4 5 5 5 5 4 4 3 3 3 4 4 3 4 4 3 5 6 6 4 5 4 4
2 4 3 3 3 3 5 3 3 3 0 3 5 5 4 5 4 4 3 4 4 4 4 3 4 4 3 5 5 5 4 5 4 4
2 4 3 3 3 3 4 3 3 4 0 4 5 5 5 5 4 4 3 3 4 4 5 4 4 4 3 5 5 5 4 5 4 4
2 4 3 3 3 3 4 3 3 3 0 4 5 5 5 5 4 4 3 3 4 4 4 3 4 4 3 5 5 5 5 5 4 4
2 4 3 3 3 3 4 3 3 3 0 3 5 5 4 5 4 4 3 3 4 3 4 3 4 4 3 5 5 6 4 5 4 4
2 4 3 3 3 3 4 3 3 3 0 4 5 5 5 5 4 4 3 3 3 4 4 3 4 4 3 5 5 5 5 5 4 4
2 4 3 3 3 3 4 3 3 3 0 3 5 5 4 5 4 4 3 3 3 3 4 3 4 4 3 5 5 5 4 5 4 4
2 4 3 3 3 4 4 3 3 4 0 4 5 5 5 5 4 4 3 3 3 4 4 3 4 4 3 5 6 6 4 5 4 4
2 4 3 3 3 3 4 3 3 4 0 4 5 6 5 5 4 4 3 3 4 4 4 3 4 4 3 5 6 6 4 5 4 4
2 4 3 3 3 3 4 3 3 3 0 3 5 4 4 5 4 4 3 3 4 4 4 3 4 4 3 5 5 5 4 5 4 4
2 4 3 3 3 3 4 3 3 3 0 3 5 5 4 5 4 4 3 3 4 4 4 3 4 4 3 5 5 5 4 5 4 4
2 4 3 3 3 3 4 3 3 3 0 3 5 5 4 5 4 4 3 3 4 4 4 3 4 4 3 5 6 5 4 5 4 4
2 4 3 3 3 3 4 3 3 3 0 3 5 4 5 5 4 4 3 3 4 4 4 3 4 4 3 5 6 6 4 5 4 4
2 4 3 3 4 4 4 3 3 4 0 3 5 5 4 5 4 4 3 4 4 4 4 3 4 4 3 5 6 6 4 5 4 4
2 4 3 3 4 4 4 3 3 4 0 3 5 4 4 5 4 4 3 4 4 4 4 3 4 4 3 5 6 6 4 5 4 4
2 4 3 3 4 3 4 3 3 4 0 3 5 5 5 5 4 4 3 3 4 4 4 3 4 4 3 5 5 5 4 5 4 4
2 4 3 3 4 4 4 3 3 4 0 4 5 5 4 5 4 4 3 4 4 4 4 3 4 4 3 5 5 5 4 5 4 4
2 4 3 3 4 3 4 3 3 4 0 3 5 4 4 5 4 4 3 3 4 4 4 3 4 4 3 5 5 5 4 5 4 4
2 4 4 4 4 4 5 4 5 4 0 4 6 6 6 6 5 5 4 4 5 5 5 4 5 5 4 6 6 7 5 6 5 5
2 4 3 3 4 3 4 3 4 4 0 3 5 4 4 5 4 4 3 3 4 4 4 4 4 4 4 5 5 5 4 5 4 4
2 4 3 3 4 4 4 4 4 4 0 4 5 5 5 5 4 4 3 3 4 4 4 3 4 4 4 5 6 6 5 5 4 4
2 4 3 3 4 4 5 4 4 4 0 4 6 5 5 6 5 4 4 4 4 4 4 4 5 4 4 6 6 6 5 6 5 4
2 4 3 3 4 4 5 4 4 4 0 4 6 5 5 6 4 4 4 4 4 4 4 4 4 4 4 6 6 6 5 6 5 4
2 4 3 4 4 4 5 4 4 4 0 4 5 5 5 6 5 5 4 4 5 4 5 4 5 4 4 6 6 6 4 6 5 5
2 4 3 3 4 4 4 4 4 4 0 4 5 5 5 6 4 4 4 4 4 4 4 4 4 4 4 6 6 6 5 6 4 4
2 4 3 3 4 4 5 4 4 4 0 4 5 5 5 6 5 4 4 4 5 4 5 4 5 4 4 6 6 6 5 6 5 4
2 4 3 3 4 4 5 4 4 4 0 4 6 6 5 6 5 4 4 4 4 4 5 4 5 4 4 6 6 6 5 6 5 4
2 4 4 4 5 4 5 4 5 5 0 4 6 5 5 6 5 5 4 4 5 5 5 5 5 5 4 6 6 6 5 6 5 5
2 4 3 3 4 4 4 4 4 4 0 3 5 5 5 6 4 4 3 4 4 4 4 4 4 4 4 6 6 6 5 6 4 4
2 4 3 3 4 4 5 4 4 4 0 4 6 5 5 6 4 4 3 4 5 4 5 4 4 4 4 6 6 6 5 6 4 4
2 4 3 3 4 4 4 4 4 4 0 4 5 5 5 6 4 4 4 4 4 4 4 4 5 5 4 5 6 6 5 6 4 4
2 4 3 3 4 4 4 4 4 4 0 4 5 5 5 6 4 4 3 4 4 4 4 3 4 4 4 5 6 6 5 6 4 4
2 4 3 3 4 4 4 4 4 4 0 4 6 6 5 6 4 4 3 4 4 4 4 3 5 4 4 5 6 6 5 6 4 4
2 4 3 3 4 4 4 3 4 4 0 4 6 6 5 6 4 4 3 4 4 4 4 3 4 4 4 5 6 6 5 6 4 4
2 4 3 3 4 4 5 4 4 4 0 4 6 6 5 7 5 4 4 4 4 4 5 4 5 5 4 6 7 6 5 7 5 4
2 4 3 3 4 4 5 4 4 4 0 4 7 7 6 7 5 4 4 4 4 4 5 4 5 4 4 7 8 7 5 6 5 4
2 4 4 4 4 4 5 4 4 4 0 4 6 6 5 6 5 4 4 4 5 4 5 4 5 5 4 6 7 7 6 6 5 4
2 4 4 4 4 4 5 4 4 4 0 4 6 6 5 7 5 5 4 5 4 4 5 4 5 5 4 6 7 7 5 6 5 5
2 4 3 3 4 4 5 4 4 4 0 4 6 6 5 6 5 4 4 4 4 4 5 4 5 4 4 6 7 7 5 6 5 4
2 4 3 3 4 4 5 4 4 4 0 4 6 6 5 6 5 4 4 4 4 4 5 4 5 4 4 6 7 7 5 6 5 4
2 4 3 3 4 4 5 4 4 4 0 4 7 6 6 6 5 4 4 4 4 4 5 4 5 4 4 6 7 7 6 6 5 4
2 4 3 3 4 4 5 4 4 4 0 4 6 6 5 6 5 4 4 4 4 4 5 4 5 4 4 8 7 7 5 6 5 4
2 4 3 3 4 4 5 4 4 4 0 4 6 6 5 6 4 4 4 4 4 4 5 4 5 4 4 7 7 7 5 6 5 4
2 4 3 3 4 4 5 4 4 4 0 4 7 7 6 6 5 4 4 4 4 4 5 4 5 5 4 7 7 7 6 6 5 4
2 4 3 3 4 4 5 4 4 4 0 5 7 8 6 6 5 4 4 4 4 4 6 4 6 5 5 7 8 8 6 7 5 4
2 4 4 4 4 4 5 4 4 4 0 4 7 7 6 7 5 5 4 4 4 5 5 4 5 5 4 7 8 8 6 7 5 5
2 4 4 4 5 4 5 4 4 4 0 4 6 7 6 7 5 5 4 4 5 5 5 4 6 5 4 7 7 7 6 7 5 5
2 4 3 3 4 4 5 4 4 4 0 4 6 6 5 6 5 4 4 4 4 4 5 4 5 5 4 7 7 7 6 7 5 4
2 4 3 4 4 4 5 4 4 4 0 4 6 6 5 7 5 4 4 4 4 4 5 4 5 5 4 7 7 7 5 6 5 4
2 4 3 3 4 4 5 4 4 4 0 4 6 6 5 6 5 4 4 4 4 4 5 4 5 5 4 7 8 8 6 6 5 4
2 4 4 4 4 4 5 4 4 4 0 4 6 6 5 6 5 4 4 4 4 4 6 5 5 5 4 7 8 7 5 6 5 4
2 4 3 3 4 4 5 4 4 4 0 4 6 6 6 6 5 4 4 4 4 4 5 4 5 5 4 7 8 8 6 6 5 4
2 4 3 3 4 4 5 4 5 4 0 4 6 6 5 6 4 4 4 4 4 4 6 4 6 5 4 7 7 7 6 6 4 4
2 4 3 3 4 4 5 4 4 4 0 4 6 6 5 6 5 4 4 4 4 4 6 4 5 5 4 7 7 7 6 6 5 4
2 4 3 3 4 4 5 4 4 4 0 4 7 6 5 7 5 4 4 4 4 4 5 4 5 5 4 7 8 7 6 6 5 4
2 4 3 3 4 4 5 4 4 4 0 4 7 6 7 8 5 4 4 4 5 5 5 4 5 5 4 7 7 7 6 7 5 4
2 4 3 3 4 5 5 4 5 4 0 4 6 6 6 7 5 4 4 4 4 5 6 4 6 5 4 7 8 7 5 6 5 4
2 4 3 4 5 4 5 5 5 4 0 4 6 6 6 7 5 4 4 5 5 5 6 5 6 5 5 7 8 7 5 6 5 4
2 4 3 4 4 4 5 4 4 4 0 4 6 6 6 6 5 4 4 4 5 4 6 4 6 5 4 7 8 7 6 6 5 4
2 4 3 4 4 4 5 4 4 4 0 4 6 6 6 6 5 4 4 4 5 4 6 4 5 5 4 7 7 7 5 7 5 4
2 4 3 4 4 4 5 4 4 4 0 4 7 7 6 7 5 5 4 4 5 5 6 4 5 5 4 7 8 8 6 7 5 4
2 4 3 4 4 4 5 4 4 4 0 4 7 6 6 7 5 4 4 4 5 5 7 5 5 5 4 7 8 8 6 7 5 4
2 4 3 4 4 4 5 4 4 4 0 4 6 6 6 7 5 5 4 4 5 5 6 5 5 5 4 7 8 7 6 7 5 5
2 4 4 4 4 4 5 4 4 4 0 4 6 6 6 6 5 5 4 5 5 5 6 5 5 5 4 6 7 7 6 6 5 5
2 4 3 3 4 4 6 5 4 4 0 5 7 6 7 7 5 4 4 4 5 5 6 5 6 5 4 7 7 7 6 6 4 4
2 4 3 3 4 4 5 5 4 4 0 5 7 6 7 7 5 4 4 4 5 5 6 5 5 5 5 7 8 7 6 7 4 4
2 4 3 4 4 4 5 4 4 4 0 4 6 6 6 7 5 4 4 4 5 5 6 5 5 5 4 7 7 8 6 7 4 4
2 4 3 4 4 4 5 4 4 4 0 4 7 6 7 7 5 4 4 4 5 5 6 5 6 5 5 7 8 7 6 7 5 4
2 4 4 4 5 5 5 5 4 4 0 5 7 6 6 7 5 5 4 4 5 5 6 5 6 5 5 7 8 8 6 6 5 4
2 4 3 4 5 5 5 5 4 4 0 5 7 6 6 7 5 4 4 4 5 5 6 5 6 5 5 7 8 8 6 6 5 4
2 4 3 4 4 4 6 5 4 4 0 5 7 7 6 7 5 4 4 4 5 5 7 5 5 5 5 6 8 8 6 7 5 4
2 4 3 4 4 4 5 5 4 4 0 5 7 6 6 7 5 4 4 4 5 5 7 5 6 5 5 7 8 8 6 6 4 4
2 4 3 4 4 4 5 5 4 4 0 5 7 7 6 7 5 4 4 4 5 5 7 5 5 5 5 7 8 8 6 6 4 4
2 4 3 4 4 4 5 5 4 4 0 5 7 6 6 7 5 4 4 4 5 5 7 5 5 5 4 7 8 7 6 6 5 4
2 4 3 4 4 4 5 5 4 4 0 5 7 6 6 7 5 4 4 4 5 5 6 5 5 5 4 7 8 8 6 6 4 4
2 4 4 4 5 4 5 5 4 4 0 6 8 7 7 7 5 4 4 4 5 5 7 5 5 5 5 7 9 9 7 6 5 4
2 4 3 4 4 4 5 5 4 4 0 5 7 7 6 6 5 4 4 4 5 5 6 5 5 5 5 7 8 8 6 6 4 4
2 4 3 4 4 4 5 5 4 4 0 4 7 6 6 7 5 4 4 4 5 5 6 5 5 5 5 7 8 8 6 6 5 4
2 4 4 4 5 5 5 5 4 4 0 5 7 7 7 8 5 5 4 4 5 6 6 5 6 5 5 7 8 8 6 6 5 4
2 4 4 4 5 5 5 4 4 4 0 4 7 6 6 7 5 5 4 5 5 5 6 5 5 5 4 7 8 8 6 7 5 5
2 4 4 4 5 5 5 4 4 4 0 5 7 6 6 7 5 4 4 4 5 6 6 5 5 5 4 7 8 8 6 6 5 4
2 4 4 4 5 4 5 4 4 4 0 4 7 6 6 7 5 4 4 4 5 5 6 5 5 5 4 7 8 7 6 6 5 4
2 4 4 4 5 4 5 4 4 4 0 5 7 7 6 7 5 5 4 4 5 5 6 5 5 5 5 7 8 8 6 6 5 4
2 4 4 4 5 4 5 5 4 5 0 5 8 7 7 7 5 4 4 4 5 5 6 5 6 5 5 7 8 8 6 6 4 4
2 4 4 4 5 5 5 5 4 4 0 5 7 7 6 7 5 4 4 4 5 5 6 5 6 5 5 8 8 7 6 6 5 4
2 4 4 4 4 4 5 5 4 4 0 5 7 7 6 7 5 4 4 4 5 5 6 5 6 5 5 8 8 8 6 6 5 4
2 4 4 4 4 4 5 4 4 4 0 5 7 7 7 7 5 4 4 5 5 5 6 5 6 5 5 7 8 8 7 7 5 4
2 4 4 4 4 4 5 5 4 5 0 5 7 6 6 7 5 5 4 4 5 5 6 5 6 5 5 7 8 8 6 7 5 5
2 4 3 4 5 4 5 4 4 4 0 5 7 6 6 7 5 4 4 4 5 5 6 5 6 5 5 7 9 8 5 7 4 4
2 4 4 4 4 4 5 4 4 4 0 5 7 6 6 7 5 4 4 4 4 5 6 4 6 5 5 7 8 7 5 6 4 4
2 4 4 4 4 5 5 4 4 4 0 5 7 6 5 7 5 4 4 4 5 5 7 5 6 5 5 7 8 7 5 6 4 4
2 4 4 4 4 4 5 4 4 4 0 5 7 7 6 7 5 4 4 4 5 5 6 4 5 5 5 7 8 7 6 6 4 4
2 4 4 4 4 4 5 5 5 5 0 6 8 7 7 8 5 5 4 4 5 5 6 5 6 5 5 8 8 8 6 7 5 4
2 4 3 4 4 4 5 4 4 4 0 5 7 7 7 7 5 4 4 4 5 5 6 4 5 5 5 7 8 8 6 7 5 4
2 4 4 4 5 4 5 4 4 4 0 5 7 7 6 7 5 4 4 4 5 5 6 5 5 5 4 7 8 7 5 6 4 4
2 4 3 4 4 4 5 4 4 4 0 4 7 6 6 7 5 4 4 4 4 5 6 4 5 4 4 7 7 7 6 6 4 4
2 4 3 4 4 4 5 4 4 4 0 5 7 7 6 7 5 4 4 4 4 5 6 4 5 4 4 7 7 7 6 6 4 4
2 4 3 4 5 4 5 4 4 4 0 4 6 6 5 7 5 4 4 4 5 5 6 4 5 5 5 6 7 7 5 6 4 4
2 4 4 4 4 4 6 4 4 4 0 4 7 7 6 7 5 4 4 4 4 4 7 4 5 4 4 7 8 8 6 7 5 4
2 4 4 4 4 4 5 4 4 4 0 5 7 7 6 7 5 4 4 4 5 4 6 4 5 5 5 7 8 7 6 7 5 4
2 4 3 4 4 4 5 4 4 4 0 5 8 8 6 7 5 4 4 4 5 4 5 4 5 5 5 7 8 7 6 7 5 4
2 4 4 4 5 4 5 4 4 4 0 5 7 7 6 7 5 4 4 4 5 5 6 4 5 5 5 7 8 7 6 7 5 4
2 4 3 3 4 4 5 4 5 4 0 4 7 7 6 7 5 4 4 4 4 5 5 4 6 5 5 7 7 7 6 7 5 4
2 4 4 4 4 4 5 5 5 4 0 5 9 8 7 8 5 5 4 4 5 5 6 4 6 5 5 8 9 8 7 8 5 5
2 4 3 3 4 4 5 4 4 4 0 5 7 7 6 7 5 5 4 4 5 5 6 4 6 5 5 7 8 7 6 7 5 4
2 4 3 3 4 4 5 4 4 4 0 4 7 7 6 8 5 4 4 4 4 4 5 4 6 5 5 7 7 7 6 7 5 4
2 4 3 3 4 4 5 4 4 4 0 5 7 7 6 7 5 4 4 4 4 4 6 4 5 4 5 7 8 7 6 6 5 4
2 4 3 3 4 4 5 4 4 4 0 4 6 6 5 7 5 4 4 4 4 4 5 4 5 4 4 6 7 7 5 6 5 4
2 4 3 3 4 4 5 4 4 4 0 4 7 6 5 7 5 4 4 4 4 5 5 4 5 4 5 7 7 7 6 6 5 4
2 4 3 3 4 4 5 4 4 4 0 4 7 7 6 7 5 4 4 4 4 4 5 4 6 5 5 7 7 7 6 7 5 4
2 4 3 3 4 4 5 4 4 4 0 5 8 8 7 7 5 4 4 4 4 4 5 4 5 4 5 7 8 7 6 7 5 4
2 4 3 3 4 4 5 4 4 4 0 4 6 7 6 7 5 4 3 4 4 4 5 4 5 4 5 6 7 7 6 6 5 4
2 4 3 3 4 4 4 4 4 4 0 5 6 7 6 7 5 4 4 4 4 4 5 4 5 5 5 6 7 7 6 7 5 4
2 4 3 3 4 4 4 4 4 4 0 5 6 7 6 7 5 4 4 4 4 4 5 4 5 4 5 6 7 7 6 7 5 4
2 4 3 3 4 4 4 4 4 4 0 4 6 6 6 7 5 4 4 4 4 4 5 4 5 4 4 6 7 7 6 7 5 4
2 4 3 3 4 4 5 4 4 4 0 4 6 6 6 7 5 4 4 4 4 4 5 4 5 5 5 6 7 7 6 6 5 4
2 4 3 3 4 4 4 4 4 4 0 4 6 6 6 6 4 4 3 4 4 4 5 4 5 5 5 6 7 7 6 6 4 4
2 4 3 3 4 4 4 4 4 4 0 4 6 6 6 6 4 4 3 4 4 4 5 4 5 5 4 6 7 7 6 6 4 4
2 4 3 3 4 4 5 4 4 4 0 4 7 7 7 7 5 4 3 4 4 4 6 4 5 5 4 7 8 7 6 7 5 4
2 4 3 3 4 4 4 4 4 4 0 4 6 6 5 6 4 4 3 4 4 4 5 4 5 5 4 6 7 7 5 6 4 4
2 4 3 3 4 4 5 4 4 4 0 4 6 6 6 6 4 4 3 4 4 4 5 4 5 5 4 6 7 7 6 6 4 4
2 4 3 3 4 4 5 4 4 4 0 4 7 7 6 6 4 4 4 4 4 4 5 4 5 5 5 7 7 7 6 6 5 4
2 4 3 3 3 4 5 4 4 4 0 4 7 7 6 7 4 4 3 4 4 4 6 4 6 5 5 7 7 7 6 6 5 4
2 4 3 3 4 4 5 4 4 4 0 4 6 6 5 6 4 4 3 4 4 4 6 4 6 5 5 7 7 7 5 6 4 4
2 4 3 3 4 4 5 4 4 4 0 4 6 6 5 6 4 4 4 4 4 4 5 4 6 5 4 7 7 7 5 6 4 4
2 4 3 3 4 4 5 4 4 4 0 4 7 6 6 6 4 4 4 4 4 4 6 4 6 5 4 7 7 7 6 6 4 4
2 4 3 3 4 4 5 4 4 4 0 4 6 6 5 6 4 4 4 4 4 4 6 4 6 5 4 7 7 7 5 6 4 4
2 4 3 3 4 3 4 4 4 4 0 4 6 6 5 6 4 4 3 3 4 4 5 4 6 5 4 7 7 7 5 6 4 4
2 4 3 3 3 3 4 4 5 4 0 4 6 5 5 6 4 4 3 3 4 4 5 4 6 5 4 6 7 6 5 6 4 4
2 4 3 3 3 3 4 4 4 4 0 4 6 5 5 5 4 3 3 3 4 4 5 4 6 5 4 6 7 7 5 5 4 3
2 4 3 3 3 3 4 4 5 4 0 4 6 6 5 5 4 3 3 3 4 4 5 4 8 5 4 6 7 6 5 5 4 3
2 4 3 3 3 3 4 4 4 4 0 4 6 6 6 5 4 4 3 3 4 4 5 4 5 5 4 7 7 7 5 5 4 4
2 4 3 3 3 3 4 4 4 4 0 4 6 6 5 5 4 3 3 3 4 4 5 4 5 4 4 6 7 6 5 5 4 3
2 4 3 3 3 3 4 4 4 4 0 4 6 6 6 5 3 3 3 3 4 4 5 4 5 4 4 7 7 7 5 5 4 3
2 4 3 3 3 3 4 4 4 4 0 4 5 5 5 5 3 3 3 3 4 4 4 4 5 4 4 6 6 6 5 5 4 3
2 4 3 3 3 3 4 4 4 4 0 4 6 5 5 5 3 3 3 3 4 4 4 4 5 4 4 6 7 6 5 6 4 3
2 4 3 3 4 3 4 4 4 4 0 4 6 6 5 5 4 3 3 3 4 4 5 4 5 5 4 7 7 6 5 6 4 3
2 4 4 4 4 4 5 4 4 4 0 4 6 6 5 7 5 4 4 4 4 4 6 4 6 5 4 7 7 7 5 6 5 5
2 4 3 3 4 4 4 4 4 4 0 4 6 6 5 6 4 4 3 4 4 4 5 4 5 5 4 7 7 7 5 6 4 4
2 4 3 3 4 4 4 4 4 4 0 4 6 5 5 6 4 3 3 4 4 4 5 4 5 4 4 7 7 6 4 5 4 3
2 4 3 3 4 4 4 4 4 4 0 4 6 5 5 6 4 4 3 4 4 4 5 4 5 5 4 7 7 6 4 5 4 4
2 4 3 3 3 4 4 4 4 4 0 5 6 5 5 6 4 4 3 4 4 4 5 4 5 5 4 7 7 6 4 5 4 4
2 4 3 3 4 4 4 4 4 4 0 4 6 6 5 6 4 3 3 4 4 4 5 4 5 5 4 7 7 7 5 5 4 3
2 4 3 3 4 4 5 4 4 4 0 4 7 7 7 6 4 4 3 4 4 4 5 4 5 4 4 7 7 7 6 5 4 4
2 4 3 3 4 4 4 3 4 4 0 4 7 6 6 6 4 4 3 4 4 4 4 3 5 4 4 7 7 7 5 6 4 4
2 4 3 3 4 4 4 4 4 4 0 4 7 6 6 6 4 4 3 4 4 4 4 4 5 4 4 7 7 7 5 6 4 4
2 4 3 3 4 4 5 3 4 4 0 4 6 6 6 6 4 4 3 4 4 4 5 4 5 4 4 6 7 6 4 6 4 4
2 4 3 3 4 3 4 3 4 4 0 4 6 5 5 6 4 4 3 4 4 4 4 3 5 4 4 6 7 6 4 6 4 4
2 4 3 3 4 3 4 3 4 4 0 4 6 5 5 6 4 4 3 4 4 4 4 3 5 4 4 6 7 6 4 5 4 4
2 4 3 3 4 4 4 3 4 4 0 4 6 5 5 6 4 4 3 4 4 4 4 3 5 4 4 6 7 6 5 5 4 4
2 4 3 3 4 4 4 3 4 4 0 5 7 6 7 7 5 4 4 4 4 4 4 4 5 5 4 7 7 6 5 7 5 5
2 4 3 3 4 3 4 3 3 4 0 4 6 6 6 6 4 4 3 4 4 4 4 3 4 4 4 6 7 7 5 6 5 4
2 4 3 3 4 4 4 4 4 4 0 4 6 6 6 6 5 4 4 4 4 4 4 4 5 4 4 6 7 7 5 6 5 4
2 4 3 3 4 3 4 3 4 4 0 4 7 6 6 6 4 4 3 4 4 4 4 3 4 4 4 6 7 7 6 6 5 4
2 4 3 3 4 3 4 3 4 4 0 4 7 6 6 6 4 4 3 4 4 4 4 3 4 4 4 6 7 6 5 6 4 4
2 4 3 3 4 3 4 3 3 4 0 4 7 6 6 6 4 4 3 3 3 4 4 3 4 4 4 6 7 6 5 6 4 4
2 4 3 3 4 3 4 3 3 4 0 4 7 6 7 7 4 4 3 4 3 4 4 3 4 4 4 6 7 7 5 6 5 4
2 4 3 3 4 4 4 3 3 4 0 4 7 6 6 6 4 4 3 4 3 4 4 3 4 4 4 6 7 7 5 6 5 4
3 0 3 3 4 4 4 3 3 4 0 4 7 6 6 6 4 4 3 4 3 4 4 3 4 4 4 6 7 7 5 6 5 4
2 3 12 12 14 12 14 11 10 10 0 9 12 10 11 14 16 15 14 15 13 13 15 12 11 11 10 13 15 12 10 14 15 15
2 3 12 13 14 12 14 12 10 10 0 10 12 11 12 15 16 15 15 15 14 13 15 12 12 11 10 13 15 13 11 14 15 15
2 3 12 12 14 13 14 11 10 10 0 9 12 10 11 14 15 15 15 15 13 13 15 12 12 11 10 13 15 13 10 14 14 15
2 3 12 13 14 13 15 12 11 10 0 9 13 11 12 14 16 15 15 16 14 13 16 13 12 12 11 14 16 13 10 15 15 15
2 3 12 12 14 12 14 12 10 10 0 10 13 11 11 14 15 14 14 15 14 13 15 12 12 11 10 13 16 13 10 14 14 15
2 3 13 14 16 14 15 12 12 11 0 11 13 11 12 16 17 16 16 17 16 15 17 13 13 13 11 15 17 14 11 15 16 16
2 3 10 11 12 11 13 10 9 8 0 8 11 9 9 12 13 12 12 14 12 12 14 10 10 10 8 11 14 11 8 12 12 13
2 3 10 11 12 11 13 10 9 9 0 8 11 9 9 12 13 13 13 14 12 12 14 11 10 10 9 11 14 11 9 12 13 14
2 3 13 14 16 14 15 12 10 10 0 10 14 10 11 13 15 14 16 18 15 14 15 12 12 11 10 13 18 13 10 13 15 15
2 3 9 9 10 9 12 9 8 8 0 7 9 8 9 10 11 11 11 12 11 10 13 9 9 9 8 10 11 9 8 10 11 12
2 3 9 9 11 10 12 10 9 8 0 8 10 8 9 11 13 12 11 13 12 11 14 10 10 9 8 11 12 10 9 11 12 13
2 3 9 9 11 10 12 9 8 8 0 7 9 8 8 10 10 11 11 12 11 10 13 9 9 9 8 10 11 9 7 10 10 11
2 3 9 9 11 10 12 9 9 8 0 8 9 8 9 10 11 10 11 12 12 12 14 10 10 9 8 10 11 9 8 10 11 12
2 3 9 9 10 10 12 9 8 8 0 8 9 8 9 10 11 10 10 12 11 11 13 10 9 9 8 10 11 9 8 10 10 12
2 3 8 9 10 9 11 9 8 8 0 7 9 7 8 10 11 10 10 12 10 10 12 9 9 8 7 9 10 9 7 9 10 11
2 3 8 8 9 9 11 8 7 7 0 6 8 7 7 9 10 9 9 11 10 10 12 8 8 8 7 9 10 8 6 8 9 11
2 3 8 8 9 9 11 8 7 7 0 6 8 7 8 10 10 10 10 11 10 10 12 9 9 8 7 9 10 8 7 9 10 11
2 3 8 8 10 9 11 9 8 7 0 7 8 7 8 10 10 9 10 11 10 10 12 9 9 8 7 9 10 8 7 9 10 11
2 3 8 8 9 9 11 8 7 7 0 7 9 7 8 10 10 10 9 10 10 9 12 8 9 8 7 10 10 9 7 10 10 11
2 3 7 7 8 8 10 7 7 7 0 6 7 6 6 8 8 8 8 10 9 9 11 8 7 7 6 8 9 7 6 8 9 11
2 3 8 8 9 8 10 8 7 7 0 6 7 6 7 9 9 9 9 10 10 9 12 9 8 8 7 8 9 7 6 8 9 11
2 3 8 7 9 8 10 8 7 7 0 6 8 7 7 8 9 9 10 10 9 9 11 8 8 7 6 8 9 7 6 8 9 10
2 3 7 7 8 8 10 7 7 6 0 6 7 6 6 8 8 8 9 10 9 9 10 8 8 7 6 8 9 7 6 7 9 10
2 3 7 7 8 8 10 7 7 6 0 6 8 7 7 8 8 8 8 10 9 9 10 8 8 7 6 8 9 7 6 8 9 10
2 3 6 7 8 7 9 7 6 6 0 5 7 6 6 7 8 8 8 9 9 9 10 7 7 7 6 7 9 7 6 7 9 10
2 3 6 7 8 7 9 7 6 6 0 5 7 6 6 7 8 8 8 9 9 9 10 7 7 7 6 7 9 7 6 7 9 10
2 3 7 7 8 8 10 7 6 6 0 5 7 6 6 8 9 10 8 9 9 9 12 8 7 7 6 8 9 7 6 7 9 11
2 3 7 8 9 8 10 7 6 6 0 5 7 6 6 7 8 9 8 9 9 9 11 8 7 7 6 7 9 7 5 7 9 9
2 3 7 7 8 8 10 7 6 6 0 6 7 6 6 7 9 8 8 9 9 10 12 8 7 7 6 8 9 7 6 7 9 11
2 3 6 6 7 7 9 7 6 6 0 5 6 5 6 7 9 8 7 9 8 8 10 7 7 6 5 7 8 6 5 7 9 10
2 3 7 7 8 8 10 7 6 6 0 5 7 5 6 7 8 9 8 9 10 10 10 8 7 7 6 7 9 7 5 7 9 10
2 3 6 6 7 7 9 6 6 6 0 5 6 5 6 6 8 8 7 8 8 8 9 7 7 6 5 6 8 6 5 7 8 10
2 3 6 6 8 7 9 7 6 6 0 6 7 6 6 7 8 8 8 8 8 8 9 7 7 7 6 7 8 7 6 7 9 10
2 3 6 6 8 7 9 7 6 6 0 5 6 5 5 7 8 9 8 9 8 8 10 7 7 6 5 7 8 6 5 7 9 10
2 3 7 7 8 7 9 6 6 6 0 5 6 6 6 7 9 10 9 9 8 8 10 7 7 6 6 7 8 7 6 7 9 11
2 3 6 7 7 7 8 6 6 5 0 5 6 6 6 7 8 8 8 8 7 7 9 7 6 6 5 7 8 6 5 7 8 10
2 3 6 6 7 7 8 7 6 5 0 5 6 5 5 7 8 8 8 8 7 7 10 7 6 6 5 7 9 6 5 7 9 10
2 3 6 6 7 7 9 6 6 6 0 5 6 5 6 7 8 8 8 8 8 8 11 7 6 6 5 7 9 6 5 7 9 10
2 3 6 6 7 7 8 6 6 6 0 5 6 5 5 7 8 8 8 8 8 8 9 7 6 6 5 7 9 6 5 7 9 10
2 3 6 6 7 6 8 6 6 5 0 5 7 5 5 7 8 8 7 8 8 7 9 7 6 6 5 7 9 6 5 7 8 10
2 3 6 6 7 6 8 6 5 5 0 5 6 5 6 7 9 8 7 8 8 7 9 7 6 6 5 7 9 6 5 7 8 10
2 3 7 6 7 7 9 6 6 6 0 6 7 6 7 8 9 9 8 8 8 8 9 7 7 6 6 7 9 7 6 8 9 10
2 3 6 6 7 7 9 6 6 6 0 5 6 5 6 7 8 8 7 8 7 8 10 7 6 6 5 7 9 6 5 7 8 10
2 3 6 6 7 7 9 7 6 6 0 5 7 6 6 7 9 8 8 8 8 8 10 7 7 6 6 7 9 7 6 7 8 10
2 3 6 6 7 6 8 6 6 5 0 5 6 5 5 7 8 8 7 8 7 7 9 6 6 6 5 6 9 6 5 6 7 9
2 3 6 6 7 6 8 6 6 5 0 5 6 5 6 7 8 8 7 8 7 7 9 6 6 6 5 6 9 6 5 6 7 9
2 3 6 6 8 7 9 6 6 6 0 5 7 6 6 9 9 9 8 8 8 8 10 8 7 6 6 7 9 7 6 8 9 11
2 3 6 6 8 7 8 6 6 6 0 5 7 6 6 8 8 9 8 8 8 8 9 7 7 6 5 7 9 7 5 7 8 10
2 3 6 6 8 7 8 6 6 6 0 5 7 6 6 8 9 9 8 8 8 8 9 7 7 6 6 7 9 7 6 7 8 10
2 3 6 6 7 7 8 6 6 6 0 5 7 5 6 8 9 9 8 9 8 8 9 7 7 6 5 7 9 7 5 7 8 10
2 3 6 6 8 7 8 6 6 6 0 5 7 5 6 8 9 9 8 9 9 8 9 7 7 6 5 7 9 7 5 7 8 10
2 3 6 6 8 7 8 6 6 6 0 5 6 5 6 7 8 9 7 8 9 8 9 7 6 6 5 6 8 6 5 7 8 10
2 3 6 6 7 7 8 6 6 6 0 5 7 6 6 8 9 9 7 8 8 8 9 7 7 6 5 7 8 7 6 7 8 11
2 3 7 7 8 8 10 7 6 6 0 6 8 7 8 9 10 10 8 9 9 9 10 8 7 7 6 8 10 8 7 8 10 12
2 3 7 7 9 7 9 6 6 6 0 6 7 6 7 8 11 11 9 10 10 9 11 7 7 7 6 8 9 7 6 8 10 12
2 3 6 6 8 7 8 6 6 6 0 5 7 6 6 8 9 9 7 8 8 8 9 7 7 6 5 7 9 7 6 7 8 10
2 3 6 6 8 7 8 6 6 6 0 5 6 6 6 7 8 9 7 8 9 8 9 7 7 6 5 7 8 6 5 7 8 11
2 3 6 7 8 7 8 6 6 6 0 5 7 6 6 8 9 9 8 8 9 8 9 7 7 6 6 7 9 7 6 8 8 10
2 3 6 6 8 7 8 6 6 6 0 5 7 5 6 7 10 9 7 7 8 8 9 7 7 6 5 7 8 6 5 7 9 10
2 3 6 6 8 6 8 6 5 5 0 5 6 5 6 7 9 9 7 8 9 8 9 7 6 6 5 6 8 6 5 7 8 9
2 3 6 6 8 6 8 6 5 5 0 5 6 5 6 7 8 8 7 7 8 8 9 6 6 6 5 6 8 6 5 7 8 9
2 3 5 6 7 6 8 6 5 5 0 5 6 5 6 7 8 8 7 7 8 8 9 7 6 6 5 6 8 6 5 7 7 9
2 3 6 6 8 7 8 6 6 5 0 5 6 6 6 7 8 8 7 8 8 8 9 7 6 6 5 7 8 6 6 7 7 9
2 3 6 6 8 7 8 6 6 6 0 5 6 6 6 8 9 9 7 7 8 8 9 7 7 6 5 7 8 6 6 7 8 9
2 3 6 7 9 7 9 7 6 6 0 6 7 6 7 8 9 9 7 8 9 9 10 8 7 7 6 7 8 7 6 8 8 10
2 3 6 7 8 7 9 7 6 6 0 5 6 6 7 8 9 9 7 8 9 9 10 7 7 6 6 7 7 6 6 8 8 10
2 3 6 6 8 7 8 6 6 6 0 5 6 5 6 7 9 9 7 7 9 8 10 7 7 6 5 6 8 6 6 7 8 9
2 3 6 6 8 7 8 6 6 6 0 5 6 6 6 8 9 9 7 7 9 8 10 7 7 6 5 7 8 7 6 7 8 10
2 3 6 6 8 7 8 6 6 6 0 5 7 6 6 8 9 9 7 8 9 8 9 7 7 6 5 7 8 7 6 7 8 9
2 3 6 6 8 7 9 6 6 5 0 5 6 6 6 8 9 8 7 7 9 8 9 7 7 6 5 6 7 6 6 7 8 9
2 3 6 6 8 7 8 7 6 6 0 5 7 6 7 8 9 9 8 9 9 8 10 7 7 6 6 7 8 7 6 8 9 11
2 3 6 6 8 7 8 6 6 5 0 5 6 5 6 7 9 8 7 8 9 8 9 7 7 6 5 6 7 6 5 7 8 10
2 3 6 6 8 7 8 6 6 5 0 5 6 5 6 8 9 9 7 8 9 8 10 7 7 6 5 7 8 6 5 7 8 10
2 3 6 7 8 7 8 6 6 6 0 5 6 6 6 7 9 9 7 8 9 8 10 7 7 7 6 7 8 6 6 7 8 10
2 3 6 6 8 7 8 6 6 5 0 4 6 5 6 7 8 8 8 9 8 8 10 7 6 6 5 6 7 6 5 7 8 10
2 3 5 6 7 6 8 6 5 5 0 4 5 5 5 6 8 8 6 8 8 8 9 6 6 6 5 6 6 5 5 6 7 9
2 3 6 6 8 7 8 7 6 6 0 5 6 5 6 8 10 9 8 9 9 8 10 7 7 7 6 7 8 6 5 7 9 10
2 3 6 6 8 7 8 6 6 5 0 5 6 5 5 7 8 8 7 9 9 8 10 7 7 6 5 7 7 6 5 6 7 9
2 3 6 6 7 6 8 6 5 5 0 5 6 5 6 7 8 8 7 8 8 8 9 6 6 6 5 6 7 6 5 7 8 9
2 3 6 6 7 6 8 6 6 5 0 5 6 5 6 7 8 8 7 8 8 8 9 6 7 6 5 6 7 6 5 7 8 9
2 3 6 6 7 6 8 6 6 6 0 5 6 6 6 7 8 8 7 8 8 8 9 7 7 6 5 6 7 6 6 7 8 9
2 3 6 6 7 7 8 6 6 6 0 5 6 6 6 7 8 8 7 8 8 8 10 7 7 6 5 7 8 6 5 7 8 9
2 3 6 6 7 6 8 6 6 5 0 5 6 5 5 6 8 8 7 8 8 8 9 7 6 6 5 6 7 6 5 6 7 8
2 3 6 6 7 6 8 6 5 5 0 5 6 5 5 7 8 8 7 8 8 8 9 6 6 6 5 6 7 6 5 6 7 8
2 3 6 6 7 6 8 6 5 5 0 5 6 5 5 7 8 8 7 9 9 8 9 6 6 6 5 6 7 6 5 6 7 9
2 3 7 7 8 8 8 7 6 6 0 6 7 7 7 8 10 9 8 9 8 9 10 8 7 7 6 7 8 7 7 8 9 11
2 3 6 6 7 7 8 6 6 6 0 5 6 5 6 7 10 8 7 8 8 8 9 7 7 6 5 7 8 6 5 7 8 10
2 3 6 6 8 7 8 6 6 6 0 5 6 5 6 7 9 8 7 8 8 8 9 7 7 6 5 7 8 6 5 7 8 9
2 3 7 7 8 7 8 7 6 6 0 5 7 6 6 7 9 8 8 9 8 8 9 7 7 7 6 7 8 7 6 7 8 9
2 3 6 6 8 7 8 7 6 6 0 5 7 6 6 7 9 8 7 9 8 8 10 7 7 6 6 7 8 7 5 7 8 10
2 3 6 7 8 7 9 7 6 6 0 5 7 6 6 7 9 8 7 9 8 9 10 7 7 7 6 7 8 7 5 7 8 9
2 3 6 6 8 7 8 6 6 6 0 5 6 5 6 8 8 8 7 8 8 8 10 7 7 6 5 7 8 6 5 7 8 9
2 3 6 6 7 6 8 6 5 5 0 5 6 5 6 7 8 8 7 8 7 7 9 7 6 6 5 7 8 6 5 7 8 9
2 3 5 6 7 6 8 6 5 5 0 4 6 5 6 7 8 8 7 8 7 8 9 7 6 6 5 6 8 6 5 7 8 9
2 3 6 6 7 6 8 6 5 5 0 5 6 5 6 7 8 8 7 8 7 8 9 7 6 6 5 6 8 6 5 7 8 9
2 3 6 7 7 6 8 6 5 6 0 5 7 6 6 7 9 8 7 9 8 8 9 6 6 6 5 7 8 7 6 7 9 10
2 3 6 6 7 6 8 6 6 6 0 5 7 6 6 7 9 8 7 8 8 8 9 7 7 6 6 7 8 7 6 8 9 10
2 3 7 7 8 7 8 6 6 6 0 6 7 6 7 8 9 9 8 9 8 8 9 7 7 7 6 8 9 7 6 8 9 10
2 3 7 7 8 7 8 7 6 6 0 5 7 6 6 8 9 9 8 9 8 8 9 7 7 7 6 7 8 7 6 8 9 10
2 3 6 6 8 7 8 7 6 6 0 5 7 6 6 8 9 8 7 8 8 8 9 7 7 6 5 7 8 7 5 7 9 9
2 3 6 6 8 7 8 7 6 6 0 5 7 6 6 8 9 8 7 8 8 8 9 7 7 6 5 7 8 7 6 7 9 9
2 3 6 6 8 7 8 6 6 6 0 5 7 5 6 7 9 8 7 8 8 8 9 7 7 6 5 7 8 7 5 7 8 9
2 3 6 6 8 7 8 7 6 6 0 5 7 5 6 7 9 8 7 8 8 8 9 7 7 6 5 7 8 6 5 7 8 9
2 3 6 6 8 7 8 7 6 6 0 5 7 6 6 7 9 8 7 8 8 8 9 7 6 6 5 7 8 6 5 7 8 9
2 3 6 6 8 7 8 7 6 6 0 5 7 6 6 7 8 8 7 8 8 8 9 7 7 6 6 7 9 7 6 7 8 9
2 3 6 6 8 7 8 6 6 6 0 5 7 6 6 7 9 8 6 7 8 8 9 7 7 6 5 7 8 7 6 7 8 9
2 3 5 6 7 6 8 6 5 5 0 5 7 5 6 7 8 8 6 7 7 7 9 6 6 6 5 6 8 6 5 7 8 9
2 3 5 6 7 7 8 6 5 5 0 5 6 5 6 7 8 8 6 7 8 7 9 6 6 6 5 6 8 6 5 7 8 9
2 3 6 7 9 7 9 6 6 6 0 5 8 6 7 8 9 9 8 8 8 8 10 7 7 6 6 8 9 7 6 8 9 9
2 3 6 7 8 7 9 7 6 6 0 5 7 6 6 8 9 8 7 9 8 8 10 7 7 6 6 7 9 7 6 7 9 9
2 3 6 7 8 7 10 7 6 6 0 5 7 6 6 8 9 8 7 8 8 8 9 7 7 6 6 7 9 7 6 8 9 9
2 3 6 6 8 7 8 6 6 6 0 5 7 6 6 7 8 8 7 8 8 8 9 7 6 6 5 7 8 7 5 7 9 9
2 3 6 6 8 7 8 6 6 6 0 5 7 5 6 7 8 8 7 8 8 7 9 7 6 6 5 7 8 6 5 7 8 9
2 3 6 6 8 7 8 7 6 6 0 5 7 6 6 8 9 8 7 8 8 8 9 7 7 6 6 7 9 7 6 8 9 10
2 3 6 6 7 7 8 6 6 5 0 5 7 5 6 7 8 8 7 8 7 8 9 7 6 6 5 7 8 6 5 7 8 8
2 3 6 6 8 7 8 6 6 5 0 5 7 5 6 7 8 8 7 8 7 7 9 7 6 6 5 7 8 6 5 7 8 8
2 3 6 6 7 6 8 6 6 5 0 5 6 5 6 7 8 8 7 8 7 7 9 7 6 6 5 6 8 6 5 7 8 8
2 3 6 6 8 6 8 6 5 5 0 5 6 5 6 7 8 8 7 8 8 7 9 7 6 6 5 6 8 6 5 7 8 8
2 3 5 6 7 6 8 6 5 5 0 5 6 5 6 7 7 7 7 8 7 7 9 7 6 6 5 6 8 6 5 7 7 8
2 3 6 6 8 6 9 6 5 5 0 5 6 5 6 7 8 7 7 8 8 7 9 7 6 6 5 7 8 6 5 7 8 8
2 3 6 6 8 7 8 6 6 5 0 5 6 5 6 7 8 8 7 8 8 7 9 7 6 6 5 7 8 6 5 7 8 9
2 3 5 6 8 7 8 6 5 5 0 5 6 5 6 7 8 8 7 8 8 8 10 7 6 6 5 7 8 6 5 7 8 8
2 3 5 6 8 6 8 6 6 5 0 5 6 5 6 7 8 8 7 8 8 7 9 7 7 6 5 7 8 6 5 6 8 8
2 3 6 7 8 7 8 6 6 6 0 5 7 6 6 7 8 8 7 8 8 7 9 7 6 6 5 6 8 6 5 7 8 9
2 3 6 6 8 6 8 6 6 5 0 5 7 6 6 7 8 8 7 7 7 7 9 7 6 6 5 6 8 6 6 7 8 9
2 3 6 7 8 7 8 6 6 6 0 6 8 6 6 7 8 8 7 8 8 8 9 7 7 6 6 7 8 7 6 7 8 9
2 3 5 6 7 6 7 6 5 5 0 4 6 5 5 6 7 7 6 7 7 7 9 7 6 5 5 6 7 6 5 6 8 8
2 3 5 6 8 6 9 6 5 5 0 4 6 5 5 6 8 7 7 8 8 7 9 7 6 6 5 6 7 6 5 6 7 8
2 3 5 6 7 6 8 6 5 5 0 4 6 4 5 6 7 7 6 7 7 7 9 6 6 5 5 6 7 5 4 6 7 8
2 3 5 6 7 6 8 6 5 5 0 4 6 4 5 6 7 8 6 7 7 7 9 6 6 5 5 6 7 5 4 6 7 8
2 3 5 5 7 6 8 6 5 5 0 4 6 4 5 6 7 7 6 7 7 7 9 7 6 5 5 6 7 5 4 6 7 8
2 3 6 6 8 7 8 6 6 6 0 5 6 5 5 6 7 7 6 8 8 8 9 7 6 6 5 6 8 6 5 6 7 8
2 3 5 6 8 6 8 6 5 5 0 4 6 5 5 6 8 8 6 7 8 7 9 7 6 5 5 6 7 5 5 6 7 8
2 3 5 6 7 6 8 6 5 5 0 4 6 4 5 6 8 8 7 8 7 7 9 6 6 6 5 6 7 5 4 6 7 8
2 3 5 5 7 6 7 6 5 5 0 4 5 4 5 6 8 8 6 7 7 7 9 6 6 5 5 6 7 5 4 6 7 8
2 3 5 5 7 6 8 6 5 5 0 4 5 4 5 6 8 8 6 7 7 7 9 6 6 5 4 6 7 5 4 6 7 8
2 3 5 5 7 5 7 5 5 5 0 4 5 4 5 6 8 8 6 7 7 7 8 6 5 5 4 5 7 5 4 6 7 8
2 3 5 5 7 5 7 5 4 4 0 4 5 4 4 5 7 8 7 7 7 6 8 6 5 5 4 5 6 5 4 6 7 8
2 3 4 5 6 5 7 5 4 4 0 3 5 4 4 5 7 7 5 6 7 7 8 6 5 5 4 5 6 4 4 5 6 7
2 3 4 5 6 5 7 5 4 4 0 3 4 4 4 5 7 7 5 6 7 7 8 6 5 5 4 5 6 4 4 5 6 7
2 3 4 5 6 5 7 5 4 4 0 3 4 4 4 5 8 8 5 6 7 6 8 6 5 5 4 5 6 4 4 5 6 7
2 3 5 5 7 5 7 5 5 4 0 4 5 4 4 6 8 8 6 7 7 7 9 6 5 5 4 5 6 5 4 6 7 7
2 3 4 5 7 5 7 5 4 4 0 3 4 4 4 5 7 8 6 6 7 7 9 6 5 5 4 5 5 4 4 5 6 7
2 3 5 5 6 5 7 5 4 4 0 3 4 4 4 5 7 8 6 7 7 7 8 6 5 5 4 5 6 4 4 5 6 7
2 3 4 5 7 5 7 5 5 4 0 4 5 4 4 5 8 8 5 6 7 7 8 6 6 5 4 5 6 4 4 5 6 7
2 3 4 5 6 5 7 5 4 4 0 4 5 4 4 5 7 7 6 6 7 7 8 6 5 5 4 5 6 4 4 5 6 7
2 3 4 5 7 5 7 5 4 4 0 3 5 4 4 5 7 7 5 6 7 7 9 6 5 5 4 5 6 4 4 5 6 7
2 3 5 5 7 6 7 5 5 4 0 4 5 4 4 6 8 8 6 6 7 7 8 6 5 5 4 5 6 5 4 5 7 7
2 3 5 5 7 6 7 5 5 5 0 4 5 4 4 6 8 8 6 7 7 7 8 6 6 5 4 5 6 5 4 6 6 7
2 3 5 5 7 5 7 5 4 4 0 3 5 4 4 5 8 7 6 7 7 6 8 6 5 5 4 5 6 4 4 5 6 7
2 3 5 5 7 5 8 5 4 4 0 4 5 4 4 6 8 8 6 6 7 7 8 6 5 5 4 5 6 5 4 5 6 7
2 3 5 5 6 6 7 5 4 4 0 4 5 4 5 6 8 8 6 6 7 8 9 7 5 5 4 5 6 5 4 6 7 8
2 3 5 5 7 6 7 6 5 5 0 4 5 5 5 6 8 8 6 6 7 7 8 6 6 5 5 5 6 5 5 6 7 7
2 3 4 5 6 5 7 5 4 4 0 4 4 4 4 5 8 8 6 6 7 7 8 5 5 5 4 5 6 5 4 5 7 7
2 3 5 5 6 5 7 5 5 5 0 4 5 4 5 6 8 8 6 7 7 6 8 6 5 5 4 5 6 5 4 5 6 7
2 3 5 5 6 5 8 5 5 4 0 4 5 4 4 6 8 8 6 7 6 6 8 6 5 5 4 5 6 5 4 6 7 7
2 3 5 5 7 5 7 5 5 5 0 4 5 4 4 6 8 7 6 7 7 6 7 6 5 5 4 5 7 5 4 5 6 7
2 3 5 5 6 6 8 5 5 5 0 4 5 4 5 6 8 7 6 7 7 7 8 6 5 5 4 5 6 5 4 5 6 7
2 3 5 5 7 6 8 6 5 5 0 4 5 4 5 6 8 8 6 7 7 8 9 6 5 5 4 5 6 5 4 6 7 8
2 3 6 5 7 7 10 6 5 5 0 4 5 5 6 7 9 8 6 7 7 7 9 6 7 6 5 6 7 6 5 7 8 8
2 3 5 5 7 6 8 5 4 4 0 4 5 4 5 6 9 8 6 6 7 7 9 6 5 5 4 5 6 5 4 6 7 7
2 3 5 5 7 6 8 6 5 5 0 4 5 4 5 6 8 8 7 7 7 7 9 6 5 5 4 6 7 5 4 6 7 8
2 3 5 5 7 6 8 5 5 5 0 4 5 5 5 6 8 8 6 6 7 7 8 6 5 5 4 5 6 5 5 6 7 7
2 3 5 5 7 6 9 6 5 5 0 4 5 5 5 6 8 7 6 6 7 7 9 6 5 5 5 5 6 5 5 6 7 8
2 3 5 5 7 6 9 6 5 5 0 4 5 4 5 6 8 8 6 7 7 7 9 6 5 5 4 6 7 5 4 6 7 8
2 3 5 5 7 6 9 6 5 5 0 4 5 4 5 6 8 7 6 7 7 7 9 6 6 5 4 5 7 5 5 6 7 7
2 3 5 5 7 6 9 6 5 5 0 4 6 5 5 6 8 7 6 7 7 7 9 6 6 5 5 6 7 5 5 6 7 7
2 3 5 5 7 6 9 6 5 5 0 4 6 5 5 7 8 8 6 7 7 7 9 6 6 5 5 6 7 6 5 7 7 8
2 3 5 6 7 7 9 6 5 5 0 4 6 5 6 7 8 8 7 7 7 8 9 7 6 6 5 6 7 6 5 7 8 9
2 3 5 6 7 6 9 6 5 5 0 4 6 5 5 7 8 7 6 8 7 7 9 7 6 5 5 6 7 6 5 6 7 8
2 3 5 6 7 6 9 6 5 5 0 4 5 4 5 6 8 8 6 7 7 7 9 6 6 5 5 6 7 6 5 6 7 7
2 3 5 5 7 6 9 6 5 5 0 4 5 4 5 6 7 7 6 7 7 7 9 6 6 5 5 6 7 5 4 6 7 7
2 3 5 5 7 6 9 6 5 5 0 4 5 4 5 6 8 7 6 7 7 7 9 6 6 5 5 6 7 5 5 6 7 7
2 3 5 5 7 6 9 6 5 5 0 4 5 4 5 6 7 7 6 7 7 7 9 6 5 5 4 5 6 5 4 6 7 7
2 3 5 5 7 6 9 6 5 5 0 4 5 5 5 7 7 7 6 7 7 7 9 6 5 5 5 6 6 5 5 6 7 7
2 3 5 5 7 6 9 6 5 5 0 4 5 5 5 6 7 7 6 7 7 7 9 6 5 5 5 6 6 5 5 6 7 7
2 3 5 6 7 7 9 6 5 5 0 5 6 5 6 6 7 7 6 7 7 8 10 7 6 6 5 6 7 6 5 7 7 7
2 3 5 5 7 6 8 6 5 5 0 4 5 4 5 6 7 7 6 7 7 7 9 6 6 5 5 6 7 5 4 6 7 7
2 3 5 5 7 6 9 6 5 5 0 4 5 5 5 6 7 7 6 7 7 7 11 6 6 5 5 6 7 6 5 6 7 7
2 3 5 5 7 6 8 6 5 5 0 4 5 4 5 6 7 7 6 7 7 7 9 6 6 5 5 6 7 5 5 6 7 7
2 3 5 5 7 6 8 6 5 5 0 4 5 5 5 6 7 7 6 7 7 7 9 6 6 5 5 6 7 6 5 7 7 7
2 3 5 5 7 6 8 6 5 5 0 4 5 5 5 6 8 7 6 7 7 7 10 7 6 5 5 6 7 5 5 7 7 7
2 3 5 5 7 7 9 6 5 5 0 4 5 5 5 6 7 7 6 7 7 7 10 7 6 5 5 6 7 6 5 7 7 7
2 3 5 6 7 6 8 6 5 5 0 4 5 5 5 6 7 7 6 7 7 8 9 7 6 5 5 6 7 6 5 7 7 8
2 3 6 6 7 7 10 7 6 5 0 5 6 6 6 7 9 9 7 7 7 8 10 7 6 6 5 6 8 7 6 8 8 8
2 3 5 6 7 7 10 6 5 5 0 5 6 5 6 7 8 8 6 7 7 8 9 7 6 6 5 6 7 6 6 7 7 8
2 3 5 6 7 7 8 6 5 5 0 5 6 5 5 7 7 7 6 7 7 8 9 7 6 6 5 6 7 6 5 6 7 7
2 3 5 6 8 7 8 6 5 5 0 4 6 5 5 6 7 7 6 7 7 8 9 7 6 6 5 6 7 6 5 7 7 7
2 3 5 6 7 6 8 6 5 5 0 4 6 5 5 6 7 8 6 7 7 7 9 7 6 5 5 6 7 6 5 6 7 8
2 3 5 6 7 6 8 6 5 5 0 4 5 5 5 6 7 7 6 7 7 8 9 6 6 5 5 6 7 6 5 6 7 8
2 3 5 5 7 6 8 6 5 5 0 4 5 5 5 6 7 7 6 7 7 7 10 6 6 5 5 6 7 5 5 6 7 7
2 3 5 6 7 6 8 6 5 5 0 4 6 5 5 6 7 7 6 7 7 7 9 6 6 5 5 6 7 6 5 6 7 7
2 3 6 6 7 7 8 6 5 5 0 4 6 5 5 6 8 7 7 7 7 8 10 7 6 5 5 6 7 6 5 7 7 8
2 3 5 5 7 6 8 6 5 5 0 4 5 5 5 6 7 7 6 7 7 7 10 6 5 5 5 6 7 5 5 6 7 8
2 3 5 6 7 6 8 6 5 5 0 4 6 5 5 6 7 7 6 7 7 8 10 7 6 5 5 6 7 5 5 6 7 8
2 3 5 6 7 6 8 6 5 5 0 5 6 5 5 7 8 7 6 7 7 8 9 7 6 5 5 6 7 6 5 7 7 8
2 3 5 6 7 6 8 6 5 5 0 4 6 5 5 6 7 7 6 7 7 8 9 7 6 5 5 6 7 6 5 6 7 8
2 3 5 6 7 7 8 6 5 5 0 4 6 5 5 6 7 7 6 7 7 8 10 7 6 6 5 6 7 6 5 7 7 8
2 3 5 6 7 6 8 6 5 5 0 4 6 5 5 6 7 7 6 7 7 8 10 7 6 5 5 6 7 6 5 6 7 8
2 3 5 6 7 7 8 7 5 5 0 4 6 5 5 6 8 8 6 7 7 8 10 7 6 6 5 6 7 6 5 6 7 8
2 3 5 6 7 6 8 6 5 5 0 4 6 5 5 6 8 8 7 8 7 8 10 7 6 6 5 6 7 6 5 6 7 8
2 3 6 6 7 7 8 7 5 6 0 5 6 5 5 7 8 8 7 8 7 8 10 7 6 6 5 6 7 6 5 7 7 9
2 3 6 6 8 7 8 7 5 5 0 5 6 5 6 7 8 8 7 8 7 8 10 7 6 6 5 6 7 6 6 7 7 8
2 3 5 6 7 7 9 6 5 5 0 5 6 5 5 6 8 8 7 8 7 8 10 7 6 6 5 6 7 6 5 6 7 8
2 3 5 6 7 6 8 6 5 5 0 4 6 5 5 6 7 7 6 8 7 8 10 7 6 5 5 6 7 5 5 6 7 8
2 3 6 6 7 6 8 6 5 5 0 5 6 5 5 6 8 8 7 8 7 8 10 7 6 6 5 6 7 6 5 6 7 8
2 3 5 6 7 6 8 6 5 5 0 4 6 5 5 6 7 8 7 8 7 8 10 7 6 6 5 6 7 5 5 6 7 8
2 3 5 6 8 7 9 7 5 5 0 4 6 5 5 6 8 8 7 8 8 9 10 8 6 6 5 6 7 6 5 7 7 8
2 3 5 6 8 7 9 7 6 5 0 5 6 5 5 6 8 8 7 8 9 9 10 8 6 6 5 6 7 6 5 6 7 8
2 3 5 6 8 7 8 6 6 5 0 5 6 5 5 6 8 8 7 8 8 9 10 7 6 6 5 6 7 6 5 6 7 8
2 3 6 6 8 7 9 6 6 6 0 5 6 5 5 6 8 8 7 8 8 9 10 7 7 7 5 6 7 6 5 6 7 8
2 3 6 6 8 7 9 7 6 6 0 5 6 5 6 7 9 9 7 9 8 9 11 8 7 6 5 7 7 6 5 7 9 10
2 3 6 7 9 8 9 8 6 6 0 5 6 6 6 7 9 9 7 9 9 11 12 9 8 7 6 7 8 6 6 7 8 9
2 3 6 6 8 7 10 7 6 6 0 5 6 5 5 6 8 8 7 9 8 9 11 8 7 6 5 6 7 6 5 6 8 8
2 3 6 6 8 7 9 7 6 6 0 5 6 5 5 6 8 8 7 9 8 9 11 8 7 6 5 6 7 6 5 6 7 8
2 3 6 6 8 7 9 7 6 6 0 5 6 5 5 6 8 8 7 9 8 9 11 8 7 6 5 6 7 6 5 6 8 8
2 3 6 6 8 7 9 7 6 6 0 5 6 5 5 6 8 8 7 10 8 9 11 8 7 6 5 6 7 6 5 6 8 8
2 3 6 6 8 7 9 7 6 6 0 5 6 5 5 7 8 8 7 9 8 9 11 8 7 6 5 6 7 6 5 6 8 8
2 3 6 6 8 8 9 7 6 6 0 5 6 5 5 7 9 9 7 9 8 9 11 9 8 7 6 7 7 6 5 6 8 8
2 3 6 6 8 9 9 7 6 5 0 5 6 5 5 7 8 8 7 10 9 9 11 8 7 6 5 6 7 6 5 6 8 8
2 3 6 6 8 8 9 7 6 5 0 5 6 5 5 7 8 8 7 9 9 10 11 8 7 6 5 6 7 6 5 7 8 9
2 3 6 6 8 8 9 7 6 6 0 5 6 5 6 7 9 8 8 10 9 10 11 8 7 7 6 7 7 6 5 7 8 8
2 3 6 6 8 8 9 7 6 6 0 5 6 5 5 7 9 9 8 9 9 10 11 8 8 7 6 7 7 6 5 6 8 8
2 3 7 7 8 8 9 7 6 6 0 5 6 5 6 8 10 10 9 11 9 10 11 8 8 7 6 7 8 6 5 7 9 9
2 3 6 7 8 8 9 7 6 6 0 5 6 6 6 7 9 9 8 10 9 10 11 8 7 7 6 7 8 6 5 6 8 8
2 3 6 6 9 9 10 7 6 6 0 5 6 5 5 7 9 9 8 10 9 10 12 8 8 7 6 7 8 6 5 6 8 8
2 3 6 7 8 8 10 7 6 6 0 5 6 5 5 7 9 9 8 10 10 11 12 8 8 7 6 7 7 6 5 6 8 9
2 3 7 7 8 8 10 7 6 6 0 5 7 6 6 7 10 10 8 11 10 10 11 8 8 7 6 7 8 6 5 6 8 9
2 3 6 7 9 8 10 7 6 6 0 5 6 5 5 7 9 9 8 10 10 10 12 9 8 7 6 7 8 6 5 7 8 9
2 3 6 7 9 9 10 7 6 6 0 5 6 5 6 7 9 9 8 10 10 11 12 9 8 7 6 7 8 6 5 7 8 9
2 3 6 7 9 9 11 7 7 6 0 5 6 5 6 7 9 9 8 10 10 11 12 9 8 8 6 7 8 6 5 7 8 9
2 3 6 7 9 9 11 8 6 6 0 5 6 6 6 7 9 9 8 10 10 11 12 9 8 7 6 7 8 6 5 7 8 9
2 3 6 7 9 9 11 8 6 6 0 5 6 5 6 7 10 9 8 10 10 12 13 9 8 7 6 7 8 6 6 7 9 9
2 3 6 7 9 9 11 8 7 6 0 5 6 5 6 7 10 10 8 10 10 11 14 10 8 7 6 7 8 6 6 7 9 9
2 3 6 7 9 9 11 8 7 6 0 5 6 5 5 7 10 10 8 10 12 12 13 9 8 7 6 7 8 6 5 7 9 9
2 3 7 10 12 10 13 9 7 7 0 5 6 6 6 9 12 12 9 11 13 13 14 10 9 8 6 8 8 7 6 7 9 10
2 3 6 7 9 9 11 8 7 6 0 5 6 5 6 7 10 10 8 10 10 11 13 9 8 7 6 7 8 6 5 7 9 9
2 3 6 7 9 9 11 8 6 6 0 5 6 5 5 7 10 9 8 10 10 11 14 9 8 7 5 6 8 6 5 7 8 9
2 3 6 7 9 9 11 8 7 7 0 5 6 5 6 8 10 10 8 10 11 11 13 10 9 8 6 7 8 6 5 7 9 9
2 3 7 7 9 9 12 8 6 6 0 5 6 5 6 8 10 10 8 11 10 12 13 9 8 7 6 7 9 6 5 7 9 9
2 3 6 7 9 9 11 8 6 6 0 5 6 5 5 7 10 9 8 10 11 12 14 9 7 7 5 6 8 6 5 7 8 9
2 3 6 7 9 9 11 8 7 6 0 5 6 5 6 7 10 10 8 10 11 12 13 10 8 7 6 7 9 6 5 7 9 9
2 3 7 8 10 10 12 8 7 6 0 5 7 6 6 8 11 11 8 10 11 13 14 10 8 8 6 7 9 7 6 7 9 9
2 3 6 7 10 9 12 8 7 6 0 5 6 5 6 8 10 10 8 10 11 12 14 10 8 7 6 7 9 6 5 7 9 9
2 3 6 7 9 9 12 8 7 6 0 5 6 5 6 8 10 10 8 10 11 12 13 9 8 7 6 7 9 7 5 7 9 9
2 3 7 8 10 9 12 8 7 6 0 6 7 6 6 8 10 11 8 10 11 12 14 10 8 7 6 7 9 7 6 7 9 10
2 3 6 7 10 10 12 8 7 6 0 5 7 6 6 8 11 11 8 10 11 12 14 10 8 7 6 7 9 7 6 8 10 11
2 3 7 8 10 10 12 8 7 6 0 5 7 6 6 8 11 10 8 11 11 12 14 10 8 7 6 7 9 7 6 7 9 10
2 3 6 7 10 9 12 8 6 6 0 5 7 5 6 7 10 10 8 10 11 12 14 10 8 7 6 7 9 7 5 7 9 9
2 3 6 7 10 9 12 8 6 6 0 5 7 5 6 7 10 10 7 9 13 12 13 9 8 7 6 7 9 7 5 7 9 9
2 3 6 7 10 9 11 8 6 6 0 5 7 6 6 7 10 11 7 9 11 12 14 10 8 7 6 7 9 7 5 7 9 9
2 3 6 7 10 9 12 8 7 6 0 6 7 6 6 8 11 11 8 10 11 12 14 10 8 7 6 7 10 7 6 8 9 10
2 3 7 7 9 9 12 9 7 6 0 6 7 6 6 8 10 10 8 10 11 12 14 10 8 7 6 7 9 7 6 7 9 10
2 3 6 7 9 9 12 8 6 6 0 5 7 6 6 7 11 11 8 10 10 12 13 10 8 7 6 7 9 7 6 7 9 10
2 3 6 7 10 9 12 8 6 6 0 6 7 6 6 7 10 10 8 10 11 12 14 10 8 7 6 7 9 7 6 7 9 9
2 3 7 8 9 9 11 8 7 6 0 6 7 6 6 8 11 11 9 11 10 11 13 10 9 8 6 8 9 7 6 7 9 9
2 3 6 7 9 9 11 8 6 6 0 5 7 5 6 7 10 10 7 10 10 11 13 9 8 7 6 7 9 7 5 7 9 9
2 3 6 7 9 9 13 9 6 6 0 5 7 5 6 7 10 10 8 10 10 13 15 11 8 7 6 7 9 7 5 7 9 9
2 3 6 7 9 9 12 8 6 6 0 5 7 5 6 7 10 10 7 9 10 11 13 9 8 7 6 7 9 6 5 7 9 9
2 3 6 7 9 9 12 8 7 6 0 5 7 6 6 8 10 10 7 10 10 12 13 10 8 7 6 7 9 7 6 7 9 9
2 3 6 7 9 9 12 8 7 7 0 5 7 6 6 8 10 11 8 10 11 12 13 9 8 7 6 7 10 7 6 8 10 10
2 3 6 7 9 9 12 8 7 6 0 5 7 5 6 7 10 9 7 9 10 11 13 9 8 7 6 7 9 7 5 7 9 9
2 3 6 7 9 9 12 8 7 6 0 5 7 6 6 8 10 10 8 9 10 11 13 10 8 7 6 7 10 7 5 7 9 10
2 3 7 8 10 10 12 9 7 7 0 5 7 6 6 9 12 11 8 11 11 12 14 10 9 8 6 8 10 7 6 7 9 10
2 3 6 6 8 9 11 8 7 6 0 5 8 5 6 7 9 9 7 9 10 12 13 9 8 7 6 7 10 7 5 7 8 9
2 3 6 7 9 9 11 8 7 6 0 6 8 6 6 7 10 10 8 9 10 12 14 9 8 8 6 8 10 7 6 7 9 9
2 3 6 6 9 9 11 8 7 6 0 5 7 6 6 7 10 10 7 9 10 11 13 9 8 8 6 7 10 7 5 8 9 9
2 3 6 7 9 9 11 8 7 6 0 5 7 6 6 7 10 9 8 10 10 12 14 10 8 7 6 7 9 7 6 7 9 9
2 3 6 7 9 9 11 8 7 6 0 5 7 6 6 8 10 10 7 9 10 12 13 9 8 7 6 7 9 7 5 7 9 9
2 3 6 7 8 8 11 8 7 6 0 5 7 5 6 7 9 9 8 10 9 11 12 9 9 8 6 7 9 7 5 7 8 9
2 3 6 6 8 8 11 8 6 6 0 5 7 5 6 7 9 9 8 10 9 10 12 9 8 7 6 7 9 6 5 7 8 9
2 3 6 6 8 8 11 8 7 6 0 5 7 6 6 7 9 9 8 10 9 11 14 11 8 7 6 7 9 7 5 7 8 9
2 3 6 7 9 10 14 10 7 6 0 6 7 6 6 7 9 10 8 10 11 12 13 10 8 7 6 7 9 7 6 7 8 9
2 3 7 7 9 9 11 8 7 6 0 6 7 6 6 7 9 9 8 11 9 11 12 9 8 7 6 7 9 7 6 8 8 9
2 3 6 7 8 8 11 8 7 6 0 5 8 6 6 8 9 9 8 10 9 11 12 9 8 7 6 7 10 7 6 9 9 9
2 3 6 7 9 8 11 8 7 6 0 5 7 5 6 7 9 9 8 10 10 11 12 9 8 7 6 7 9 7 5 7 8 9
2 3 6 7 9 9 11 8 7 6 0 5 8 5 6 7 9 9 8 10 10 11 12 9 8 7 6 7 9 7 5 7 8 9
2 3 6 7 9 9 12 8 7 6 0 5 8 6 6 8 9 9 8 10 11 12 12 9 8 7 6 7 10 7 6 7 8 9
2 3 6 7 9 9 11 7 7 7 0 5 7 6 6 8 9 9 8 10 10 11 12 9 8 8 6 7 9 7 6 7 8 9
2 3 6 7 9 9 11 8 7 7 0 5 7 6 6 8 10 9 8 10 10 11 12 9 8 8 6 7 9 7 6 8 8 10
2 3 7 7 9 9 11 8 7 6 0 5 8 6 7 9 11 10 9 11 10 12 12 9 8 7 6 7 10 7 6 9 9 10
2 3 7 7 9 9 12 8 7 7 0 6 9 6 7 9 11 10 9 11 10 11 12 9 9 8 6 8 12 8 6 8 9 10
2 3 7 8 10 10 11 8 7 7 0 6 8 6 7 9 10 10 8 10 11 12 13 10 9 8 6 8 10 7 6 8 9 10
2 3 7 8 9 10 11 8 7 7 0 6 8 6 7 9 10 10 9 11 11 12 13 9 9 8 6 8 10 7 6 8 9 10
2 3 7 8 9 9 11 8 7 6 0 6 8 6 7 8 10 10 8 11 11 12 13 9 8 8 6 7 10 7 6 8 9 10
2 3 7 8 9 9 12 8 7 6 0 5 8 6 6 8 10 10 9 11 11 11 13 10 9 8 6 7 10 7 6 8 9 10
2 3 7 8 9 9 11 8 7 7 0 6 8 6 7 9 10 10 9 11 12 11 13 9 9 8 6 8 10 7 6 8 9 10
2 3 7 8 9 9 11 8 7 6 0 5 8 6 7 9 10 10 9 11 11 11 13 9 8 7 6 8 11 7 6 9 9 11
2 3 7 7 9 9 11 8 7 6 0 5 8 6 6 9 10 9 9 11 11 11 13 9 8 7 6 7 10 7 6 8 9 10
2 3 7 7 9 8 11 8 7 6 0 5 8 6 7 9 10 10 9 11 11 11 12 9 8 7 6 7 10 7 6 8 9 10
2 3 7 7 9 9 11 8 7 6 0 5 9 6 7 9 11 10 9 11 11 11 12 9 8 8 6 7 12 7 6 8 9 10
2 3 6 8 9 9 11 8 7 6 0 5 8 6 7 9 10 10 8 11 11 11 12 9 9 8 6 8 11 7 6 9 9 10
2 3 7 8 10 9 12 8 7 7 0 5 8 6 7 9 12 11 9 11 12 11 13 9 9 8 6 8 11 7 6 9 10 11
2 3 7 8 9 8 11 8 6 6 0 5 7 6 7 9 10 10 9 11 11 10 12 9 8 7 6 7 10 7 6 8 9 10
2 3 6 7 9 9 12 8 6 6 0 5 7 6 6 8 10 10 8 11 11 11 12 9 8 7 6 7 10 7 6 8 9 10
2 3 6 7 9 8 11 8 7 6 0 5 8 6 7 8 10 10 8 10 11 11 12 9 8 7 6 7 10 7 6 8 9 10
2 3 6 8 9 8 11 8 7 6 0 5 8 6 7 9 10 10 8 11 11 11 12 9 8 7 6 7 11 7 6 8 9 11
2 3 7 8 10 9 11 8 7 7 0 6 9 7 8 10 12 10 9 12 12 12 13 10 9 8 7 9 12 8 7 10 10 11
2 3 7 9 10 10 12 8 7 7 0 6 8 6 7 9 10 10 9 11 11 11 12 9 8 8 6 8 11 7 6 8 9 11
2 3 7 9 10 9 11 8 7 7 0 6 8 6 7 9 10 10 9 11 12 11 12 9 8 8 6 8 11 7 6 8 9 11
2 3 8 8 11 10 13 10 8 7 0 7 8 7 8 10 12 12 9 12 14 15 15 11 9 9 8 9 11 9 7 9 11 13
2 3 7 8 10 9 11 9 7 7 0 6 8 6 7 8 10 10 9 11 12 12 13 10 9 8 7 8 11 7 6 8 10 11
2 3 7 7 10 9 11 9 7 7 0 6 8 6 7 9 10 10 8 10 11 12 13 10 8 8 7 8 12 7 6 8 10 11
2 3 7 8 10 9 12 9 7 7 0 6 8 6 7 9 11 11 8 10 11 12 13 10 8 8 7 8 11 8 6 9 11 12
2 3 7 7 10 9 12 9 7 7 0 6 9 6 7 9 11 11 8 10 11 12 13 10 9 8 6 8 11 7 6 8 10 11
2 3 8 9 10 10 12 9 8 8 0 7 10 8 8 10 11 12 9 11 12 13 15 10 9 9 7 9 12 9 8 9 11 12
2 3 7 8 10 10 12 9 8 7 0 6 9 7 8 10 11 11 8 11 12 12 13 11 9 9 7 8 11 8 7 9 11 11
2 3 7 8 11 10 13 9 7 7 0 6 8 7 7 8 10 10 8 10 12 12 14 10 9 8 7 8 12 8 6 8 10 11
2 3 6 7 10 9 12 8 7 6 0 6 8 6 6 8 10 10 8 10 11 12 14 10 8 8 6 8 11 7 6 8 10 11
2 3 7 8 10 9 12 9 7 6 0 6 8 6 7 8 11 11 9 10 11 11 13 10 8 8 6 8 11 8 6 8 10 11
2 3 7 8 10 9 13 9 7 7 0 6 8 7 7 9 10 11 9 10 12 11 14 11 8 8 7 8 11 8 7 9 10 11
2 3 6 7 10 9 12 9 7 7 0 6 8 6 7 8 10 10 8 10 11 11 13 10 9 8 7 8 10 7 6 8 10 11
2 3 7 7 10 9 13 9 7 7 0 6 8 6 7 8 10 10 8 11 11 11 13 10 8 8 7 8 10 7 6 8 10 11
2 3 7 7 10 10 15 9 7 7 0 6 8 6 7 8 10 10 8 10 12 12 13 10 8 8 7 8 11 8 7 8 10 11
2 3 7 7 10 10 13 9 7 7 0 6 9 6 7 8 10 10 8 11 12 12 13 10 9 8 7 8 11 8 6 8 10 11
2 3 7 7 10 10 13 9 7 7 0 6 9 6 7 8 10 10 8 10 12 14 14 10 9 8 7 8 11 8 7 9 10 11
2 3 7 8 10 10 13 9 7 7 0 6 9 6 7 9 10 11 9 11 12 13 14 10 9 8 7 8 11 8 7 9 10 11
2 3 8 8 11 11 13 9 8 7 0 6 9 7 8 9 11 12 9 11 12 13 14 11 9 8 7 8 11 8 7 9 10 11
2 3 7 8 11 11 14 10 8 7 0 7 10 7 7 9 10 11 9 11 12 12 14 11 9 8 7 8 13 9 7 9 10 11
2 3 7 8 11 11 13 10 8 7 0 6 8 6 7 8 10 11 9 11 12 12 15 11 9 8 7 8 11 8 6 8 10 11
2 3 8 8 11 11 13 10 8 7 0 6 8 7 7 8 10 11 10 12 12 13 15 11 9 8 7 8 10 8 6 8 10 11
2 3 7 8 11 11 14 10 8 7 0 6 8 7 7 8 10 11 9 11 12 13 15 11 9 9 7 8 11 8 7 8 10 11
2 3 7 8 11 11 14 10 8 7 0 6 8 7 7 9 10 11 9 11 13 15 16 13 10 9 7 8 11 8 7 8 10 11
2 3 7 8 11 11 13 10 8 7 0 6 8 7 7 8 10 11 9 11 12 13 15 11 9 9 7 8 11 8 7 8 10 12
2 3 7 8 10 11 13 10 8 7 0 6 9 7 7 8 10 10 9 11 12 13 15 11 9 8 7 8 11 8 7 8 10 11
2 3 8 8 11 11 14 10 8 8 0 7 10 7 7 9 11 11 10 11 13 13 15 12 10 9 8 9 13 9 7 9 10 11
2 3 8 9 12 12 15 10 9 8 0 7 9 7 7 8 10 11 9 11 13 14 16 12 10 9 8 9 12 9 7 8 10 11
2 3 8 8 11 11 14 10 8 8 0 6 9 7 7 9 10 11 9 11 13 13 15 12 10 9 7 9 11 8 7 8 10 12
2 3 8 8 11 11 14 10 8 8 0 7 9 7 7 9 10 11 9 11 13 14 16 12 10 9 8 9 11 8 7 9 10 12
2 3 8 9 11 11 14 10 9 8 0 7 9 7 8 9 10 11 10 12 13 13 15 13 10 10 8 9 12 9 7 9 10 12
2 3 7 8 11 11 14 10 8 7 0 6 10 6 7 8 10 11 9 11 12 13 14 11 9 8 7 8 12 8 6 8 10 11
2 3 8 9 12 11 15 10 9 8 0 7 9 7 7 9 11 11 10 11 14 14 16 12 10 9 7 9 11 8 7 9 11 12
2 3 7 8 11 10 13 9 8 8 0 6 9 7 7 9 10 10 9 11 13 13 15 11 10 9 7 8 12 8 7 8 9 12
2 3 7 8 11 11 14 10 8 7 0 6 9 7 7 9 10 11 9 11 12 14 16 11 9 8 7 8 11 8 7 8 10 12
2 3 7 8 10 10 13 9 8 7 0 6 8 7 7 8 10 10 9 11 12 13 15 11 9 8 7 8 11 8 6 8 10 12
2 3 8 9 12 11 13 10 8 8 0 7 9 7 7 8 10 10 10 12 14 14 16 11 10 9 7 9 12 8 7 8 10 12
2 3 7 8 10 10 12 9 7 7 0 6 8 6 6 8 9 10 9 10 12 13 14 10 9 8 6 7 10 7 6 8 9 12
2 3 8 8 10 10 13 9 8 8 0 6 9 6 7 9 10 11 10 12 12 12 14 10 9 9 7 9 10 8 7 9 10 12
2 3 7 8 12 10 13 9 8 7 0 6 9 7 7 8 9 11 9 10 12 13 14 11 9 8 7 8 10 8 7 8 9 12
2 3 8 9 11 10 12 10 9 8 0 7 10 7 8 9 11 11 10 12 12 13 14 11 10 9 7 9 12 9 7 9 11 13
2 3 7 8 10 11 13 9 7 7 0 6 8 6 7 8 9 11 9 12 13 13 15 10 9 8 6 8 10 8 6 8 9 12
2 3 7 8 10 9 13 9 8 7 0 6 9 7 7 8 10 11 9 10 12 12 14 10 9 8 7 8 11 8 7 9 10 13
2 3 7 7 10 9 11 8 7 7 0 6 8 6 6 8 9 10 8 10 11 12 14 10 8 8 6 7 10 7 6 8 9 12
2 3 7 8 9 9 11 8 7 7 0 5 8 6 6 7 9 10 8 10 11 12 13 10 8 8 6 7 10 7 6 8 9 12
2 3 7 7 10 9 12 8 7 6 0 5 8 6 6 8 9 10 8 9 11 12 14 10 8 7 6 7 10 7 6 7 9 11
2 3 7 7 9 9 11 8 7 6 0 6 8 6 6 7 9 10 8 10 11 12 13 10 8 7 6 7 10 7 6 8 9 11
2 3 7 8 10 10 13 9 7 7 0 6 9 7 7 7 9 11 9 10 12 13 15 10 8 8 6 8 10 8 6 8 9 12
2 3 7 8 10 10 12 9 7 7 0 6 9 7 7 8 9 10 9 10 13 14 17 11 9 8 7 8 12 8 7 8 10 12
2 3 7 8 9 9 11 8 7 7 0 5 8 6 6 7 9 10 9 10 11 11 13 10 8 7 6 7 10 7 6 8 9 12
2 3 7 8 9 8 11 8 7 7 0 5 8 6 6 7 9 10 8 10 11 11 13 10 9 8 6 7 10 7 6 8 9 12
2 3 7 7 9 9 11 8 7 6 0 5 8 6 6 7 9 10 8 10 11 11 13 9 8 7 6 7 10 7 6 8 10 13
2 3 7 8 10 8 11 8 7 6 0 6 8 6 6 7 9 10 8 10 10 11 12 9 8 7 6 7 10 7 6 8 10 12
2 3 7 7 9 8 11 7 7 6 0 5 8 6 6 7 9 10 8 11 11 10 13 9 8 7 6 7 10 7 6 7 9 11
2 3 6 7 9 8 11 7 6 6 0 5 7 5 6 7 9 10 8 10 10 11 12 9 7 7 5 7 9 7 5 7 9 11
2 3 6 7 9 8 11 7 6 6 0 5 7 5 5 7 9 9 8 10 10 10 11 8 7 6 5 6 9 6 5 7 9 11
2 3 6 7 9 8 12 8 6 6 0 5 8 5 6 7 9 10 8 9 11 11 13 10 8 7 6 7 10 7 5 7 9 11
2 3 6 7 9 9 11 8 7 6 0 5 7 5 6 7 9 9 8 10 11 12 13 10 8 7 6 7 9 7 5 7 9 11
2 3 7 8 10 9 12 8 7 6 0 5 8 6 6 7 9 10 8 10 11 12 12 10 8 7 6 7 10 7 5 7 9 11
2 3 6 7 10 10 13 8 6 6 0 5 8 5 6 7 9 10 8 9 13 12 13 11 7 7 6 7 10 7 5 7 9 11
2 3 6 7 9 9 12 7 6 6 0 5 7 5 6 7 9 9 8 9 10 12 13 9 7 7 6 7 10 7 5 7 9 11
2 3 6 7 9 9 11 7 6 6 0 5 7 5 6 7 9 9 7 9 11 12 13 10 7 7 6 7 10 7 5 7 8 10
2 3 6 7 9 9 11 8 6 6 0 5 7 5 6 7 9 9 7 9 10 12 13 10 8 7 6 7 9 7 5 7 8 10
2 3 6 7 10 9 12 8 6 6 0 5 7 6 6 7 9 9 7 9 11 12 13 10 8 7 6 7 9 7 6 7 9 10
2 3 6 7 9 9 12 8 6 6 0 5 7 5 6 7 9 9 7 9 11 12 12 10 8 7 6 7 10 7 5 7 9 10
2 3 6 7 9 9 11 8 6 6 0 5 7 5 6 7 9 9 8 10 11 12 13 10 7 7 5 7 9 7 5 7 8 10
2 3 6 7 9 8 11 7 7 6 0 5 7 5 6 7 9 9 8 10 10 11 12 10 8 7 6 7 9 6 5 7 8 10
2 3 6 7 10 9 11 8 6 6 0 5 7 6 6 7 9 9 7 9 11 12 12 10 7 7 6 7 9 7 6 7 9 11
2 3 7 8 9 9 12 8 7 7 0 6 8 6 6 7 9 9 8 11 11 11 12 10 9 8 6 7 10 7 6 7 8 10
2 3 6 7 9 9 12 8 6 6 0 5 7 5 5 6 8 8 7 10 10 12 12 10 7 7 5 6 9 6 5 6 8 9
2 3 6 7 9 8 11 8 6 6 0 5 6 5 5 6 8 8 8 9 11 12 12 10 8 7 6 7 9 6 5 6 8 9
2 3 6 7 9 9 11 8 6 6 0 5 7 5 5 6 8 8 7 10 11 12 13 10 8 7 6 6 9 6 5 6 8 10
2 3 6 8 9 9 12 8 7 7 0 5 7 5 6 7 9 9 8 11 11 12 13 10 8 7 6 7 9 7 6 7 9 11
2 3 6 7 9 8 12 8 6 6 0 5 7 5 5 6 8 8 7 10 11 12 13 10 7 7 5 6 8 6 5 6 8 9
2 3 7 8 9 9 12 8 7 6 0 5 7 6 6 6 8 9 8 10 11 12 12 10 8 7 6 7 9 7 6 7 8 11
2 3 6 7 9 8 12 8 6 6 0 5 7 5 5 6 9 9 7 9 10 12 13 10 8 7 6 7 9 6 5 6 8 9
2 3 5 6 8 9 11 7 6 5 0 4 6 5 5 6 8 8 7 9 10 12 12 10 7 6 5 6 9 6 5 6 7 8
2 3 5 6 8 8 11 7 6 5 0 5 6 5 5 6 8 8 7 9 10 11 12 9 7 6 5 6 8 5 5 6 7 9
2 3 6 6 9 8 11 8 6 6 0 5 6 5 5 7 8 8 7 9 11 12 13 10 7 7 5 6 8 6 5 6 7 9
2 3 6 7 8 8 12 7 6 6 0 5 6 5 5 7 8 8 7 9 10 11 12 9 7 6 5 6 8 6 5 6 8 10
2 3 6 6 8 8 11 7 6 6 0 4 6 5 5 6 8 8 7 9 10 11 12 9 7 7 5 6 8 6 5 6 7 9
2 3 6 6 9 8 11 7 6 6 0 4 6 5 5 6 9 9 7 9 10 11 12 9 7 7 5 6 8 6 5 6 8 9
2 3 6 7 9 9 11 8 6 6 0 5 7 5 6 7 9 9 8 9 11 12 12 10 7 7 5 7 9 6 5 7 8 9
2 3 6 6 9 8 11 8 7 6 0 5 7 5 6 7 9 9 7 9 10 12 12 10 9 8 6 7 9 6 5 7 8 9
2 3 6 7 8 8 11 8 6 5 0 4 7 5 5 7 9 9 7 9 10 12 12 9 7 6 5 6 9 6 5 7 8 9
2 3 5 6 9 8 10 8 6 6 0 5 7 5 5 6 8 8 7 9 10 12 12 9 7 7 5 7 9 6 5 6 8 8
2 3 5 6 8 8 10 7 6 5 0 5 7 5 5 7 9 8 7 9 10 12 12 8 7 6 5 6 8 6 5 7 9 9
2 3 5 7 9 9 11 7 6 6 0 5 7 5 5 7 8 8 7 9 10 11 13 9 7 7 5 7 8 6 5 7 8 8
2 3 6 6 8 7 9 7 6 5 0 4 6 5 5 6 8 8 7 9 10 11 11 8 7 6 5 6 8 6 5 6 7 8
2 3 6 6 8 7 10 7 6 5 0 4 6 5 5 6 8 8 7 10 10 10 11 8 7 6 5 6 8 6 5 6 7 8
2 3 6 7 8 8 10 7 6 6 0 5 7 5 5 7 8 8 8 10 10 10 12 9 7 6 5 6 8 6 5 7 9 12
2 3 6 7 9 8 10 8 6 6 0 5 7 6 6 7 9 10 8 9 11 11 11 8 7 6 5 7 9 7 5 7 8 9
2 3 6 7 9 8 11 8 6 5 0 5 7 5 6 7 8 9 7 9 11 11 13 9 7 6 5 7 9 6 5 7 8 9
2 3 6 6 8 8 10 8 6 5 0 5 7 5 6 7 8 8 7 9 10 11 12 9 7 6 5 7 9 6 5 7 8 9
2 3 6 7 9 8 10 8 6 6 0 5 7 6 6 7 9 9 8 10 11 10 12 9 8 7 6 7 9 7 5 7 9 10
2 3 7 7 9 9 11 8 6 6 0 6 8 6 6 7 9 9 8 10 11 11 12 9 7 7 6 7 9 7 6 7 8 9
2 3 7 7 9 9 12 9 8 8 0 7 9 7 7 8 9 9 8 10 11 12 13 10 9 8 7 8 10 8 7 9 9 10
2 3 6 6 8 8 11 8 6 6 0 5 7 5 6 7 8 8 8 10 10 11 11 9 7 6 5 7 8 6 5 7 8 9
2 3 6 6 8 8 10 7 6 6 0 5 7 5 6 7 8 8 8 9 10 10 12 8 7 7 6 7 9 6 5 7 8 9
2 3 6 7 9 8 10 8 6 6 0 5 7 6 6 7 9 9 8 10 10 10 12 9 8 7 6 7 9 7 6 8 9 10
2 3 6 7 8 8 10 8 7 6 0 5 7 6 6 7 9 9 8 10 10 10 14 9 8 7 6 7 9 7 6 8 9 10
2 3 6 6 8 7 10 7 6 6 0 5 7 5 6 7 9 8 8 9 10 10 12 8 8 7 6 7 9 6 5 8 9 10
2 3 6 6 8 8 10 8 7 6 0 5 7 6 6 7 9 8 8 9 10 10 12 9 8 7 6 7 9 7 6 7 9 10
2 3 6 6 8 7 9 7 6 6 0 5 7 5 6 7 8 8 8 9 10 10 11 8 7 7 6 7 9 6 5 7 9 10
2 3 6 6 8 7 10 7 6 6 0 5 7 6 6 7 8 8 8 9 10 10 12 8 7 7 6 7 9 6 5 7 9 10
2 3 6 6 9 8 10 8 6 6 0 6 7 6 6 7 9 8 8 9 10 11 12 8 8 7 6 7 10 7 6 8 9 10
2 3 7 7 9 8 10 7 6 6 0 6 7 6 6 7 8 8 8 10 10 10 11 8 8 7 6 7 9 7 6 8 9 10
2 3 6 6 8 7 9 7 6 6 0 5 7 6 6 7 8 8 8 9 9 9 11 8 7 7 6 7 9 7 6 8 9 10
2 3 6 6 8 7 9 7 6 6 0 5 6 5 6 7 8 8 8 9 9 9 11 8 7 6 5 7 8 6 5 7 8 10
2 3 5 6 8 7 9 7 6 5 0 4 6 5 5 6 8 7 7 9 9 9 10 8 7 6 5 6 8 5 5 7 8 9
2 3 5 6 8 7 9 7 6 5 0 4 6 5 5 6 8 7 7 8 9 9 11 8 7 6 5 7 9 6 5 7 8 9
2 3 6 6 8 7 9 7 6 5 0 4 6 5 5 6 8 8 8 9 9 9 12 8 7 6 5 6 8 6 5 7 8 9
2 3 6 6 8 7 9 7 6 5 0 4 6 5 5 6 8 8 8 9 9 9 11 8 7 6 5 6 8 6 5 7 8 9
2 3 6 6 8 7 9 7 6 6 0 5 6 5 6 7 9 9 8 9 9 9 11 8 7 7 5 7 8 6 5 7 9 10
2 3 6 6 8 7 9 6 5 5 0 5 6 5 5 7 8 8 8 9 9 9 10 8 7 6 5 6 8 6 5 7 9 10
2 3 6 6 8 7 9 7 6 5 0 5 6 5 6 7 9 8 8 9 9 8 10 8 7 6 5 6 8 6 5 7 9 10
2 3 6 6 8 7 9 7 5 5 0 4 6 5 6 7 9 8 7 9 9 8 10 8 7 6 5 6 8 6 5 7 9 11
2 3 6 6 8 7 10 7 6 6 0 5 6 5 6 7 9 8 7 9 9 8 11 8 7 6 5 6 8 6 5 7 9 10
2 3 6 6 8 7 10 7 6 6 0 5 7 5 6 7 9 9 7 9 11 9 11 7 7 7 6 7 8 6 5 7 9 12
2 3 5 6 7 7 9 6 5 5 0 4 6 5 5 7 9 8 7 9 9 9 10 7 7 6 5 6 8 6 5 7 8 9
2 3 6 6 8 8 11 7 6 6 0 5 7 6 6 7 8 8 8 9 9 9 13 8 7 6 5 7 8 6 6 7 8 9
2 3 6 6 8 7 9 7 6 6 0 5 6 5 6 7 8 8 7 9 9 9 11 7 8 7 6 7 8 6 5 7 8 9
2 3 5 5 7 7 9 6 5 5 0 4 6 5 5 6 8 8 7 8 8 8 10 7 6 6 5 6 7 5 5 7 8 9
2 3 5 6 8 7 10 6 6 5 0 5 6 5 6 7 9 8 7 9 9 9 10 7 7 6 5 6 7 5 5 7 8 9
2 3 5 5 7 7 9 6 5 5 0 4 6 5 5 6 8 8 7 9 8 9 10 7 6 6 5 6 7 5 5 7 8 9
2 3 5 5 7 7 9 6 5 5 0 4 5 4 5 6 9 8 7 9 8 9 10 7 6 6 5 6 7 5 5 6 8 9
2 3 6 6 7 7 9 7 6 6 0 5 6 5 6 7 10 9 8 9 8 9 10 7 7 6 5 6 8 6 5 7 8 10
2 3 5 5 7 7 9 6 5 5 0 4 5 4 5 7 9 8 7 8 8 9 10 7 6 5 4 5 7 5 4 6 8 10
2 3 5 6 7 7 9 6 5 5 0 4 6 5 5 6 8 8 7 8 8 9 10 7 6 5 4 5 7 5 5 6 7 9
2 3 5 5 7 7 9 6 5 5 0 4 5 4 5 6 8 8 7 8 8 8 10 7 6 5 4 5 7 5 4 6 7 9
2 3 5 5 7 7 9 6 5 5 0 4 5 4 5 6 8 7 6 8 8 8 10 7 6 5 5 5 7 5 5 6 7 8
2 3 5 5 7 7 9 6 5 5 0 4 5 4 5 6 8 7 6 7 8 8 10 7 5 5 4 5 7 5 4 6 7 8
2 3 5 6 7 7 9 6 5 5 0 4 5 5 5 6 8 7 6 8 8 9 10 7 6 5 4 5 7 5 5 6 7 8
2 3 5 5 7 7 9 6 5 5 0 4 5 5 5 6 8 7 6 8 8 8 10 7 6 5 4 5 7 5 5 6 7 8
2 3 5 5 7 7 9 6 5 5 0 4 5 5 5 6 8 7 6 8 8 8 10 7 6 5 4 5 7 5 5 6 7 8
2 3 5 5 7 6 9 6 5 5 0 4 6 5 5 6 7 7 6 8 8 7 9 7 6 5 5 6 7 6 5 6 7 7
2 3 5 5 7 6 8 6 5 5 0 5 6 5 5 6 8 8 7 8 7 7 9 7 6 6 5 6 8 6 5 6 7 8
2 3 5 5 7 6 8 6 5 5 0 4 5 4 5 6 7 7 6 8 7 7 9 7 6 6 5 6 7 6 4 6 6 7
2 3 5 5 6 6 8 6 5 5 0 4 5 5 5 6 7 7 6 7 7 7 9 7 6 6 5 6 7 5 5 6 7 7
2 3 5 5 7 6 8 6 5 5 0 4 6 5 5 6 7 8 6 7 7 7 9 7 6 6 5 6 7 6 4 6 7 8
2 3 5 5 7 6 8 6 5 5 0 4 6 5 5 6 8 8 6 7 8 7 9 7 6 6 5 6 7 6 5 6 7 8
2 3 5 5 7 6 8 6 5 5 0 4 6 5 5 6 7 7 6 8 7 7 9 7 6 6 5 6 8 6 5 6 6 7
2 3 5 5 7 6 8 6 5 5 0 4 6 5 5 6 7 8 6 8 8 7 9 7 6 6 5 6 7 6 5 6 6 8
2 3 5 5 7 6 8 6 5 5 0 4 6 5 5 6 7 8 6 8 7 7 10 7 6 6 5 6 8 6 5 6 7 8
2 3 5 5 7 6 9 6 5 5 0 4 6 5 5 6 7 7 6 8 8 7 9 7 6 6 5 6 8 6 4 5 6 7
2 3 5 5 7 6 9 6 5 5 0 4 6 4 5 6 7 7 6 7 7 7 9 7 6 5 4 6 8 6 4 6 7 7
2 3 5 5 7 6 9 6 5 5 0 4 6 4 5 6 7 8 6 8 7 7 9 7 6 5 5 6 8 6 4 6 7 8
2 3 5 5 7 6 9 6 5 5 0 4 6 5 5 6 7 7 6 7 7 7 10 7 6 6 5 6 8 6 5 6 7 8
2 3 5 5 7 6 8 6 5 5 0 4 6 5 5 6 7 7 6 7 7 7 9 7 6 5 5 6 8 6 5 6 7 8
2 3 5 5 7 8 9 7 6 6 0 5 6 6 6 8 8 8 6 7 7 8 10 7 7 6 6 6 8 6 6 7 7 8
2 3 6 6 8 7 10 7 6 6 0 5 7 5 5 7 8 8 7 9 8 8 10 7 7 6 5 7 9 6 5 6 8 9
2 3 5 6 7 7 9 6 5 5 0 4 6 5 5 6 7 8 6 8 8 8 9 7 6 6 5 6 8 6 5 6 7 8
2 3 5 6 7 7 9 6 5 5 0 4 6 5 5 6 8 8 6 7 7 8 10 7 6 6 5 6 8 6 5 6 7 8
2 3 5 5 7 7 10 6 6 6 0 4 6 5 5 6 8 8 7 8 8 8 9 7 7 6 5 6 8 6 5 6 7 9
2 3 5 5 7 7 9 6 5 5 0 4 6 4 5 6 7 7 6 7 7 8 9 7 6 6 5 6 7 5 5 6 7 8
2 3 5 5 7 7 9 6 5 5 0 4 6 5 5 6 8 8 7 8 7 8 9 7 6 6 5 6 7 6 4 6 7 8
2 3 5 5 7 7 9 6 5 5 0 4 6 5 5 6 8 8 6 7 7 8 9 7 6 6 5 6 7 6 5 6 7 8
2 3 5 5 7 7 10 7 5 5 0 4 6 5 5 6 8 8 7 8 7 8 11 8 6 6 5 6 8 6 5 6 7 8
2 3 5 5 7 7 9 6 5 5 0 4 6 5 5 6 7 7 6 7 7 8 9 6 6 5 5 6 8 6 5 6 7 8
2 3 5 5 7 7 9 6 5 5 0 4 6 4 5 6 8 8 7 8 7 8 9 7 6 6 5 6 8 6 4 6 7 8
2 3 6 6 8 7 10 6 5 5 0 5 6 5 5 7 8 8 7 8 8 9 11 7 6 6 5 6 8 6 5 6 7 8
2 3 5 6 7 7 10 6 5 5 0 4 6 5 5 6 8 8 7 8 8 8 9 7 6 6 5 6 8 6 5 6 7 8
2 3 5 5 8 7 10 7 5 5 0 4 6 5 5 7 8 8 7 8 8 9 10 7 6 6 5 7 8 6 5 7 8 8
2 3 5 6 8 7 9 6 5 5 0 4 6 5 5 7 8 8 7 8 8 8 9 7 6 6 5 6 8 6 5 6 8 8
2 3 5 5 8 7 9 7 5 5 0 5 6 5 5 7 8 8 7 8 8 8 9 7 6 6 5 6 8 6 5 6 8 8
2 3 5 5 7 7 9 6 5 5 0 4 6 4 5 6 8 7 6 7 8 8 9 6 6 5 5 6 8 6 5 6 7 8
2 3 5 6 8 7 9 6 5 5 0 4 6 5 5 6 8 8 6 8 8 8 10 7 6 5 5 6 8 6 5 6 7 8
2 3 6 6 8 7 9 6 5 5 0 4 6 5 5 6 8 8 7 9 8 8 9 7 6 5 5 6 8 6 5 6 7 8
2 3 5 6 7 7 9 6 5 5 0 5 6 5 5 6 8 8 6 8 8 8 9 7 6 5 5 6 8 6 5 6 8 8
2 3 5 6 7 7 10 6 5 5 0 4 6 5 5 6 8 8 7 8 8 9 10 7 6 6 5 6 8 6 5 6 7 8
2 3 6 6 8 8 10 7 5 5 0 5 7 5 5 6 8 7 7 8 8 9 10 7 6 6 5 6 8 6 5 6 7 7
2 3 5 6 8 8 10 7 6 5 0 5 7 5 5 6 8 7 7 9 9 9 10 7 7 6 5 6 8 6 5 6 7 7
2 3 6 7 8 8 9 7 6 6 0 5 7 6 6 7 9 8 7 9 9 10 11 8 7 7 6 7 9 7 6 7 8 8
2 3 5 6 8 7 9 7 6 5 0 4 6 5 5 6 8 8 7 8 8 8 10 7 6 6 5 6 8 6 5 6 7 8
2 3 5 6 8 7 9 7 5 5 0 4 6 5 5 6 8 8 7 8 8 9 10 7 7 6 5 6 8 6 5 6 7 8
2 3 6 6 8 7 9 7 6 5 0 5 6 5 5 6 8 8 7 9 8 9 10 7 7 6 5 6 8 6 5 6 7 8
2 3 5 6 8 7 9 7 5 5 0 5 6 5 5 7 8 8 7 8 9 9 11 7 7 6 5 6 8 6 5 6 7 8
2 3 6 6 8 9 11 7 6 5 0 5 6 5 6 7 8 8 7 8 10 10 12 8 7 6 5 6 8 6 5 6 7 8
2 3 5 6 8 7 10 6 5 5 0 4 6 5 5 6 8 8 7 8 9 9 11 7 6 6 5 6 8 6 4 6 7 8
2 3 5 6 8 7 10 6 5 5 0 4 6 5 5 6 8 8 6 8 9 9 10 7 6 5 5 6 7 5 4 6 7 7
2 3 5 6 8 7 9 6 5 5 0 4 6 5 5 6 8 7 6 8 9 9 10 7 6 5 5 6 7 5 5 6 7 7
2 3 5 6 8 8 12 7 6 5 0 5 6 5 5 6 8 8 6 8 9 10 11 7 7 6 5 6 7 6 5 6 7 7
2 3 6 6 8 7 9 7 5 5 0 5 6 5 5 6 8 8 7 8 9 9 10 7 6 6 5 6 8 6 5 6 7 7
2 3 5 6 8 7 9 6 5 5 0 4 6 5 5 6 7 7 7 8 9 9 11 7 6 6 5 6 7 6 5 6 7 7
2 3 5 6 8 7 9 7 5 5 0 5 6 5 5 6 8 7 6 8 9 9 10 7 6 6 5 6 8 6 5 6 7 7
2 3 6 7 8 7 9 7 6 5 0 5 6 5 5 6 8 8 7 8 10 9 11 7 6 6 5 6 7 6 5 6 7 8
2 3 5 6 8 7 9 6 5 5 0 4 5 5 5 6 7 7 6 8 9 9 10 7 6 6 5 6 7 5 4 6 7 7
2 3 5 6 8 7 9 7 5 5 0 4 5 4 5 6 8 8 7 8 9 9 11 7 6 6 5 6 7 5 4 6 7 8
2 3 5 6 8 7 9 6 5 5 0 5 6 5 5 5 7 7 6 7 9 9 11 7 6 6 5 6 7 5 5 6 6 7
2 3 5 6 8 7 9 6 5 5 0 4 5 4 5 6 7 7 6 7 9 9 11 7 7 6 5 6 7 5 4 6 6 7
2 3 5 6 8 7 9 7 5 5 0 4 5 5 5 6 7 7 6 7 9 9 10 7 6 6 5 6 6 5 4 6 6 7
2 3 5 6 8 7 9 6 5 5 0 4 5 4 5 5 7 7 6 7 9 9 10 7 6 6 5 6 7 5 4 6 6 7
2 3 6 6 8 7 9 7 5 5 0 4 5 4 5 6 7 7 6 8 9 9 11 8 6 6 5 6 7 5 5 6 7 8
2 3 5 6 8 7 9 7 5 5 0 4 5 4 5 5 7 7 6 8 9 9 11 7 6 6 5 6 7 5 4 6 7 7
2 3 5 6 8 7 9 6 5 5 0 4 5 4 5 5 7 7 6 8 9 9 11 7 6 6 5 6 7 5 4 6 6 7
2 3 6 7 8 7 9 7 5 5 0 4 5 4 5 5 7 7 7 9 9 9 10 7 6 6 5 6 7 5 4 5 6 7
2 3 5 6 8 7 9 6 5 5 0 4 5 4 5 5 6 7 6 7 9 9 10 7 6 6 5 6 7 5 4 5 6 7
2 3 5 6 8 8 9 7 6 6 0 4 5 4 5 5 7 7 6 7 9 10 11 7 7 6 5 6 7 5 4 6 7 8
2 3 5 6 8 7 8 7 6 5 0 5 6 5 5 5 7 7 6 7 9 9 10 7 6 6 5 6 7 5 5 5 7 7
2 3 5 6 8 7 8 6 5 5 0 4 5 5 5 6 7 7 6 7 9 9 10 7 6 6 5 5 6 5 5 6 7 8
2 3 6 7 8 7 8 6 6 5 0 4 6 5 5 6 8 8 8 9 9 9 10 7 6 6 5 6 8 6 5 6 8 9
2 3 5 6 7 7 9 6 6 5 0 4 5 4 5 5 6 7 6 7 9 9 10 7 6 6 5 6 7 5 4 5 7 7
2 3 5 6 7 7 9 6 5 5 0 4 5 4 5 5 7 7 6 7 9 9 10 7 6 5 4 6 6 5 4 5 6 8
2 3 6 6 8 7 9 6 5 5 0 4 6 5 5 6 7 7 6 8 9 9 10 7 6 6 5 6 7 5 4 6 6 7
2 3 6 6 8 7 8 6 5 5 0 4 5 4 5 5 7 7 7 8 8 9 9 7 6 5 5 6 7 5 4 5 7 7
2 3 7 7 8 7 9 7 5 5 0 5 6 5 5 6 7 8 8 9 9 9 10 7 6 6 5 6 7 6 5 6 7 8
2 3 6 6 8 7 9 6 5 5 0 4 5 5 5 6 7 7 7 8 9 9 10 7 6 6 5 6 7 5 4 5 7 8
2 3 6 6 8 7 9 7 6 5 0 5 6 5 5 6 7 8 7 8 9 10 10 7 7 6 5 6 7 6 5 6 7 8
2 3 6 6 8 7 9 6 6 5 0 5 6 5 5 6 7 7 7 8 8 9 10 7 6 6 5 6 7 6 5 6 7 8
2 3 6 6 8 7 8 7 6 5 0 5 6 5 5 6 7 8 7 8 9 9 10 7 7 6 5 6 7 6 5 6 8 8
2 3 5 6 7 6 8 6 5 5 0 4 5 5 5 6 6 7 7 8 8 9 10 7 6 6 5 6 7 5 5 5 6 7
2 3 6 6 8 7 8 6 6 5 0 4 6 5 5 6 7 7 7 8 8 9 10 7 6 6 5 6 7 6 5 6 6 7
2 3 5 6 8 6 8 6 5 5 0 4 5 4 5 5 6 7 7 8 8 9 10 7 6 5 4 6 7 5 4 5 6 7
2 3 6 6 7 7 8 6 5 5 0 4 5 4 5 6 6 7 7 8 8 9 10 7 6 5 5 6 7 5 4 5 6 7
2 3 6 6 8 7 9 6 5 5 0 4 5 4 5 6 6 7 7 8 8 9 9 7 6 5 5 6 7 5 4 5 6 7
2 3 5 6 8 7 8 6 5 5 0 4 5 4 5 6 6 7 7 8 9 9 9 7 6 6 5 6 7 5 4 5 6 7
2 3 6 6 8 7 9 6 5 5 0 4 5 5 5 6 6 7 7 8 8 9 10 7 6 6 5 6 7 5 5 5 6 7
2 3 6 6 8 7 8 6 5 5 0 4 5 5 5 6 7 7 7 8 8 8 9 7 6 6 5 6 7 5 5 5 7 7
2 3 6 6 8 7 8 6 5 5 0 4 5 4 5 6 7 7 7 9 8 8 9 7 6 5 4 6 7 5 4 5 6 7
2 3 5 6 7 6 8 6 5 5 0 4 5 4 5 6 7 7 6 8 8 8 9 6 6 5 4 6 6 5 4 5 6 7
2 3 5 6 7 6 8 6 5 5 0 4 5 4 5 6 7 7 7 8 8 8 9 7 6 5 4 6 7 5 4 5 7 8
2 3 5 6 7 7 8 6 5 5 0 4 5 4 5 6 7 7 7 8 8 8 9 7 6 5 5 6 6 5 4 5 7 8
2 3 5 6 7 6 8 6 5 5 0 4 5 4 5 6 7 7 7 8 8 8 9 7 6 6 5 6 6 5 4 6 7 7
2 3 5 6 7 6 8 6 5 5 0 4 5 4 5 6 7 7 6 8 8 8 9 6 6 5 4 6 6 5 4 5 6 7
2 3 5 6 7 6 8 6 5 5 0 4 5 4 5 6 6 7 6 8 8 8 9 7 6 5 4 5 6 5 4 5 6 6
2 3 5 6 7 6 8 6 5 5 0 4 5 4 5 6 7 7 7 8 8 8 9 7 6 6 5 6 6 5 4 5 6 7
2 3 6 6 7 7 8 6 5 5 0 4 5 5 5 6 7 7 7 8 8 8 9 7 6 6 5 6 6 5 5 6 6 7
2 3 5 6 8 7 8 6 5 5 0 4 5 4 5 6 6 7 7 8 8 8 9 7 6 5 5 6 7 5 4 5 6 7
2 3 6 7 8 6 9 6 5 5 0 4 5 4 5 6 6 7 7 9 8 8 9 7 6 6 5 6 6 5 4 6 6 7
2 3 5 6 7 6 8 6 5 5 0 4 5 4 5 6 7 7 6 8 7 7 9 6 6 6 5 6 6 5 4 5 6 7
2 3 5 6 7 6 8 6 5 5 0 4 5 4 5 6 7 7 6 8 8 7 9 7 6 6 5 6 7 5 4 6 6 7
2 3 5 5 6 6 7 6 5 4 0 4 5 4 4 5 6 6 6 8 7 7 8 6 6 5 4 5 6 5 4 5 6 7
2 3 4 5 6 6 8 6 5 4 0 4 5 4 4 5 6 6 5 7 7 7 9 6 5 5 4 5 6 5 4 5 6 6
2 3 4 5 6 6 8 6 5 4 0 4 5 4 4 5 6 6 5 7 7 7 9 6 5 5 4 5 6 4 4 5 5 6
2 3 4 5 7 6 8 6 5 4 0 4 5 4 4 5 7 6 5 7 7 7 9 6 6 5 4 5 6 5 4 5 6 6
2 3 4 5 6 6 8 6 4 4 0 4 5 4 4 5 7 6 5 7 7 7 9 6 5 5 4 5 6 5 4 5 6 7
2 3 5 5 7 6 8 6 5 4 0 4 5 4 4 5 6 6 5 7 8 7 9 6 6 5 4 5 6 5 4 5 6 6
2 3 5 5 7 6 8 6 5 4 0 4 5 4 4 5 7 6 5 7 7 7 9 7 5 5 4 5 6 5 4 5 6 6
2 3 5 5 7 6 8 7 5 5 0 4 5 4 5 6 7 6 6 7 8 8 9 6 6 5 4 5 6 5 4 6 7 7
2 3 5 5 7 6 8 6 5 4 0 4 5 4 4 5 7 7 6 8 8 7 9 7 6 5 4 5 7 5 4 5 6 7
2 3 5 6 7 6 9 6 5 5 0 4 5 4 4 6 8 7 6 8 8 8 10 6 6 5 4 6 7 5 4 5 7 7
2 3 5 5 7 6 8 6 5 4 0 4 5 4 4 5 7 7 6 7 8 8 11 6 6 5 4 5 6 5 4 5 6 7
2 3 5 5 8 7 9 7 5 5 0 4 5 4 5 6 7 7 6 7 8 8 10 7 5 5 4 6 7 5 4 5 6 7
2 3 5 5 7 6 8 6 5 5 0 4 5 4 5 6 7 7 6 7 9 8 10 7 6 5 4 5 6 5 4 5 7 8
2 3 5 6 8 7 9 7 6 6 0 4 5 4 5 6 8 7 6 8 8 9 10 7 6 6 5 6 7 5 5 6 7 8
2 3 5 5 7 6 8 6 5 5 0 4 5 4 5 6 7 7 6 7 8 8 10 7 6 5 4 5 6 5 4 5 7 8
2 3 5 5 8 6 8 6 5 5 0 4 5 4 5 6 7 7 6 8 8 8 10 7 6 5 4 5 7 5 4 6 6 7
2 3 5 5 7 6 8 6 5 5 0 4 5 4 5 6 7 7 6 7 8 8 10 7 6 5 4 5 6 5 4 5 7 7
2 3 5 6 8 6 8 7 5 5 0 4 5 4 5 6 7 7 6 8 9 8 11 7 6 6 5 6 7 5 4 6 7 8
2 3 5 5 7 6 8 7 5 5 0 4 5 4 5 6 7 7 6 7 9 8 10 7 6 5 4 5 6 5 4 5 7 8
2 3 6 6 7 6 8 6 5 5 0 4 5 5 5 6 7 7 6 8 8 8 10 7 6 5 4 5 7 5 5 6 7 7
2 3 5 5 7 6 8 7 5 5 0 4 5 4 5 6 7 7 6 8 9 8 11 7 6 5 4 5 7 5 4 5 6 7
2 3 5 6 7 6 9 7 5 5 0 4 5 4 5 6 7 7 6 8 9 8 11 8 6 5 4 5 7 5 4 5 6 7
2 3 5 6 7 6 8 7 5 5 0 4 5 4 5 6 7 7 6 8 8 8 10 7 6 5 4 5 7 5 4 6 7 7
2 3 5 6 7 7 9 7 5 5 0 4 6 4 5 6 7 7 6 7 9 8 11 7 6 5 4 5 7 5 4 6 7 7
2 3 5 6 7 6 9 7 5 5 0 4 5 4 5 6 8 7 6 7 9 8 11 7 6 5 4 5 7 5 4 6 7 7
2 3 5 6 7 6 9 7 5 5 0 4 5 4 5 6 7 7 7 8 9 8 11 7 5 5 4 5 7 5 4 6 7 8
2 3 5 6 7 6 8 7 5 5 0 4 5 4 4 6 8 7 6 7 8 8 10 7 5 5 4 5 7 5 4 6 6 8
2 3 5 5 7 6 8 6 5 5 0 4 5 5 5 6 7 7 6 8 9 8 10 7 5 5 4 5 7 5 5 6 6 7
2 3 5 6 7 6 8 6 5 5 0 4 5 5 5 6 7 7 6 8 9 8 10 7 5 5 4 5 7 5 5 6 6 7
2 3 5 6 7 6 8 6 5 5 0 4 5 4 4 6 7 7 7 8 8 8 10 7 5 5 4 5 6 5 4 6 6 7
2 3 5 6 7 7 8 6 5 5 0 4 5 4 5 6 7 7 7 8 9 8 10 6 5 5 4 5 7 5 4 6 7 7
2 3 5 6 7 7 8 6 5 5 0 4 5 4 5 6 7 7 6 8 8 8 10 6 5 5 4 5 7 5 5 6 7 7
2 3 5 6 7 6 9 6 5 5 0 4 5 5 5 6 7 7 6 8 8 8 10 7 6 5 5 5 8 6 5 6 7 8
2 3 5 6 7 6 8 6 5 5 0 4 5 4 5 6 7 7 7 8 8 8 10 6 5 5 4 5 6 5 4 6 6 7
2 3 5 6 7 6 8 6 5 5 0 4 5 4 5 6 7 7 6 8 8 8 10 6 5 5 4 5 6 5 4 6 6 7
2 3 6 6 7 6 8 7 6 5 0 4 5 4 5 6 7 7 7 9 9 8 10 7 6 6 4 5 6 5 4 6 7 7
2 3 5 6 7 6 8 6 5 5 0 4 5 4 5 6 7 7 7 8 8 8 9 7 5 5 4 5 7 5 4 6 7 7
2 3 5 6 7 6 8 6 5 5 0 4 5 4 5 6 7 7 6 8 8 8 10 6 5 5 4 5 6 5 4 6 6 7
2 3 5 6 7 6 8 6 5 5 0 4 5 4 5 6 7 7 6 8 8 8 9 6 5 5 4 5 6 5 4 6 6 7
2 3 5 6 7 7 8 6 5 5 0 4 5 4 5 6 7 7 6 8 8 8 9 6 6 5 4 6 7 5 4 6 6 7
2 3 5 6 7 6 8 6 5 5 0 4 5 4 5 6 7 7 7 8 8 8 9 6 6 5 4 5 7 5 4 6 7 7
2 3 6 7 8 7 9 7 6 5 0 5 6 5 6 8 9 8 7 8 9 10 10 9 7 6 6 6 7 6 6 7 7 7
2 3 5 5 7 6 8 6 5 5 0 4 5 4 5 6 7 7 6 7 8 7 9 6 6 5 4 5 6 5 4 6 6 6
2 3 5 6 7 6 8 6 5 4 0 4 5 4 4 6 7 7 6 8 8 7 9 6 5 5 4 5 6 5 4 6 6 6
2 3 5 6 7 6 8 6 5 4 0 4 5 4 4 6 7 7 6 8 8 8 9 6 5 5 4 5 6 5 4 5 6 6
2 3 5 6 7 6 7 5 5 5 0 4 5 4 4 6 7 6 6 8 7 7 8 6 5 5 4 5 6 5 4 5 6 6
2 3 5 6 7 6 8 5 5 4 0 4 5 4 4 5 7 6 6 8 7 7 8 6 5 5 4 5 6 5 4 5 6 6
2 3 6 6 7 6 7 6 5 5 0 4 6 4 5 6 7 7 7 8 8 7 8 6 5 5 4 5 7 5 4 6 7 7
2 3 5 5 6 6 8 5 5 5 0 4 5 5 5 6 7 7 6 7 7 8 8 6 5 5 4 5 6 5 5 6 7 7
2 3 5 5 7 6 8 5 5 4 0 4 5 4 5 6 7 7 6 7 7 7 8 6 5 5 4 5 7 5 4 6 7 7
2 3 5 6 7 6 8 5 5 5 0 4 6 5 5 6 7 7 6 7 8 8 8 6 6 5 5 6 6 5 5 6 7 7
2 3 5 5 7 6 8 5 5 4 0 4 5 4 5 6 7 7 6 7 7 7 8 6 5 5 4 5 6 5 4 6 7 7
2 3 5 5 7 6 8 5 4 4 0 4 5 4 4 5 7 6 6 7 7 7 8 6 5 5 4 5 6 5 4 5 6 6
2 3 5 5 6 6 8 5 5 4 0 4 5 4 4 5 7 6 6 7 7 8 8 6 5 5 4 5 6 5 4 5 7 6
2 3 5 5 6 6 7 5 5 4 0 4 5 4 4 5 7 6 6 7 7 7 8 6 5 5 4 5 6 5 4 6 7 6
2 3 5 6 7 6 8 5 5 4 0 4 5 5 5 5 7 7 6 7 9 7 8 6 6 5 4 5 6 5 4 5 7 7
2 3 5 5 7 6 7 5 4 4 0 4 5 4 4 5 7 7 6 7 7 7 8 6 5 5 4 5 6 5 4 5 7 7
2 3 5 5 7 6 7 5 4 4 0 4 5 4 4 5 7 7 6 7 7 7 7 6 5 5 4 5 6 5 4 5 7 6
2 3 5 5 6 5 7 5 4 4 0 4 5 4 4 5 6 6 6 7 7 7 7 6 5 5 4 5 7 5 4 5 6 6
2 3 4 5 6 5 7 5 4 4 0 4 5 4 4 5 6 6 5 7 7 7 7 5 5 5 4 5 6 5 4 5 6 6
2 3 5 5 6 6 7 5 4 4 0 4 5 4 4 5 6 7 6 7 7 7 7 6 5 5 4 5 6 5 4 5 6 6
2 3 4 5 6 5 7 5 4 4 0 4 5 4 4 5 7 7 6 7 7 7 7 5 5 5 4 5 6 4 4 5 6 7
2 3 5 5 6 6 7 5 4 4 0 4 5 4 4 5 7 7 5 6 7 7 8 5 5 5 4 5 6 5 4 5 6 7
2 3 4 5 6 5 6 5 4 4 0 4 5 4 4 5 6 6 5 6 7 7 7 5 5 5 4 5 6 4 4 5 6 6
2 3 5 5 6 5 6 5 4 4 0 4 5 4 4 5 7 7 6 7 7 7 7 6 5 5 4 5 6 5 4 5 7 7
2 3 4 5 6 5 6 5 4 4 0 4 5 4 4 5 6 6 5 7 7 7 7 5 5 4 4 5 6 4 4 5 6 6
2 3 4 5 6 5 6 5 4 4 0 4 5 4 4 5 6 6 5 7 6 6 7 5 5 4 4 4 6 4 4 5 6 6
2 3 4 5 6 6 7 5 4 4 0 4 5 4 4 5 6 6 5 7 6 7 8 5 5 4 4 4 6 4 4 5 6 6
2 3 4 5 6 5 7 5 4 4 0 3 5 4 4 5 6 6 5 7 6 6 8 6 5 5 4 5 6 5 4 5 6 6
2 3 5 6 7 6 8 6 5 4 0 4 5 5 5 6 7 7 6 7 8 8 10 7 5 5 5 5 7 5 5 6 7 7
2 3 4 4 6 5 6 4 4 4 0 3 4 3 4 5 6 6 5 7 6 7 7 5 4 4 4 4 6 4 3 4 6 6
2 3 4 4 6 5 6 4 4 4 0 3 4 3 4 5 6 6 5 7 6 6 7 5 4 4 3 4 6 4 3 4 6 6
2 3 4 4 5 5 6 4 4 4 0 3 5 3 4 5 6 6 5 6 6 6 7 5 4 4 3 4 6 4 4 5 6 6
2 3 4 4 5 5 6 4 4 4 0 3 5 4 4 6 7 7 5 6 7 6 7 5 4 4 3 4 6 4 4 6 6 6
2 3 4 4 6 5 6 5 4 4 0 3 5 4 4 6 7 7 5 7 6 7 7 5 5 4 4 4 6 4 4 5 6 7
2 3 4 4 6 5 7 5 4 4 0 3 5 4 4 6 7 7 6 7 6 7 7 5 5 4 4 5 7 5 4 5 7 7
2 3 5 5 6 6 7 5 4 5 0 4 5 4 5 6 8 7 6 7 7 7 8 6 5 4 4 5 6 5 5 6 8 8
2 3 4 4 5 5 6 5 4 4 0 3 4 3 4 5 7 6 5 6 6 6 7 5 4 4 3 4 6 4 4 5 6 7
2 3 4 4 5 5 6 5 4 4 0 3 5 4 4 5 7 6 5 6 6 6 7 5 4 4 3 4 6 4 4 5 6 7
2 3 4 4 5 5 6 5 4 4 0 3 5 4 4 6 7 7 5 6 6 6 7 5 4 4 3 4 6 4 4 5 6 6
2 3 4 4 5 5 6 5 4 4 0 3 4 3 4 6 7 7 5 7 6 6 7 5 4 4 3 4 6 4 4 5 6 7
2 3 4 5 6 5 6 5 4 4 0 3 5 4 4 6 8 8 5 7 6 7 7 5 5 4 4 4 6 4 4 5 7 7
2 3 5 5 6 5 6 5 4 4 0 3 5 4 4 6 9 8 6 8 7 7 7 5 5 4 4 5 7 5 4 6 7 7
2 3 5 5 6 6 6 5 4 4 0 4 5 4 5 6 8 7 6 7 8 7 8 5 5 5 4 5 7 5 4 5 6 7
2 3 5 5 7 6 7 6 5 5 0 4 5 4 5 6 8 8 6 7 8 7 8 6 5 5 4 5 7 5 4 6 7 7
2 3 5 5 6 6 7 5 4 4 0 3 6 4 4 6 8 8 6 8 7 7 7 5 5 4 4 5 9 5 4 6 7 7
2 3 5 5 6 6 7 5 4 5 0 4 6 4 5 6 8 8 6 8 7 7 7 5 5 5 4 5 9 5 4 6 7 7
2 3 5 5 6 6 7 5 4 5 0 4 6 4 5 7 9 8 6 8 7 7 7 6 5 5 4 5 9 6 5 6 7 8
2 3 5 5 7 6 7 5 5 5 0 4 6 4 5 7 9 8 6 8 7 7 8 6 5 5 4 5 8 6 5 6 7 8
2 3 5 5 6 5 7 5 5 4 0 4 6 4 5 7 9 8 6 7 7 6 7 5 5 5 4 5 8 5 4 6 7 7
2 3 5 5 6 5 7 5 5 4 0 4 6 4 5 7 9 8 6 8 7 7 8 5 5 5 4 5 8 5 4 6 7 7
2 3 5 5 6 6 7 5 4 4 0 4 6 4 5 7 8 8 6 8 7 7 8 6 5 5 4 5 8 5 4 6 7 7
2 3 5 5 6 6 7 5 5 5 0 4 6 4 5 7 9 9 7 8 8 7 8 6 5 5 4 5 9 6 4 6 7 8
2 3 5 6 7 6 8 5 5 5 0 4 7 4 5 6 8 8 7 8 8 7 9 6 5 5 4 5 9 6 4 6 7 7
2 3 5 5 7 6 8 5 5 4 0 4 6 4 5 7 8 8 6 7 7 7 8 6 5 5 4 5 9 6 4 6 7 8
2 3 5 5 7 6 7 5 5 5 0 4 6 4 5 7 8 8 6 7 7 7 8 6 5 5 4 6 9 6 4 6 7 8
2 3 5 5 7 6 7 5 5 5 0 4 6 4 5 7 8 8 6 7 7 7 8 6 5 5 4 6 9 6 4 6 7 7
2 3 5 5 7 6 7 5 5 4 0 4 6 5 5 7 8 9 6 8 7 7 8 6 5 5 4 5 9 6 5 6 7 8
2 3 5 5 6 6 8 5 4 4 0 4 6 4 5 7 9 9 7 8 7 7 8 6 5 5 4 5 8 6 4 6 7 7
2 3 5 5 7 6 7 5 4 4 0 4 6 4 5 6 8 8 6 8 7 7 8 6 5 5 4 5 9 6 4 6 7 7
2 3 5 5 7 6 7 5 4 4 0 4 6 4 5 6 9 9 6 8 7 7 8 6 5 5 4 5 8 6 4 6 7 7
2 3 5 5 6 6 7 5 5 5 0 4 6 4 5 6 8 8 6 8 7 7 8 6 5 5 4 5 8 6 4 6 7 7
2 3 5 6 7 7 8 6 5 5 0 4 6 4 5 6 8 8 7 8 8 8 8 6 6 5 5 5 9 6 4 6 6 7
2 3 5 5 7 6 7 5 5 5 0 4 6 4 5 6 8 8 6 8 7 7 8 6 5 5 4 5 8 6 4 6 7 7
2 3 5 6 7 6 8 6 5 5 0 4 6 5 5 6 8 8 6 8 7 7 9 6 5 5 4 5 9 6 5 6 6 7
2 3 5 6 7 6 7 5 5 5 0 4 6 4 5 6 8 8 7 8 7 7 8 6 5 5 4 5 9 6 4 6 7 7
2 3 5 6 7 6 7 5 5 5 0 4 6 5 5 6 8 8 7 8 7 7 8 6 5 5 4 6 9 6 5 6 7 7
2 3 5 6 7 6 7 5 5 5 0 4 6 5 5 6 8 8 7 8 7 7 8 6 5 5 4 5 9 6 5 6 6 7
2 3 5 5 7 6 7 5 5 5 0 4 6 4 5 6 8 9 7 8 8 7 8 6 5 5 4 5 9 6 4 6 7 7
2 3 5 6 7 6 7 5 5 5 0 4 6 5 5 6 7 7 6 8 7 7 8 6 5 5 4 5 9 6 4 5 6 7
2 3 5 6 7 6 7 5 5 5 0 4 6 5 5 6 8 8 7 8 7 6 8 6 5 5 4 5 9 6 5 6 6 7
2 3 5 5 7 6 8 5 5 5 0 4 6 4 5 6 7 8 6 7 7 6 9 6 5 5 4 5 8 6 4 5 6 7
2 3 5 5 7 6 7 5 5 4 0 4 6 4 4 6 7 7 6 7 7 7 8 6 5 5 4 5 8 6 4 5 6 7
2 3 5 6 7 6 8 5 5 4 0 4 7 4 4 6 7 8 6 8 7 6 8 6 5 5 4 5 12 7 4 5 6 7
2 3 5 5 6 5 7 5 4 4 0 4 5 4 4 6 7 7 6 7 6 6 8 6 5 4 4 5 7 5 4 5 6 6
2 3 5 5 6 5 7 5 4 4 0 4 5 4 4 6 7 7 5 7 6 6 8 5 5 4 4 5 7 5 4 5 5 6
2 3 4 5 6 6 7 5 4 4 0 4 5 4 4 5 7 7 6 7 6 7 8 5 4 4 4 4 6 5 4 5 6 6
2 3 4 5 6 6 7 5 4 4 0 4 5 4 4 5 7 7 5 7 6 7 8 6 5 4 4 5 7 5 4 5 6 6
2 3 4 5 6 6 7 5 4 4 0 3 5 4 4 5 7 7 5 7 6 6 8 5 5 4 3 4 6 5 4 5 5 6
2 3 4 5 6 5 7 5 4 4 0 4 5 4 4 6 8 7 6 7 6 6 8 6 5 4 4 5 7 5 4 5 6 7
2 3 4 4 6 5 7 5 4 4 0 3 5 4 4 5 7 6 5 7 7 6 7 5 4 4 3 4 6 4 4 5 5 6
2 3 5 5 6 6 7 5 4 4 0 4 5 4 5 5 7 7 6 8 7 6 7 6 5 4 4 5 6 5 4 5 6 6
2 3 4 5 6 6 7 5 4 4 0 3 5 4 4 5 7 6 5 7 6 6 7 5 5 4 4 5 6 4 4 5 5 6
2 3 5 5 7 6 7 5 5 5 0 4 5 4 4 5 7 6 5 7 7 6 7 6 5 5 4 5 7 5 4 5 6 6
2 3 4 5 6 5 7 5 4 4 0 3 5 4 4 5 7 6 5 7 7 6 7 6 5 4 4 5 6 4 4 5 5 6
2 3 4 5 6 5 7 5 4 4 0 3 5 4 4 5 7 6 5 7 7 6 7 5 5 4 4 5 6 4 4 5 5 6
2 3 5 5 6 6 7 5 4 4 0 3 5 4 4 6 8 8 6 7 7 7 8 6 5 5 4 5 6 5 4 5 6 6
2 3 4 5 6 5 6 5 4 4 0 4 5 4 4 5 6 6 5 7 6 6 7 5 5 4 3 4 6 4 4 5 5 6
2 3 4 5 6 5 7 5 4 4 0 4 5 4 4 5 6 6 5 7 6 7 8 5 5 4 3 4 6 4 4 5 5 5
2 3 4 5 6 5 6 5 4 4 0 3 4 3 4 4 6 5 5 7 6 6 7 5 4 4 3 4 6 4 3 4 5 5
2 3 5 5 6 6 8 5 4 4 0 4 5 4 4 5 5 6 6 8 7 6 7 5 5 4 4 5 7 5 4 4 5 5
2 3 4 4 5 5 6 4 4 4 0 3 4 3 3 4 5 5 5 6 6 6 7 5 4 4 3 4 6 4 3 4 5 5
2 3 5 5 5 5 7 5 4 4 0 3 5 4 4 5 6 6 6 7 6 6 7 5 5 4 4 4 5 4 4 5 6 6
2 3 4 4 5 5 7 5 4 4 0 3 4 3 3 4 5 5 5 6 6 6 7 5 5 4 3 4 5 4 3 4 5 5
2 3 4 4 5 5 6 5 4 4 0 3 4 3 3 4 5 5 5 6 6 6 7 5 4 4 3 4 5 4 3 4 5 5
2 3 4 4 6 5 7 5 4 4 0 3 4 3 3 4 6 7 5 6 6 6 7 5 4 4 3 4 5 4 3 4 5 5
2 3 4 4 5 5 7 5 4 4 0 4 5 4 4 4 5 5 5 6 6 6 7 5 5 5 4 4 5 4 3 4 5 5
2 3 4 5 5 5 7 5 4 4 0 4 4 4 3 4 5 5 5 7 6 6 8 6 5 4 4 4 5 4 3 4 5 5
2 3 4 4 5 5 6 4 4 4 0 3 4 3 3 4 5 5 5 6 6 6 7 5 4 4 3 4 5 4 3 4 5 5
2 3 4 4 5 5 7 4 4 4 0 3 4 4 4 4 5 5 5 7 6 6 9 5 5 4 4 4 5 4 4 4 5 5
2 3 4 4 5 5 6 4 4 4 0 3 4 3 3 4 5 4 5 6 6 6 7 5 4 4 3 4 5 4 3 4 5 5
2 3 4 4 5 5 6 4 4 4 0 3 4 3 3 4 5 4 5 6 6 6 7 5 4 4 3 4 5 4 3 4 5 5
2 3 4 4 5 5 6 5 4 4 0 3 4 3 4 4 5 5 5 6 6 6 7 5 4 4 3 4 5 4 3 4 5 5
2 3 4 5 6 5 6 5 4 4 0 3 4 4 4 4 6 6 5 6 6 6 8 5 5 4 4 4 6 4 4 5 5 5
2 3 4 4 5 5 6 5 4 4 0 3 4 3 3 4 5 5 5 6 6 6 7 5 4 4 3 4 6 4 3 4 5 5
2 3 4 5 5 5 6 5 4 4 0 3 5 4 4 5 6 5 5 7 6 6 7 5 5 4 4 5 6 4 4 5 6 6
2 3 4 4 5 5 6 4 4 4 0 3 4 4 4 4 6 5 5 6 6 6 7 5 5 4 4 4 6 4 3 5 5 5
2 3 4 4 6 5 6 4 4 4 0 3 4 3 4 4 6 6 5 6 6 6 7 5 4 4 3 4 5 4 3 5 6 5
2 3 4 4 5 5 6 5 4 4 0 4 4 4 4 4 6 5 5 6 6 6 7 5 4 4 4 4 5 4 4 5 6 5
2 3 4 4 5 5 6 4 4 4 0 3 4 4 4 5 6 6 5 6 6 6 7 5 5 4 4 4 5 4 4 5 6 6
2 3 4 4 6 5 6 4 4 4 0 3 4 3 4 4 6 6 5 6 6 6 8 5 4 4 4 5 6 4 3 5 6 6
2 3 4 5 6 5 8 5 4 4 0 3 4 3 4 5 6 7 5 6 6 6 9 5 5 5 4 5 6 4 3 5 6 6
2 3 4 4 6 5 7 5 4 4 0 3 5 3 4 5 6 6 5 7 6 6 7 5 5 4 4 5 6 4 3 5 6 6
2 3 4 5 6 5 7 5 4 4 0 3 5 4 4 5 6 6 5 7 6 6 7 5 5 4 4 5 6 4 3 5 6 6
2 3 4 5 5 5 7 5 4 4 0 3 5 4 4 5 6 6 5 7 6 6 7 5 5 5 4 5 6 4 4 5 6 6
2 3 4 5 6 6 7 5 5 4 0 4 4 4 4 5 6 6 6 6 7 7 9 6 5 5 4 5 6 4 4 5 6 7
2 3 4 4 5 5 7 5 4 4 0 3 4 4 4 5 6 6 5 6 6 6 8 5 5 4 4 4 6 4 4 5 6 6
2 3 4 4 6 5 7 5 4 4 0 4 5 4 4 5 7 7 5 6 6 6 7 5 5 4 4 5 6 4 4 5 7 7
2 3 5 5 6 5 7 5 4 4 0 4 5 4 4 5 6 6 6 7 6 6 7 5 5 5 4 5 6 5 4 5 6 7
2 3 5 5 5 5 7 5 4 4 0 4 5 4 4 5 7 7 5 7 6 6 8 5 5 5 4 5 6 5 4 5 6 7
2 3 4 5 6 5 7 5 4 4 0 4 5 4 4 5 7 7 6 7 6 6 8 5 5 5 4 5 6 4 4 5 7 7
2 3 5 5 6 6 8 5 4 4 0 4 5 4 4 5 7 6 5 7 6 7 8 6 5 4 4 5 6 4 4 5 6 6
2 3 5 5 6 6 8 5 4 4 0 4 5 4 4 5 7 7 6 7 6 6 8 6 5 4 4 5 6 5 4 5 6 7
2 3 4 5 6 5 7 5 4 4 0 4 5 4 4 5 6 6 5 7 7 6 8 5 5 4 4 5 6 5 4 5 6 6
2 3 4 5 5 5 7 5 4 4 0 3 5 4 4 5 6 6 5 7 6 6 8 5 5 4 4 5 6 4 4 5 6 7
2 3 4 4 6 5 7 5 4 4 0 4 5 4 4 5 7 6 6 7 6 6 8 6 5 5 4 5 6 4 4 5 6 6
2 3 4 5 5 5 7 5 4 4 0 4 5 4 4 5 6 6 6 7 6 6 8 6 5 5 4 5 6 5 4 5 6 6
2 3 5 5 6 5 7 5 5 4 0 4 5 4 5 6 7 7 6 7 7 7 8 6 5 5 4 5 7 5 4 6 6 7
2 3 5 5 6 5 8 6 5 5 0 5 6 5 5 6 7 7 6 7 7 7 8 6 6 5 5 5 7 5 5 6 7 7
2 3 5 5 6 5 7 5 5 4 0 4 5 4 4 5 7 7 6 7 6 6 8 6 5 5 4 5 6 5 4 5 6 6
2 3 5 5 5 5 8 5 4 4 0 4 5 4 4 5 7 7 5 7 6 6 8 6 5 5 4 5 6 5 4 5 6 6
2 3 4 4 5 5 8 5 5 4 0 4 5 4 4 5 7 6 6 7 6 6 8 6 5 5 4 5 6 5 4 5 6 6
2 3 4 4 5 5 7 5 4 4 0 3 5 4 4 5 7 6 5 7 6 6 8 6 5 5 4 5 6 4 4 5 6 6
2 3 4 4 5 5 7 5 5 4 0 4 5 4 4 5 7 6 6 7 6 6 8 6 5 5 4 5 6 5 4 5 6 6
2 3 4 4 6 5 7 5 4 4 0 4 5 4 4 5 7 7 5 7 7 6 8 6 5 5 4 5 7 5 4 5 6 6
2 3 4 4 6 5 7 5 4 4 0 3 5 4 4 5 7 6 6 7 6 6 8 6 5 4 4 5 6 4 4 5 6 7
2 3 5 5 7 6 8 6 5 5 0 4 5 4 4 5 7 7 6 7 8 7 9 6 6 6 5 5 6 5 4 5 6 6
2 3 5 4 6 6 8 5 5 4 0 4 5 4 4 5 8 7 6 7 6 6 8 6 5 5 4 5 7 5 4 5 7 8
2 3 4 4 5 5 7 5 4 4 0 4 5 4 4 5 6 6 6 7 6 6 8 6 5 5 4 5 6 4 4 5 6 6
2 3 4 5 6 5 8 5 5 4 0 3 5 4 4 5 6 6 5 7 7 7 9 6 5 5 4 5 6 4 3 5 5 6
2 3 4 4 5 5 7 5 5 4 0 3 5 4 4 5 6 6 5 6 6 6 7 6 5 5 4 5 6 4 4 5 5 6
2 3 5 5 6 6 8 6 5 4 0 4 5 4 4 5 6 6 6 7 6 7 8 6 5 5 4 5 7 5 4 5 6 6
2 3 4 4 5 5 7 5 5 4 0 3 5 3 4 5 7 6 6 7 7 6 7 5 6 5 4 5 6 4 3 5 6 7
2 3 4 4 5 5 7 5 4 4 0 3 5 3 4 5 7 6 5 6 7 6 7 5 5 5 4 5 6 4 3 5 6 7
2 3 4 4 5 5 7 5 4 4 0 3 5 4 4 5 6 6 5 6 6 6 7 5 5 5 4 4 6 4 3 5 6 6
2 3 4 4 5 5 7 5 5 4 0 4 5 4 4 5 6 5 5 6 6 6 7 6 5 5 4 5 6 4 4 5 6 6
2 3 4 4 5 5 7 5 4 4 0 3 5 3 4 5 6 5 5 7 6 6 7 5 5 5 4 5 6 4 3 5 5 6
2 3 4 4 5 5 7 5 4 4 0 3 4 4 4 4 6 5 5 6 6 6 7 5 5 4 4 4 6 4 3 5 5 6
2 3 4 4 5 5 7 5 5 4 0 3 5 4 4 5 6 5 5 6 6 6 7 5 5 5 4 5 6 4 4 5 6 6
2 3 4 4 5 5 7 5 4 4 0 3 5 3 4 5 6 5 5 6 7 6 7 5 5 4 4 4 6 4 3 5 6 6
2 3 4 4 6 5 7 5 4 4 0 3 5 4 4 5 6 5 5 6 7 6 7 5 5 4 4 5 6 4 3 5 6 6
2 3 4 4 6 5 8 5 5 5 0 4 5 4 4 5 7 6 5 6 7 7 8 6 6 5 4 6 7 5 4 5 6 6
2 3 4 4 5 5 7 5 4 4 0 3 5 3 4 5 6 6 5 6 6 6 7 5 5 4 4 4 6 4 3 5 6 6
2 3 4 4 5 5 7 5 4 4 0 3 5 3 4 4 6 5 5 6 6 6 7 5 5 4 3 4 6 4 3 5 6 6
2 3 4 4 5 5 7 5 4 4 0 3 5 3 4 5 6 5 4 5 6 6 6 5 5 4 3 4 6 4 4 5 6 6
2 3 4 4 5 5 7 5 4 4 0 3 4 3 4 4 5 5 5 6 6 6 7 5 5 4 3 4 6 4 4 5 5 6
2 3 4 4 6 5 7 5 4 4 0 4 5 4 4 4 5 5 5 6 6 6 7 5 5 5 4 4 6 4 4 4 5 6
2 3 3 4 5 5 7 5 4 4 0 3 4 3 3 4 5 5 5 5 6 6 7 5 5 4 3 4 6 4 3 4 5 6
2 3 4 4 5 5 7 5 4 4 0 3 4 3 3 4 5 5 5 6 6 6 8 5 5 4 3 4 6 4 3 4 5 6
2 3 4 4 5 5 7 5 4 4 0 3 5 4 4 4 5 5 5 6 6 6 6 5 5 4 3 4 6 4 4 5 6 6
2 3 4 4 5 5 7 5 4 4 0 3 4 3 3 4 5 5 5 6 6 6 6 5 5 4 3 4 6 4 3 4 5 6
2 3 4 4 5 5 7 5 4 4 0 3 4 3 3 4 5 5 5 5 6 6 7 5 5 4 3 4 6 4 3 4 6 6
2 3 4 4 5 5 7 5 4 4 0 3 5 3 4 4 6 5 5 6 6 6 6 5 5 5 4 4 6 4 3 5 6 6
2 3 3 4 5 5 7 5 4 4 0 3 4 3 3 4 5 5 4 5 6 5 6 5 5 4 3 4 6 4 3 4 5 6
2 3 4 4 6 5 7 5 4 4 0 3 5 3 4 4 5 5 4 5 7 6 6 5 6 5 3 4 6 4 3 5 6 6
2 3 3 4 5 4 7 4 4 4 0 3 4 3 3 4 5 5 4 5 5 5 6 5 4 4 3 4 6 4 3 4 5 5
2 3 3 4 5 4 7 4 4 4 0 3 4 3 3 4 5 4 4 5 6 5 6 5 4 4 3 4 6 4 3 4 5 6
2 3 3 4 5 4 9 4 4 4 0 3 4 3 3 4 5 5 4 5 6 5 7 5 5 4 3 4 6 4 3 4 5 6
2 3 4 4 5 5 7 4 4 4 0 3 5 4 4 5 5 5 4 5 6 6 6 5 4 4 3 4 6 4 4 5 5 6
2 3 4 4 5 5 6 5 4 4 0 4 5 4 4 5 6 5 5 6 6 5 7 5 5 4 4 4 6 4 4 5 6 6
2 3 4 4 5 5 7 5 4 4 0 4 5 4 4 4 5 6 5 5 6 5 7 5 5 4 4 4 6 5 4 4 5 5
2 3 4 4 5 4 6 5 4 4 0 3 5 3 4 5 6 5 5 5 5 5 6 5 5 4 3 4 6 4 3 4 5 5
2 3 4 4 5 5 6 5 4 4 0 3 5 4 4 5 6 5 5 6 5 5 7 5 5 4 4 5 6 5 4 5 5 5
2 3 4 4 5 5 7 5 4 4 0 3 5 4 4 5 6 5 5 5 6 6 7 5 5 4 4 5 6 5 4 5 6 6
2 3 4 4 5 4 7 4 4 4 0 3 4 3 4 4 6 5 5 5 5 5 6 5 4 4 3 4 6 4 3 4 5 6
2 3 4 4 5 5 6 4 4 4 0 3 4 3 4 4 5 5 4 5 5 5 7 5 4 4 3 4 6 4 3 4 5 6
2 3 4 4 5 5 7 5 4 4 0 4 5 4 4 4 5 5 5 6 6 6 7 5 4 4 4 5 6 5 4 5 5 5
2 3 4 4 5 5 6 4 4 4 0 3 5 4 4 5 6 5 5 5 5 5 7 5 4 4 3 4 6 4 4 4 5 6
2 3 4 4 5 5 8 5 4 4 0 3 4 3 4 4 6 5 5 6 5 6 8 5 5 4 3 4 5 4 4 4 5 6
2 3 4 4 5 5 7 5 4 4 0 3 5 3 4 4 5 6 5 6 5 6 7 5 5 4 4 4 6 4 4 4 5 6
2 3 4 4 5 5 7 5 4 4 0 3 5 3 4 5 6 6 5 6 5 6 7 5 5 4 4 4 7 4 3 5 5 6
2 3 4 4 5 5 6 5 4 4 0 3 5 3 4 5 6 6 5 6 5 6 7 5 4 4 4 4 6 4 3 5 5 6
2 3 4 4 5 5 7 5 4 4 0 3 5 4 4 5 6 6 5 6 6 6 7 5 5 4 4 5 7 5 4 5 5 6
2 3 4 4 5 5 7 5 4 4 0 3 5 3 4 5 6 6 5 7 5 6 7 5 5 4 4 5 7 5 4 5 6 6
2 3 4 5 6 5 7 5 4 4 0 4 5 4 4 5 6 6 5 7 6 6 7 5 5 5 4 5 7 5 4 5 6 6
2 3 5 5 6 5 7 5 4 4 0 4 6 4 5 5 6 6 5 7 6 6 7 5 5 5 4 5 7 5 4 5 6 6
2 3 5 5 6 5 7 5 4 4 0 4 5 4 4 5 6 6 5 6 6 6 7 6 5 5 4 5 7 5 4 5 6 6
2 3 4 5 5 5 9 5 4 4 0 4 5 4 4 5 6 6 5 6 6 6 8 6 5 4 4 5 7 5 4 5 6 6
2 3 4 5 6 5 8 5 4 4 0 4 5 4 4 5 6 6 5 6 6 6 7 5 5 4 4 5 7 5 4 5 6 6
2 3 4 5 6 5 7 5 4 4 0 4 5 4 4 5 6 6 5 6 6 6 7 5 5 4 4 5 7 5 4 5 6 6
2 3 4 5 6 5 8 5 4 4 0 4 5 4 4 5 6 6 5 6 6 6 7 5 5 4 4 5 7 5 4 5 6 6
2 3 4 5 6 5 8 5 4 4 0 3 5 4 4 5 6 6 5 6 6 6 7 5 5 4 4 5 7 5 4 5 6 6
2 3 4 5 6 5 8 5 4 4 0 4 5 4 4 5 6 6 5 6 6 6 7 5 5 4 4 5 7 5 4 5 6 6
2 3 5 5 6 5 7 5 4 4 0 4 5 4 4 5 6 6 5 6 6 6 8 5 5 4 4 5 7 5 4 5 6 6
2 3 4 5 6 5 8 5 4 4 0 4 5 4 4 5 6 6 5 6 6 6 7 5 5 4 4 5 7 5 4 5 6 6
2 3 5 5 6 6 8 5 5 4 0 4 6 4 4 6 7 7 6 7 7 7 8 6 5 5 4 6 8 5 4 6 7 7
2 3 4 5 6 5 8 5 4 4 0 4 5 4 4 5 6 6 5 6 6 6 7 5 5 4 4 5 7 5 4 5 6 7
2 3 5 5 5 5 7 5 4 4 0 4 5 4 4 5 6 6 5 6 6 6 7 5 5 4 4 4 6 5 4 5 6 6
2 3 4 5 5 5 7 5 4 4 0 4 5 4 4 5 6 6 5 6 6 6 7 5 4 4 4 4 6 5 4 5 6 7
2 3 4 4 5 5 7 5 4 4 0 3 5 4 4 5 6 6 5 6 6 6 7 5 5 4 4 4 6 4 4 5 6 6
2 3 4 5 6 5 7 5 4 4 0 3 5 4 4 5 6 6 5 6 6 6 7 5 5 4 4 4 6 4 4 5 6 6
2 3 4 5 6 5 7 5 4 4 0 3 5 4 4 5 6 5 5 6 6 6 7 5 5 4 4 4 6 4 4 5 6 6
2 3 4 4 5 5 7 5 4 4 0 3 5 3 4 4 5 5 5 6 6 6 7 5 4 4 3 4 6 4 3 4 6 6
2 3 4 5 5 5 7 5 4 4 0 3 5 4 4 5 6 5 5 6 6 6 7 5 4 4 3 4 6 4 4 4 6 6
2 3 4 4 5 6 8 5 4 4 0 4 5 4 4 4 6 5 5 6 6 6 7 5 4 4 4 5 7 5 4 5 6 6
2 3 4 4 6 6 8 5 4 4 0 3 5 3 4 5 6 6 5 6 7 6 7 5 5 4 4 4 6 4 4 5 6 6
2 3 4 4 6 6 8 5 4 4 0 3 5 3 4 5 6 6 5 6 6 7 7 6 5 4 3 4 6 4 3 5 6 6
2 3 4 4 5 5 7 4 4 4 0 3 5 3 4 4 6 5 5 6 6 6 7 5 4 4 3 4 6 4 3 4 6 6
2 3 4 5 5 5 7 4 4 4 0 3 5 4 4 4 5 5 5 6 6 6 7 5 4 4 3 4 6 4 4 4 5 6
2 3 4 4 5 5 7 4 4 4 0 3 4 3 4 5 6 5 5 7 6 6 7 5 4 4 3 4 5 4 4 5 5 6
2 3 4 4 6 5 7 5 4 4 0 3 5 4 4 5 6 5 5 5 7 6 7 5 5 4 4 5 6 5 4 5 5 5
2 3 3 4 5 5 7 4 4 4 0 3 4 3 4 5 6 5 4 5 6 5 7 5 4 4 3 4 5 4 3 4 5 5
2 3 4 4 6 5 7 5 4 4 0 3 4 4 4 5 7 6 4 5 6 6 7 5 4 4 3 4 5 4 4 5 6 6
2 3 3 4 5 5 6 4 4 4 0 3 4 3 3 4 5 5 4 5 5 5 6 5 4 4 3 4 5 4 3 4 4 4
2 3 4 4 5 5 7 4 4 4 0 3 4 3 4 5 6 5 5 6 6 6 7 5 4 4 3 4 5 4 4 4 5 5
2 3 4 4 5 5 7 4 3 4 0 3 4 3 4 5 6 5 5 5 6 5 6 5 4 4 3 4 5 4 4 4 5 5
2 3 4 4 5 5 6 4 4 3 0 3 4 3 4 4 5 5 4 5 5 5 6 5 4 4 3 4 5 4 3 4 4 5
2 3 3 4 5 5 6 4 4 4 0 3 4 3 4 4 5 5 4 5 5 5 7 4 4 4 3 4 5 4 3 4 5 5
2 3 4 4 5 5 6 4 4 4 0 3 4 3 4 4 6 5 4 5 6 5 6 5 4 4 3 4 5 4 3 4 5 5
2 3 4 4 5 5 6 4 4 4 0 3 4 3 4 5 6 5 4 5 6 6 6 5 4 4 3 4 5 4 4 4 5 5
2 3 4 4 5 5 6 4 4 4 0 3 4 4 4 5 6 6 5 5 6 6 7 5 4 4 3 4 5 4 3 5 5 5
2 3 4 5 5 5 6 4 4 4 0 3 4 4 4 5 7 7 5 6 7 6 7 5 4 4 3 4 5 4 4 4 5 5
2 3 4 4 5 5 6 5 4 4 0 3 4 4 4 5 6 6 4 5 6 6 7 5 5 4 4 4 5 4 4 4 5 5
2 3 4 4 5 5 6 5 4 4 0 3 5 3 4 5 6 6 4 5 6 6 7 5 4 4 4 4 6 4 3 4 5 5
2 3 4 4 5 5 6 5 4 4 0 3 5 4 4 5 6 6 4 5 6 6 7 5 4 4 4 4 6 4 4 4 5 6
2 3 4 4 5 5 6 5 4 4 0 3 5 4 4 5 6 6 5 5 6 6 7 5 4 4 4 4 6 4 4 5 5 6
2 3 4 4 5 5 6 5 4 4 0 3 5 4 4 5 7 6 5 5 6 6 7 6 5 4 4 4 6 4 4 5 5 6
2 3 4 4 5 5 6 5 4 4 0 3 5 4 4 5 6 6 4 5 6 6 7 5 4 4 4 4 6 4 4 4 5 6
2 3 4 4 5 5 6 5 4 4 0 3 5 4 4 5 6 6 4 5 6 6 7 5 4 4 4 4 6 4 4 4 5 6
2 3 4 5 5 5 6 5 4 4 0 4 5 4 4 5 6 6 4 6 6 6 8 5 5 4 4 4 6 4 4 5 5 6
2 3 4 4 6 5 6 5 4 4 0 3 5 4 4 5 6 6 5 5 7 6 7 5 5 4 4 4 6 4 4 4 5 6
2 3 4 5 7 5 6 5 4 4 0 3 5 4 4 5 6 7 5 5 6 6 7 5 5 4 4 5 7 5 4 5 5 6
2 3 4 4 6 5 7 5 4 4 0 3 5 4 4 5 6 6 5 5 6 6 7 5 5 4 4 5 7 5 4 5 6 7
2 3 4 4 6 6 7 5 4 4 0 3 5 4 4 5 7 7 5 6 7 6 7 6 5 4 4 5 7 5 4 5 6 7
2 3 4 4 5 5 6 5 4 4 0 3 5 4 4 5 6 6 5 6 6 6 7 5 5 4 4 4 7 4 4 5 6 7
2 3 5 5 6 5 7 5 4 4 0 4 6 4 4 5 6 7 5 6 7 6 7 5 5 4 4 5 7 5 4 5 6 7
2 3 4 5 5 5 6 5 4 4 0 4 5 4 4 5 6 6 5 5 6 6 7 5 5 4 4 5 7 5 4 5 6 7
2 3 4 5 6 5 6 5 4 4 0 3 5 4 4 5 7 6 5 6 7 6 7 5 5 4 4 5 7 5 4 5 6 7
2 3 4 5 6 5 6 5 5 5 0 4 5 4 4 5 7 7 5 5 6 6 7 5 5 5 4 5 7 5 4 5 6 7
2 3 5 5 6 5 6 5 4 4 0 4 5 4 4 5 6 6 5 6 7 7 7 5 5 4 4 5 7 5 4 5 6 7
2 3 4 4 6 5 6 5 4 4 0 3 5 4 4 5 6 6 5 6 7 6 7 5 5 4 4 5 7 5 4 5 6 7
2 3 4 5 6 5 7 5 4 5 0 4 5 4 4 5 7 6 5 6 7 6 7 6 5 4 4 5 8 5 4 5 6 7
2 3 5 5 6 5 7 6 5 5 0 4 6 5 5 6 6 6 5 6 7 6 8 6 5 5 4 5 8 5 4 5 6 7
2 3 4 5 6 5 7 5 5 5 0 4 5 4 4 5 6 6 5 6 7 6 7 6 5 5 4 5 8 5 4 5 6 7
2 3 5 5 6 5 7 5 4 4 0 4 6 4 4 5 6 7 5 6 7 7 7 6 5 5 4 5 8 5 4 5 6 7
2 3 4 5 6 6 7 5 4 4 0 4 5 4 4 5 6 6 5 6 7 7 8 6 5 4 4 5 8 5 4 5 6 7
2 3 4 5 6 5 7 5 4 4 0 4 5 4 4 5 6 6 5 6 7 6 8 6 5 4 4 5 8 5 4 5 6 7
2 3 4 5 5 5 7 5 4 4 0 4 5 4 4 5 6 6 5 6 7 6 7 5 5 4 4 5 8 5 4 4 6 7
2 3 4 4 6 5 6 5 4 4 0 4 5 4 4 5 6 6 5 6 8 6 7 5 5 4 4 5 8 5 4 5 6 7
2 3 5 5 6 6 7 5 5 5 0 4 5 4 5 6 7 7 5 6 7 6 7 6 5 5 4 5 8 5 5 5 7 8
2 3 4 4 5 5 7 5 4 4 0 4 5 4 4 4 6 6 5 6 6 6 7 5 5 4 4 5 7 5 4 4 6 7
2 3 4 4 5 5 7 5 4 4 0 3 5 4 4 4 6 6 5 6 6 6 7 5 4 4 4 5 7 4 4 4 6 7
2 3 4 4 5 5 6 4 4 4 0 3 5 3 3 4 6 6 5 6 6 5 7 5 4 4 3 4 7 4 3 4 5 6
2 3 4 4 6 5 6 4 4 4 0 3 5 3 4 5 6 7 5 6 6 6 7 5 4 4 4 4 7 5 3 4 6 7
2 3 4 4 6 5 6 4 4 4 0 4 5 4 4 5 6 6 5 6 7 6 7 5 4 4 4 5 7 5 4 4 6 7
2 3 5 5 6 6 7 5 4 4 0 4 5 4 4 5 6 7 6 6 7 7 7 5 5 5 4 5 7 5 4 5 6 7
2 3 4 4 6 5 6 5 4 4 0 4 5 4 4 5 6 6 5 6 6 6 7 5 5 4 4 5 7 5 4 5 6 7
2 3 4 5 6 5 6 4 4 4 0 4 5 4 4 5 6 6 5 6 6 6 7 5 5 4 4 5 7 4 4 5 6 7
2 3 4 4 5 5 6 4 4 4 0 4 5 4 4 4 6 6 5 6 7 6 7 5 4 4 4 4 7 4 4 5 6 7
2 3 4 4 6 5 7 5 4 4 0 4 5 4 4 4 6 6 5 6 6 6 7 5 5 4 4 4 6 4 4 5 6 6
2 3 4 4 5 5 6 4 4 4 0 3 5 4 4 5 6 6 5 6 6 5 7 5 4 4 4 4 6 4 4 5 6 6
2 3 4 4 5 5 6 5 4 4 0 4 5 4 4 4 6 6 5 6 6 6 7 5 4 4 4 4 7 5 4 5 6 6
2 3 4 5 6 5 6 4 4 4 0 4 5 4 4 5 6 6 5 6 6 6 7 5 5 4 4 5 7 5 4 5 6 6
2 3 4 4 5 5 6 5 4 4 0 4 5 4 4 5 6 6 5 6 6 6 7 5 5 4 4 4 6 4 4 4 5 6
2 3 4 4 5 5 6 4 4 4 0 3 5 4 4 5 6 6 5 6 6 6 7 5 5 4 4 4 6 4 3 5 5 6
2 3 4 4 6 5 6 4 4 4 0 4 5 4 4 5 6 6 5 6 7 6 7 5 5 4 4 4 6 4 4 4 5 6
2 3 4 5 6 5 6 5 5 5 0 4 5 4 4 5 7 6 5 6 6 6 7 5 5 5 4 5 7 5 4 5 5 6
2 3 4 4 6 5 6 4 4 4 0 3 5 4 4 5 6 6 5 6 6 6 7 5 5 4 4 4 6 4 4 4 5 6
2 3 4 4 6 5 6 5 4 4 0 3 5 4 4 5 6 6 5 6 7 6 7 5 5 4 4 5 6 4 4 5 5 6
2 3 4 4 5 5 6 4 4 4 0 3 5 4 4 5 6 6 5 6 6 6 7 5 4 4 4 4 6 4 4 4 5 6
2 3 6 6 6 6 7 6 5 5 0 4 5 5 5 5 6 6 6 7 6 6 7 6 5 5 4 5 7 5 5 5 6 6
2 3 4 4 5 5 5 4 4 4 0 3 4 3 4 5 6 6 5 6 6 5 6 5 4 4 4 4 5 4 3 4 5 6
2 3 4 4 5 5 5 4 4 4 0 3 4 3 4 4 6 6 5 6 6 5 6 4 4 4 3 4 5 4 3 4 5 6
2 3 3 4 5 4 5 4 3 4 0 3 4 3 3 4 6 6 4 5 6 5 6 4 4 4 3 4 5 4 3 4 5 5
2 3 3 4 5 5 5 4 3 4 0 3 4 3 4 5 6 6 4 5 6 5 6 4 4 4 3 4 5 4 3 5 5 6
2 3 3 4 5 4 5 4 3 3 0 3 4 3 3 4 6 5 4 5 5 6 6 4 4 4 3 4 5 4 3 4 5 5
2 3 4 4 5 5 5 4 3 4 0 3 4 4 4 5 6 6 4 5 5 6 6 4 4 4 4 4 5 4 4 4 5 5
2 3 4 4 5 5 5 4 4 4 0 4 6 4 4 5 6 6 4 5 5 6 6 5 5 4 4 5 7 5 4 5 6 6
2 3 4 4 5 4 5 4 4 4 0 4 5 4 4 5 6 6 4 5 5 5 7 4 4 4 4 4 6 4 4 5 5 5
2 3 4 4 5 5 5 4 4 4 0 4 5 4 4 5 6 6 4 5 5 6 6 5 4 4 4 5 6 4 4 5 6 6
2 3 4 4 5 4 5 4 4 4 0 3 5 4 4 5 6 6 5 5 6 5 6 4 5 4 4 4 6 4 4 5 5 5
2 3 4 4 5 5 6 4 3 4 0 3 4 3 4 5 6 6 5 5 6 6 6 4 4 4 3 4 5 4 3 5 5 5
2 3 4 4 5 5 5 4 4 4 0 3 5 4 4 5 6 6 5 5 6 6 7 5 4 4 4 4 6 4 4 4 5 6
2 3 4 4 5 5 5 4 4 4 0 3 4 4 4 5 6 5 4 5 6 6 7 4 4 4 3 4 6 4 4 5 5 5
2 3 4 4 5 4 5 4 4 4 0 3 4 4 4 5 5 5 4 5 5 5 6 4 4 4 4 4 6 4 4 5 5 5
2 3 4 4 5 4 5 4 4 4 0 3 4 3 4 4 5 5 4 5 5 5 8 5 4 4 3 4 6 4 3 5 5 5
2 3 3 4 5 4 5 4 4 4 0 3 5 3 3 4 6 5 4 5 5 5 6 4 4 4 3 4 6 4 3 5 5 5
2 3 4 4 5 5 5 4 4 4 0 3 5 4 4 5 6 5 5 5 6 6 7 5 5 4 4 5 7 4 4 5 6 6
2 3 4 4 5 5 5 4 4 4 0 3 5 3 3 4 6 5 5 5 6 6 6 4 4 4 3 4 7 4 3 5 5 6
2 3 4 4 5 5 5 4 4 3 0 3 5 4 4 5 6 5 4 5 6 6 6 4 4 4 3 4 7 4 3 5 6 6
2 3 4 4 5 5 5 4 4 4 0 3 5 4 4 5 6 6 5 6 5 5 6 4 4 4 3 4 7 4 4 5 5 6
2 3 4 4 5 4 5 4 4 4 0 3 5 3 3 4 6 5 5 5 5 5 6 4 4 4 3 4 7 4 3 4 5 6
2 3 4 4 5 4 5 4 4 4 0 3 5 3 3 4 6 6 5 5 5 5 6 5 4 4 3 4 7 4 3 5 6 6
2 3 4 4 5 5 6 4 4 4 0 3 5 4 4 5 6 6 5 5 6 5 6 5 4 4 3 4 7 4 3 5 6 6
2 3 4 4 5 5 6 5 4 4 0 3 5 3 4 5 6 6 5 5 5 6 6 5 5 4 3 4 7 4 3 5 6 6
2 3 4 4 5 5 6 4 4 4 0 3 5 3 3 4 6 6 5 5 5 5 6 5 4 4 3 4 7 4 3 5 6 6
2 3 4 4 5 5 6 4 4 4 0 3 5 3 4 5 7 7 5 5 5 5 6 5 4 4 3 4 7 4 3 5 6 6
2 3 4 4 5 5 6 4 4 4 0 3 5 3 3 4 6 6 5 5 5 5 6 5 4 4 3 4 7 4 3 4 6 6
3 0 4 4 5 5 6 4 4 4 0 3 5 3 3 4 6 6 5 5 5 5 6 5 4 4 3 4 7 4 3 4 6 6
2 2 4 4 5 5 5 5 5 5 0 5 8 6 6 7 5 5 5 5 6 5 7 5 6 6 5 8 9 7 5 6 5 5
2 2 4 4 5 5 6 5 5 5 0 5 8 6 6 7 6 5 5 6 7 6 7 6 6 6 5 8 9 7 6 7 6 5
2 2 4 4 5 5 5 5 5 5 0 5 8 6 6 7 5 5 5 5 6 5 7 5 6 6 5 7 9 7 5 7 5 5
2 2 4 4 5 5 5 5 5 5 0 6 8 6 6 7 5 5 5 5 6 6 7 5 6 6 5 8 9 7 6 7 6 5
2 2 4 4 5 5 6 5 5 5 0 5 8 6 6 7 6 5 5 5 6 6 7 5 6 6 5 8 9 7 6 7 6 5
2 2 4 4 5 5 5 5 5 5 0 5 8 6 5 6 5 5 5 5 6 6 6 5 5 6 5 8 10 8 6 7 6 5
2 2 4 4 6 5 5 5 5 5 0 5 8 6 5 6 5 5 5 6 6 5 6 5 6 6 5 8 9 7 5 6 5 5
2 2 4 4 5 4 5 5 4 5 0 5 7 6 5 6 5 5 5 5 5 5 6 5 5 5 5 7 8 6 5 6 5 5
2 2 4 4 5 4 5 5 5 5 0 5 7 6 5 6 5 5 5 5 5 5 6 5 5 5 5 7 8 6 5 6 5 5
2 2 4 4 5 5 5 5 5 5 0 5 7 6 5 6 5 5 5 5 6 6 6 5 6 6 5 7 8 6 5 6 5 5
2 2 4 4 5 5 6 4 5 5 0 5 7 6 5 6 5 5 5 5 5 5 6 5 5 5 5 7 8 6 5 6 5 5
2 2 4 4 5 4 5 4 5 5 0 4 7 6 5 6 5 5 5 5 5 5 6 5 5 5 5 7 8 6 6 7 5 5
2 2 4 4 5 5 5 5 5 5 0 4 7 5 5 6 5 5 5 5 5 5 6 5 6 6 5 7 8 6 5 6 5 5
2 2 5 5 6 5 6 5 5 5 0 5 8 6 6 7 6 5 5 5 6 6 7 5 6 6 5 8 8 6 6 7 6 6
2 2 4 4 5 5 6 5 5 5 0 5 8 6 5 6 5 5 5 5 5 5 6 5 6 6 5 8 9 7 5 6 5 5
2 2 5 5 6 5 6 5 6 6 0 6 9 7 7 9 6 6 5 5 6 7 6 6 7 6 6 8 10 8 7 8 6 6
2 2 4 4 6 5 6 5 5 5 0 5 8 6 6 7 5 5 5 5 5 5 6 5 6 6 5 8 9 7 5 6 5 5
2 2 4 5 6 5 6 5 5 5 0 5 8 6 5 7 6 5 5 6 6 6 7 5 6 6 5 8 9 7 5 7 6 5
2 2 4 5 6 5 6 5 5 5 0 5 7 5 5 6 5 5 5 6 6 5 6 5 6 6 5 8 9 7 5 6 5 5
2 2 4 4 5 5 6 5 5 5 0 5 7 5 5 6 5 5 5 5 6 5 6 5 6 6 5 7 8 7 5 6 5 5
2 2 4 4 5 5 6 5 5 5 0 5 7 5 5 6 5 5 5 5 5 5 6 5 6 6 5 7 8 7 5 6 5 5
2 2 4 4 5 5 6 5 5 5 0 5 7 5 5 6 5 5 5 5 5 5 6 5 6 6 5 7 8 7 5 6 5 5
2 2 4 4 5 5 6 5 5 5 0 5 7 5 5 7 5 5 5 5 5 5 7 5 6 6 5 8 9 7 5 6 5 5
2 2 4 4 5 5 6 5 5 5 0 5 7 5 5 6 5 5 5 5 6 5 6 5 6 6 5 8 9 7 5 6 5 5
2 2 4 4 5 5 6 5 5 5 0 5 7 6 5 6 5 5 5 5 5 5 6 5 6 6 5 8 9 7 5 6 5 5
2 2 4 4 5 4 6 5 5 5 0 5 7 5 5 6 5 5 5 5 5 5 6 5 6 6 5 8 9 7 5 6 5 5
2 2 4 4 5 5 5 5 5 5 0 5 7 5 5 6 5 5 5 5 6 5 6 5 6 6 5 7 9 7 5 6 5 5
2 2 4 4 5 4 5 5 5 5 0 5 8 6 6 7 5 5 5 5 5 5 6 5 6 6 5 8 9 7 5 6 5 5
2 2 4 4 5 4 5 5 5 5 0 5 8 6 6 7 5 5 5 5 5 5 6 5 6 6 5 8 9 7 5 7 5 5
2 2 4 4 5 5 6 5 5 5 0 5 8 6 6 7 5 5 5 5 5 5 6 5 6 6 5 8 9 7 6 6 5 5
2 2 4 4 5 4 5 5 5 5 0 5 7 6 5 6 5 5 5 5 5 5 6 5 6 6 5 8 9 7 5 6 5 5
2 2 4 4 5 4 5 5 5 5 0 5 8 6 5 6 5 5 5 5 5 5 6 5 6 6 5 8 9 7 5 6 5 5
2 2 4 4 5 4 5 5 5 5 0 5 8 6 5 6 5 5 5 5 5 5 6 5 6 6 5 8 9 7 5 6 5 5
2 2 4 4 5 5 6 5 5 5 0 5 8 6 6 6 5 5 5 5 5 5 6 5 6 6 6 9 10 7 5 6 5 5
2 2 4 4 5 5 6 5 5 5 0 6 8 6 6 7 5 5 5 5 6 5 6 5 6 6 6 8 10 7 6 6 5 5
2 2 5 4 5 5 6 5 5 5 0 5 8 6 6 8 6 6 5 5 6 5 6 5 6 6 6 8 9 7 6 7 6 6
2 2 5 5 6 5 6 5 6 5 0 5 8 6 6 7 6 6 6 6 6 6 7 6 7 6 6 8 9 7 5 6 6 6
2 2 4 4 6 5 6 5 5 5 0 5 8 6 5 7 6 5 5 6 6 6 6 5 6 6 6 8 9 7 5 6 6 5
2 2 4 4 5 5 6 5 5 5 0 5 8 6 6 7 6 5 5 5 6 5 6 5 6 6 5 8 9 7 5 6 6 5
2 2 4 4 6 5 6 5 5 6 0 5 8 6 6 7 6 5 5 6 6 5 6 5 6 6 6 8 10 8 5 7 6 5
2 2 4 4 6 5 6 5 5 5 0 5 8 6 6 7 6 5 5 6 6 5 7 6 7 6 6 8 9 7 6 7 6 5
2 2 5 5 6 5 6 5 5 5 0 6 9 7 7 8 6 6 5 6 6 6 7 6 6 6 6 8 10 8 6 7 6 6
2 2 4 4 6 6 7 6 7 6 0 6 8 7 6 7 5 5 5 6 7 7 7 7 7 7 7 8 9 7 5 6 5 5
2 2 4 4 5 5 6 5 5 5 0 5 8 6 6 7 5 5 5 6 6 5 6 6 6 6 5 8 9 7 5 6 5 5
2 2 4 4 5 5 6 5 5 5 0 5 7 6 5 7 5 5 5 6 6 5 6 5 6 6 5 7 8 7 5 6 5 5
2 2 4 4 5 5 6 5 5 5 0 5 7 6 5 7 5 5 5 6 6 5 7 5 6 6 5 8 9 7 5 6 5 5
2 2 4 4 6 5 6 5 5 5 0 5 7 6 6 7 5 5 5 5 6 5 7 5 6 6 5 8 9 7 5 6 5 5
2 2 4 4 5 5 6 5 5 5 0 6 8 6 6 7 5 5 5 5 6 5 6 5 6 6 6 8 9 7 5 6 5 5
2 2 4 4 5 5 6 5 5 4 0 5 7 6 5 7 5 5 5 5 6 5 6 6 6 6 5 7 8 7 5 6 5 5
2 2 4 4 5 5 6 5 5 4 0 5 8 6 5 7 5 5 5 5 6 5 6 5 6 5 5 8 9 7 5 6 5 5
2 2 4 4 6 5 6 5 5 4 0 5 7 6 5 7 5 5 5 6 6 6 6 6 6 6 5 8 9 7 5 6 5 5
2 2 4 4 6 5 6 5 5 4 0 5 7 6 6 7 6 5 5 5 6 6 7 5 6 6 5 7 9 7 6 6 6 5
2 2 4 4 6 5 6 5 5 5 0 5 7 5 6 7 6 5 5 6 6 6 7 6 6 6 5 8 9 7 5 6 6 5
2 2 4 4 6 5 6 5 5 5 0 5 7 6 6 7 6 5 5 6 6 6 7 5 6 6 5 8 9 7 5 6 6 5
2 2 5 5 6 5 6 5 5 5 0 5 7 6 6 7 6 6 5 6 7 6 7 6 6 6 5 7 9 7 6 6 6 6
2 2 4 4 6 5 6 5 5 5 0 5 7 5 5 7 6 5 5 6 6 6 7 6 6 6 5 7 9 7 5 6 6 5
2 2 5 5 6 5 6 5 6 5 0 5 8 6 6 7 6 6 5 6 7 6 7 6 7 6 5 7 9 7 5 6 6 6
2 2 5 5 6 5 6 5 6 5 0 5 7 6 6 7 6 6 6 6 7 6 7 6 7 6 5 8 9 8 5 6 6 6
2 2 5 5 6 5 6 5 5 5 0 5 7 5 6 7 6 6 6 6 7 6 7 6 6 6 5 8 9 7 5 7 6 6
2 2 5 5 6 5 6 5 5 5 0 5 7 5 6 7 6 6 6 6 7 6 7 6 7 6 5 7 8 7 5 6 6 6
2 2 5 5 6 5 6 5 5 5 0 5 7 6 6 7 6 6 6 6 7 6 7 6 6 6 5 7 8 7 5 6 6 6
2 2 5 5 6 6 7 5 5 5 0 5 8 6 6 8 6 6 6 7 7 6 8 6 6 6 5 8 9 7 6 7 6 6
2 2 6 5 7 6 7 6 6 5 0 6 8 7 7 8 7 6 6 7 7 7 7 6 7 7 6 8 9 8 6 7 7 7
2 2 5 5 7 6 7 5 5 5 0 5 7 6 6 8 7 7 6 7 7 7 8 6 6 6 5 7 9 7 5 7 7 7
2 2 6 6 7 6 7 6 6 6 0 5 8 7 7 9 7 7 7 7 8 7 8 6 7 6 5 8 9 8 5 7 7 7
2 2 5 5 6 5 7 5 5 5 0 5 7 5 6 7 6 6 6 6 7 6 8 6 6 6 5 7 9 7 5 6 6 6
2 2 5 5 6 5 6 5 5 5 0 5 7 6 6 7 6 6 6 6 7 6 7 5 6 6 5 7 8 7 5 6 6 6
2 2 5 5 6 5 6 5 5 5 0 5 7 5 6 7 6 6 5 6 7 6 7 5 6 6 5 7 8 7 5 6 6 6
2 2 5 5 6 5 6 5 5 5 0 5 8 6 6 7 6 6 5 6 7 6 8 6 7 6 5 7 9 7 5 6 6 6
2 2 5 5 6 6 6 5 5 5 0 5 7 5 6 7 6 6 5 6 7 6 7 6 6 6 5 8 9 7 5 6 6 6
2 2 5 6 8 6 7 6 7 5 0 6 8 6 6 8 6 6 6 7 8 8 9 7 8 7 6 8 9 7 5 7 6 6
2 2 5 5 6 5 6 5 5 5 0 5 7 6 6 7 6 6 5 6 7 6 7 5 6 5 5 7 9 7 5 7 6 6
2 2 5 5 6 5 6 5 5 5 0 5 7 5 6 7 6 6 5 6 7 6 7 5 6 5 5 7 9 7 5 7 6 6
2 2 5 5 6 5 6 5 5 5 0 5 7 5 6 7 6 6 6 6 7 6 7 6 6 6 5 8 9 7 5 7 6 6
2 2 5 5 6 5 6 5 5 5 0 5 8 6 7 8 6 6 6 6 7 6 7 5 6 6 5 8 9 7 6 8 6 6
2 2 5 5 6 5 6 5 5 5 0 5 8 7 7 9 6 6 6 6 7 6 7 6 7 6 6 8 9 7 6 7 6 6
2 2 5 5 7 6 7 5 6 5 0 5 8 6 6 8 7 6 6 6 7 7 8 6 7 6 6 8 9 7 6 7 7 6
2 2 5 5 6 5 6 5 5 5 0 5 7 5 6 8 6 6 6 6 7 6 7 6 7 6 5 8 9 7 5 7 6 6
2 2 5 5 6 5 6 5 5 5 0 5 7 5 6 7 6 6 6 6 7 6 7 6 6 6 5 8 8 7 5 7 6 6
2 2 5 5 6 5 6 5 5 5 0 5 7 5 6 8 6 6 6 6 7 6 7 6 7 6 5 8 9 7 5 7 6 6
2 2 5 5 6 5 6 5 5 5 0 5 7 6 6 7 6 6 5 6 7 6 7 5 6 6 5 8 8 7 5 7 6 6
2 2 5 5 6 5 6 5 5 6 0 5 7 6 6 8 6 6 6 7 7 6 7 6 6 6 5 8 8 7 5 7 6 6
2 2 5 5 6 5 6 5 5 5 0 5 7 6 6 7 6 6 6 6 7 6 7 6 7 6 5 8 9 7 6 7 6 6
2 2 5 5 6 5 6 5 5 5 0 5 7 6 6 7 6 6 5 6 6 6 7 5 6 6 5 8 8 6 6 7 6 5
2 2 5 5 6 5 6 5 5 5 0 5 7 6 7 8 6 6 5 6 6 6 7 5 6 6 5 8 8 7 6 7 6 6
2 2 5 5 6 5 6 5 5 5 0 5 7 5 6 7 6 5 5 6 6 6 7 5 6 6 5 8 8 7 6 7 6 5
2 2 4 5 5 5 6 5 5 5 0 5 7 5 6 7 6 5 5 5 6 6 7 6 6 6 5 7 8 6 5 7 5 5
2 2 5 5 6 5 6 5 5 5 0 5 7 6 6 7 6 6 5 6 6 6 7 6 6 6 5 8 8 7 6 7 6 6
2 2 4 4 5 5 6 5 5 5 0 5 7 6 6 7 6 5 5 5 6 6 7 6 6 6 5 7 8 7 6 7 6 5
2 2 4 4 5 5 5 5 5 5 0 5 7 5 6 8 6 5 5 5 6 5 6 5 6 6 5 8 8 6 5 7 6 5
2 2 4 4 6 5 6 5 5 5 0 5 7 5 5 7 6 5 5 5 6 5 7 5 6 5 5 7 8 6 5 6 6 5
2 2 4 4 6 5 6 5 5 5 0 5 7 5 6 7 6 6 5 5 6 5 6 5 6 6 5 8 8 7 5 7 6 5
2 2 4 4 5 5 5 5 5 5 0 5 7 5 6 7 6 5 5 5 6 5 6 5 6 6 5 7 8 6 5 7 5 5
2 2 4 4 5 5 5 5 5 5 0 5 7 5 5 7 5 5 5 5 6 5 6 5 6 6 5 8 8 6 5 6 5 5
2 2 4 4 5 5 5 5 5 5 0 5 7 5 5 7 5 5 5 5 6 5 6 5 6 5 5 8 8 6 5 7 5 5
2 2 4 4 5 5 5 5 5 5 0 5 7 5 5 7 5 5 5 5 5 5 6 5 6 5 5 8 8 6 5 6 5 5
2 2 4 4 5 5 5 5 5 5 0 5 7 5 6 7 6 5 5 5 5 5 6 5 6 6 5 7 8 6 5 7 5 5
2 2 4 4 6 5 5 5 5 5 0 5 7 5 5 7 5 5 5 5 6 6 6 6 6 6 5 8 8 6 5 6 5 5
2 2 4 4 6 5 5 5 5 5 0 5 7 5 5 7 6 5 5 5 5 6 7 5 6 6 5 7 8 6 5 6 5 5
2 2 4 4 5 4 5 4 5 5 0 5 6 5 5 6 5 5 5 5 5 5 6 5 6 5 5 7 7 6 5 6 5 5
2 2 4 4 5 4 5 4 5 5 0 5 6 5 5 6 5 5 5 5 5 5 6 5 6 5 5 7 7 6 5 6 5 5
2 2 4 4 5 4 5 4 5 5 0 5 6 5 5 6 5 5 4 5 5 5 5 5 6 5 5 7 8 6 5 6 5 5
2 2 4 4 5 4 5 4 5 5 0 5 6 5 5 6 5 5 5 5 6 5 6 5 6 5 5 7 7 6 5 6 5 5
2 2 4 4 5 4 5 4 6 6 0 5 7 5 6 6 5 5 5 5 5 5 6 5 7 7 7 9 8 6 5 6 5 5
2 2 4 4 5 4 5 4 4 4 0 4 6 4 5 6 5 5 4 5 5 5 5 5 5 5 4 6 7 5 4 6 5 5
2 2 4 4 5 4 5 4 4 4 0 4 7 5 5 6 5 5 5 5 5 5 6 5 5 5 4 6 7 6 4 6 5 5
2 2 5 5 6 5 6 5 5 5 0 5 7 5 6 8 6 6 6 6 7 6 6 6 7 6 5 8 10 8 5 7 6 6
2 2 4 4 5 4 5 4 4 4 0 4 6 5 5 6 5 5 5 5 6 5 6 5 5 5 5 6 7 6 4 6 5 5
2 2 4 4 6 5 5 4 5 4 0 4 6 5 5 6 5 5 5 5 6 6 6 5 6 5 5 7 7 6 5 6 5 5
2 2 4 4 5 4 5 4 5 5 0 4 6 5 5 6 5 5 5 5 6 5 6 5 5 5 5 6 7 6 4 6 5 5
2 2 4 4 5 5 5 4 4 4 0 5 7 6 6 7 5 5 5 5 6 5 6 5 5 5 5 7 8 6 5 6 5 5
2 2 4 4 5 5 5 4 5 5 0 6 7 6 6 6 5 5 5 5 6 5 6 5 6 5 5 7 8 7 5 6 5 5
2 2 5 5 5 5 6 4 5 4 0 5 7 6 6 7 6 6 5 6 6 5 6 5 6 5 5 7 8 6 5 6 6 6
2 2 5 4 5 5 5 4 5 4 0 5 7 6 5 7 6 5 5 5 6 5 6 5 6 5 5 7 8 6 5 6 6 5
2 2 4 4 5 4 5 4 4 4 0 4 6 5 6 7 5 5 5 5 5 5 6 5 6 5 4 7 8 6 5 6 5 5
2 2 5 5 6 5 5 5 5 5 0 5 7 5 6 7 7 6 6 6 6 5 6 5 6 5 5 7 8 6 5 7 7 6
2 2 4 4 5 5 6 4 5 4 0 5 7 5 6 7 6 6 5 6 6 5 6 5 6 5 5 8 9 7 5 7 6 6
2 2 5 4 6 5 6 5 5 5 0 5 7 5 6 8 6 6 5 6 6 5 6 5 6 6 5 8 9 7 5 7 6 6
2 2 4 4 6 5 6 5 5 5 0 5 7 5 6 7 6 6 5 6 6 5 7 5 6 5 5 7 8 7 5 7 6 6
2 2 4 4 5 5 6 5 5 4 0 5 7 5 5 7 6 5 5 6 6 5 6 5 6 5 5 8 9 7 5 7 6 5
2 2 4 4 6 5 5 5 5 4 0 5 7 5 5 7 6 6 5 6 6 5 6 5 6 5 5 8 9 7 5 7 6 5
2 2 4 4 6 5 5 5 5 4 0 5 7 5 5 7 6 6 5 6 6 5 6 5 6 5 5 7 8 7 5 7 6 5
2 2 4 4 6 5 6 5 5 5 0 5 8 6 5 7 6 5 5 6 6 5 6 5 6 5 5 8 9 7 5 7 6 5
2 2 5 4 6 5 6 5 5 5 0 5 8 6 6 7 6 6 5 6 6 5 6 5 6 5 5 8 9 7 6 7 6 6
2 2 5 4 6 5 6 5 5 5 0 5 8 6 6 7 6 6 5 6 6 5 6 5 6 6 5 8 9 7 6 7 6 6
2 2 5 4 6 5 6 5 5 5 0 5 8 6 6 7 6 6 5 6 6 6 6 5 6 6 5 8 10 8 6 7 6 6
2 2 5 4 6 5 6 5 5 5 0 5 8 6 6 7 6 6 5 6 6 6 6 5 6 6 5 8 9 7 6 7 6 6
2 2 4 4 6 5 6 5 5 5 0 5 8 6 6 7 6 6 5 6 6 5 7 6 6 6 5 8 9 7 5 7 6 5
2 2 4 4 6 5 6 5 5 5 0 5 8 6 6 7 6 6 5 6 6 6 7 6 6 6 5 8 9 7 5 7 6 5
2 2 4 4 6 5 6 5 5 5 0 5 8 6 6 7 6 6 5 6 6 5 6 6 6 6 5 8 10 8 5 7 6 6
2 2 4 4 6 5 6 5 5 5 0 6 8 6 6 7 6 6 5 6 6 6 7 6 6 6 5 8 10 7 5 7 6 6
2 2 4 4 6 5 6 5 5 5 0 5 8 6 6 8 6 6 5 6 6 5 7 6 6 5 5 8 10 7 6 7 6 6
2 2 5 4 6 5 6 5 5 5 0 5 8 6 6 8 6 6 6 6 6 5 7 6 6 6 5 8 10 7 6 7 6 6
2 2 4 4 5 5 6 5 5 5 0 5 8 6 6 7 6 6 5 6 6 5 6 6 6 6 6 8 9 7 6 7 6 5
2 2 4 4 6 5 6 5 5 5 0 5 8 6 6 7 6 6 5 6 6 5 7 6 6 6 5 8 10 8 6 7 6 6
2 2 4 4 5 5 6 5 5 5 0 6 9 7 6 7 6 5 5 5 5 5 7 5 6 6 6 8 9 7 6 6 6 5
2 2 4 4 6 5 6 5 5 5 0 5 8 6 6 7 6 6 5 6 6 5 7 5 6 5 5 8 9 7 5 6 6 5
2 2 4 4 5 5 6 5 5 5 0 5 8 6 6 7 6 6 5 5 5 5 7 6 6 6 5 8 9 7 6 7 6 5
2 2 4 4 5 5 6 5 5 5 0 5 8 6 6 8 6 6 5 6 5 5 7 6 6 5 5 8 10 7 6 7 6 6
2 2 4 4 5 5 6 5 5 5 0 6 8 6 6 8 6 6 5 5 5 5 7 6 6 6 6 8 9 7 6 7 6 6
2 2 4 4 5 5 6 5 5 5 0 5 8 6 6 8 6 6 5 5 5 5 7 6 6 6 5 8 9 7 6 7 6 6
2 2 5 5 6 5 7 6 5 5 0 6 8 6 7 8 7 6 6 6 6 6 7 6 6 6 6 8 9 8 7 7 7 6
2 2 4 4 5 5 6 5 5 5 0 5 8 6 6 8 6 6 5 6 6 5 7 6 6 6 6 9 10 7 6 7 6 6
2 2 5 4 6 5 7 5 5 5 0 6 8 6 6 8 6 6 5 6 6 5 7 6 6 6 6 8 9 7 6 7 6 6
2 2 5 4 5 5 7 6 6 6 0 6 8 6 6 8 6 6 5 6 6 6 7 6 7 6 6 8 9 8 6 7 6 6
2 2 4 4 5 5 7 5 5 5 0 5 8 6 6 8 6 5 5 6 6 5 7 6 6 6 5 8 9 7 6 7 6 5
2 2 4 4 5 5 6 5 5 5 0 5 8 6 6 7 6 5 5 6 6 5 7 6 6 6 5 8 9 7 6 7 6 5
2 2 4 4 5 5 6 5 5 5 0 5 8 6 6 8 6 5 5 6 6 5 7 6 6 6 6 8 9 7 6 7 6 5
2 2 5 4 6 5 7 5 5 5 0 5 8 6 6 8 6 6 5 6 6 5 7 6 6 6 6 8 9 7 6 7 6 6
2 2 4 4 5 5 6 5 5 5 0 6 8 6 6 7 6 6 5 6 6 5 7 6 6 6 6 8 9 7 7 7 6 6
2 2 5 5 6 5 7 6 6 6 0 6 8 6 6 7 6 6 6 7 6 6 8 6 7 6 6 8 8 7 6 7 6 6
2 2 5 5 5 5 7 5 6 5 0 6 8 6 6 7 6 6 5 6 6 5 7 6 7 6 6 8 8 7 6 7 6 6
2 2 5 5 6 5 7 5 6 5 0 5 8 6 6 8 6 6 6 6 6 6 7 6 7 6 5 8 8 7 6 8 6 6
2 2 5 5 6 5 7 6 6 6 0 5 8 6 6 8 6 6 6 6 6 6 7 6 7 6 6 8 9 7 6 7 6 6
2 2 5 5 6 5 7 6 6 6 0 6 8 6 6 8 7 6 6 6 6 6 7 6 7 7 6 9 9 8 6 7 6 6
2 2 5 5 6 5 7 6 6 6 0 6 8 6 6 8 6 6 6 6 6 6 7 6 7 6 6 9 9 7 6 7 6 6
2 2 5 5 6 5 7 6 6 6 0 6 9 6 6 8 7 6 6 6 6 6 7 6 7 7 6 9 10 9 6 8 7 6
2 2 5 5 6 5 7 6 6 6 0 6 9 6 6 8 6 6 6 6 6 6 7 6 7 7 6 9 10 8 6 7 6 6
2 2 5 5 6 5 7 6 6 6 0 6 8 6 6 8 6 6 6 6 6 6 7 6 7 6 6 9 9 8 6 7 6 6
2 2 5 5 6 6 7 6 6 6 0 6 9 7 6 8 6 6 6 6 6 6 7 6 7 7 6 9 10 8 6 7 6 6
2 2 5 5 6 5 7 6 6 6 0 6 9 7 6 8 6 6 6 6 6 6 7 6 7 7 7 9 9 8 6 7 6 6
2 2 5 5 6 6 7 6 6 6 0 6 9 7 6 8 7 6 6 6 6 6 8 6 8 7 6 9 10 8 6 8 6 6
2 2 5 5 6 6 7 6 6 6 0 7 10 7 7 8 7 6 6 6 6 6 7 6 7 7 7 10 10 8 7 8 6 6
2 2 6 5 6 6 7 6 6 6 0 7 9 7 7 8 7 7 6 7 7 6 7 6 8 7 8 10 10 9 7 8 7 7
2 2 6 5 6 6 8 7 6 6 0 7 10 7 7 8 7 7 6 7 6 6 7 7 8 7 7 10 11 10 7 8 7 7
2 2 5 5 6 5 7 6 6 6 0 7 9 7 7 8 6 6 6 7 6 6 7 6 8 7 6 10 10 9 7 8 6 6
2 2 5 5 6 5 7 6 6 6 0 7 9 7 7 8 7 6 6 6 6 6 7 6 8 7 6 9 10 8 6 8 7 6
2 2 5 5 6 6 7 6 6 6 0 6 9 6 6 8 6 6 6 7 6 6 7 6 8 7 6 9 10 8 6 7 6 6
2 2 5 5 6 6 7 6 6 6 0 6 9 7 6 8 7 6 6 7 6 6 8 6 8 7 6 9 10 8 6 8 7 6
2 2 5 5 6 6 7 6 6 6 0 7 9 7 7 9 7 7 6 7 6 6 7 6 8 7 6 9 10 8 7 8 7 7
2 2 5 5 6 6 7 6 6 6 0 6 9 7 6 8 6 6 6 6 6 6 7 6 7 7 6 9 10 8 6 7 6 6
2 2 5 5 6 6 7 6 6 6 0 6 9 7 7 8 6 6 6 7 6 6 8 6 8 7 6 10 10 9 6 7 6 6
2 2 5 5 6 6 7 6 7 6 0 6 9 7 7 8 6 6 6 6 6 6 7 6 8 8 7 10 10 8 6 8 6 6
2 2 5 5 6 6 6 6 6 6 0 6 9 7 7 8 7 7 6 7 6 6 7 6 8 7 6 9 10 8 6 8 7 7
2 2 5 5 6 6 7 6 6 6 0 6 10 7 7 9 7 6 6 7 6 6 7 6 8 7 6 9 10 8 6 7 7 6
2 2 5 5 6 6 7 6 6 6 0 6 9 7 7 8 7 6 6 7 6 6 7 6 8 7 6 9 10 8 6 8 7 7
2 2 6 6 6 6 7 6 6 6 0 7 11 8 8 10 8 7 7 7 7 7 8 6 8 7 6 9 11 9 6 8 7 7
2 2 5 5 6 6 7 6 7 6 0 7 10 7 7 8 7 7 6 7 6 7 8 6 8 7 7 10 11 9 7 8 7 7
2 2 6 6 6 6 7 6 7 6 0 6 10 7 7 9 7 7 7 7 7 7 8 6 8 7 6 9 10 8 6 8 7 7
2 2 6 6 6 5 7 6 6 6 0 7 10 7 7 9 7 7 7 8 7 7 8 7 8 7 6 9 11 8 6 8 7 7
2 2 5 5 6 5 7 6 6 6 0 6 10 7 7 8 7 6 6 6 6 6 7 6 8 7 6 9 10 8 6 8 7 6
2 2 5 5 6 5 6 6 5 5 0 6 10 8 7 8 6 6 6 6 6 6 7 6 7 7 6 9 11 9 6 7 6 6
2 2 5 5 6 6 7 5 6 6 0 6 11 8 8 9 7 6 6 7 7 6 7 6 7 7 6 10 11 9 6 7 7 6
2 2 5 5 6 5 7 5 6 5 0 6 10 7 7 9 7 6 6 7 7 6 8 6 7 7 6 9 10 8 6 7 7 6
2 2 5 5 6 6 7 6 6 6 0 8 11 8 8 9 7 7 6 7 7 7 7 6 8 7 7 10 12 9 6 8 7 7
2 2 6 6 7 6 7 6 6 6 0 7 12 8 8 9 7 7 7 7 7 7 7 6 8 7 6 10 12 9 6 8 7 7
2 2 6 6 7 6 7 7 7 6 0 8 14 9 8 10 8 8 7 8 7 7 8 7 9 8 7 11 13 10 7 9 8 8
2 2 6 6 6 6 7 6 6 6 0 7 12 8 8 9 7 7 7 7 7 6 8 6 8 7 7 11 13 9 6 8 7 7
2 2 5 5 6 6 7 6 6 6 0 7 12 8 8 9 7 7 6 7 7 6 8 6 8 8 6 10 12 9 7 8 7 7
2 2 6 6 7 6 7 6 6 6 0 7 12 8 8 9 8 7 7 7 7 8 8 7 8 7 6 11 12 9 7 9 8 7
2 2 6 6 7 6 7 6 7 7 0 8 13 9 9 10 8 7 7 7 7 6 8 7 9 9 8 12 13 10 7 8 8 7
2 2 6 6 7 6 7 6 6 6 0 7 12 8 8 9 7 7 7 7 7 6 8 7 8 8 7 11 12 9 6 8 7 7
2 2 6 5 7 6 8 7 7 6 0 8 12 8 8 9 7 7 6 7 7 7 8 7 8 8 7 11 13 10 8 8 8 7
2 2 6 6 6 6 7 6 6 6 0 7 12 8 8 9 7 7 6 7 7 6 8 7 8 8 7 11 12 9 7 8 7 7
2 2 6 6 7 6 7 6 6 6 0 7 12 8 8 9 7 7 7 7 7 7 8 6 8 8 7 11 12 9 6 8 7 7
2 2 6 6 7 6 7 6 7 6 0 7 12 8 7 9 7 7 6 7 7 6 8 7 8 7 6 11 12 9 6 8 7 7
2 2 6 6 7 6 7 6 6 6 0 7 11 8 8 9 8 7 7 7 7 6 8 6 8 8 7 11 12 9 6 8 8 7
2 2 6 6 7 6 7 6 7 6 0 7 13 9 8 9 7 7 7 7 7 6 8 6 8 7 6 12 13 10 7 8 7 7
2 2 6 6 7 6 8 6 6 6 0 7 12 8 8 10 8 7 7 7 7 6 8 7 8 7 6 11 12 10 6 8 7 7
2 2 6 6 7 6 7 6 6 6 0 7 12 8 8 9 7 7 7 7 7 6 8 6 8 7 6 11 12 9 6 8 7 7
2 2 5 5 7 6 7 6 6 6 0 7 12 9 8 9 7 7 6 7 7 6 8 7 8 7 7 11 13 10 6 8 7 7
2 2 6 6 7 6 7 6 7 6 0 7 12 8 8 10 8 7 7 7 7 6 8 7 8 8 7 11 13 10 7 9 8 7
2 2 5 5 7 6 7 6 7 6 0 7 11 8 8 10 7 7 6 7 7 6 8 7 8 8 6 11 12 9 7 9 7 7
2 2 5 5 6 6 7 6 6 6 0 7 11 8 8 9 7 7 6 7 7 6 7 6 8 7 6 11 12 9 7 8 7 6
2 2 6 6 7 6 7 7 7 6 0 7 12 8 8 9 8 7 7 7 7 6 8 7 8 8 7 11 13 11 7 9 8 7
2 2 5 5 7 6 7 6 6 6 0 7 11 7 8 9 7 7 6 7 7 6 7 7 8 7 6 11 12 9 7 8 7 7
2 2 6 6 7 6 7 7 7 6 0 7 11 7 8 9 7 7 7 7 7 6 7 7 8 7 6 11 12 9 7 9 7 7
2 2 6 6 7 6 7 7 7 6 0 7 11 8 9 10 7 7 7 7 7 6 7 7 8 8 6 11 13 10 7 9 7 7
2 2 5 6 7 6 7 7 7 6 0 7 11 8 8 9 7 7 6 7 7 6 7 6 8 8 6 11 12 9 7 8 7 7
2 2 6 6 7 6 7 6 7 6 0 6 11 7 7 9 7 7 6 7 7 6 7 7 8 7 6 10 12 9 7 8 7 7
2 2 6 6 7 6 7 6 6 6 0 7 11 7 7 9 7 7 7 7 7 6 8 7 8 7 6 11 12 9 6 8 7 7
2 2 5 5 6 6 7 6 7 6 0 7 11 7 7 9 7 7 6 7 6 6 8 6 8 7 6 10 12 9 6 8 7 7
2 2 5 5 6 6 7 6 7 6 0 7 11 7 7 9 7 6 6 6 7 6 8 6 8 7 6 10 11 9 6 8 7 6
2 2 5 5 6 6 7 6 6 6 0 6 9 7 7 9 7 6 6 6 7 6 8 7 8 7 6 9 10 8 6 8 7 6
2 2 5 5 6 5 7 6 6 6 0 6 8 6 7 8 7 6 6 6 6 6 8 6 7 7 6 9 9 8 6 7 6 6
2 2 5 5 7 6 7 6 7 6 0 7 9 7 7 9 7 6 6 7 6 6 8 7 8 7 6 10 11 8 6 8 7 6
2 2 5 5 6 5 7 6 7 6 0 6 10 7 7 8 6 6 6 7 6 6 7 6 8 7 6 9 10 8 6 7 6 6
2 2 5 5 6 5 7 6 7 6 0 6 9 7 7 8 7 6 6 7 6 6 8 7 8 7 6 9 10 8 6 8 6 6
2 2 6 6 8 6 8 7 8 7 0 7 10 7 8 10 8 7 7 7 7 6 8 7 10 9 7 11 11 9 7 9 8 8
2 2 5 5 6 5 7 6 7 6 0 6 9 7 7 9 7 6 6 6 6 6 8 6 8 7 6 9 10 9 6 8 7 6
2 2 5 5 6 6 7 6 7 6 0 7 9 7 8 9 7 7 6 6 7 7 8 6 8 7 7 10 12 10 7 8 7 7
2 2 5 5 6 6 7 6 6 6 0 6 10 7 7 9 7 6 6 6 6 6 8 6 8 7 6 10 11 9 6 8 7 6
2 2 5 5 6 6 7 6 7 6 0 7 9 7 7 9 7 7 6 7 6 6 8 6 8 7 6 10 10 8 7 8 7 6
2 2 6 6 7 6 7 6 7 6 0 7 9 7 7 10 7 7 6 7 7 7 8 6 8 7 6 10 10 8 7 9 7 7
2 2 6 5 7 6 7 6 7 6 0 7 9 7 8 10 7 7 6 7 7 7 8 7 8 7 6 10 11 9 7 8 7 7
2 2 5 5 7 8 8 6 7 6 0 7 10 8 8 9 7 7 6 7 7 8 8 6 8 7 7 10 12 9 8 8 7 7
2 2 6 6 7 7 9 6 6 7 0 7 9 8 8 10 7 7 7 7 8 8 9 7 8 7 7 10 11 10 7 9 7 7
2 2 6 6 7 7 7 6 6 6 0 7 9 7 7 9 8 8 8 9 8 7 8 6 8 7 7 10 10 8 7 9 8 8
2 2 6 6 7 6 7 6 7 6 0 7 11 9 9 10 8 7 7 7 7 7 8 7 8 7 7 11 12 10 8 9 7 7
2 2 6 6 7 7 8 7 7 7 0 8 11 8 8 11 8 8 7 8 7 7 8 7 9 8 7 11 12 9 8 11 8 7
2 2 6 6 7 7 8 7 7 6 0 8 11 8 8 10 8 7 7 7 7 7 8 7 8 7 7 11 13 10 8 10 8 7
2 2 6 6 7 7 8 7 7 7 0 8 10 8 8 10 8 7 7 8 8 7 9 7 9 8 8 11 12 9 8 9 8 7
2 2 6 6 7 7 8 7 7 6 0 7 10 8 8 10 8 7 7 8 7 7 9 7 8 7 7 11 11 9 8 9 8 7
2 2 6 6 7 7 8 7 7 7 0 8 11 8 8 10 8 8 7 8 8 8 9 7 9 8 8 11 12 9 8 9 8 7
2 2 6 6 7 7 8 7 7 7 0 8 11 8 8 10 8 8 7 8 8 8 9 7 9 8 8 11 12 10 8 9 8 8
2 2 7 7 8 7 9 7 7 7 0 8 11 8 9 11 8 8 8 9 8 8 9 7 9 8 8 12 12 10 8 10 8 8
2 2 6 6 7 7 8 7 7 7 0 8 11 8 8 10 8 7 7 8 8 8 9 7 9 8 8 12 12 10 8 9 8 7
2 2 6 6 7 7 8 7 7 7 0 7 11 8 8 9 8 7 7 8 8 8 9 7 9 8 7 11 12 9 7 9 8 7
2 2 6 6 7 7 8 7 7 7 0 7 11 8 8 9 8 7 7 8 7 7 9 7 9 8 7 12 12 9 7 9 7 7
2 2 6 6 7 7 8 7 7 7 0 8 10 8 8 10 8 7 7 8 7 8 9 7 9 8 8 12 12 9 8 9 8 7
2 2 7 7 7 7 9 7 8 7 0 7 11 8 8 11 9 8 8 8 8 9 9 7 9 8 8 12 12 9 8 10 8 8
2 2 6 6 8 7 9 7 7 7 0 7 11 8 8 10 8 8 8 8 8 8 9 7 9 8 8 11 12 10 8 10 8 8
2 2 6 6 7 7 8 7 7 7 0 7 11 9 8 11 8 8 8 8 8 8 9 7 8 8 8 11 12 10 8 10 8 8
2 2 7 7 8 8 9 8 8 8 0 8 12 9 8 10 9 8 8 9 8 9 9 8 9 8 8 12 13 10 8 10 9 8
2 2 6 6 7 7 8 7 7 6 0 7 11 8 8 10 8 7 7 8 8 8 8 7 8 8 7 11 12 10 8 10 8 7
2 2 6 6 7 7 8 7 7 6 0 8 11 9 9 10 8 8 7 8 8 8 9 7 9 8 8 11 13 10 9 11 9 8
2 2 7 6 8 7 9 7 7 7 0 8 11 9 9 11 8 8 8 8 8 8 9 7 9 8 8 12 13 10 9 11 9 8
2 2 6 6 7 7 9 7 7 6 0 7 11 9 9 10 8 7 7 8 8 8 9 7 9 8 7 11 12 10 8 10 8 7
2 2 6 6 7 7 9 7 7 6 0 7 11 9 8 10 8 7 7 8 7 7 8 7 9 8 7 11 12 10 8 10 8 7
2 2 6 6 7 7 8 7 7 6 0 7 11 9 8 10 8 7 7 8 8 7 8 7 9 8 7 11 13 10 8 10 8 7
2 2 6 6 8 7 9 7 8 7 0 7 11 8 8 10 8 8 7 8 8 8 9 7 10 8 7 11 12 9 8 10 8 8
2 2 6 6 8 7 8 7 7 6 0 7 11 8 8 10 8 7 7 8 8 8 9 7 9 8 7 11 12 10 8 10 8 7
2 2 7 7 8 7 9 7 7 7 0 8 11 9 9 11 8 8 8 8 8 8 9 7 9 9 8 11 12 10 9 10 9 8
2 2 6 6 8 7 9 7 7 7 0 7 12 9 8 10 8 7 7 8 8 9 9 7 9 8 7 12 13 10 8 10 8 7
2 2 6 6 7 6 8 7 7 6 0 7 11 8 8 10 8 7 7 8 7 8 8 7 9 8 7 11 12 10 8 10 8 7
2 2 7 7 7 7 8 7 7 7 0 7 11 8 8 10 8 8 8 8 7 8 9 7 9 8 7 12 12 10 8 10 8 8
2 2 6 6 7 7 8 7 7 6 0 7 11 8 8 10 7 7 7 8 7 7 9 7 9 8 7 11 13 11 7 9 7 7
2 2 6 6 7 6 8 6 7 6 0 7 10 8 7 9 7 7 7 8 7 7 9 7 8 8 7 10 11 9 7 8 7 7
2 2 6 6 8 7 8 6 7 6 0 6 10 8 7 9 7 7 7 8 7 8 9 7 9 9 7 10 11 9 7 9 7 7
2 2 6 6 7 7 8 6 7 6 0 6 10 8 8 9 7 7 7 7 7 8 9 6 8 8 7 10 11 9 7 8 7 7
2 2 6 6 7 6 8 6 7 6 0 6 10 8 8 9 7 7 7 8 7 7 9 7 9 8 7 10 11 9 7 8 7 7
2 2 6 6 7 6 8 6 7 7 0 7 11 9 7 9 7 7 7 7 7 7 9 7 8 9 8 11 13 10 7 8 7 7
2 2 6 6 7 6 8 6 7 6 0 6 10 7 7 9 7 7 7 7 7 7 9 7 8 8 7 10 10 8 7 8 7 7
2 2 6 6 7 6 8 7 8 7 0 6 11 8 7 9 7 7 7 7 7 7 9 7 10 10 8 11 11 9 8 9 7 7
2 2 6 6 7 6 8 7 7 7 0 6 10 8 7 9 7 7 7 7 7 7 9 7 9 9 8 10 11 8 7 8 7 7
2 2 6 6 8 6 8 7 7 7 0 6 10 8 7 9 7 7 7 7 8 8 9 7 9 9 8 10 11 9 7 9 7 7
2 2 6 6 7 7 8 7 7 7 0 6 10 7 7 9 7 7 7 7 7 7 9 7 9 9 8 10 11 9 7 9 7 7
2 2 6 6 7 6 8 7 7 7 0 7 10 7 7 9 7 7 7 7 7 7 9 7 9 9 8 10 11 8 7 9 7 7
2 2 6 6 8 7 9 7 7 7 0 7 10 7 8 10 8 8 7 7 8 8 9 7 9 10 8 10 11 9 7 10 8 7
2 2 6 6 7 7 8 7 7 7 0 6 10 7 6 9 7 7 7 7 8 8 9 7 9 9 8 9 10 8 6 8 7 7
2 2 6 6 7 7 8 7 7 7 0 6 10 7 7 8 7 6 7 7 7 7 9 7 9 9 8 9 10 8 6 8 7 6
2 2 5 5 7 6 8 7 7 7 0 6 10 7 7 9 7 6 6 7 7 7 9 7 9 9 8 10 11 8 8 9 7 6
2 2 5 5 7 6 8 7 7 7 0 6 10 7 7 9 7 6 6 7 7 7 9 7 9 9 8 10 10 8 6 8 7 6
2 2 5 5 7 6 8 7 7 7 0 6 9 7 7 9 7 6 6 7 7 7 9 7 9 9 8 10 10 8 6 7 7 6
2 2 5 5 7 6 7 7 7 7 0 6 10 7 7 9 7 6 6 7 7 7 8 7 9 9 8 10 11 8 6 8 7 6
2 2 5 5 7 6 7 7 7 7 0 6 9 7 7 8 7 6 6 7 7 7 8 7 9 9 8 10 10 8 6 7 6 6
2 2 5 5 7 6 8 7 7 7 0 6 9 7 7 9 7 7 6 7 7 7 8 7 9 9 8 10 10 8 6 8 7 6
2 2 5 5 7 7 8 7 7 7 0 7 10 7 7 9 7 7 6 7 7 8 9 7 9 9 8 10 10 8 6 8 7 7
2 2 5 5 7 6 8 7 7 7 0 6 10 7 7 9 7 7 6 7 7 7 9 7 9 9 8 10 10 8 6 8 7 6
2 2 5 5 7 6 7 7 7 7 0 6 9 6 6 8 6 6 6 7 7 8 9 7 9 9 8 10 10 7 6 7 6 6
2 2 5 5 7 6 7 7 7 7 0 6 9 7 7 8 7 6 6 7 7 7 9 7 9 10 8 10 10 8 6 8 7 6
2 2 5 5 7 6 7 7 7 7 0 7 10 7 7 8 7 6 6 6 7 8 9 7 9 10 8 10 11 8 6 8 7 6
2 2 5 5 7 6 7 7 7 7 0 6 9 6 7 8 7 6 6 6 7 7 8 7 9 9 7 10 10 8 6 8 6 6
2 2 5 5 7 6 7 7 7 7 0 6 9 6 7 8 7 6 6 6 7 7 8 7 9 9 8 9 10 8 6 8 7 6
2 2 5 5 7 6 8 7 8 7 0 7 11 8 8 9 7 7 6 6 7 7 9 7 9 10 8 12 13 10 6 8 7 7
2 2 5 5 6 6 7 6 7 6 0 6 8 6 7 8 7 6 6 6 7 7 8 6 8 8 7 9 10 8 6 8 7 6
2 2 5 5 6 6 7 6 7 6 0 6 8 6 6 8 6 6 5 6 7 7 8 6 8 8 7 9 10 8 6 7 7 6
2 2 5 5 6 6 7 6 7 6 0 6 8 6 6 8 7 6 6 6 7 7 8 6 8 8 7 9 10 7 6 8 7 6
2 2 5 5 6 6 7 6 6 6 0 6 8 6 6 8 6 6 5 6 7 7 7 6 8 8 7 9 10 8 6 7 6 6
2 2 5 5 7 6 7 6 7 7 0 6 8 7 7 8 7 6 6 6 7 7 8 7 9 9 7 9 10 8 6 8 7 6
2 2 5 5 6 6 7 6 6 6 0 6 9 6 7 8 6 6 5 6 7 7 8 6 8 8 7 9 10 8 6 7 6 6
2 2 5 5 6 6 7 7 6 6 0 6 9 7 6 8 6 6 5 6 7 7 8 6 7 7 5 8 10 8 6 8 6 6
2 2 5 5 6 6 7 6 6 5 0 6 9 7 7 8 6 6 5 6 7 7 7 6 7 7 6 9 10 9 7 7 6 6
2 2 5 5 7 6 7 6 6 6 0 6 9 8 7 8 6 6 5 6 8 7 7 7 8 7 6 9 10 8 6 7 6 6
2 2 5 5 6 6 6 6 6 5 0 6 9 7 7 8 6 6 5 6 6 7 7 6 8 7 6 8 10 8 6 7 6 6
2 2 5 5 6 5 6 6 6 5 0 6 9 6 7 8 6 6 5 6 6 6 7 6 8 7 6 9 10 8 6 7 6 6
2 2 5 5 6 6 7 7 8 7 0 7 10 7 7 8 7 6 5 6 7 7 7 7 9 9 8 10 11 8 6 8 6 6
2 2 5 5 7 6 7 7 7 6 0 6 9 7 7 9 7 7 6 6 6 7 7 7 9 8 6 10 11 8 6 8 7 7
2 2 5 5 6 5 6 6 6 6 0 6 9 7 8 9 7 6 6 6 6 6 7 6 8 7 6 9 11 9 6 8 7 6
2 2 5 5 6 5 6 6 6 5 0 6 10 7 7 9 7 6 6 6 6 6 7 6 8 7 6 10 11 8 6 8 7 6
2 2 5 5 6 6 7 6 6 5 0 6 11 8 8 9 7 6 6 6 6 6 7 6 8 7 6 10 12 9 6 8 7 6
2 2 5 5 6 5 6 5 6 6 0 6 9 7 7 9 7 6 6 6 6 6 7 6 8 7 6 9 10 8 6 8 7 6
2 2 5 5 6 5 6 5 6 5 0 6 9 7 7 9 7 6 6 6 6 6 7 6 8 7 6 9 10 8 6 8 7 6
2 2 5 5 6 5 7 6 6 6 0 6 9 7 7 9 7 6 6 6 6 6 7 6 8 7 6 10 11 8 6 8 7 6
2 2 5 5 6 5 6 5 6 6 0 6 9 7 7 8 6 6 6 6 6 6 7 6 8 7 6 9 10 8 7 8 7 6
2 2 5 5 6 5 6 5 6 5 0 6 9 7 7 8 6 6 5 6 6 6 7 6 8 7 6 9 10 8 6 8 6 6
2 2 5 5 6 5 6 6 6 5 0 6 9 7 7 8 6 6 5 6 6 6 7 6 7 7 6 9 10 8 6 7 6 6
2 2 5 5 6 5 6 5 6 5 0 6 9 7 7 8 6 6 6 6 6 6 7 6 8 7 6 9 11 8 6 7 6 6
2 2 5 5 6 5 6 5 6 6 0 6 9 7 7 8 6 6 5 6 6 6 7 6 8 7 6 9 10 8 6 7 6 6
2 2 5 5 6 5 6 6 6 6 0 6 9 7 7 8 7 6 6 6 6 6 8 6 8 7 6 9 11 8 6 7 6 6
2 2 5 5 6 5 6 5 6 5 0 6 9 7 7 9 7 6 6 6 6 6 8 6 8 7 6 9 10 8 6 7 6 6
2 2 4 5 6 5 6 5 6 6 0 6 9 7 7 8 6 6 5 5 6 5 7 6 8 7 6 9 10 8 6 7 6 6
2 2 5 5 6 5 6 6 6 6 0 6 10 8 8 9 7 6 6 6 6 6 7 6 8 7 6 9 11 9 6 8 6 6
2 2 5 5 6 5 6 6 6 6 0 6 10 7 7 8 6 6 6 6 6 6 7 6 8 7 6 9 10 9 6 7 6 6
2 2 5 5 7 6 6 6 6 6 0 6 9 7 7 8 6 6 6 6 7 6 7 6 8 7 6 9 10 8 6 7 6 6
2 2 5 5 6 5 6 5 6 6 0 6 9 7 7 8 6 6 5 5 6 5 7 6 8 7 6 9 10 8 6 7 6 6
2 2 5 5 6 5 6 5 6 6 0 6 9 7 7 8 6 6 5 6 6 5 7 6 8 7 6 9 10 8 6 7 6 6
2 2 5 5 6 6 7 7 7 6 0 7 11 8 9 9 7 6 6 6 7 6 7 7 9 9 7 11 12 10 7 8 7 6
2 2 5 5 6 5 6 6 6 6 0 6 10 7 8 9 6 6 5 6 6 6 7 6 8 7 6 10 11 9 6 8 6 6
2 2 5 5 6 6 6 6 7 6 0 6 10 7 8 9 7 6 6 6 6 6 7 6 8 8 6 10 11 9 6 8 6 6
2 2 5 5 6 5 6 6 6 6 0 6 10 7 8 9 6 6 5 6 6 6 7 6 8 7 6 10 11 9 7 7 6 6
2 2 5 5 6 6 7 6 7 6 0 7 10 8 8 9 7 6 5 6 6 6 7 7 9 8 7 11 12 9 7 7 6 6
2 2 5 5 6 5 6 6 7 6 0 6 11 8 8 9 7 6 5 6 6 6 7 6 8 7 6 10 12 10 7 8 7 6
2 2 5 5 6 5 6 6 6 6 0 6 9 7 7 8 6 6 6 6 6 6 7 6 8 7 6 10 10 9 7 7 6 6
2 2 4 4 6 5 6 6 7 7 0 6 9 7 7 9 6 6 5 5 6 6 7 6 9 9 8 11 11 9 6 7 6 6
2 2 5 5 6 5 6 5 6 6 0 6 9 6 7 8 7 6 6 6 6 5 7 6 7 7 6 10 11 8 6 7 6 6
2 2 4 4 6 5 6 5 6 6 0 6 9 7 8 9 6 6 5 5 6 5 7 6 7 7 6 10 10 8 6 7 6 6
2 2 4 4 6 5 6 5 6 6 0 6 9 6 7 8 6 6 5 5 6 6 7 6 7 7 6 9 10 8 6 7 6 5
2 2 4 4 6 5 6 5 6 6 0 6 9 6 7 8 6 6 5 5 6 6 7 6 7 7 6 9 10 8 6 7 6 6
2 2 4 4 6 5 6 5 6 6 0 6 9 7 7 8 6 6 5 5 6 6 7 6 7 7 6 10 11 9 6 7 6 6
2 2 5 5 6 6 7 6 6 6 0 6 9 6 7 8 6 6 6 6 6 6 7 6 7 7 6 10 10 8 6 7 6 6
2 2 5 5 6 6 6 6 6 6 0 7 10 7 7 8 6 6 5 6 6 6 7 6 7 7 6 11 11 9 7 7 6 6
2 2 4 4 6 6 6 5 6 6 0 6 9 6 7 8 6 6 5 5 6 6 7 6 7 7 6 9 10 8 6 7 6 5
2 2 5 5 6 6 6 6 6 6 0 6 9 6 7 8 6 6 6 6 7 6 7 6 7 7 6 10 10 8 7 7 6 6
2 2 5 5 6 5 6 6 6 6 0 6 10 6 7 8 6 6 5 6 6 6 7 6 7 7 6 10 11 9 6 7 6 6
2 2 5 5 6 6 7 6 6 6 0 6 9 6 7 8 6 6 6 6 6 6 7 6 7 7 6 10 11 9 6 7 6 6
2 2 5 5 6 6 7 6 6 6 0 6 10 7 7 9 7 7 6 6 6 6 8 6 7 7 6 10 11 9 7 8 7 7
2 2 5 6 7 6 7 6 7 6 0 7 10 7 8 9 7 7 6 7 7 6 8 7 8 8 7 11 11 9 7 8 7 7
2 2 5 5 6 6 7 6 7 6 0 6 10 7 8 10 7 7 6 6 7 7 9 7 8 8 7 11 12 9 7 8 7 7
2 2 5 5 6 6 7 6 6 6 0 6 10 7 7 8 6 6 6 6 6 6 8 6 7 7 6 10 11 8 6 7 6 6
2 2 5 5 6 6 7 6 6 6 0 6 10 7 7 8 7 6 6 6 7 6 8 6 7 7 6 10 11 9 6 7 6 6
2 2 5 5 6 6 7 6 6 6 0 6 10 7 7 8 6 6 6 6 7 6 8 6 7 7 6 10 11 9 7 7 6 6
2 2 5 5 6 6 7 6 6 6 0 7 10 7 7 8 7 6 6 6 7 6 8 6 7 7 6 10 11 9 7 7 6 6
2 2 5 5 6 6 7 6 6 6 0 6 11 7 7 8 7 6 6 7 7 6 8 6 7 7 6 10 12 9 7 7 6 6
2 2 5 5 6 6 7 6 6 6 0 6 10 7 7 8 7 6 6 7 7 6 8 6 7 7 6 10 11 9 6 7 6 6
2 2 5 6 7 6 8 7 7 7 0 8 11 8 8 8 7 7 6 7 8 7 9 7 8 8 7 10 11 9 7 7 7 6
2 2 5 5 6 6 7 6 6 6 0 6 10 6 6 8 7 7 7 8 7 6 8 6 7 7 6 9 11 9 7 8 7 7
2 2 5 5 6 6 7 6 6 6 0 6 10 7 6 8 6 6 6 7 6 6 8 6 7 7 6 9 11 8 6 7 6 6
2 2 5 5 6 6 7 6 6 5 0 6 9 6 6 8 6 6 6 7 6 6 8 6 7 7 6 9 10 8 6 7 6 6
2 2 5 5 6 6 7 6 6 5 0 6 9 7 6 8 6 6 6 7 7 6 8 6 7 7 6 9 10 8 6 7 6 6
2 2 5 5 6 6 7 6 6 6 0 7 11 8 8 9 7 7 6 7 7 6 8 6 7 7 6 10 12 10 8 8 7 7
2 2 5 5 6 6 7 6 6 5 0 6 9 6 6 8 6 6 6 7 7 6 8 6 7 7 6 9 10 8 6 7 6 6
2 2 5 5 6 6 7 6 6 6 0 7 9 6 6 8 6 6 6 7 6 6 8 6 8 8 7 9 10 8 7 7 6 6
2 2 5 5 6 6 7 6 6 5 0 6 9 7 6 8 6 6 6 7 7 6 8 6 7 7 6 9 10 8 7 7 6 6
2 2 5 5 6 6 7 6 6 5 0 6 9 7 6 8 7 6 6 7 7 6 8 6 7 7 6 9 10 8 6 7 6 6
2 2 5 5 7 6 7 6 6 6 0 6 10 7 7 8 7 6 6 7 7 6 8 6 7 7 6 10 11 9 7 8 7 6
2 2 5 5 6 6 7 6 6 6 0 6 9 6 6 8 6 6 6 7 7 6 8 6 7 7 6 9 10 8 6 7 6 6
2 2 5 5 6 6 7 6 6 6 0 6 9 6 6 7 6 6 6 7 7 6 8 6 7 7 6 9 10 9 6 7 6 6
2 2 5 5 6 6 7 6 6 6 0 6 9 6 6 7 6 6 6 7 7 6 8 6 7 7 6 8 10 8 6 7 6 6
2 2 5 5 7 6 7 6 6 6 0 6 9 6 6 8 7 6 6 7 7 6 8 6 7 7 6 9 10 8 6 8 7 6
2 2 6 6 7 6 8 7 7 7 0 7 10 6 7 9 7 7 7 7 7 7 8 7 8 7 7 10 11 9 7 8 7 7
2 2 6 6 8 6 8 6 7 6 0 6 9 7 6 8 7 7 7 7 8 7 8 7 8 7 7 9 10 8 6 8 7 7
2 2 5 6 7 6 8 6 6 6 0 7 10 7 7 8 7 7 6 7 7 6 8 7 7 7 6 10 11 8 7 9 7 6
2 2 5 5 7 6 8 6 7 6 0 7 8 6 6 8 7 6 6 6 7 6 8 6 8 7 6 8 9 8 6 7 6 6
2 2 5 5 7 6 8 6 6 6 0 6 8 6 6 7 6 6 6 6 7 6 8 6 7 7 6 8 9 7 6 7 6 6
2 2 5 5 6 5 7 6 7 6 0 6 10 6 6 7 6 6 6 6 7 6 7 7 8 7 6 8 9 8 6 7 6 6
2 2 5 5 6 6 7 6 6 6 0 6 9 6 6 8 6 6 6 7 7 6 8 6 7 7 6 9 10 8 5 7 6 6
2 2 5 5 7 6 7 6 6 6 0 6 8 6 6 8 7 6 6 7 7 6 8 6 7 7 6 8 9 8 6 8 7 6
2 2 5 5 7 6 7 6 6 6 0 6 9 6 7 8 6 6 6 7 7 6 8 6 7 7 6 8 10 8 6 7 6 6
2 2 5 5 6 6 7 6 6 6 0 6 9 6 6 8 6 6 6 7 7 6 8 6 7 7 6 8 9 8 5 7 6 6
2 2 5 5 6 6 7 6 6 6 0 6 9 6 6 8 6 6 6 6 7 6 7 6 7 7 6 8 9 8 6 7 6 6
2 2 5 5 6 6 7 6 6 6 0 7 10 7 7 8 6 6 6 6 7 6 8 6 8 7 6 10 11 8 6 7 6 6
2 2 5 5 7 6 7 6 7 7 0 6 10 7 7 8 7 6 6 7 7 6 8 6 9 8 6 11 11 8 6 7 7 6
2 2 5 5 6 6 7 6 7 6 0 6 9 7 7 8 6 6 6 7 7 6 8 6 8 7 6 10 10 8 6 7 6 6
2 2 5 5 6 6 7 6 6 6 0 6 9 7 7 8 7 6 6 7 7 6 8 7 8 7 7 10 10 8 6 8 7 6
2 2 6 6 7 7 8 7 8 7 0 7 10 7 7 9 8 7 7 7 8 7 8 7 9 8 7 10 11 9 7 9 8 7
2 2 5 5 7 6 7 6 7 6 0 6 9 7 7 8 7 6 6 7 7 7 8 7 8 8 7 10 11 8 6 8 7 6
2 2 5 5 6 6 7 7 7 7 0 6 10 7 7 8 7 6 6 6 7 7 8 7 8 8 7 11 12 9 6 8 7 6
2 2 5 5 6 6 7 7 7 7 0 6 9 7 7 8 7 6 6 6 7 6 8 7 8 7 7 10 11 8 6 7 7 6
2 2 6 6 7 6 8 7 7 7 0 6 10 7 7 8 7 7 7 7 7 7 8 8 9 8 7 10 11 8 6 8 7 7
2 2 5 6 6 6 7 7 7 6 0 6 9 7 7 8 7 6 6 7 7 7 8 7 8 8 7 10 11 8 6 8 7 6
2 2 5 5 6 6 7 7 7 7 0 6 9 7 7 8 6 6 6 7 7 6 8 6 8 7 7 10 11 8 6 7 6 6
2 2 5 5 6 6 7 6 6 6 0 6 9 7 7 8 6 6 6 7 7 7 8 6 8 7 7 10 11 8 6 7 6 6
2 2 5 5 6 6 7 6 6 7 0 6 9 7 7 8 6 6 6 7 6 6 8 6 8 8 7 10 11 8 6 7 6 6
2 2 5 5 6 6 8 7 7 7 0 6 10 7 7 8 7 6 6 7 7 7 9 7 8 8 7 10 11 8 6 8 7 6
2 2 5 5 6 6 7 6 6 6 0 6 9 7 7 8 7 6 6 7 7 6 8 7 8 7 7 10 11 8 6 7 6 6
2 2 5 5 6 6 7 6 7 6 0 6 10 7 7 8 6 6 6 7 6 6 8 6 8 7 7 10 11 9 6 7 6 6
2 2 6 6 6 6 8 7 7 6 0 7 10 8 7 8 7 7 6 7 6 6 8 7 8 8 7 11 12 9 6 8 7 6
2 2 6 6 7 7 9 8 8 8 0 8 11 8 8 9 8 7 7 8 8 8 9 8 9 9 9 12 12 9 7 9 8 7
2 2 5 5 6 6 7 6 6 6 0 6 9 7 7 8 6 6 6 7 7 6 8 6 8 7 7 10 11 8 6 7 6 6
2 2 5 5 6 6 7 6 7 6 0 6 10 7 7 8 6 6 6 7 7 6 8 7 8 7 7 11 12 9 6 8 7 6
2 2 5 5 6 6 7 6 6 6 0 6 9 7 7 7 6 6 6 6 6 6 8 6 8 7 7 10 11 8 6 7 6 6
2 2 5 5 6 6 7 6 6 6 0 6 10 7 7 8 6 6 6 7 7 7 8 6 8 8 7 11 12 9 6 7 6 6
2 2 5 5 6 6 7 7 7 6 0 7 10 7 7 8 7 6 6 7 6 6 8 7 8 8 7 11 11 8 6 7 6 6
2 2 5 5 6 6 8 7 6 6 0 6 11 8 7 8 6 6 6 6 7 7 8 7 8 8 7 11 12 8 6 7 6 6
2 2 5 5 6 6 7 6 6 6 0 6 10 7 6 7 6 6 6 6 6 6 8 7 8 7 7 11 11 8 6 7 6 6
2 2 5 5 6 6 7 6 6 6 0 6 10 7 6 7 6 6 6 6 6 6 8 7 8 7 7 10 11 8 6 7 6 6
2 2 5 5 6 6 8 6 6 6 0 6 10 7 6 7 6 6 6 6 6 6 8 7 8 7 7 10 11 8 6 7 6 6
2 2 5 5 6 6 8 6 6 6 0 6 10 7 7 8 6 6 6 6 6 6 8 7 8 7 7 11 11 8 6 7 6 6
2 2 5 5 6 6 7 6 7 6 0 6 10 8 7 8 6 6 6 6 6 6 8 7 8 7 7 10 12 9 7 7 6 6
2 2 5 5 6 6 8 6 7 6 0 6 9 7 6 7 6 6 6 6 6 6 8 6 8 8 7 9 10 8 6 7 6 6
2 2 5 5 6 6 7 7 7 7 0 6 9 7 6 7 6 6 6 7 6 6 8 7 9 8 7 10 10 8 6 6 6 6
2 2 5 5 6 6 7 6 6 6 0 6 10 8 7 7 6 5 5 6 6 6 8 6 7 7 6 9 10 8 5 6 6 5
2 2 5 5 6 6 7 6 7 6 0 6 10 7 7 8 6 6 6 6 6 6 8 7 9 8 7 10 11 9 6 7 6 6
2 2 5 5 6 5 7 6 6 6 0 6 9 7 6 7 6 5 5 6 6 6 7 6 8 7 6 9 9 8 5 6 6 5
2 2 5 5 6 6 7 6 6 6 0 6 9 6 6 7 6 5 5 6 6 6 7 6 8 7 6 9 9 8 5 6 6 5
2 2 4 4 5 6 7 5 6 6 0 5 9 6 6 7 6 5 5 6 6 6 7 6 8 7 6 8 9 8 5 6 6 5
2 2 5 5 6 6 7 6 6 6 0 6 9 6 6 7 6 5 5 6 6 6 8 6 8 8 6 8 9 8 5 6 6 5
2 2 5 5 6 6 7 6 6 6 0 5 9 6 6 7 6 5 5 6 7 7 8 6 8 7 6 8 9 8 5 6 6 5
2 2 4 4 6 6 8 6 6 6 0 6 10 7 6 7 6 5 5 6 7 7 9 6 8 7 6 9 10 8 5 6 5 5
2 2 5 5 6 6 7 6 6 6 0 5 9 6 6 7 6 6 6 6 7 7 8 7 8 7 6 8 9 8 5 6 6 6
2 2 5 5 6 6 7 6 7 6 0 6 9 7 6 7 6 5 5 6 7 7 8 6 8 8 6 9 11 8 5 6 6 5
2 2 5 5 6 6 7 6 6 6 0 5 8 6 6 7 6 6 6 6 7 7 8 6 8 7 6 8 9 7 5 6 6 6
2 2 5 5 7 6 7 6 8 7 0 6 9 7 6 8 6 6 6 6 7 7 9 7 9 8 7 10 9 8 5 6 6 6
2 2 5 5 6 6 7 6 7 6 0 6 9 6 6 7 6 6 6 6 7 7 8 6 9 8 7 9 10 8 5 6 6 6
2 2 5 5 6 6 7 6 6 6 0 6 9 7 6 7 6 6 5 6 7 7 8 6 8 7 6 9 10 8 5 6 6 5
2 2 5 5 6 6 7 6 6 6 0 6 9 6 6 7 6 5 5 6 7 7 8 6 8 7 6 9 10 8 5 6 5 5
2 2 4 5 6 6 7 6 6 6 0 6 9 6 6 7 6 6 5 6 7 7 8 6 8 7 6 9 10 8 5 6 6 6
2 2 5 5 6 6 7 6 6 6 0 6 9 6 6 7 6 5 5 6 7 7 8 6 8 7 6 9 9 8 5 6 6 5
2 2 4 4 6 6 7 5 6 6 0 6 8 6 6 7 6 5 5 6 7 7 8 6 7 7 6 8 9 8 5 6 5 5
2 2 4 4 6 6 7 5 6 6 0 6 9 6 6 7 6 5 5 6 7 7 8 6 7 7 6 9 10 8 6 6 6 5
2 2 5 5 7 6 7 6 6 6 0 6 9 7 6 7 6 6 6 7 7 7 8 6 8 7 6 8 10 8 6 7 6 6
2 2 5 5 6 6 7 5 6 5 0 5 8 6 6 7 6 5 5 6 7 7 8 6 7 6 5 8 9 8 5 6 6 5
2 2 4 4 6 5 6 5 6 5 0 5 8 6 6 7 6 5 5 6 7 6 7 5 7 6 6 8 10 8 5 6 5 5
2 2 4 4 6 5 7 5 6 5 0 5 8 6 6 7 6 5 5 6 7 7 8 5 7 6 5 8 9 8 5 6 5 5
2 2 4 4 6 6 7 5 6 5 0 5 7 6 5 7 6 5 5 6 7 7 8 6 7 6 5 8 9 7 5 6 5 5
2 2 5 5 6 6 7 5 6 6 0 6 8 6 6 7 6 5 5 6 7 7 8 6 7 7 6 8 9 7 5 6 6 5
2 2 5 5 6 6 7 6 6 6 0 6 9 7 6 7 6 6 5 6 7 7 8 6 8 7 6 9 10 8 6 7 6 6
2 2 5 5 6 6 8 6 6 5 0 6 9 7 6 7 6 6 5 6 7 7 8 6 8 7 5 9 10 8 6 7 6 6
2 2 5 5 6 6 7 5 6 5 0 5 8 6 6 7 6 6 6 6 7 7 8 6 7 6 5 9 9 7 6 7 6 6
2 2 5 5 6 6 7 5 5 5 0 6 9 7 7 8 6 6 5 6 7 7 8 5 7 6 5 8 10 8 5 7 6 5
2 2 5 5 6 6 7 6 6 5 0 6 9 7 6 7 6 6 6 6 7 7 8 6 7 7 6 9 10 7 6 6 6 6
2 2 4 4 6 5 6 5 5 5 0 5 8 6 5 7 6 5 5 6 6 6 8 5 6 6 5 8 9 7 5 6 5 5
2 2 4 4 6 5 6 5 5 5 0 5 8 6 5 7 5 5 5 6 6 6 8 5 6 6 5 8 9 7 5 6 5 5
2 2 5 5 6 5 7 6 6 6 0 6 9 6 6 7 6 6 6 7 6 6 8 6 8 7 6 9 10 8 6 7 6 6
2 2 5 5 6 6 7 6 6 6 0 6 9 6 7 8 6 6 6 7 6 6 8 6 8 7 6 9 10 7 6 7 6 6
2 2 5 5 6 6 8 6 7 6 0 6 9 6 7 8 6 6 6 7 6 6 9 6 8 8 6 9 10 8 6 7 6 6
2 2 5 5 6 5 7 6 7 6 0 6 9 6 7 7 6 6 6 7 6 6 7 6 8 8 6 9 10 8 7 7 6 6
2 2 5 5 6 5 7 6 7 6 0 6 8 6 6 7 6 6 6 6 6 6 7 6 8 7 5 8 9 7 6 7 6 6
2 2 4 4 6 5 6 5 6 5 0 5 8 5 6 7 5 5 5 6 6 6 7 6 8 7 5 8 9 7 5 6 6 5
2 2 5 5 6 5 6 6 6 5 0 5 8 5 6 7 6 5 5 6 6 5 7 6 8 7 5 9 9 7 5 6 6 5
2 2 5 5 6 5 6 6 7 6 0 5 8 6 6 7 6 5 6 6 6 5 7 6 8 7 5 8 9 7 5 7 6 5
2 2 5 5 6 5 6 6 7 5 0 5 8 5 6 7 6 5 6 6 6 5 7 6 8 8 5 9 9 7 5 7 6 6
2 2 5 5 6 5 6 6 7 5 0 5 8 5 6 7 5 5 6 6 6 5 7 6 8 7 5 9 9 7 5 7 6 5
2 2 5 5 6 5 6 6 7 6 0 5 8 5 6 7 5 5 5 7 6 5 7 6 8 7 5 8 9 7 5 6 6 5
2 2 5 5 6 5 6 6 7 6 0 6 8 6 6 7 6 5 5 6 6 6 7 6 8 7 5 9 9 7 6 7 6 5
2 2 5 5 6 5 6 5 7 6 0 6 8 6 6 7 6 5 5 6 6 6 7 6 8 7 6 9 9 7 6 7 6 6
2 2 5 5 6 5 6 5 6 6 0 5 8 6 6 7 6 6 6 6 6 5 7 6 8 7 5 9 9 7 5 7 6 6
2 2 5 5 6 5 6 6 6 6 0 6 8 6 6 7 6 6 6 6 6 6 6 6 8 8 6 9 9 8 6 7 6 6
2 2 5 5 6 5 6 6 7 6 0 6 8 6 6 7 6 6 6 7 6 6 7 6 8 8 6 9 9 7 6 7 6 6
2 2 5 6 6 6 7 6 7 6 0 6 9 6 6 7 6 6 6 7 7 6 7 6 8 8 6 9 10 9 6 7 6 6
2 2 5 5 6 5 6 6 6 6 0 6 9 6 6 7 6 6 6 7 6 6 7 6 8 7 6 9 10 8 6 7 6 6
2 2 5 5 6 5 6 5 6 5 0 5 8 5 5 7 6 6 6 6 6 5 7 6 8 7 5 8 9 7 5 7 6 5
2 2 5 5 6 5 6 5 6 5 0 6 8 5 5 7 6 5 5 6 6 5 7 5 7 7 6 8 9 7 6 7 6 5
2 2 5 5 6 5 6 5 6 5 0 5 8 5 6 7 6 6 6 7 6 6 7 6 7 7 5 9 10 7 6 7 6 6
2 2 5 5 7 6 7 6 6 6 0 6 8 6 6 8 6 6 6 7 7 6 7 7 7 7 6 8 9 7 6 8 6 6
2 2 5 5 6 5 6 5 6 6 0 6 8 6 6 7 6 6 6 6 7 6 7 6 7 7 6 9 9 7 6 7 6 5
2 2 5 5 7 6 7 5 6 5 0 6 8 6 6 7 6 6 6 7 7 7 7 6 7 7 6 9 9 7 6 7 6 6
2 2 5 6 6 6 7 6 6 6 0 6 9 6 6 8 7 6 6 7 7 6 7 6 8 8 6 9 10 7 6 7 6 6
2 2 5 5 6 6 7 6 6 6 0 6 8 6 6 8 6 6 6 6 7 6 7 6 7 7 6 9 9 7 6 7 6 6
2 2 5 5 6 5 7 5 6 6 0 6 8 6 6 7 6 6 6 6 6 6 7 6 7 7 6 8 8 7 6 7 6 6
2 2 5 5 6 5 7 5 6 5 0 6 8 6 6 7 6 6 6 6 6 6 7 6 7 7 6 8 8 7 6 7 6 6
2 2 5 5 6 6 6 6 6 5 0 6 7 6 6 7 6 6 6 7 7 6 7 6 7 7 6 7 8 7 6 7 6 6
2 2 5 5 6 6 6 5 6 5 0 6 8 7 7 8 6 6 6 6 6 6 8 6 7 7 6 8 8 7 6 7 6 6
2 2 5 5 6 5 7 6 6 6 0 6 8 6 5 7 6 5 6 6 6 6 8 6 7 7 6 7 8 6 6 7 6 5
2 2 5 5 6 5 6 5 5 5 0 6 8 6 5 7 6 6 6 6 6 6 7 5 6 6 6 7 8 6 5 7 6 5
2 2 5 5 6 5 6 5 5 5 0 6 8 6 5 7 6 6 6 6 7 6 8 6 7 7 6 8 8 6 5 7 6 5
2 2 5 5 6 6 7 6 5 5 0 6 8 6 5 7 6 6 6 6 6 6 8 6 7 7 6 8 9 7 6 7 6 6
2 2 5 5 6 5 7 5 5 5 0 6 8 7 6 7 6 6 6 7 6 6 9 6 6 7 6 8 8 7 6 7 6 6
2 2 5 5 6 5 6 5 5 5 0 6 8 6 5 7 6 6 6 7 7 6 8 6 6 6 6 8 8 7 5 7 6 6
2 2 5 5 6 6 6 5 5 5 0 6 8 6 5 7 6 6 6 7 7 6 8 6 6 6 6 8 8 7 5 7 6 6
2 2 5 5 6 5 6 5 5 5 0 6 8 6 5 7 6 6 6 6 6 6 8 6 6 6 6 8 8 7 6 7 6 6
2 2 5 5 7 6 6 5 5 5 0 6 8 6 5 7 6 6 6 6 7 6 8 6 7 7 6 8 8 7 5 7 6 6
2 2 5 5 7 6 7 6 6 5 0 6 8 6 6 7 6 6 6 7 7 7 8 6 8 8 7 9 9 7 6 7 6 6
2 2 5 5 6 6 7 6 6 5 0 6 7 6 5 7 6 6 6 7 6 6 8 6 7 7 6 8 8 7 5 7 6 6
2 2 5 5 6 5 6 5 5 5 0 5 8 6 6 7 6 6 6 7 7 6 8 6 7 7 6 8 9 7 6 7 6 6
2 2 5 6 6 6 7 6 5 6 0 6 8 7 6 7 6 6 6 7 7 6 8 6 7 7 6 8 9 7 6 7 6 6
2 2 5 5 6 5 6 5 6 5 0 5 8 6 6 7 6 6 6 6 6 6 8 6 8 7 6 8 9 7 5 7 6 6
2 2 5 5 6 5 7 5 5 5 0 6 8 6 6 7 6 6 6 7 6 6 8 6 7 7 6 8 9 7 5 7 6 6
2 2 5 5 6 6 7 5 5 5 0 6 8 6 6 7 6 6 6 7 7 7 9 6 7 7 6 8 9 7 6 7 6 6
2 2 5 5 6 5 7 5 5 5 0 5 9 6 6 7 6 6 6 6 6 6 8 6 7 7 6 8 9 7 5 7 6 6
2 2 5 5 6 6 6 5 5 5 0 6 8 6 6 7 6 6 6 7 7 6 8 6 7 7 6 8 9 7 5 7 6 6
2 2 5 5 7 6 7 6 6 6 0 6 8 6 6 8 7 6 6 7 7 7 9 6 7 7 7 8 9 7 5 7 7 6
2 2 6 6 6 6 7 6 6 5 0 6 9 7 6 8 7 7 7 7 7 7 9 6 7 7 6 9 9 7 6 8 7 7
2 2 5 5 6 6 7 6 6 5 0 6 10 7 6 7 6 6 6 6 6 6 8 6 8 7 6 10 10 8 5 7 6 6
2 2 5 5 6 5 7 5 6 5 0 5 9 6 6 7 6 6 6 6 6 6 8 5 7 7 6 9 10 7 5 7 6 6
2 2 5 5 6 5 6 5 6 5 0 6 9 6 6 7 6 6 6 7 6 6 8 5 7 7 6 9 9 7 6 7 6 6
2 2 5 5 6 6 7 5 6 5 0 6 8 6 6 7 6 6 6 6 6 6 8 5 7 7 6 9 9 7 5 7 6 6
2 2 5 5 6 5 6 5 6 5 0 6 8 6 6 7 6 6 6 6 6 6 8 5 7 7 6 9 9 7 5 6 6 6
2 2 5 5 6 5 6 5 6 5 0 5 8 6 6 7 6 6 6 6 6 6 8 5 7 6 6 9 9 7 5 6 6 6
2 2 5 5 6 5 6 5 5 5 0 5 8 6 6 7 6 6 6 6 6 6 8 6 7 6 6 8 9 7 5 6 6 6
2 2 5 5 6 5 7 5 6 6 0 6 9 7 6 8 6 6 6 6 6 6 8 6 7 7 6 9 9 7 6 7 6 6
2 2 5 5 6 5 7 5 6 5 0 5 8 6 6 7 6 6 6 6 6 6 8 6 7 7 6 9 10 7 5 7 6 6
2 2 5 5 6 5 7 6 6 5 0 5 8 6 6 7 6 6 6 6 6 6 8 6 7 7 6 9 9 7 5 7 6 6
2 2 5 5 6 6 7 6 6 5 0 6 8 6 6 7 6 6 6 7 7 6 8 6 7 7 6 9 9 7 5 7 6 6
2 2 5 5 6 6 7 6 6 6 0 6 9 7 6 8 7 6 6 7 7 6 8 7 8 7 6 9 10 8 6 7 7 6
2 2 5 5 6 6 7 6 6 6 0 6 8 6 6 8 6 6 6 7 6 6 8 6 8 7 6 9 9 8 6 7 6 6
2 2 5 5 6 6 7 6 6 6 0 6 8 6 7 8 7 7 6 7 7 7 8 6 7 7 6 9 10 8 6 8 7 7
2 2 5 5 6 6 7 6 6 6 0 5 8 6 6 7 6 6 6 6 7 7 8 6 7 7 6 9 9 7 5 7 6 6
2 2 5 5 6 6 7 6 6 6 0 5 8 6 6 7 6 6 6 7 6 6 8 6 7 7 7 9 10 7 5 7 6 6
2 2 5 5 6 6 7 6 6 6 0 5 8 6 6 8 7 6 6 6 6 6 8 6 7 7 6 9 9 8 6 7 6 6
2 2 5 5 6 6 7 5 6 6 0 6 8 6 6 8 6 6 6 6 6 6 8 6 7 6 6 9 9 7 6 7 6 6
2 2 5 5 6 6 7 6 6 6 0 6 8 6 6 8 6 6 6 6 6 6 8 6 7 7 6 9 9 7 6 7 6 6
2 2 5 5 6 6 7 6 6 6 0 6 10 7 8 8 7 6 6 6 6 6 8 6 7 7 6 9 11 8 6 7 6 6
2 2 5 5 6 6 7 6 6 6 0 5 8 6 6 8 6 6 6 7 7 6 8 6 7 7 6 9 9 7 5 7 6 6
2 2 5 5 7 6 7 6 6 6 0 5 8 6 6 7 6 6 6 7 7 7 8 6 7 7 6 9 9 7 5 7 6 6
2 2 5 5 6 6 7 6 6 6 0 6 8 6 6 7 6 6 6 6 6 6 8 6 7 7 6 9 9 8 5 7 6 6
2 2 5 5 6 6 7 6 6 6 0 5 9 7 6 8 6 6 6 6 6 7 8 6 7 6 6 9 9 8 5 7 6 6
2 2 5 5 6 6 7 6 6 6 0 5 8 7 6 8 6 6 6 6 6 6 8 6 7 7 6 9 9 8 5 7 6 6
2 2 5 5 6 6 8 6 6 6 0 5 8 6 6 8 6 6 6 6 6 6 8 6 7 7 6 9 9 8 5 7 6 6
2 2 5 5 6 6 7 6 6 6 0 5 8 6 6 7 6 6 5 6 6 6 8 6 7 7 6 9 9 7 5 7 6 6
2 2 5 6 7 6 8 7 7 7 0 7 10 7 7 8 7 7 6 7 7 7 8 7 8 8 7 10 11 9 6 8 7 7
2 2 4 5 6 6 7 5 5 5 0 6 7 6 6 8 6 6 5 6 6 6 7 6 6 6 6 8 9 7 5 7 6 6
2 2 4 4 6 6 6 5 5 5 0 5 8 6 6 7 6 5 5 6 6 6 7 6 6 6 5 8 9 7 5 7 6 5
2 2 5 5 6 6 7 6 6 5 0 5 8 6 6 7 6 6 6 6 7 6 7 6 7 6 6 8 9 7 5 7 6 5
2 2 5 5 6 6 7 6 6 5 0 5 8 6 6 7 6 6 6 6 6 6 8 6 7 6 6 8 10 8 6 8 6 6
2 2 5 5 6 6 7 6 5 5 0 5 8 7 6 7 6 6 5 6 6 7 8 6 6 6 6 8 9 8 6 7 6 6
2 2 5 5 6 6 6 5 5 5 0 5 8 6 6 7 6 6 5 6 6 6 7 6 6 6 6 8 9 8 6 7 6 6
2 2 5 5 6 6 6 5 5 5 0 5 8 6 6 8 6 6 6 6 7 6 8 6 6 6 5 8 9 8 5 7 6 6
2 2 5 5 6 6 7 6 5 5 0 6 8 7 6 7 6 6 6 6 6 7 8 6 6 6 6 8 9 8 5 7 6 6
2 2 5 5 6 6 6 5 5 5 0 5 8 6 6 7 6 5 5 6 6 7 7 6 6 6 5 8 9 7 5 7 6 6
2 2 4 5 6 6 7 5 5 5 0 5 8 6 6 7 6 5 5 6 6 6 8 5 6 6 5 8 9 7 5 7 6 5
2 2 5 5 6 6 6 5 5 5 0 5 8 6 6 7 6 5 5 6 6 6 8 5 6 6 5 8 9 7 5 7 6 5
2 2 5 5 6 6 6 5 5 5 0 6 8 7 6 7 6 5 5 6 6 6 7 5 6 6 6 9 10 8 5 7 6 5
2 2 4 4 6 5 7 5 5 5 0 5 8 6 6 7 5 5 5 6 6 6 7 5 6 6 5 8 9 7 5 6 5 5
2 2 4 5 6 5 6 5 6 6 0 5 8 6 6 7 5 5 5 6 6 6 7 5 6 6 5 8 9 7 5 6 5 5
2 2 5 5 6 5 6 5 5 5 0 5 8 6 6 7 6 5 5 6 6 6 7 5 6 6 6 9 9 7 5 7 6 5
2 2 4 4 5 5 6 5 5 5 0 5 8 6 6 7 5 5 5 6 6 6 7 5 6 6 5 8 8 7 5 7 5 5
2 2 4 4 6 5 6 5 5 5 0 5 7 6 5 7 5 5 5 5 6 6 6 5 6 6 5 8 8 7 5 6 5 5
2 2 4 4 5 5 6 5 5 5 0 5 8 6 6 7 6 5 5 6 6 6 7 5 6 6 5 9 9 7 5 7 6 5
2 2 4 4 5 5 6 5 5 5 0 5 7 6 5 6 5 5 5 5 6 6 6 5 6 6 5 7 8 7 5 6 5 5
2 2 4 4 5 5 6 5 5 5 0 5 7 6 5 7 5 5 5 6 6 6 7 5 6 6 5 7 8 7 5 7 5 5
2 2 4 4 5 5 6 5 5 5 0 5 7 6 6 7 5 5 5 5 6 6 7 5 6 5 5 7 8 7 5 6 5 5
2 2 4 4 5 5 6 5 5 5 0 5 7 6 5 6 5 5 5 5 6 6 6 5 6 6 5 7 8 6 5 6 5 5
2 2 4 4 5 5 6 5 5 5 0 5 7 5 5 6 5 5 5 5 6 5 6 5 6 6 5 7 8 6 5 7 5 5
2 2 4 5 6 5 6 5 6 5 0 5 7 6 5 7 6 5 5 6 6 5 7 5 6 6 5 8 8 7 5 7 6 5
2 2 4 5 5 5 6 5 6 5 0 5 7 6 5 6 5 5 5 6 6 5 7 5 6 6 5 8 8 7 5 7 5 5
2 2 4 4 6 5 7 5 5 5 0 5 7 6 5 7 6 5 5 6 6 5 7 5 6 6 5 8 8 7 5 7 6 5
2 2 4 4 5 5 6 5 5 5 0 5 8 6 5 6 5 5 5 6 6 5 7 5 6 6 5 8 9 8 6 7 5 5
2 2 4 4 5 5 6 5 5 5 0 5 8 6 5 7 5 5 5 6 6 5 6 5 6 6 5 8 8 7 6 7 5 5
2 2 4 4 5 5 6 5 5 5 0 5 7 6 5 6 5 5 5 5 6 5 6 5 6 5 5 7 8 7 5 6 5 5
2 2 4 4 6 5 6 5 5 5 0 5 7 6 6 6 5 5 5 5 6 6 6 5 6 6 5 7 9 8 5 6 5 5
2 2 4 4 6 5 6 6 6 5 0 5 8 6 6 6 6 5 5 6 6 6 6 5 7 6 5 8 9 8 5 6 5 5
2 2 4 4 5 5 6 5 5 5 0 5 7 6 5 6 5 5 5 5 6 5 6 5 6 6 5 7 9 7 5 7 5 5
2 2 4 4 5 4 6 5 5 5 0 5 7 6 5 6 5 5 5 5 5 5 7 5 6 6 5 7 8 7 5 6 5 5
2 2 4 4 5 4 5 5 5 5 0 5 7 6 5 6 5 5 5 5 5 5 6 5 6 6 5 7 8 7 5 6 5 5
2 2 4 4 5 4 6 5 5 5 0 5 7 5 5 6 5 5 5 5 6 5 6 5 6 6 5 7 8 7 5 6 5 5
2 2 4 4 5 4 6 5 5 5 0 6 7 6 5 6 5 5 5 5 5 5 7 5 6 6 5 7 8 7 6 6 5 5
2 2 5 5 6 5 7 5 6 6 0 6 7 6 6 7 6 6 6 6 6 6 7 5 6 6 6 7 8 7 6 7 6 6
2 2 4 4 5 5 6 5 5 5 0 5 7 6 5 6 5 5 5 6 6 5 6 5 6 6 5 7 8 7 5 7 5 5
2 2 4 4 5 4 6 5 5 5 0 5 7 6 5 6 5 5 5 5 5 5 6 5 6 6 5 7 8 7 5 6 5 5
2 2 4 4 5 4 6 5 5 5 0 5 7 5 5 6 5 5 5 5 5 5 6 5 6 6 5 7 8 7 5 6 5 5
2 2 4 4 5 4 6 5 5 5 0 5 7 5 5 6 5 5 5 5 6 5 6 5 6 6 5 7 8 7 5 6 5 5
2 2 4 4 5 5 6 6 5 5 0 5 7 5 6 8 6 6 5 6 6 5 7 6 6 6 5 7 8 7 5 7 6 6
2 2 5 5 7 6 7 6 6 5 0 5 7 6 6 7 6 6 5 5 7 6 7 6 7 7 6 8 8 7 6 7 6 6
2 2 4 4 6 5 6 5 5 5 0 5 7 6 5 7 5 5 5 5 6 5 6 5 6 6 5 7 8 7 6 6 6 5
2 2 4 4 6 5 6 5 5 5 0 5 7 6 6 7 6 5 5 5 6 5 6 5 6 6 5 7 8 7 5 7 6 5
2 2 4 4 6 5 6 5 5 5 0 6 8 6 6 7 6 5 5 5 6 6 6 5 6 6 5 8 9 7 6 6 6 5
2 2 4 4 6 5 7 6 5 5 0 5 7 6 6 7 6 5 5 5 6 6 7 6 6 6 5 7 8 7 5 7 6 5
2 2 4 4 6 5 6 5 5 5 0 5 7 6 6 7 6 5 5 5 6 6 6 5 6 6 5 7 8 7 5 7 6 5
2 2 4 4 6 5 7 5 5 5 0 5 8 6 6 7 6 5 5 6 6 6 7 5 6 6 5 7 8 7 6 7 6 5
2 2 4 4 6 5 6 5 5 5 0 5 7 5 6 7 6 6 5 5 6 6 7 5 7 6 5 7 8 7 5 7 6 5
2 2 4 4 6 5 6 6 6 6 0 5 7 6 6 7 6 6 5 6 6 6 7 6 7 7 6 8 8 7 5 7 6 5
2 2 4 4 6 5 6 6 5 5 0 5 7 5 5 7 6 5 5 5 6 6 7 5 7 6 5 8 9 7 5 7 6 5
2 2 5 5 6 6 7 6 6 5 0 5 7 5 6 7 6 6 5 6 6 6 7 6 7 7 6 7 8 7 6 7 6 6
2 2 5 5 6 6 7 6 6 6 0 5 7 5 6 7 6 6 6 6 7 6 7 6 7 8 7 8 8 7 5 7 6 6
2 2 4 4 6 5 6 5 6 5 0 5 7 5 6 7 6 6 5 5 7 6 6 5 7 6 6 7 8 7 5 7 6 6
2 2 5 5 6 5 7 6 6 6 0 6 8 6 6 7 6 6 5 6 6 6 7 6 7 7 6 8 8 7 6 7 6 6
2 2 4 4 6 5 7 5 6 5 0 5 7 5 6 7 6 6 5 6 6 6 6 5 7 7 6 7 8 7 5 7 6 5
2 2 5 5 6 6 7 5 6 5 0 5 7 5 6 7 6 6 5 6 7 6 7 6 7 6 6 8 8 7 5 7 6 5
2 2 4 4 6 5 7 6 6 5 0 5 7 5 6 7 6 6 5 6 6 6 7 6 7 7 7 8 8 7 6 7 6 6
2 2 4 4 6 5 7 6 6 5 0 5 7 5 5 7 6 6 5 6 6 6 7 6 7 6 6 7 8 6 5 7 6 6
2 2 5 5 6 6 7 6 6 5 0 5 7 5 5 7 6 6 5 6 6 6 7 6 7 6 6 7 8 6 5 7 6 6
2 2 5 5 6 6 7 5 6 5 0 5 7 5 6 7 6 6 5 6 6 6 7 5 7 6 6 7 8 6 5 7 6 6
2 2 5 5 6 6 7 6 6 5 0 5 8 5 6 8 6 6 6 6 7 6 7 6 7 7 6 8 8 7 5 7 6 6
2 2 5 5 6 5 6 5 6 5 0 6 8 5 6 7 6 6 6 6 6 6 7 6 7 6 6 9 8 7 5 7 6 6
2 2 5 5 6 6 6 5 6 5 0 6 8 6 6 7 6 6 5 6 7 7 7 6 7 7 6 9 9 8 6 7 6 6
2 2 4 4 6 5 6 5 6 5 0 5 7 5 5 7 6 6 5 6 6 6 6 6 7 8 7 8 8 7 5 7 6 6
2 2 4 4 6 5 6 5 6 5 0 5 7 5 6 7 6 6 5 6 6 6 7 6 7 7 6 9 8 7 5 7 6 6
2 2 4 4 6 5 6 5 6 5 0 5 7 5 6 7 6 5 5 6 6 6 7 6 7 7 6 9 8 7 5 7 6 5
2 2 4 4 6 5 6 5 6 5 0 5 7 5 5 7 5 5 5 5 6 6 7 5 7 7 6 9 9 7 5 6 5 5
2 2 4 4 6 5 6 5 5 5 0 5 8 5 5 7 6 5 5 5 6 6 6 5 7 7 6 8 9 7 5 6 5 5
2 2 4 4 6 6 7 5 6 6 0 5 8 5 6 7 6 6 5 6 7 6 7 6 7 7 6 9 9 7 5 7 6 6
2 2 4 4 5 5 6 5 5 6 0 5 8 5 5 7 5 5 5 6 6 6 7 5 6 7 6 9 8 6 5 6 5 5
2 2 4 4 6 5 6 5 6 5 0 5 8 5 5 6 5 5 5 6 6 6 6 6 7 7 6 9 8 6 5 6 5 5
2 2 4 4 5 5 6 5 5 5 0 5 7 5 5 7 6 5 5 6 6 6 7 6 7 7 6 9 8 7 5 6 6 5
2 2 4 4 5 5 6 5 5 5 0 5 8 6 6 7 6 5 5 6 6 6 6 5 6 7 6 8 9 7 6 7 6 6
2 2 4 4 6 5 6 5 5 5 0 5 7 5 5 7 6 5 5 6 6 6 7 6 6 7 6 8 8 7 5 7 6 5
2 2 5 5 5 5 6 5 6 6 0 5 7 5 5 6 6 5 6 6 6 6 7 6 7 7 7 9 8 7 5 6 6 6
2 2 5 5 6 5 6 6 6 6 0 5 8 5 5 7 6 6 5 6 6 6 7 6 7 7 7 9 9 7 5 6 6 6
2 2 4 4 5 5 6 5 5 5 0 5 7 5 5 7 6 5 5 6 6 6 7 5 6 7 6 8 8 7 5 6 6 5
2 2 4 4 5 5 6 5 5 5 0 5 7 5 5 7 6 5 5 6 6 6 7 5 6 7 6 8 8 7 5 6 6 5
2 2 4 5 6 5 6 5 6 6 0 5 7 5 5 7 6 5 5 6 6 6 7 5 6 7 6 8 8 7 5 7 6 5
2 2 4 4 5 5 6 5 5 6 0 5 7 5 5 6 5 5 5 6 6 6 7 5 6 7 6 8 8 7 5 6 5 5
2 2 5 5 7 5 6 5 6 6 0 5 7 5 5 7 6 6 6 6 7 6 7 6 7 7 7 9 8 7 6 7 6 6
2 2 4 4 6 5 6 5 6 6 0 5 8 5 5 7 6 5 5 6 6 6 7 6 7 7 6 9 8 7 5 6 6 5
2 2 4 4 5 5 6 5 6 6 0 5 7 5 5 6 5 5 5 6 6 6 7 5 7 7 7 9 9 7 5 6 5 5
2 2 4 4 5 5 6 5 5 6 0 5 7 5 5 6 5 5 5 6 6 6 7 5 7 7 6 9 8 7 5 6 6 5
2 2 4 4 5 5 6 5 5 6 0 5 7 5 5 6 6 5 5 6 6 6 7 5 7 7 7 9 9 7 5 6 6 5
2 2 4 5 5 5 6 5 5 6 0 5 8 6 5 6 6 5 5 6 6 6 7 6 7 7 6 9 9 7 6 6 6 6
2 2 4 4 5 5 6 5 5 6 0 5 7 5 5 6 5 5 5 6 6 6 7 5 7 7 6 9 9 7 5 6 6 5
2 2 4 4 5 5 6 5 5 6 0 5 8 5 5 7 5 5 5 6 6 6 7 6 6 7 6 9 9 7 5 7 6 5
2 2 4 4 6 5 6 5 5 6 0 5 7 5 5 7 6 6 6 6 6 6 7 6 6 7 6 8 8 7 5 7 6 6
2 2 4 4 5 5 6 5 5 6 0 5 7 5 5 6 5 5 5 6 6 6 7 6 7 7 6 8 8 7 5 7 5 5
2 2 4 4 5 5 6 5 5 6 0 5 7 5 5 6 5 5 5 6 5 6 7 5 7 7 6 9 8 7 5 6 5 5
2 2 4 4 5 5 6 5 6 6 0 5 8 5 5 6 5 5 5 6 6 6 7 5 7 7 6 10 9 7 5 6 5 5
2 2 4 4 5 5 5 5 5 5 0 5 7 5 5 6 5 5 5 6 5 6 7 5 6 6 6 8 8 7 5 6 5 5
2 2 5 5 6 5 6 5 5 6 0 6 8 6 6 7 6 5 6 6 6 6 7 6 7 7 6 9 9 7 5 6 6 5
2 2 5 5 6 5 6 5 6 6 0 6 8 6 6 7 6 5 5 6 6 6 7 5 7 7 6 9 9 7 5 6 5 5
2 2 5 5 6 5 6 5 5 6 0 5 8 5 5 7 6 5 5 6 6 6 7 5 7 7 6 9 9 7 5 6 5 5
2 2 4 4 6 5 6 6 6 7 0 5 8 5 5 6 5 5 5 6 6 6 7 6 7 7 6 9 9 7 5 6 5 5
2 2 5 5 6 5 6 5 6 6 0 5 7 5 5 6 6 5 6 7 6 6 7 5 7 7 6 8 9 7 5 6 6 5
2 2 5 5 6 5 6 5 6 6 0 5 7 5 5 7 6 6 6 6 6 6 7 6 7 7 6 8 9 7 5 6 6 6
2 2 5 5 6 6 6 6 6 6 0 6 7 5 5 7 6 6 6 6 6 6 7 6 7 7 6 8 9 8 5 6 6 6
2 2 5 5 6 5 6 5 6 6 0 6 8 6 6 7 6 6 6 6 6 6 7 6 7 7 6 9 10 8 6 7 6 6
2 2 5 5 7 6 6 6 6 7 0 6 8 6 7 8 6 6 6 7 7 6 8 6 8 8 7 10 10 8 6 7 6 6
2 2 5 5 6 5 7 6 7 7 0 6 8 6 6 7 6 6 6 7 6 6 8 6 8 8 7 10 10 8 5 6 6 5
2 2 5 5 6 5 6 6 6 6 0 6 9 7 6 8 6 6 6 6 6 6 7 6 8 8 7 10 10 8 6 6 6 6
2 2 5 5 6 6 6 6 6 7 0 6 8 6 6 7 6 6 6 7 6 7 8 6 8 8 7 9 9 8 5 6 6 6
2 2 5 5 6 5 6 6 6 6 0 6 8 6 6 7 6 6 6 6 6 6 8 6 8 8 7 9 9 7 5 6 6 6
2 2 5 5 6 5 6 6 6 6 0 6 8 6 6 7 6 6 6 7 7 7 8 6 8 7 6 9 10 8 5 6 6 6
2 2 5 5 6 6 6 6 6 6 0 6 8 6 6 7 6 6 6 7 7 7 8 6 8 8 6 10 10 7 5 6 6 6
2 2 5 5 7 6 7 6 7 7 0 6 8 6 6 7 6 6 6 7 7 7 8 6 8 8 7 10 10 8 5 6 6 6
2 2 5 5 6 5 6 6 6 6 0 6 7 6 6 7 6 6 6 7 7 7 8 6 8 8 7 10 10 8 5 6 6 5
2 2 5 5 6 5 7 6 6 6 0 6 8 6 6 7 6 6 6 7 7 7 8 6 7 7 6 10 10 8 6 6 6 6
2 2 5 5 6 5 6 5 6 6 0 6 7 6 6 7 6 5 6 6 6 7 8 6 7 7 6 9 9 7 5 6 5 5
2 2 5 5 6 5 6 6 6 6 0 6 7 5 5 7 6 6 6 7 7 7 7 6 7 7 6 10 10 7 5 7 6 6
2 2 5 5 6 5 7 6 6 6 0 5 7 6 5 7 6 6 6 6 7 7 7 6 8 7 6 9 9 7 5 6 6 5
2 2 5 5 6 5 6 6 6 6 0 5 7 5 5 7 6 5 6 6 7 7 7 6 7 7 6 9 9 7 5 6 5 5
2 2 5 5 6 5 7 6 6 6 0 5 7 5 6 7 6 6 6 6 7 7 7 6 7 7 6 9 9 7 5 6 6 6
2 2 5 5 6 5 7 6 6 6 0 5 8 5 6 7 6 5 5 6 7 7 7 6 7 7 6 9 10 7 5 7 6 5
2 2 5 5 6 6 7 6 6 6 0 6 7 5 5 7 6 6 6 6 7 7 8 6 8 7 6 9 10 7 5 6 6 6
2 2 5 5 6 5 6 5 6 6 0 5 7 5 5 6 6 5 5 6 7 6 7 6 7 7 6 9 9 7 5 6 5 5
2 2 5 5 6 5 7 6 6 6 0 6 8 5 5 7 6 6 6 6 7 6 8 6 7 7 6 10 10 7 5 6 5 5
2 2 5 5 6 6 7 6 6 6 0 5 7 5 6 7 6 5 6 6 7 7 8 6 7 7 6 9 9 7 5 6 6 5
2 2 4 4 6 5 6 5 6 6 0 5 7 5 5 7 5 5 5 6 6 6 7 6 7 7 6 8 9 7 5 6 5 5
2 2 4 5 6 5 6 5 6 6 0 5 7 5 5 7 5 5 5 6 6 6 7 6 7 7 6 9 9 7 5 6 5 5
2 2 5 5 6 5 7 6 6 6 0 5 8 5 5 7 6 5 5 6 6 6 7 6 8 7 6 10 10 7 5 6 6 5
2 2 4 5 6 5 7 6 6 6 0 5 6 5 5 7 6 5 5 6 6 6 8 6 7 7 6 9 9 7 5 6 5 5
2 2 4 5 6 5 6 5 6 6 0 5 6 5 5 7 6 6 5 6 7 6 8 6 7 7 6 9 9 7 5 6 6 5
2 2 5 5 6 5 7 6 6 6 0 5 7 5 5 7 6 6 6 7 7 7 8 6 7 7 6 8 9 7 5 7 7 6
2 2 4 4 5 5 6 5 6 6 0 5 7 5 5 7 6 5 5 6 6 6 7 6 7 7 6 9 9 7 5 6 6 5
2 2 5 5 6 5 7 5 6 6 0 5 7 6 5 7 6 5 5 6 6 6 7 6 7 6 6 9 9 8 6 7 6 5
2 2 4 5 6 5 7 5 5 6 0 5 7 5 6 7 6 5 5 6 7 6 7 6 7 6 6 9 9 7 5 6 6 5
2 2 4 5 5 5 6 5 6 6 0 5 7 5 5 6 5 5 5 6 6 6 7 6 7 6 5 8 8 7 5 6 5 5
2 2 4 5 6 5 7 6 5 5 0 5 8 6 5 6 6 5 5 6 7 6 7 6 6 6 6 8 9 7 5 6 5 5
2 2 5 5 5 5 7 6 5 5 0 5 7 6 5 6 5 5 5 6 6 6 8 6 7 6 5 9 9 7 5 6 5 5
2 2 5 5 5 5 6 6 5 5 0 5 7 5 5 6 5 5 5 6 6 6 7 6 7 6 5 8 9 7 5 6 5 5
2 2 4 4 5 5 6 5 5 5 0 5 7 5 5 6 5 5 5 6 6 6 7 6 6 6 5 8 9 7 5 6 5 5
2 2 4 5 5 5 6 5 5 5 0 5 7 5 5 7 5 5 5 6 7 6 7 6 6 6 5 8 9 7 5 6 5 5
2 2 5 5 6 6 7 6 6 6 0 5 7 6 6 7 6 6 6 7 7 6 7 6 7 7 6 8 9 7 6 7 6 6
2 2 5 5 6 5 7 5 5 5 0 5 7 5 5 7 6 5 5 6 6 6 7 6 6 6 5 8 8 7 5 6 6 5
2 2 5 5 6 5 6 5 5 5 0 5 7 5 5 7 6 5 5 6 6 6 7 6 6 6 5 8 8 7 5 6 6 5
2 2 5 5 6 5 7 6 5 5 0 5 8 6 6 7 6 6 6 7 6 6 7 6 7 7 6 8 9 7 5 6 6 6
2 2 5 5 6 6 7 6 6 6 0 6 8 6 6 7 6 6 6 7 7 6 7 6 7 7 6 8 9 7 5 7 6 6
2 2 5 5 6 5 7 6 5 5 0 5 8 6 6 7 6 6 6 6 7 6 7 6 6 6 5 8 9 7 5 7 6 6
2 2 5 5 6 5 7 6 6 6 0 5 7 5 5 7 6 5 6 6 7 6 7 6 7 7 6 8 8 7 5 6 6 5
2 2 5 5 6 6 7 6 6 6 0 5 8 6 6 7 6 6 6 7 7 7 8 6 7 7 6 8 9 7 6 7 6 6
2 2 5 5 6 5 8 6 6 6 0 5 8 6 6 8 6 6 6 6 7 6 8 6 7 7 6 8 9 7 5 7 6 6
2 2 5 5 6 5 7 6 6 6 0 5 7 6 6 7 6 6 6 7 7 6 7 6 7 7 6 8 9 7 5 7 6 6
2 2 5 5 6 5 7 6 6 6 0 6 7 6 6 7 6 6 6 7 7 6 7 6 7 7 6 8 8 7 5 7 6 6
2 2 5 5 6 5 7 6 6 6 0 5 8 6 6 7 6 6 6 6 7 6 7 6 7 7 6 8 9 7 5 7 6 6
2 2 5 5 6 6 7 6 6 6 0 5 7 6 6 7 6 6 6 7 7 6 7 6 7 7 6 8 8 7 5 6 6 6
2 2 5 5 6 6 7 6 6 6 0 6 7 6 6 7 6 6 6 7 7 6 7 6 7 7 6 8 8 7 5 6 6 6
2 2 5 5 6 6 7 6 6 6 0 5 8 6 6 7 6 6 6 7 7 7 7 6 7 7 6 8 9 7 6 6 6 6
2 2 6 6 7 6 7 6 6 6 0 7 9 6 6 7 6 6 6 7 8 7 8 7 7 7 6 9 9 8 6 7 6 6
2 2 5 5 6 5 7 6 6 6 0 6 8 6 6 7 6 6 6 6 7 6 7 6 7 6 6 8 9 7 5 6 6 6
2 2 5 5 6 5 7 6 6 6 0 6 8 6 6 7 6 6 6 7 7 6 7 6 7 7 6 8 9 7 5 7 6 6
2 2 5 5 6 6 7 6 6 7 0 6 8 6 6 7 6 6 6 6 7 6 7 6 7 7 6 9 10 8 6 7 6 6
2 2 5 5 6 5 7 6 6 6 0 6 8 6 6 7 6 6 6 6 7 6 7 6 7 7 6 9 9 7 5 7 6 6
2 2 5 5 6 6 7 6 6 6 0 6 9 6 6 7 6 6 6 6 7 6 7 7 7 7 6 9 10 7 5 6 6 6
2 2 5 5 6 6 7 6 6 6 0 6 8 6 6 7 6 6 6 7 7 7 7 7 8 7 6 9 10 7 5 6 6 6
2 2 5 5 6 6 7 6 7 7 0 6 8 6 6 7 6 6 6 7 7 7 7 7 8 7 6 9 10 7 5 7 6 6
2 2 5 5 6 6 7 7 6 6 0 6 8 6 6 7 6 6 6 7 7 6 7 7 8 7 6 9 10 7 5 7 6 6
2 2 5 5 6 6 7 6 6 6 0 6 9 6 6 7 6 6 6 7 7 6 7 6 7 7 6 9 9 7 6 7 6 6
2 2 5 5 6 6 7 6 6 6 0 6 9 6 6 7 6 6 6 6 7 6 7 6 7 7 6 9 9 7 6 7 6 6
2 2 5 5 6 6 7 6 6 6 0 6 8 6 6 7 6 6 6 6 7 7 7 6 7 7 6 9 9 7 5 7 6 6
2 2 5 5 6 6 7 6 6 6 0 6 8 6 6 7 6 6 6 6 7 6 7 6 7 7 6 9 10 7 5 7 6 6
2 2 5 5 7 6 7 6 6 7 0 6 9 6 6 7 7 7 6 7 7 7 7 7 8 8 7 10 11 8 6 7 6 6
2 2 5 5 6 6 7 6 6 6 0 6 8 6 6 7 6 6 6 6 7 7 7 6 8 7 6 9 10 7 5 7 6 6
2 2 5 5 6 6 6 6 6 6 0 6 9 6 6 7 6 6 6 6 7 6 7 7 8 7 6 9 10 7 6 7 6 6
2 2 5 5 6 6 7 6 6 6 0 6 9 6 6 7 6 6 6 7 7 7 7 6 8 7 6 9 10 7 5 7 6 6
2 2 6 6 7 6 7 6 7 7 0 7 9 7 6 8 7 6 6 7 9 8 7 7 8 8 7 9 10 8 6 7 7 6
2 2 5 5 7 6 7 6 6 6 0 6 9 6 5 6 6 6 6 6 7 7 7 6 8 8 7 9 10 7 5 6 6 6
2 2 5 5 6 6 7 6 7 6 0 6 8 6 6 6 6 6 6 6 7 6 7 6 8 7 7 9 10 7 5 6 6 6
2 2 5 5 6 6 7 6 6 6 0 6 9 6 5 6 6 6 5 6 7 6 7 7 8 7 7 9 10 7 5 6 6 6
2 2 5 5 6 6 7 6 6 6 0 6 9 6 5 6 6 6 5 6 7 6 7 7 8 7 6 9 11 7 5 7 6 6
2 2 5 5 6 6 7 6 7 6 0 6 9 6 5 6 6 6 5 6 7 7 7 7 8 7 6 9 10 7 5 7 6 5
2 2 5 5 6 6 7 6 6 6 0 6 9 6 5 6 6 5 5 6 7 7 7 7 8 7 7 9 10 7 5 6 6 5
2 2 5 5 6 6 7 6 7 6 0 6 9 6 6 7 6 6 5 6 7 7 7 7 9 8 7 10 10 7 6 7 6 6
2 2 5 5 7 7 7 6 7 6 0 6 9 6 6 7 6 6 5 6 7 7 8 7 8 8 7 10 10 7 6 7 6 6
2 2 5 5 7 6 7 6 7 6 0 6 9 6 6 7 6 6 5 6 7 7 8 7 8 8 7 10 10 8 6 7 6 6
2 2 5 5 7 6 7 7 7 7 0 6 9 6 6 7 6 6 6 6 7 7 8 7 9 8 7 10 10 7 5 7 6 6
2 2 5 5 7 7 8 7 7 7 0 7 9 6 6 7 6 6 6 6 7 7 8 7 8 8 7 10 10 8 5 7 6 6
2 2 5 5 7 6 7 6 7 6 0 6 8 6 5 7 6 6 5 6 7 7 8 7 8 8 7 9 10 7 5 7 6 6
2 2 5 5 7 7 7 7 7 6 0 6 9 6 6 7 6 6 6 6 7 7 8 7 8 8 7 10 10 7 5 7 6 6
2 2 5 5 7 6 7 6 7 7 0 6 9 6 6 7 6 6 5 6 7 7 8 7 8 8 7 10 10 8 6 8 6 6
2 2 5 5 7 6 7 6 7 6 0 6 8 5 5 7 6 6 5 6 7 7 8 7 8 8 7 9 9 7 5 7 6 6
2 2 5 5 7 6 7 7 7 6 0 6 8 5 5 7 6 6 5 6 7 7 8 7 8 8 7 9 9 7 5 7 6 6
2 2 4 5 6 6 7 6 6 6 0 6 8 5 5 6 6 5 5 5 7 7 8 7 8 7 7 9 9 7 5 7 6 5
2 2 4 5 6 6 7 6 7 6 0 6 8 6 5 6 6 5 5 5 7 6 8 6 8 8 7 9 9 7 5 7 6 5
2 2 5 5 7 7 7 6 7 6 0 6 8 6 5 7 6 6 5 6 7 7 8 7 8 8 7 9 9 7 6 7 6 6
2 2 5 5 7 6 7 6 6 6 0 6 8 6 5 7 6 6 5 6 7 7 8 7 8 7 7 9 9 7 5 7 6 6
2 2 5 5 7 6 7 6 7 6 0 6 9 6 6 7 6 6 6 6 7 7 8 7 8 8 7 10 10 8 6 7 6 6
2 2 5 5 6 6 7 6 7 6 0 7 10 7 7 7 6 6 5 6 7 7 8 7 8 8 7 10 10 8 6 7 6 6
2 2 5 5 7 6 7 6 6 6 0 6 8 6 6 7 6 6 5 6 7 6 8 7 8 8 7 9 9 7 6 7 6 6
2 2 5 5 6 6 7 6 6 6 0 6 8 6 6 7 6 6 5 6 7 6 8 7 8 8 7 9 9 8 6 7 6 6
2 2 5 5 7 7 7 6 7 6 0 6 8 6 6 7 6 6 6 6 7 7 8 7 8 8 7 9 9 7 6 8 6 6
2 2 5 5 7 6 7 6 7 6 0 6 8 6 5 7 6 6 5 6 7 7 8 7 9 8 7 10 9 7 5 7 6 6
2 2 5 5 6 7 7 6 6 6 0 6 8 6 6 7 6 6 5 6 7 6 8 6 8 8 7 10 10 7 6 7 6 6
2 2 5 5 6 6 7 6 7 6 0 6 9 6 6 8 6 6 6 6 7 6 8 7 9 8 7 11 11 8 6 7 6 6
2 2 5 5 7 6 7 6 6 6 0 6 8 6 6 8 6 6 6 6 7 6 8 7 8 8 6 9 9 7 5 7 6 6
2 2 5 5 7 6 7 6 6 6 0 6 8 6 6 8 6 6 6 7 7 7 10 7 8 8 7 9 10 8 6 7 6 6
2 2 5 5 6 6 7 6 6 6 0 6 8 6 6 7 6 6 6 6 6 6 8 7 8 7 7 9 9 7 6 7 6 6
2 2 5 5 7 7 7 6 6 6 0 6 8 6 6 7 6 6 6 6 7 7 8 7 8 8 7 10 9 7 6 7 6 6
2 2 5 5 6 6 7 6 6 6 0 6 8 6 6 7 6 6 5 6 6 6 8 6 8 7 6 9 9 7 5 7 6 6
2 2 5 5 6 6 7 6 6 6 0 6 8 6 6 7 6 6 6 6 6 6 8 6 8 7 7 9 9 8 6 7 6 6
2 2 5 5 6 6 7 6 6 6 0 6 8 6 6 7 6 6 5 6 6 6 8 6 8 7 6 9 9 8 5 7 6 6
2 2 5 5 6 6 7 6 6 5 0 5 8 6 6 8 7 6 6 6 6 7 8 6 7 7 6 9 9 7 5 7 6 6
2 2 5 5 7 6 7 6 6 6 0 6 8 6 6 7 6 6 6 6 7 7 8 6 7 7 6 9 9 8 6 7 6 6
2 2 5 5 7 6 7 6 6 6 0 6 9 7 6 7 6 6 6 6 7 7 8 6 8 8 7 10 10 8 6 7 6 6
2 2 5 5 6 6 7 6 6 6 0 6 9 6 6 7 6 6 6 6 7 7 8 6 8 7 6 10 10 8 6 7 6 6
2 2 5 5 7 7 7 6 6 6 0 6 9 6 6 7 6 6 6 6 7 7 8 6 8 8 7 10 10 8 6 7 6 6
2 2 5 5 6 6 7 6 6 6 0 5 8 6 6 7 6 6 6 6 7 7 8 7 8 7 6 10 9 8 6 7 6 6
2 2 5 5 6 6 7 6 6 6 0 5 8 6 6 7 6 6 6 6 7 7 8 6 8 7 6 10 10 8 5 7 6 6
2 2 5 5 6 6 7 6 6 6 0 5 8 7 6 7 6 6 6 6 7 7 8 6 8 7 6 9 9 8 6 7 6 6
2 2 5 6 8 6 7 6 6 6 0 6 9 6 6 8 6 6 6 7 8 8 8 7 8 8 7 11 10 8 6 7 6 6
2 2 5 5 7 6 7 6 6 6 0 5 9 6 6 7 7 6 6 7 8 7 8 6 8 7 6 10 10 7 6 7 7 6
2 2 5 5 7 6 7 6 6 6 0 6 11 7 6 7 6 6 6 6 7 7 8 7 8 7 6 10 11 8 6 7 6 6
2 2 6 6 8 7 8 6 6 6 0 7 9 7 6 8 7 7 7 7 8 8 9 7 8 7 6 10 11 8 6 8 7 7
2 2 5 5 7 6 7 6 6 6 0 6 9 6 6 8 6 6 6 7 7 7 8 7 8 7 6 10 10 8 6 7 6 6
2 2 5 5 7 6 7 6 6 5 0 5 9 6 5 7 6 6 6 6 7 7 8 6 8 7 6 10 10 7 5 7 6 6
2 2 5 6 7 6 7 6 7 6 0 6 10 7 7 8 7 7 6 7 7 7 8 7 9 8 7 10 11 8 6 7 7 6
2 2 5 5 7 6 7 6 7 6 0 5 9 6 6 7 6 6 6 7 7 7 8 7 8 8 6 10 10 8 5 7 6 6
2 2 5 5 7 6 7 6 6 6 0 6 9 6 6 7 6 6 6 7 7 7 8 7 8 7 6 10 10 8 5 7 6 6
2 2 5 5 7 6 7 6 6 6 0 6 9 7 6 7 7 7 6 7 7 8 9 7 8 7 6 10 11 8 6 7 7 6
2 2 6 6 8 7 9 7 7 7 0 6 10 7 7 8 7 7 7 7 8 8 9 8 9 8 7 10 11 9 6 8 7 7
2 2 6 6 8 6 7 6 7 6 0 6 10 7 7 9 8 8 7 7 8 8 8 7 8 8 7 10 11 9 6 9 8 8
2 2 6 6 8 7 8 7 8 7 0 7 10 7 7 9 8 8 7 8 8 8 9 8 11 9 8 11 12 9 7 8 8 8
2 2 6 6 8 7 8 7 7 7 0 6 10 7 7 9 8 8 7 7 8 8 9 7 8 8 7 10 11 8 6 8 8 7
2 2 6 6 7 7 7 6 7 7 0 6 9 7 6 8 7 7 7 7 8 8 8 7 8 8 7 10 11 8 6 8 7 7
2 2 6 6 8 7 8 6 7 7 0 6 9 7 6 8 7 7 7 7 8 8 8 7 8 8 7 10 11 8 6 8 7 7
2 2 6 6 7 6 7 6 7 7 0 6 10 7 6 8 7 7 7 7 8 8 8 7 8 8 7 10 10 8 6 8 7 7
2 2 6 6 7 6 7 6 7 7 0 6 9 7 6 8 7 7 7 7 8 8 8 7 8 8 8 10 10 8 6 8 7 7
2 2 6 6 7 7 8 7 7 7 0 6 10 7 6 8 7 7 7 7 8 8 10 7 8 8 8 10 11 8 6 8 7 7
2 2 6 6 7 7 8 7 7 8 0 6 9 7 7 9 8 7 7 7 8 8 9 7 8 8 8 10 11 8 6 8 7 7
2 2 6 6 8 7 8 7 7 7 0 6 9 7 6 8 8 7 7 7 8 8 10 7 8 8 8 11 11 8 6 8 7 7
2 2 7 6 8 7 8 7 7 7 0 6 10 7 7 9 8 8 8 8 8 8 9 7 8 8 8 11 10 8 7 9 8 8
2 2 6 6 8 7 9 7 6 7 0 6 9 7 6 8 8 7 7 8 8 8 10 7 8 8 7 9 10 8 6 8 8 7
2 2 6 6 8 7 8 7 7 7 0 7 9 7 7 8 8 7 7 7 9 8 9 8 8 8 7 9 10 8 7 8 8 7
2 2 6 6 8 7 8 7 6 7 0 6 9 7 7 8 8 7 7 7 9 8 9 7 8 8 7 9 10 8 6 8 8 7
2 2 6 7 8 7 8 7 6 7 0 7 9 7 7 8 8 8 7 8 8 8 9 7 8 8 7 9 11 9 7 9 8 8
2 2 6 6 7 7 8 7 7 7 0 6 10 8 7 9 8 8 7 8 8 8 9 7 8 8 7 10 12 10 7 9 8 8
2 2 6 6 7 7 8 6 6 7 0 6 9 7 7 8 8 7 7 7 8 8 9 7 8 8 7 9 10 8 6 8 8 7
2 2 6 6 7 7 8 7 6 7 0 6 10 8 7 8 7 7 7 8 9 8 9 7 8 8 7 10 11 9 7 8 7 7
2 2 6 6 8 7 8 7 7 7 0 7 10 8 7 9 8 8 8 8 8 8 9 8 9 8 7 10 12 9 7 9 8 8
2 2 6 6 7 7 8 7 6 7 0 7 12 8 7 9 8 7 7 7 8 8 9 7 8 8 7 9 13 10 7 8 8 7
2 2 6 6 7 7 9 7 7 7 0 7 9 8 7 8 8 7 7 8 8 8 9 7 8 8 8 9 11 9 7 8 7 7
2 2 6 6 7 7 8 7 7 7 0 7 9 8 7 8 7 7 7 7 8 8 9 7 8 8 8 9 11 9 7 8 7 7
2 2 6 6 7 7 8 7 7 7 0 7 9 8 7 8 7 7 7 7 8 8 9 7 8 8 7 9 11 9 7 8 7 7
2 2 6 6 7 7 8 7 7 7 0 6 9 7 7 8 7 7 7 8 8 8 9 7 8 8 7 9 11 9 7 8 7 7
2 2 5 6 7 7 8 6 6 7 0 6 9 7 7 8 7 7 7 7 8 8 9 7 8 8 7 9 11 9 7 8 7 7
2 2 6 6 7 7 8 6 6 7 0 6 9 7 7 8 7 7 7 7 8 8 9 7 8 8 7 9 11 9 7 8 7 7
2 2 5 6 7 7 8 6 6 6 0 6 10 8 7 8 7 7 7 7 8 8 9 7 7 8 7 9 12 9 7 8 7 7
2 2 6 6 7 7 8 7 6 6 0 6 9 8 7 8 7 7 7 7 8 8 9 7 8 8 7 9 11 10 7 8 7 7
2 2 5 5 6 7 8 6 6 6 0 6 9 7 6 7 7 7 7 7 7 7 8 7 7 7 7 9 11 9 7 8 7 7
2 2 6 6 7 7 8 6 6 7 0 6 10 8 7 8 7 7 7 7 8 7 9 7 7 7 7 9 12 10 7 9 7 7
2 2 5 5 6 7 8 6 6 6 0 6 9 7 7 7 6 6 6 6 7 7 8 6 7 7 7 9 11 9 6 7 6 6
2 2 5 5 6 7 8 6 6 6 0 6 9 7 6 7 7 6 6 7 7 7 8 7 7 7 6 9 11 9 6 7 6 6
2 2 5 5 6 6 8 6 6 6 0 6 9 7 6 7 6 6 6 6 7 7 8 6 7 7 6 9 11 9 7 7 6 6
2 2 5 5 6 7 8 6 6 6 0 6 9 7 6 7 6 6 6 7 7 7 8 6 7 7 6 9 11 8 6 7 6 6
2 2 5 5 6 6 8 6 6 6 0 6 10 7 6 7 6 6 6 6 7 7 8 6 7 7 6 9 12 10 6 7 6 6
2 2 5 5 6 6 7 6 6 6 0 5 9 7 6 7 6 6 6 7 7 7 8 6 7 7 7 9 11 8 6 7 6 6
2 2 5 5 6 6 8 6 6 6 0 6 9 7 6 7 6 6 6 6 6 6 7 6 7 7 6 9 11 8 6 7 6 6
2 2 5 5 6 6 7 6 6 6 0 5 9 7 6 7 6 6 6 6 6 6 7 6 7 7 6 9 11 8 6 7 6 6
2 2 5 5 7 7 8 6 6 6 0 6 9 8 6 7 6 6 6 6 7 7 8 6 7 7 6 9 11 9 7 7 6 6
2 2 5 5 7 6 8 6 6 6 0 5 9 7 6 7 6 6 6 6 7 7 8 7 8 7 6 9 11 9 6 7 6 6
2 2 5 5 6 6 7 6 6 6 0 6 9 7 6 7 6 6 6 6 6 7 8 6 7 7 6 9 11 9 6 7 6 6
2 2 5 5 7 7 8 7 7 6 0 6 10 8 7 8 7 6 6 7 7 7 8 7 8 8 6 9 12 9 7 8 7 6
2 2 4 5 6 6 7 6 6 6 0 5 9 7 6 7 6 6 5 6 6 6 8 6 7 7 6 9 11 8 6 7 6 6
2 2 5 5 7 7 8 7 6 6 0 6 10 8 7 8 7 6 6 6 7 7 9 7 8 7 6 9 12 9 7 8 7 6
2 2 4 5 6 6 7 6 6 5 0 6 10 7 6 7 6 6 5 6 6 6 7 6 7 7 6 8 12 9 6 7 6 6
2 2 5 5 6 6 9 7 6 5 0 5 9 7 6 7 6 6 5 6 7 7 8 7 7 7 6 8 10 8 6 7 6 6
2 2 5 5 6 6 8 6 6 5 0 5 9 6 6 7 6 6 5 6 8 8 10 7 7 6 6 8 11 8 6 7 6 6
2 2 5 5 6 6 7 6 5 5 0 5 9 6 6 7 6 6 5 6 7 7 9 6 7 6 6 8 10 8 6 7 6 6
2 2 5 5 6 6 7 6 6 6 0 5 9 6 6 7 6 6 6 6 7 7 9 6 7 6 6 8 10 8 6 7 6 6
2 2 5 5 6 6 7 6 5 6 0 6 9 7 6 7 6 6 6 6 7 7 8 6 7 6 6 8 10 7 6 7 6 6
2 2 5 5 6 6 7 6 5 5 0 5 9 6 6 7 6 6 5 6 7 7 8 6 7 6 6 8 10 7 6 7 6 6
2 2 4 5 6 6 7 6 5 5 0 5 9 6 6 7 6 6 5 6 7 7 8 6 7 6 6 8 10 7 6 7 6 5
2 2 5 5 7 6 7 6 5 5 0 6 10 7 6 7 6 6 5 6 7 7 8 6 7 6 6 8 11 8 6 7 6 6
2 2 5 5 6 6 7 6 5 5 0 5 9 6 6 7 6 6 5 6 7 7 9 6 6 6 6 8 10 8 6 7 6 6
2 2 5 5 6 6 8 6 5 5 0 5 9 7 6 7 6 6 5 6 7 7 9 7 7 6 6 8 10 8 6 7 6 5
2 2 5 5 7 6 7 6 5 5 0 5 9 7 6 7 6 6 6 6 7 7 9 6 6 6 6 8 10 7 6 7 6 6
2 2 4 5 6 6 7 6 5 5 0 5 9 7 6 7 6 6 5 6 7 7 9 6 7 6 6 8 10 7 6 7 6 5
2 2 5 5 6 6 7 6 5 5 0 6 10 7 6 8 6 6 5 6 7 7 9 6 6 6 6 8 10 8 6 7 6 6
2 2 4 4 6 6 7 6 5 5 0 5 9 7 6 7 6 5 5 6 7 7 8 6 6 6 6 7 10 7 6 7 6 5
2 2 4 4 6 6 7 6 5 5 0 5 8 6 6 7 6 5 5 5 7 7 9 6 6 6 5 7 10 7 6 7 5 5
2 2 4 4 6 6 7 6 5 5 0 5 8 6 6 7 6 5 5 6 7 7 8 6 6 6 5 7 10 7 5 7 6 5
2 2 4 4 6 6 7 6 5 5 0 5 9 6 6 7 5 5 5 5 7 7 8 6 6 6 5 7 10 7 5 6 5 5
2 2 4 4 6 6 7 6 5 5 0 5 8 6 6 7 6 5 5 6 7 7 8 6 7 6 5 7 10 7 6 7 5 5
2 2 4 5 6 6 7 5 5 5 0 5 8 6 6 7 6 5 5 6 7 7 8 6 6 6 5 7 10 7 5 7 6 5
2 2 5 5 7 6 7 6 5 5 0 5 8 6 6 7 6 5 5 6 7 7 9 6 6 6 5 7 9 7 6 7 6 5
2 2 5 5 7 6 7 5 5 5 0 5 8 7 6 7 6 6 6 7 7 7 8 6 6 5 5 7 9 7 5 7 6 6
2 2 4 5 6 5 7 5 5 5 0 4 8 6 6 7 6 5 5 6 6 6 8 6 6 5 5 6 9 8 6 6 5 5
2 2 4 5 6 5 7 5 5 5 0 4 8 6 6 7 5 5 5 6 7 6 8 6 6 5 5 6 9 7 5 6 5 5
2 2 5 5 6 6 7 6 5 5 0 4 8 6 6 7 6 6 6 7 7 7 8 6 6 5 5 6 9 7 5 7 6 6
2 2 5 5 6 5 7 5 5 5 0 4 8 6 6 7 6 5 5 6 7 6 8 6 6 5 5 6 9 7 5 6 5 5
2 2 5 5 6 5 7 6 5 5 0 5 8 6 6 7 6 6 6 7 7 8 8 6 6 5 5 7 9 7 5 6 6 6
2 2 5 5 6 6 7 6 5 5 0 5 9 7 6 7 6 6 6 7 7 7 8 6 6 6 5 7 10 7 6 7 6 6
2 2 6 6 7 6 8 7 6 5 0 6 10 7 7 8 7 7 6 7 7 7 9 7 7 6 6 8 12 9 7 8 7 7
2 2 5 5 6 5 7 6 5 5 0 5 8 6 6 7 6 6 6 6 7 7 8 6 6 6 5 7 9 7 5 7 6 6
2 2 5 5 6 5 6 5 5 5 0 5 8 6 5 7 6 6 6 6 7 7 8 6 6 6 5 7 9 7 5 7 6 6
2 2 5 5 6 5 6 5 5 5 0 5 7 6 5 7 6 6 6 6 6 6 7 6 6 5 5 7 9 7 5 7 6 6
2 2 5 5 6 5 7 6 5 5 0 5 8 6 6 8 6 6 6 7 6 6 8 6 7 6 5 7 9 7 6 7 6 6
2 2 5 5 6 5 7 5 5 5 0 5 7 6 6 7 6 6 5 6 6 6 8 6 6 6 5 7 9 7 5 7 6 5
2 2 5 5 6 5 6 5 5 5 0 5 8 6 6 7 6 6 6 6 6 6 8 6 7 6 5 7 9 7 6 7 6 5
2 2 5 5 7 6 7 6 6 5 0 6 9 7 7 8 6 6 6 6 7 7 8 7 7 6 6 8 10 8 7 8 7 6
2 2 5 5 6 5 6 5 5 5 0 5 8 6 6 7 6 6 6 6 6 6 7 6 6 6 5 7 11 8 6 7 6 6
2 2 5 5 6 5 7 5 5 5 0 5 7 6 5 7 6 5 6 6 6 6 8 6 7 6 5 7 8 6 5 7 6 5
2 2 5 5 6 5 6 5 5 5 0 5 8 6 6 7 6 5 6 6 6 6 7 6 6 6 5 7 9 7 5 7 6 5
2 2 5 5 6 6 7 6 6 5 0 6 9 7 7 8 7 6 6 7 7 6 8 6 7 6 6 8 11 8 6 7 7 6
2 2 5 5 6 5 7 6 5 5 0 5 8 6 6 7 6 6 6 7 6 6 8 6 6 6 6 7 9 7 5 7 6 6
2 2 5 5 6 5 6 5 5 5 0 5 8 6 6 7 6 6 6 6 6 6 7 6 6 6 5 7 8 7 5 7 6 6
2 2 5 5 6 5 7 5 5 5 0 5 7 6 5 7 6 6 6 6 6 6 7 6 6 6 5 7 8 7 5 7 6 6
2 2 5 5 6 6 7 6 6 5 0 5 8 6 6 7 6 6 6 7 7 6 7 6 7 7 6 8 9 7 5 7 6 6
2 2 5 5 6 5 7 6 5 5 0 5 8 6 5 7 6 6 6 7 7 6 8 6 6 6 5 7 9 7 5 7 6 6
2 2 5 5 6 5 7 6 5 5 0 5 8 6 5 7 6 6 6 7 7 6 8 6 6 6 5 7 9 7 5 7 6 6
2 2 5 5 7 6 8 6 6 6 0 5 8 6 6 7 6 6 7 8 7 7 9 6 7 7 6 9 10 8 5 7 6 6
2 2 5 5 7 6 7 6 6 5 0 5 8 6 6 7 6 6 6 7 7 6 8 6 8 7 6 8 9 7 5 7 6 6
2 2 5 5 6 6 7 6 6 5 0 5 8 6 5 7 6 6 6 7 7 6 8 6 8 7 6 8 9 7 5 6 6 6
2 2 5 5 6 6 7 6 6 5 0 5 8 6 6 7 6 6 6 7 7 6 8 6 8 7 6 9 9 7 5 6 6 6
2 2 5 5 6 6 7 6 6 6 0 6 8 7 7 8 6 6 6 6 7 7 8 6 8 7 6 8 9 7 6 7 6 6
2 2 5 5 6 6 7 6 6 5 0 6 9 7 6 7 6 6 5 6 7 6 8 7 8 7 6 8 9 7 6 7 6 5
2 2 5 5 7 6 8 6 7 6 0 6 8 6 7 8 7 7 6 7 8 7 9 7 8 8 7 9 9 7 6 7 7 7
2 2 5 5 6 6 8 6 7 6 0 6 8 6 6 7 6 6 6 6 7 6 8 6 8 7 6 9 10 7 6 7 6 6
2 2 5 5 6 6 7 6 6 6 0 6 8 6 6 8 6 6 6 6 7 7 8 6 8 7 6 8 9 7 5 7 6 6
2 2 4 5 6 6 7 6 6 5 0 5 8 6 6 7 5 5 5 6 7 6 8 6 7 7 6 8 9 7 5 6 5 5
2 2 4 5 6 6 7 6 6 6 0 5 8 6 6 7 6 5 5 6 7 6 8 6 8 7 6 9 9 7 5 7 6 5
2 2 4 4 6 6 7 6 6 6 0 5 8 6 6 7 5 5 5 6 7 6 8 6 8 7 7 9 9 7 5 6 5 5
2 2 4 5 6 6 7 6 6 6 0 5 8 6 6 7 5 5 5 6 7 6 8 6 8 7 7 9 9 7 5 6 5 5
2 2 5 5 6 6 7 6 6 6 0 5 8 6 6 7 5 5 5 6 7 6 8 6 8 7 7 9 10 7 5 6 5 5
2 2 5 5 7 6 8 6 6 6 0 6 8 6 6 7 6 6 6 6 7 7 8 6 8 7 7 9 10 7 6 6 6 5
2 2 5 5 6 6 8 6 6 6 0 5 8 6 6 7 6 5 5 6 7 7 8 6 8 7 6 9 9 7 5 6 5 5
2 2 5 5 6 6 8 6 7 6 0 6 8 6 6 7 5 5 5 6 7 7 8 7 8 8 7 9 10 7 6 6 5 5
2 2 5 5 7 6 8 7 7 7 0 6 8 6 6 7 6 6 5 6 7 7 8 6 8 8 7 9 10 7 6 7 6 5
2 2 5 5 6 6 7 6 7 6 0 5 8 6 6 7 5 5 5 6 7 6 8 6 8 8 7 9 9 7 5 6 5 5
2 2 5 5 7 6 8 6 7 6 0 5 8 6 6 7 5 5 5 6 7 7 8 7 9 8 7 9 9 7 5 6 5 5
2 2 5 5 7 7 8 6 7 6 0 6 9 6 6 7 6 5 5 6 8 8 9 7 8 8 7 10 10 8 5 6 5 5
2 2 5 5 7 6 8 6 7 6 0 6 10 8 7 8 6 6 6 7 8 7 8 6 8 8 7 10 11 8 6 7 7 6
2 2 5 5 6 6 8 6 7 6 0 5 8 6 6 7 6 6 6 6 7 7 8 6 8 8 7 9 10 7 6 7 6 5
2 2 5 5 7 7 8 7 7 6 0 5 9 7 6 7 6 6 6 6 8 8 8 7 9 8 7 10 11 9 6 8 6 6
2 2 5 5 6 6 8 6 7 6 0 5 8 6 6 7 6 6 6 6 7 7 8 6 9 8 7 10 10 7 5 7 6 5
2 2 5 5 7 6 8 6 7 6 0 5 8 6 6 8 6 6 6 6 8 7 8 7 9 9 7 10 10 7 6 7 6 6
2 2 5 5 6 6 8 6 7 6 0 5 8 6 6 8 6 6 6 6 7 7 8 6 9 8 7 9 9 7 6 7 6 6
2 2 5 5 7 6 8 6 7 7 0 6 9 6 6 8 6 6 6 7 7 7 8 7 9 9 7 10 10 7 6 8 6 6
2 2 5 5 6 6 7 6 6 6 0 6 8 6 6 7 6 6 6 7 7 7 8 6 8 8 7 10 10 7 6 7 6 5
2 2 5 5 6 6 7 6 7 6 0 5 8 6 6 7 6 6 6 6 7 7 8 6 8 8 7 10 10 7 6 7 6 5
2 2 5 5 6 6 7 6 6 6 0 6 8 6 6 8 6 6 6 6 7 7 8 6 8 8 7 9 10 7 6 7 6 6
2 2 5 5 6 6 7 6 6 6 0 6 8 6 6 8 6 6 6 6 7 7 8 6 8 8 7 10 10 7 6 7 6 6
2 2 5 5 6 6 7 6 6 6 0 6 9 5 6 8 6 6 6 7 7 7 7 6 8 8 7 10 10 7 5 7 6 6
2 2 5 5 6 6 7 6 6 6 0 6 8 6 6 7 6 6 6 6 7 7 7 6 8 8 7 10 10 7 5 7 6 6
2 2 5 5 6 6 7 6 6 6 0 5 8 6 6 8 6 6 6 6 7 7 8 6 8 9 7 9 9 7 5 7 6 6
2 2 5 5 6 6 7 6 6 6 0 5 8 6 6 7 6 6 6 6 7 7 7 6 8 8 6 10 10 7 6 7 6 6
2 2 5 5 7 6 7 6 6 6 0 6 8 6 6 8 6 6 6 6 7 7 7 6 8 8 7 10 10 7 6 8 6 6
2 2 5 5 6 6 7 7 8 6 0 5 9 6 6 7 6 6 6 6 7 7 7 6 10 8 7 10 10 7 6 7 6 6
2 2 5 5 6 6 7 6 7 6 0 6 9 6 6 7 6 6 6 6 7 7 8 6 9 8 7 10 11 8 6 8 6 6
2 2 5 5 6 6 7 6 7 6 0 6 9 6 6 7 6 6 6 7 7 7 7 6 8 8 7 10 11 8 6 8 7 6
2 2 5 5 6 5 7 6 7 6 0 6 9 6 6 7 6 6 6 6 7 7 7 6 9 8 7 10 11 8 6 7 6 6
3 0 5 5 6 5 7 6 7 6 0 6 9 6 6 7 6 6 6 6 7 7 7 6 9 8 7 10 11 8 6 7 6 6
2 1 11 10 11 10 11 10 8 9 0 8 9 9 11 17 26 25 12 11 11 10 11 10 10 9 8 11 11 11 11 17 25 25
2 1 11 9 11 10 11 9 8 9 0 8 9 9 11 16 26 24 12 11 11 10 11 10 10 9 8 11 11 11 11 17 25 25
2 1 11 10 12 11 12 10 9 9 0 8 10 10 12 17 26 26 13 12 12 11 12 11 11 10 9 12 12 12 11 17 26 25
2 1 10 9 11 9 10 9 8 9 0 8 9 9 13 18 28 25 12 10 10 10 11 10 10 9 8 11 11 11 12 18 27 25
2 1 11 9 10 9 10 9 8 8 0 7 8 8 11 18 28 30 12 10 10 9 10 9 9 9 8 9 10 10 11 17 24 24
2 1 10 9 10 9 10 9 8 8 0 7 8 8 11 16 25 23 13 10 10 9 10 9 9 8 8 9 10 10 10 16 25 25
2 1 10 9 11 9 10 9 8 8 0 8 9 9 12 17 25 23 13 10 10 10 10 9 10 9 8 10 11 11 11 17 24 26
2 1 10 9 10 9 9 8 8 8 0 7 8 8 11 16 24 23 12 10 10 9 10 9 9 8 8 10 10 10 10 17 25 26
2 1 11 9 11 9 10 9 8 9 0 8 9 9 11 17 25 24 13 11 10 10 10 10 10 9 8 10 11 10 11 17 26 27
2 1 10 9 10 9 9 8 7 8 0 7 8 8 11 16 26 25 13 10 10 9 10 9 9 8 7 9 10 10 10 17 25 26
2 1 10 9 10 9 9 8 7 8 0 7 8 8 11 17 25 25 12 10 10 9 10 9 9 8 7 9 10 10 10 18 27 26
2 1 11 10 11 10 10 9 8 9 0 8 9 9 12 16 27 28 13 11 11 10 11 10 10 9 8 10 11 11 11 17 26 27
2 1 10 9 11 10 10 9 8 9 0 8 9 9 12 17 27 26 13 11 11 10 11 10 10 9 8 11 11 11 11 17 27 28
2 1 11 10 11 10 10 9 8 9 0 8 9 9 12 17 26 26 14 11 11 10 11 10 10 9 8 10 11 11 11 17 27 28
2 1 11 10 12 11 12 11 9 10 0 8 10 9 12 17 25 26 14 11 12 11 12 11 11 10 9 12 12 12 11 18 26 29
2 1 11 10 11 10 10 9 8 9 0 8 9 9 12 17 26 25 14 11 11 10 11 10 10 9 8 11 11 11 11 17 28 30
2 1 14 12 13 11 12 10 9 10 0 8 10 10 15 21 33 31 16 13 12 11 12 11 11 11 9 12 13 13 13 21 34 32
2 1 12 10 11 10 11 9 8 9 0 8 10 10 13 18 28 28 14 11 11 10 11 10 10 10 9 11 12 11 12 18 29 31
2 1 12 10 11 9 10 9 8 9 0 8 9 9 12 17 28 28 14 11 10 10 10 10 10 9 8 10 11 11 11 17 28 30
2 1 11 9 11 9 10 9 8 9 0 8 9 9 12 17 28 28 14 11 10 10 11 10 10 9 8 10 11 11 11 17 29 31
2 1 11 10 11 10 10 9 8 9 0 8 9 9 12 17 28 28 14 11 11 10 11 10 10 9 8 11 11 11 11 17 29 30
2 1 12 10 11 10 11 9 8 9 0 8 9 9 12 17 28 28 14 11 11 10 11 10 10 10 9 11 12 11 11 17 29 30
2 1 12 10 12 11 11 10 9 10 0 8 10 10 13 17 28 28 14 12 12 11 12 11 11 10 9 12 12 12 12 17 29 30
2 1 11 10 11 10 10 9 8 9 0 8 9 9 12 17 29 29 13 11 11 10 11 10 10 9 8 11 12 11 11 17 28 30
2 1 11 10 12 10 11 10 9 9 0 8 9 9 12 16 27 27 13 11 11 11 11 10 10 10 9 11 12 12 11 16 27 27
2 1 11 10 12 10 11 10 9 9 0 8 9 9 12 16 29 28 14 11 11 11 11 11 10 10 9 11 12 12 11 16 27 27
2 1 11 10 12 10 11 10 9 9 0 8 9 9 12 16 27 27 14 12 12 11 12 11 10 10 9 11 12 11 11 16 27 27
2 1 11 10 12 11 12 10 9 10 0 8 10 10 12 17 27 28 15 12 12 11 12 11 11 10 9 12 13 12 11 17 28 27
2 1 11 10 11 10 11 10 8 9 0 8 10 10 12 16 28 29 13 11 11 10 11 10 10 10 9 11 12 12 11 16 28 27
2 1 11 10 12 10 11 10 9 10 0 9 11 11 13 17 27 28 13 12 12 11 12 11 11 10 10 12 13 13 12 17 27 27
2 1 11 11 12 11 12 10 9 10 0 9 11 11 14 18 29 28 13 12 12 12 12 11 11 11 10 12 13 13 12 16 28 29
2 1 12 11 13 11 12 11 9 10 0 9 11 11 13 17 27 28 14 12 12 12 12 11 11 11 10 12 13 12 12 16 28 27
2 1 13 11 13 11 12 10 9 10 0 9 10 10 13 18 34 34 14 12 12 12 12 12 11 11 10 12 13 13 12 17 31 28
2 1 11 9 11 10 11 9 8 9 0 8 9 9 11 15 25 25 13 11 11 10 11 10 10 10 9 11 12 11 10 15 25 26
2 1 10 9 11 10 11 10 8 9 0 8 10 10 11 16 26 26 13 11 11 10 11 10 10 10 9 11 12 12 10 14 26 30
2 1 11 9 11 10 11 9 8 9 0 8 9 9 11 15 26 25 13 11 11 10 11 10 10 9 8 11 11 11 10 14 26 26
2 1 11 9 11 10 10 9 8 9 0 8 9 9 11 15 26 26 13 11 11 10 11 10 10 9 8 10 11 11 10 14 26 29
2 1 11 9 11 10 11 9 8 9 0 8 9 9 11 15 26 26 13 11 11 10 11 10 10 9 8 11 11 11 10 14 25 26
2 1 11 10 12 10 11 10 9 9 0 8 9 9 11 16 26 26 13 11 11 11 11 10 10 10 9 11 12 11 10 15 27 27
2 1 13 11 12 11 11 10 9 10 0 8 10 10 12 17 30 32 15 12 12 11 12 11 11 10 9 11 12 12 11 14 28 29
2 1 11 10 11 10 11 10 9 9 0 8 9 9 11 14 24 24 12 11 11 10 11 10 10 10 9 11 12 11 10 14 24 25
2 1 11 10 12 10 11 10 9 9 0 8 10 10 12 16 29 26 12 11 11 11 11 11 11 10 9 11 12 11 11 15 28 26
2 1 11 11 13 11 12 11 10 10 0 9 10 10 12 17 27 25 12 12 12 12 12 11 12 11 10 12 13 12 11 16 26 26
2 1 10 9 11 10 11 9 8 9 0 8 9 9 11 15 26 26 11 11 11 10 11 10 10 9 9 11 12 11 10 14 24 22
2 1 10 9 11 9 10 9 8 9 0 7 9 9 11 15 26 25 13 11 11 10 11 10 10 9 8 11 11 11 10 15 27 23
2 1 11 9 11 9 10 9 8 9 0 8 9 9 11 15 25 24 12 10 10 10 11 10 10 9 8 11 12 11 10 14 25 24
2 1 10 9 11 9 10 9 8 8 0 8 9 9 11 15 25 24 11 10 10 10 11 10 10 9 8 11 12 11 10 14 25 23
2 1 10 9 11 9 10 9 8 8 0 7 9 9 11 15 25 24 12 11 10 10 11 10 10 9 8 10 11 11 10 14 24 23
2 1 10 9 11 9 10 9 8 8 0 8 9 9 11 16 29 25 12 10 10 10 10 10 10 9 8 11 11 11 11 15 26 27
2 1 10 9 11 10 11 9 9 9 0 8 10 10 11 15 26 25 13 11 11 10 11 10 10 10 9 11 12 11 10 15 24 24
2 1 11 9 11 10 11 9 8 9 0 8 10 10 12 17 27 25 12 11 11 10 11 10 10 9 9 11 12 11 11 16 26 28
2 1 10 9 11 9 10 9 8 9 0 7 9 9 11 16 28 25 12 11 10 10 11 10 10 9 8 10 11 11 10 15 26 25
2 1 10 9 11 9 10 9 8 8 0 7 9 9 11 16 26 25 12 10 10 10 10 10 9 9 8 10 11 11 10 15 25 25
2 1 11 9 11 10 11 10 9 9 0 8 9 9 11 16 26 25 14 11 11 10 11 10 10 9 9 11 11 11 10 15 26 25
2 1 11 9 11 10 10 9 8 9 0 8 10 10 11 16 26 25 13 11 11 10 11 10 10 9 9 11 12 11 11 16 26 25
2 1 11 10 11 10 10 9 8 9 0 8 10 10 12 17 27 25 13 11 11 10 11 10 10 10 9 11 12 12 11 16 26 26
2 1 11 10 11 10 10 9 8 9 0 8 10 10 12 17 27 24 13 11 11 10 11 10 10 9 8 11 11 11 11 16 27 26
2 1 11 10 12 10 11 10 9 9 0 8 10 10 12 16 27 25 13 11 11 11 11 10 10 10 9 11 12 11 11 16 26 26
2 1 12 11 12 11 11 10 9 10 0 9 11 11 13 18 28 26 14 12 12 11 12 11 11 10 9 12 12 12 12 17 27 27
2 1 12 11 12 10 11 10 9 9 0 8 10 10 13 18 27 25 14 12 11 11 12 11 11 10 9 11 12 12 12 17 27 27
2 1 12 10 12 10 11 10 9 9 0 8 10 10 12 17 28 25 14 11 11 11 11 10 10 10 9 11 12 12 11 17 28 27
2 1 12 10 12 10 11 10 8 9 0 8 10 9 12 16 27 26 14 12 11 11 11 10 10 10 9 11 12 11 11 17 28 30
2 1 13 11 13 11 12 11 10 10 0 9 11 11 13 17 29 27 15 13 13 12 13 12 12 11 10 13 13 13 12 17 28 29
2 1 12 10 12 10 11 10 9 9 0 8 10 10 12 17 29 26 15 12 12 11 12 11 11 10 9 11 12 12 11 17 27 28
2 1 12 11 12 10 11 10 9 10 0 8 10 10 12 17 28 27 15 12 12 11 12 11 11 10 9 11 12 12 11 17 28 32
2 1 13 11 12 10 11 10 9 9 0 8 10 10 12 17 29 27 14 12 12 11 12 11 10 10 9 11 12 11 11 17 30 29
2 1 12 11 12 10 11 10 9 9 0 8 10 10 12 17 28 27 15 12 12 11 12 11 10 10 9 11 12 12 11 18 30 31
2 1 12 10 12 10 11 10 9 9 0 8 10 10 12 17 29 27 14 12 11 11 11 10 10 10 9 11 12 11 11 17 30 28
2 1 12 10 12 10 11 10 8 9 0 8 9 9 12 17 28 27 14 12 11 11 11 10 10 10 9 11 11 11 11 17 28 28
2 1 13 10 12 10 11 9 8 9 0 8 9 9 11 16 27 25 15 12 11 10 11 10 10 9 8 10 11 11 11 17 28 27
2 1 12 10 11 9 10 9 8 8 0 7 9 9 11 16 27 25 15 11 10 10 10 9 9 9 8 10 10 10 10 17 28 28
2 1 12 10 11 9 10 9 8 8 0 8 9 9 11 15 26 24 14 11 11 10 11 10 9 9 8 10 11 11 10 16 27 28
2 1 12 9 11 9 10 9 8 8 0 7 8 8 11 15 25 23 14 11 11 10 10 9 9 9 8 10 10 10 10 16 26 27
2 1 12 10 11 10 10 9 8 8 0 7 9 8 11 15 25 23 14 11 11 10 11 10 9 9 8 10 10 10 10 16 25 26
2 1 12 9 11 9 10 9 8 8 0 7 9 9 11 16 25 24 14 11 11 10 10 9 9 9 8 10 11 10 11 16 25 26
2 1 11 9 10 9 10 9 8 8 0 7 9 9 11 14 24 22 13 11 10 10 10 9 9 9 8 10 10 10 10 15 24 27
2 1 11 9 11 9 10 9 8 8 0 7 8 8 10 15 23 21 13 11 10 10 10 9 9 9 8 10 10 10 10 16 24 29
2 1 11 9 11 9 10 9 8 8 0 7 9 9 11 15 23 21 13 11 10 10 10 9 9 9 8 10 10 10 10 16 25 26
2 1 11 9 10 9 9 8 7 8 0 7 8 8 10 15 22 20 13 10 10 9 10 9 9 8 8 9 10 10 10 15 23 28
2 1 11 9 11 9 10 9 8 8 0 7 8 8 10 14 24 21 12 11 10 10 10 9 9 9 8 10 10 10 10 15 23 25
2 1 11 9 10 9 10 8 8 8 0 7 8 8 10 14 22 21 13 11 10 10 10 9 9 9 8 10 10 10 10 15 23 25
2 1 11 9 11 9 10 9 8 9 0 7 9 8 10 14 22 21 13 11 11 10 10 9 9 9 8 10 10 10 9 15 23 27
2 1 10 8 9 8 8 7 7 7 0 6 7 7 9 13 21 20 12 9 9 8 9 8 8 7 7 8 9 9 9 14 22 25
2 1 10 8 9 8 8 7 7 7 0 6 7 7 9 13 22 20 12 9 9 8 9 8 8 8 7 8 9 9 9 14 22 25
2 1 10 8 10 8 9 8 7 7 0 6 8 8 10 14 22 21 12 10 9 9 9 8 8 8 7 9 9 9 9 14 23 25
2 1 9 8 10 8 9 8 7 8 0 7 8 8 10 13 21 20 12 10 10 9 10 9 9 8 7 9 9 9 9 14 21 24
2 1 8 7 8 7 8 7 6 6 0 6 7 7 9 12 20 19 11 8 8 8 8 7 7 7 6 8 8 8 8 13 20 22
2 1 9 7 8 7 8 7 6 6 0 6 7 7 9 12 20 19 11 9 8 8 8 7 7 7 6 8 9 8 8 14 20 22
2 1 9 7 8 7 8 7 6 6 0 6 7 7 9 12 20 20 11 9 8 8 8 7 7 7 6 8 9 8 8 13 20 21
2 1 9 7 8 7 8 7 6 6 0 6 7 7 9 12 21 19 10 8 8 8 8 7 7 7 6 8 8 8 8 12 21 25
2 1 9 8 9 8 9 8 7 7 0 7 9 8 10 12 19 20 11 10 9 9 9 8 8 8 7 10 10 10 9 13 20 22
2 1 8 6 7 6 6 6 5 6 0 5 6 6 8 12 18 18 9 7 7 6 7 6 6 6 5 7 7 7 7 12 19 21
2 1 8 7 7 6 7 6 6 7 0 6 7 7 10 14 25 22 9 8 7 7 7 7 7 7 6 8 9 8 9 13 26 25
2 1 9 7 8 7 8 7 6 7 0 6 8 8 10 13 20 19 10 9 8 8 8 7 8 7 7 9 9 9 9 12 18 20
2 1 8 7 8 7 8 7 6 7 0 6 7 7 9 12 19 19 10 8 8 8 8 7 7 7 6 8 9 9 8 12 19 21
2 1 8 7 8 7 7 6 6 6 0 6 7 7 8 12 19 18 10 8 8 7 8 7 7 7 6 8 8 8 8 11 18 19
2 1 8 7 8 7 8 7 6 7 0 6 7 7 9 12 20 19 10 8 8 8 8 7 7 7 6 8 9 8 8 12 18 20
2 1 8 7 8 7 8 7 6 7 0 6 7 7 9 12 20 19 10 8 8 8 8 7 7 7 6 8 9 9 8 12 19 19
2 1 8 7 8 7 8 7 6 7 0 6 8 8 9 12 20 19 10 9 8 8 8 7 8 7 7 8 9 9 8 12 19 22
2 1 8 7 8 7 8 7 6 7 0 6 7 7 9 12 20 20 10 9 8 8 8 7 7 7 7 8 9 9 8 12 18 19
2 1 8 7 8 7 8 7 6 7 0 6 7 7 9 13 20 20 10 8 8 8 8 7 7 7 6 8 9 9 8 13 18 19
2 1 8 7 8 7 8 7 6 7 0 6 7 7 9 12 20 20 10 9 8 8 8 7 7 7 6 8 9 8 8 12 18 19
2 1 8 7 8 7 8 7 6 7 0 6 7 7 8 11 20 19 10 8 8 8 8 7 7 7 6 8 9 8 8 11 19 20
2 1 9 7 8 7 8 7 6 7 0 6 7 7 8 12 20 20 11 9 8 8 8 7 7 7 6 8 8 8 8 11 18 18
2 1 8 7 8 7 8 7 6 6 0 6 7 7 8 11 20 20 10 8 8 8 8 7 7 7 6 8 8 8 8 12 19 19
2 1 8 7 9 7 8 7 6 7 0 6 7 7 9 12 20 20 10 9 8 8 8 8 8 7 7 8 9 9 8 12 18 18
2 1 8 7 8 7 8 7 6 7 0 6 7 7 8 11 20 21 9 8 8 8 8 7 7 7 7 8 9 8 8 11 18 18
2 1 8 7 8 7 8 7 6 7 0 6 7 7 8 11 20 20 9 8 8 8 8 7 7 7 6 8 8 8 7 10 18 18
2 1 8 7 8 7 8 7 6 7 0 6 7 7 8 11 19 19 10 8 8 8 8 7 7 7 6 8 8 8 7 11 18 19
2 1 8 7 8 7 7 7 6 7 0 6 7 7 8 11 19 20 10 8 8 8 8 7 7 7 6 8 8 8 7 11 18 23
2 1 8 7 8 7 7 6 6 6 0 5 6 6 8 11 19 19 9 8 8 7 8 7 7 7 6 8 8 8 7 11 18 19
2 1 8 7 9 8 8 7 6 7 0 6 7 7 9 12 20 20 10 9 8 8 8 8 8 7 7 8 9 9 8 11 18 20
2 1 9 8 9 8 9 8 7 7 0 6 8 8 9 13 20 20 10 9 9 9 9 8 8 8 7 9 10 9 9 12 19 20
2 1 8 7 9 8 8 7 6 7 0 6 7 7 9 12 20 20 10 9 9 8 9 8 8 7 7 8 9 9 8 12 18 19
2 1 9 7 9 8 8 7 6 7 0 6 8 8 9 13 21 20 10 9 9 8 9 8 8 7 7 9 9 9 9 12 18 19
2 1 9 7 9 8 8 7 6 7 0 6 7 7 9 12 19 19 10 9 8 8 8 8 8 7 7 8 9 9 8 11 18 20
2 1 9 7 9 8 8 7 6 7 0 6 8 8 9 12 19 21 10 9 9 8 9 8 8 7 7 9 9 9 8 11 18 19
2 1 8 8 9 8 9 7 7 7 0 6 8 8 9 12 19 18 10 9 9 9 9 8 8 8 7 9 9 9 8 12 18 19
2 1 8 7 9 7 8 7 6 7 0 6 7 7 8 11 19 18 9 8 8 8 8 7 7 7 6 8 9 8 8 11 18 18
2 1 8 7 9 8 8 7 6 7 0 6 7 7 8 11 20 19 10 9 9 8 9 8 8 7 7 8 9 8 8 12 18 18
2 1 10 9 11 9 10 9 8 9 0 8 9 9 11 14 23 20 11 11 11 10 11 10 10 9 8 10 11 11 10 14 23 25
2 1 9 8 9 8 9 7 6 7 0 6 7 7 9 13 19 18 11 10 9 9 9 8 8 8 7 9 9 9 8 12 17 20
2 1 8 7 9 8 8 7 6 7 0 6 7 7 8 11 18 17 10 9 9 8 9 8 8 7 7 8 9 8 8 11 16 19
2 1 8 7 8 7 8 7 6 6 0 5 7 6 8 12 19 18 10 8 8 8 8 7 7 7 6 8 8 8 7 12 16 19
2 1 8 7 8 7 8 7 6 6 0 6 7 7 8 12 20 19 10 8 8 8 8 7 7 7 6 8 8 8 8 12 17 19
2 1 9 7 9 8 8 7 6 7 0 6 7 7 9 12 19 18 11 9 9 8 8 8 8 7 6 8 9 8 8 13 18 20
2 1 9 8 9 8 8 7 6 7 0 6 7 7 8 12 19 19 11 9 9 8 9 8 8 7 6 8 9 8 8 12 17 19
2 1 9 8 10 9 10 8 7 8 0 6 8 8 9 12 20 22 11 10 10 9 10 9 9 8 8 10 10 10 9 13 18 22
2 1 9 7 8 7 8 7 6 7 0 6 7 7 8 12 20 18 12 9 8 8 8 7 7 7 6 8 8 8 8 12 17 22
2 1 11 9 10 9 9 8 7 8 0 6 8 8 10 14 22 21 13 10 10 9 10 9 9 8 7 9 10 10 10 15 21 26
2 1 10 8 9 8 8 7 6 7 0 6 7 7 9 12 20 19 12 9 9 8 9 8 8 7 7 8 9 9 8 12 18 22
2 1 10 8 9 8 9 8 7 7 0 6 8 8 9 12 20 24 13 10 9 8 9 8 8 8 7 9 10 9 8 12 18 22
2 1 10 8 9 8 9 8 7 8 0 7 8 8 10 14 20 21 13 10 9 9 9 8 8 8 7 9 10 10 10 14 20 25
2 1 9 8 11 9 10 9 8 8 0 8 10 10 10 13 20 20 13 11 11 10 11 9 10 9 9 11 12 12 10 13 19 23
2 1 13 11 13 12 12 11 9 10 0 10 11 11 11 14 23 23 16 14 13 13 13 12 12 11 10 13 14 13 11 15 23 26
2 1 12 10 12 11 11 10 9 9 0 9 11 11 11 14 23 23 15 13 12 11 12 11 11 10 9 12 13 13 11 15 24 27
2 1 12 10 11 10 10 9 8 8 0 8 9 9 11 15 23 24 14 11 11 10 11 10 10 9 8 10 11 11 10 15 23 27
2 1 12 10 11 10 10 9 8 9 0 8 9 9 11 15 24 25 15 12 11 10 11 10 10 9 8 10 11 11 10 16 25 28
2 1 13 11 12 11 11 10 9 9 0 8 10 10 11 15 25 26 15 13 12 11 12 11 11 10 9 11 12 11 11 16 26 27
2 1 13 11 13 11 12 11 9 10 0 9 11 11 12 16 26 27 16 13 13 12 13 12 11 11 10 12 13 12 12 17 27 27
2 1 12 11 12 11 11 10 9 9 0 9 10 10 12 16 26 26 15 13 12 11 12 11 11 10 9 12 13 12 11 16 27 28
2 1 13 11 12 11 11 10 9 9 0 8 10 10 12 17 28 28 16 13 12 11 12 11 11 10 9 11 12 12 11 17 27 28
2 1 13 11 12 10 11 10 8 9 0 8 10 10 12 16 26 26 16 13 12 11 12 11 10 10 9 11 12 12 11 17 27 29
2 1 13 11 13 11 12 10 9 10 0 9 10 10 12 17 29 28 16 13 12 12 12 11 11 10 9 12 12 12 11 17 27 29
2 1 14 12 14 12 12 11 10 10 0 9 11 10 12 17 28 27 16 14 13 12 13 12 12 11 10 12 13 13 12 18 28 29
2 1 14 13 15 13 14 12 10 11 0 10 12 11 13 18 29 28 18 16 15 14 14 13 13 12 11 14 14 14 13 19 29 30
2 1 14 12 14 12 13 11 10 10 0 9 11 11 13 17 29 28 17 14 14 13 13 12 12 11 10 13 13 13 12 18 29 29
2 1 15 13 14 12 13 11 10 11 0 9 11 11 13 17 29 29 17 15 14 13 14 12 12 11 10 13 13 13 12 18 28 29
2 1 14 12 14 12 13 11 10 11 0 9 11 11 13 19 32 30 17 15 14 13 14 13 12 12 10 13 14 13 13 19 29 34
2 1 14 12 14 12 13 11 10 11 0 9 11 11 13 17 28 28 17 14 14 13 14 12 12 11 10 13 14 13 12 18 28 31
2 1 14 12 14 12 13 11 10 11 0 9 11 11 13 17 28 29 17 14 14 13 13 12 12 11 10 13 13 13 12 18 28 30
2 1 15 12 14 12 13 11 10 11 0 9 11 11 13 18 29 29 18 14 14 13 13 12 12 11 10 13 13 13 12 18 29 30
2 1 14 12 14 12 13 11 10 11 0 9 11 11 13 17 28 28 17 15 14 13 13 12 12 11 10 13 14 13 12 18 29 31
2 1 14 12 14 12 13 11 10 11 0 9 11 11 13 17 28 28 17 15 14 13 13 12 12 11 10 13 13 13 12 18 29 31
2 1 14 12 14 12 13 11 10 11 0 9 11 11 12 17 28 28 17 14 14 13 13 12 12 11 10 13 13 13 12 18 28 29
2 1 14 12 14 12 13 11 10 11 0 9 11 11 13 18 29 29 17 14 14 13 13 12 12 11 10 13 14 13 12 19 29 30
2 1 14 12 14 12 13 11 10 11 0 9 11 11 13 18 29 28 16 14 14 13 13 12 12 11 10 13 13 13 12 19 29 31
2 1 15 13 15 12 13 12 10 11 0 9 11 11 13 19 30 30 17 15 14 13 14 13 12 12 10 13 14 13 12 19 29 30
2 1 16 13 15 13 14 12 10 11 0 9 11 11 13 18 29 28 20 16 15 14 14 13 13 12 11 13 14 13 12 19 30 32
2 1 15 13 15 13 14 12 11 12 0 10 12 12 14 19 30 33 18 15 15 14 15 13 13 12 11 14 15 15 13 20 31 34
2 1 15 13 15 12 13 12 10 11 0 10 11 11 13 18 30 29 17 15 14 13 14 13 13 12 11 13 14 14 13 19 30 32
2 1 15 13 15 13 14 12 11 11 0 10 12 12 13 18 31 30 17 15 15 14 14 13 13 12 11 14 15 14 13 19 32 32
2 1 15 13 15 13 14 12 10 11 0 10 12 12 13 17 29 28 18 16 15 14 14 13 13 12 11 14 14 14 13 19 28 31
2 1 16 14 15 13 14 12 11 11 0 10 11 11 13 18 29 27 19 16 15 14 14 13 13 12 11 13 13 13 13 19 28 31
2 1 16 14 16 14 15 13 12 12 0 10 12 12 15 19 30 28 18 17 16 15 16 14 14 13 12 15 15 15 14 20 29 32
2 1 18 16 18 16 17 15 13 14 0 12 14 14 17 22 32 29 21 19 18 17 18 16 16 15 13 17 17 17 16 23 30 31
2 1 15 13 14 12 13 12 10 11 0 9 11 11 14 19 31 29 17 15 14 13 14 13 12 12 10 13 14 13 13 20 28 31
2 1 15 13 15 13 13 12 10 12 0 10 12 12 14 18 29 27 17 15 14 13 14 13 13 12 11 14 14 14 13 20 28 30
2 1 15 13 15 13 14 12 11 12 0 10 12 12 15 19 30 28 17 15 15 14 14 13 13 12 11 14 14 14 14 21 28 31
2 1 15 13 15 13 13 12 11 12 0 10 11 11 14 19 28 27 17 15 14 13 14 13 13 12 11 13 14 14 13 20 27 30
2 1 15 13 15 13 14 12 11 12 0 10 12 11 14 18 29 29 17 15 15 14 14 13 13 12 11 14 14 14 13 20 28 31
2 1 15 13 15 13 14 12 11 11 0 10 12 11 13 18 28 29 17 15 14 13 14 13 13 12 11 13 14 14 13 19 27 31
2 1 15 13 15 13 14 12 11 11 0 10 12 12 14 18 28 27 17 15 14 13 14 13 13 12 11 14 14 14 13 19 27 30
2 1 14 12 14 12 13 12 10 11 0 9 11 11 13 17 27 27 17 14 14 13 14 12 12 12 11 13 14 13 13 19 27 30
2 1 16 14 17 14 15 13 12 13 0 11 13 13 15 20 30 30 18 17 16 15 16 14 14 13 12 15 16 15 14 21 30 32
2 1 16 14 16 13 14 13 11 12 0 10 12 12 15 20 32 31 18 16 15 14 15 14 13 13 11 14 15 14 14 21 32 33
2 1 16 14 16 14 15 13 11 12 0 10 12 12 15 21 32 31 18 16 16 15 15 14 14 13 12 14 15 15 14 21 32 34
2 1 17 15 17 15 16 14 12 13 0 11 13 13 16 22 33 32 18 17 17 16 17 15 15 14 12 15 16 16 15 23 32 32
2 1 17 15 17 15 16 14 12 13 0 11 14 13 17 22 32 32 18 17 17 15 16 15 15 14 12 16 17 16 15 23 33 32
2 1 16 15 17 14 15 14 12 13 0 11 13 13 16 22 31 31 17 16 16 15 16 15 14 14 12 15 16 15 15 22 31 31
2 1 16 15 17 14 15 14 12 13 0 11 13 13 16 22 32 32 17 16 16 15 16 15 14 14 12 15 16 16 15 22 31 31
2 1 16 15 17 14 15 14 12 13 0 11 13 13 16 21 33 32 18 16 16 15 16 15 14 14 12 15 16 16 15 23 32 32
2 1 16 15 17 15 16 14 12 13 0 11 13 13 16 22 33 33 17 16 16 15 16 15 15 14 12 15 16 16 15 23 32 32
2 1 17 15 18 15 16 14 13 13 0 12 14 14 17 23 33 33 20 18 17 16 17 16 15 15 13 16 17 17 16 24 32 32
2 1 17 15 17 15 16 14 13 13 0 12 14 14 17 22 32 34 19 17 17 16 17 15 15 14 13 16 17 17 16 23 33 31
2 1 18 16 18 16 17 15 13 14 0 12 14 14 18 25 37 35 20 18 17 16 17 16 16 15 13 16 17 17 17 24 35 34
2 1 19 16 19 16 17 15 13 14 0 12 14 14 17 23 34 35 21 19 18 17 17 16 16 15 13 16 17 17 16 23 34 31
2 1 16 14 16 14 15 13 12 13 0 11 13 13 16 22 33 33 17 16 16 15 16 14 14 14 12 15 16 16 15 23 31 29
2 1 16 15 17 15 16 14 13 14 0 12 14 14 17 24 35 35 19 17 17 16 17 15 15 14 13 16 17 17 16 24 33 32
2 1 16 15 18 15 16 14 13 14 0 12 14 14 16 23 34 34 18 17 17 16 17 15 15 14 13 16 17 17 15 23 32 31
2 1 17 15 18 16 17 15 13 14 0 12 15 14 17 24 35 35 19 18 17 16 17 16 16 15 13 17 18 17 16 24 33 32
2 1 18 17 20 18 19 17 15 15 0 13 16 16 19 25 35 35 20 20 19 18 19 18 18 17 15 19 20 19 18 26 32 31
2 1 15 13 16 13 14 13 11 12 0 10 13 12 16 22 33 34 17 15 15 14 15 14 14 13 11 14 15 15 14 22 31 30
2 1 15 13 16 13 14 13 11 12 0 10 12 12 15 22 33 33 17 15 15 14 15 14 14 13 11 14 15 15 14 21 31 30
2 1 15 13 15 13 14 13 11 12 0 11 13 13 16 23 34 34 18 15 15 14 15 14 14 13 12 15 16 15 15 22 31 30
2 1 15 14 16 14 15 13 12 12 0 11 13 13 16 23 33 34 18 16 15 15 15 14 14 13 12 15 16 16 15 22 31 31
2 1 15 14 16 14 15 13 12 12 0 11 13 13 16 23 34 35 19 16 15 14 15 14 14 13 12 15 16 15 15 23 31 31
2 1 15 13 16 14 15 13 11 12 0 11 13 13 16 23 37 37 18 16 15 14 15 14 14 13 12 15 16 15 15 23 32 32
2 1 15 13 16 14 15 13 11 12 0 11 13 13 16 23 35 35 18 16 15 14 15 14 14 13 12 14 15 15 15 23 32 31
2 1 16 14 16 14 15 13 11 12 0 11 13 13 16 22 34 35 18 16 15 14 15 14 14 13 12 15 15 15 15 22 31 31
2 1 15 13 15 13 14 12 11 12 0 10 12 12 15 22 34 35 18 15 14 14 14 13 13 12 11 14 15 14 14 22 31 30
2 1 15 13 15 13 14 12 11 12 0 10 12 12 15 23 35 36 18 15 15 14 15 13 13 13 11 14 15 15 14 22 32 33
2 1 15 14 16 14 15 13 12 12 0 11 13 13 16 22 35 37 18 16 16 15 16 14 14 13 12 15 16 16 15 22 31 31
2 1 13 12 14 12 13 11 10 10 0 9 11 11 14 20 31 31 17 14 13 12 13 12 12 11 10 13 14 13 13 20 28 29
2 1 15 13 15 14 15 13 11 12 0 11 13 13 16 23 33 33 17 15 15 14 15 14 14 13 12 15 16 16 15 22 29 29
2 1 13 11 13 12 12 11 10 10 0 9 11 11 13 19 31 32 16 13 13 12 13 12 12 11 10 12 13 13 12 19 28 29
2 1 13 11 13 11 12 11 10 10 0 9 11 11 13 19 31 32 17 13 13 12 13 12 12 11 10 12 13 13 12 19 28 30
2 1 13 12 13 12 12 11 10 10 0 9 11 11 13 20 33 33 17 13 13 12 13 12 12 11 10 13 13 13 12 19 30 31
2 1 13 12 14 12 13 11 10 11 0 9 11 11 13 19 33 36 17 14 13 12 13 12 12 11 10 13 14 13 12 19 29 30
2 1 13 12 14 12 13 12 10 11 0 9 11 11 14 20 31 31 17 14 14 13 14 12 12 12 10 13 14 13 13 20 28 31
2 1 15 13 15 13 13 12 10 11 0 10 12 11 13 19 32 32 19 15 14 13 14 13 13 12 11 13 14 13 12 18 29 33
2 1 13 12 14 12 13 12 10 11 0 10 12 12 14 19 31 32 18 14 14 13 14 13 12 12 11 14 15 14 13 18 28 33
2 1 13 11 13 11 12 11 10 10 0 9 11 11 13 19 33 35 17 13 13 12 13 12 11 11 10 12 13 13 12 17 29 31
2 1 13 11 13 11 12 10 9 10 0 9 10 10 13 20 33 30 16 13 12 12 12 11 11 10 9 12 12 12 11 18 30 32
2 1 12 10 12 11 12 10 9 10 0 8 10 10 12 17 30 30 15 12 12 11 12 11 11 10 9 12 13 12 11 17 27 30
2 1 13 11 13 11 12 11 9 11 0 9 10 10 13 20 32 31 17 14 13 12 13 12 11 11 10 12 13 12 12 19 28 36
2 1 13 11 13 11 12 11 9 10 0 9 11 10 13 19 30 30 17 14 13 12 13 12 12 11 10 13 13 13 12 18 27 31
2 1 14 12 13 11 12 11 9 10 0 9 10 10 12 18 32 31 15 13 13 12 13 12 11 11 10 12 12 12 11 17 29 30
2 1 13 11 12 11 11 10 9 10 0 8 10 9 12 17 31 31 15 12 12 11 12 11 11 10 9 11 12 11 11 17 28 30
2 1 13 11 12 11 11 10 9 10 0 8 10 10 12 17 30 31 15 13 12 11 12 11 11 10 9 12 12 12 12 18 27 31
2 1 12 11 13 11 12 10 9 10 0 8 10 10 12 17 29 30 15 13 12 11 12 11 11 10 9 12 12 12 11 17 27 28
2 1 13 11 13 11 12 10 9 10 0 9 10 10 12 17 29 29 16 13 12 12 12 11 11 10 9 12 12 12 11 17 27 28
2 1 12 11 13 11 12 10 9 9 0 9 10 10 12 16 28 28 14 13 12 12 12 11 11 10 9 12 12 12 11 16 25 27
2 1 11 10 12 11 11 10 9 9 0 8 10 9 11 15 27 28 13 12 12 11 12 11 11 10 9 11 12 11 10 15 25 27
2 1 11 10 12 10 11 10 9 9 0 8 9 9 11 15 27 27 13 12 12 11 12 11 10 10 9 11 11 11 10 15 25 26
2 1 12 11 12 10 11 10 9 9 0 8 10 10 11 16 28 28 14 12 12 11 12 11 10 10 9 11 12 11 11 16 26 28
2 1 11 10 12 10 11 10 9 9 0 8 9 9 11 15 26 26 13 12 11 11 11 10 10 10 9 11 11 11 10 15 25 27
2 1 12 10 12 10 11 10 9 9 0 8 9 9 11 15 27 27 14 12 12 11 12 11 10 10 9 11 11 11 10 15 25 26
2 1 13 11 12 10 11 10 9 9 0 8 9 9 11 16 28 27 15 12 12 11 12 11 10 10 9 11 11 11 10 16 28 29
2 1 12 11 12 11 11 10 9 10 0 8 10 9 11 16 26 27 15 12 12 11 12 11 11 10 9 11 12 11 10 16 26 26
2 1 12 11 13 11 12 10 9 10 0 8 10 9 11 16 27 27 14 12 12 11 12 11 11 10 9 11 12 11 10 16 27 28
2 1 12 11 13 11 12 11 10 10 0 9 10 10 11 16 26 26 15 13 13 12 13 11 11 11 10 12 12 11 11 17 26 26
2 1 13 12 14 12 13 11 10 11 0 9 10 10 12 17 26 26 16 14 13 13 13 12 12 11 10 12 13 12 11 17 26 27
2 1 13 11 13 12 12 11 10 10 0 9 10 10 12 16 26 27 15 13 13 12 13 12 12 11 10 12 12 12 11 17 26 26
2 1 13 11 13 11 12 10 9 10 0 9 10 10 12 17 28 28 16 13 13 12 12 11 11 11 10 12 12 12 11 17 27 26
2 1 14 12 13 11 12 11 10 11 0 9 10 10 13 17 30 30 17 14 13 12 13 12 11 11 10 12 13 12 12 19 30 29
2 1 13 11 13 11 12 11 10 10 0 9 10 10 12 16 27 27 16 13 13 12 13 12 11 11 10 12 13 12 11 17 26 25
2 1 13 11 13 11 12 10 9 10 0 8 10 10 12 16 27 28 17 13 13 12 12 11 11 10 9 12 12 11 11 17 26 32
2 1 14 11 13 11 12 10 9 10 0 9 10 10 12 16 27 28 18 13 13 12 12 11 11 10 9 12 12 12 11 17 26 25
2 1 13 11 13 11 12 10 9 10 0 9 10 10 12 17 27 28 17 13 12 12 12 11 11 10 9 12 12 12 11 18 27 27
2 1 13 11 13 11 12 11 9 10 0 9 10 10 12 17 27 27 16 13 13 12 12 11 11 11 10 12 12 12 11 18 27 25
2 1 13 12 14 12 13 11 10 11 0 9 11 10 12 17 28 29 17 14 13 13 13 12 12 11 10 12 13 12 12 17 26 25
2 1 13 11 13 11 12 10 9 10 0 8 10 10 12 16 27 28 16 13 12 12 12 11 11 11 9 12 12 12 11 17 25 24
2 1 13 11 13 11 12 10 9 10 0 9 10 10 12 17 27 27 16 13 12 12 12 11 11 10 9 11 12 12 11 18 26 26
2 1 12 11 13 11 12 10 9 10 0 8 10 10 12 16 26 27 15 13 12 11 12 11 11 10 9 11 12 12 11 17 24 24
2 1 13 11 13 11 12 11 9 10 0 9 10 10 12 16 24 25 16 13 12 12 12 11 11 11 9 12 12 11 11 17 24 24
2 1 12 11 12 11 11 10 9 10 0 8 10 9 11 15 24 25 15 12 12 11 12 11 11 10 9 11 12 11 11 16 23 24
2 1 12 10 12 11 11 10 9 9 0 8 9 9 11 15 24 26 15 12 12 11 12 11 11 10 9 11 12 11 10 16 23 24
2 1 12 11 13 11 12 11 10 10 0 8 10 10 11 16 24 24 15 13 13 12 13 11 11 11 10 12 13 12 11 17 23 24
2 1 12 10 12 11 11 10 9 10 0 8 10 10 11 16 24 25 15 12 12 11 12 11 11 10 9 11 12 11 11 17 23 26
2 1 12 10 12 10 11 10 9 9 0 8 9 9 11 15 23 24 15 12 12 11 11 10 10 10 9 11 11 11 10 16 23 23
2 1 12 10 12 10 11 10 9 9 0 8 9 9 11 15 23 24 15 12 11 11 11 10 10 10 9 11 11 11 10 16 23 23
2 1 12 10 12 10 11 10 9 9 0 8 9 9 11 15 23 24 15 12 11 11 11 10 10 10 9 11 11 11 10 16 23 24
2 1 12 10 12 10 11 10 9 9 0 8 9 9 11 15 24 24 15 12 12 11 11 10 10 10 9 11 11 11 10 16 23 23
2 1 12 10 12 11 11 10 9 10 0 8 10 10 11 15 25 25 16 13 12 11 12 11 11 10 9 11 12 11 11 16 24 24
2 1 11 10 12 10 11 10 9 9 0 8 9 9 11 15 24 24 15 12 11 11 11 10 10 10 9 11 12 11 11 16 23 22
2 1 12 10 12 10 11 10 9 9 0 8 9 9 12 18 25 25 15 12 11 11 11 10 10 10 9 11 11 11 11 19 29 23
2 1 11 10 11 10 11 10 8 9 0 8 9 9 10 14 23 24 13 11 11 11 11 10 10 10 9 11 11 11 10 14 21 21
2 1 11 9 11 9 10 9 8 8 0 7 9 9 11 14 24 25 13 11 11 10 11 10 10 9 8 10 11 11 10 14 21 22
2 1 11 9 11 9 10 9 8 8 0 7 9 9 10 14 24 25 13 11 10 10 11 10 9 9 8 10 11 10 10 14 21 21
2 1 11 10 11 10 10 9 8 9 0 8 9 9 11 14 23 26 14 11 11 10 11 10 10 9 8 10 11 11 10 15 21 21
2 1 10 9 10 9 10 8 8 8 0 7 8 8 10 13 21 25 12 10 10 9 10 9 9 9 8 10 10 10 9 14 22 23
2 1 9 8 10 9 9 8 7 8 0 7 8 8 9 12 21 22 11 10 10 9 10 9 9 8 7 9 10 9 9 13 19 19
2 1 9 8 9 8 9 8 7 7 0 6 7 7 9 12 19 21 11 9 9 8 9 8 8 8 7 9 9 9 8 13 19 20
2 1 9 8 9 8 8 7 7 7 0 6 7 7 9 12 20 21 11 9 9 8 9 8 8 7 7 8 9 9 8 12 19 19
2 1 9 8 9 8 9 8 7 7 0 6 7 8 9 13 22 25 11 9 9 8 9 8 8 8 7 9 9 9 9 13 19 19
2 1 10 8 9 8 9 8 7 7 0 6 8 8 9 12 20 21 11 10 9 9 9 8 8 8 7 9 9 9 9 13 19 17
2 1 11 9 10 9 9 8 8 8 0 7 8 8 10 13 22 24 12 10 10 9 10 9 9 8 8 9 10 10 9 14 20 20
2 1 10 8 10 9 9 8 7 8 0 7 8 8 9 13 21 21 11 10 10 9 10 9 9 8 7 9 10 9 9 13 19 16
2 1 10 9 11 9 10 8 7 8 0 7 8 8 10 15 25 23 12 11 10 9 10 9 9 8 8 10 10 10 9 14 21 17
2 1 8 7 9 8 9 8 7 7 0 6 7 7 10 13 21 20 11 9 9 8 9 8 8 8 7 9 9 9 9 13 20 19
2 1 9 8 10 8 9 8 7 8 0 7 8 8 10 13 21 21 11 9 9 9 9 9 8 8 7 9 10 10 9 13 19 17
2 1 9 8 9 8 9 8 7 7 0 6 8 8 9 13 21 21 10 9 9 8 9 8 8 8 7 9 9 9 9 13 20 17
2 1 9 8 10 8 9 8 7 7 0 6 8 7 9 13 21 21 11 9 9 9 9 8 8 8 7 9 9 9 9 13 19 18
2 1 9 8 9 8 9 8 7 7 0 6 8 7 9 13 22 21 11 9 9 9 9 8 8 8 7 9 9 9 8 13 21 22
2 1 9 8 10 8 9 8 7 7 0 6 8 7 9 13 21 20 11 9 9 9 9 8 8 8 7 9 9 9 8 13 19 18
2 1 9 8 10 9 10 8 7 8 0 7 8 8 10 13 21 20 11 10 10 9 10 9 9 8 8 10 10 10 9 13 19 18
2 1 9 8 10 8 9 8 7 7 0 7 8 8 9 13 21 20 11 9 9 9 9 9 8 8 7 9 10 9 9 13 19 18
2 1 9 8 10 8 9 8 7 7 0 7 8 8 9 13 21 21 11 9 9 9 10 9 9 8 8 9 10 9 9 13 19 18
2 1 9 8 9 8 9 8 7 7 0 6 8 8 9 13 21 21 11 9 9 9 9 8 8 8 7 9 9 9 9 13 19 18
2 1 9 8 10 8 9 8 7 7 0 6 8 8 9 13 22 22 11 9 9 9 9 8 8 8 7 9 9 9 9 13 20 19
2 1 9 8 10 8 9 8 7 8 0 7 8 8 10 14 23 22 11 10 9 9 9 9 8 8 7 9 10 9 9 13 21 19
2 1 8 8 9 8 9 8 7 7 0 6 8 8 9 13 21 21 10 9 9 8 9 8 8 8 7 9 9 9 9 13 19 19
2 1 9 8 9 8 9 8 7 8 0 6 7 7 9 13 21 22 12 9 9 8 9 8 8 8 7 9 9 9 9 14 20 24
2 1 8 8 9 8 9 8 7 7 0 6 7 7 9 13 21 21 10 9 9 8 9 8 8 8 7 9 9 9 9 13 21 21
2 1 9 8 9 8 9 8 7 8 0 6 7 7 9 13 22 23 11 9 9 8 9 8 8 8 7 9 9 9 9 14 21 21
2 1 9 8 9 8 9 8 7 8 0 7 8 8 10 14 21 22 11 9 9 9 9 8 8 8 7 9 9 9 9 14 20 21
2 1 8 8 9 8 9 8 7 8 0 6 7 7 9 13 21 22 10 9 9 8 9 8 8 8 7 9 9 9 9 14 20 21
2 1 9 8 10 8 9 8 7 8 0 7 8 8 9 13 22 22 11 10 9 9 9 9 8 8 7 9 9 9 9 13 21 23
2 1 9 8 10 8 9 8 7 8 0 7 8 8 10 14 21 21 11 10 9 9 9 9 9 8 7 9 10 9 9 14 20 21
2 1 8 8 9 8 9 8 7 7 0 6 8 7 9 13 21 21 11 9 9 9 9 8 8 8 7 9 9 9 9 14 21 24
2 1 9 8 9 8 9 8 7 7 0 6 7 7 9 14 23 22 12 9 9 9 9 8 8 8 7 9 9 9 9 13 21 22
2 1 9 8 9 8 9 8 7 7 0 6 7 7 9 13 20 20 12 9 9 8 9 8 8 8 7 8 9 9 8 13 20 21
2 1 9 8 10 8 9 8 7 8 0 6 8 7 9 13 20 21 11 9 9 9 9 9 9 8 7 9 9 9 9 13 20 21
2 1 9 9 10 9 10 8 7 8 0 7 8 8 10 15 21 21 12 10 10 9 10 9 9 9 8 9 10 9 10 15 20 21
2 1 9 8 10 8 9 8 7 8 0 7 8 8 9 13 20 20 12 10 9 9 9 8 8 8 7 9 10 9 9 13 19 21
2 1 9 7 9 8 8 7 6 7 0 6 7 7 8 12 19 20 12 9 9 8 9 8 8 7 7 8 9 8 8 12 19 21
2 1 8 7 8 7 8 7 6 7 0 6 7 7 8 12 19 20 11 9 8 8 8 7 7 7 6 8 8 8 8 12 19 21
2 1 8 7 9 8 8 7 7 7 0 6 7 8 10 15 26 28 11 9 9 8 9 8 8 7 7 8 9 9 9 13 23 26
2 1 8 7 9 8 8 7 6 7 0 6 7 7 9 14 24 23 11 9 9 8 9 8 8 7 7 8 9 8 8 13 22 26
2 1 9 8 9 8 9 8 7 8 0 6 7 7 9 13 24 22 13 9 9 8 9 8 8 8 7 9 9 9 9 13 22 25
2 1 9 8 9 8 9 8 7 8 0 6 8 8 9 13 24 23 12 10 9 9 9 8 8 8 7 9 9 9 9 13 22 24
2 1 9 8 9 8 9 8 7 8 0 6 8 7 9 13 24 22 12 10 9 9 9 8 8 8 7 9 9 9 9 14 22 25
2 1 9 8 10 8 9 8 7 8 0 7 8 8 9 13 23 21 12 10 10 9 10 9 9 8 7 9 10 9 9 14 22 25
2 1 9 8 9 8 8 7 7 7 0 6 7 8 9 13 23 23 12 10 9 8 9 8 8 8 7 9 9 9 9 13 21 24
2 1 9 8 9 8 8 7 7 7 0 6 7 7 9 13 23 22 12 10 9 8 9 8 8 8 7 8 9 9 9 13 21 24
2 1 10 8 10 8 9 8 7 8 0 7 8 8 10 13 24 23 13 10 10 9 10 9 9 8 7 9 10 9 9 14 22 25
2 1 9 8 9 8 9 7 7 7 0 6 8 8 10 14 23 21 12 10 9 9 9 8 8 8 7 9 9 9 9 14 22 24
2 1 9 8 9 8 8 7 6 7 0 6 7 7 9 13 22 21 12 10 9 9 9 8 8 8 7 9 9 9 9 13 20 23
2 1 9 8 9 8 9 8 7 7 0 6 8 7 9 13 23 22 12 10 9 9 9 8 8 8 7 9 9 9 8 13 21 24
2 1 9 8 9 8 9 7 7 7 0 6 7 7 10 14 23 23 12 10 9 9 9 8 8 8 7 9 9 9 9 14 23 24
2 1 10 8 9 8 8 7 7 7 0 6 7 7 9 13 22 22 14 10 9 9 9 8 8 8 7 9 9 9 8 13 21 26
2 1 9 8 9 8 9 7 7 7 0 6 7 7 9 13 22 21 12 10 9 9 9 8 8 8 7 9 9 9 8 13 22 23
2 1 10 8 10 8 9 8 7 8 0 7 8 8 10 14 23 22 12 10 10 9 10 9 9 8 7 9 10 9 9 14 22 24
2 1 9 9 10 9 9 8 7 8 0 7 8 8 10 14 23 22 12 10 10 9 10 9 9 8 7 9 10 9 9 14 22 24
2 1 10 9 10 8 9 8 7 8 0 6 8 8 10 14 23 22 13 10 10 9 10 9 8 8 7 9 9 9 9 13 22 24
2 1 10 9 10 8 9 8 7 8 0 6 8 8 9 13 23 22 12 10 10 9 9 9 8 8 7 9 9 9 9 13 22 24
2 1 10 9 10 9 9 8 7 8 0 7 8 8 10 13 22 22 12 10 10 9 10 9 9 8 7 9 10 9 9 13 22 23
2 1 10 9 10 8 9 8 7 8 0 7 8 8 10 14 22 22 12 10 10 9 10 9 9 8 7 9 10 9 9 14 22 25
2 1 9 8 10 8 9 8 7 8 0 7 8 8 10 14 24 22 11 10 10 9 10 9 9 8 7 9 10 9 9 13 22 23
2 1 9 8 10 8 9 8 7 8 0 6 8 8 10 14 23 22 11 10 9 9 9 9 8 8 7 9 9 9 9 14 22 23
2 1 10 9 10 8 9 8 7 8 0 7 8 8 10 14 22 21 11 10 10 9 9 9 9 8 7 9 10 9 9 14 22 24
2 1 9 8 9 8 8 7 6 7 0 6 7 7 9 13 22 22 11 9 9 8 9 8 8 7 6 8 9 8 8 13 22 23
2 1 9 8 9 7 8 7 6 7 0 6 7 7 9 13 22 22 11 9 9 8 8 8 8 7 6 8 9 8 8 13 22 23
2 1 9 8 9 8 8 7 6 7 0 6 7 7 9 14 22 22 10 9 9 8 9 8 8 7 6 8 8 8 9 13 22 23
2 1 9 8 9 8 8 7 7 8 0 6 7 7 9 13 22 22 11 9 9 8 9 8 8 7 7 8 9 8 8 13 22 23
2 1 9 8 9 8 8 7 7 8 0 6 7 7 10 13 25 23 10 10 9 9 9 8 8 8 7 8 9 9 9 13 23 25
2 1 8 7 8 7 8 7 6 7 0 6 7 7 9 12 23 21 10 9 8 8 8 7 7 7 6 8 8 8 8 12 24 26
2 1 8 7 8 7 7 7 6 7 0 6 7 7 8 11 17 18 11 9 8 8 8 7 7 7 6 7 8 8 7 11 18 19
2 1 8 7 8 7 7 6 6 6 0 5 6 6 8 11 16 17 10 8 8 7 8 7 7 6 6 7 8 7 7 11 17 19
2 1 8 7 8 7 7 7 6 7 0 5 6 6 8 11 16 17 10 8 8 7 8 7 7 7 6 7 8 7 7 11 17 19
2 1 8 8 8 7 8 7 6 7 0 6 7 7 8 11 17 19 10 9 8 8 8 7 7 7 6 8 8 8 8 12 18 19
2 1 9 8 9 8 8 7 7 7 0 6 7 7 9 12 19 22 11 9 9 8 9 8 8 7 7 8 9 8 8 12 19 20
2 1 8 7 8 7 8 7 6 7 0 6 7 7 8 12 17 18 10 9 8 8 8 7 7 7 6 8 8 8 8 12 18 20
2 1 9 8 9 8 8 7 7 7 0 6 7 7 9 12 18 20 10 9 9 8 9 8 8 8 7 8 9 8 8 12 19 22
2 1 8 8 9 8 8 7 7 7 0 6 7 7 8 11 17 19 10 9 9 8 9 8 8 7 7 8 9 8 8 12 18 19
2 1 8 8 9 7 8 7 6 7 0 6 7 7 8 12 19 20 10 9 8 8 8 8 7 7 6 8 8 8 8 12 18 19
2 1 8 7 9 7 8 7 6 7 0 6 7 7 8 11 20 22 10 9 8 8 8 7 7 7 6 8 8 8 7 11 18 19
2 1 8 7 8 7 8 7 6 7 0 6 7 7 8 12 19 20 10 9 8 8 8 7 7 7 6 8 8 8 8 12 20 21
2 1 8 7 8 7 8 7 6 7 0 6 7 6 8 11 17 19 10 9 8 8 8 7 7 7 6 8 8 8 7 11 18 18
2 1 8 7 8 7 8 7 6 7 0 6 7 7 8 11 17 19 10 8 8 8 8 7 7 7 6 8 8 8 7 11 18 19
2 1 9 8 9 8 8 8 7 7 0 6 7 7 9 11 17 19 11 9 9 8 9 8 8 8 7 9 9 9 8 12 18 19
2 1 8 7 8 7 7 7 6 6 0 5 6 6 8 11 18 18 11 9 8 8 8 7 7 7 6 8 8 8 7 11 17 18
2 1 9 7 8 7 8 7 6 7 0 6 7 7 8 11 18 19 11 9 8 8 8 7 7 7 6 8 8 8 7 11 17 19
2 1 7 7 8 7 8 7 6 6 0 5 6 6 8 12 18 19 10 8 8 8 8 7 7 7 6 7 8 7 7 11 19 20
2 1 8 7 8 7 8 7 6 6 0 5 6 6 8 11 19 19 10 8 8 8 8 7 7 7 6 7 8 8 7 11 18 20
2 1 8 7 8 7 8 7 6 7 0 5 6 6 8 11 19 21 11 9 8 8 8 7 7 7 6 8 8 8 7 11 18 20
2 1 9 8 9 8 9 8 7 7 0 6 7 7 8 12 21 22 11 9 9 9 9 8 8 8 7 8 9 8 8 12 21 25
2 1 10 9 10 9 9 8 7 8 0 6 7 7 9 13 22 22 12 10 10 9 10 9 9 8 7 9 9 8 8 12 21 24
2 1 10 9 11 9 10 9 8 9 0 7 9 8 10 13 22 22 12 11 10 10 10 9 9 9 8 10 10 10 9 14 22 25
2 1 10 9 10 9 9 8 7 8 0 7 8 8 9 13 22 22 12 10 10 9 10 9 9 8 7 9 9 9 8 13 21 24
2 1 10 9 10 9 9 8 7 8 0 7 8 8 9 13 21 21 12 10 10 9 10 9 9 8 7 9 10 9 8 12 21 24
2 1 12 10 12 10 11 9 8 9 0 7 8 8 10 14 22 23 15 12 11 11 11 10 10 9 8 10 10 10 9 14 23 24
2 1 11 10 11 10 11 9 8 9 0 7 9 9 10 15 23 24 13 11 11 10 11 10 10 9 8 10 11 10 9 14 22 24
2 1 11 9 11 9 10 9 8 8 0 7 8 8 10 14 23 23 13 11 10 10 10 9 9 9 8 9 10 10 9 13 23 25
2 1 11 9 11 9 10 9 8 8 0 7 8 8 10 14 25 24 13 11 10 10 10 9 9 9 8 10 10 10 9 13 23 25
2 1 12 10 11 9 10 9 8 8 0 7 9 8 10 14 24 23 13 11 11 10 11 10 9 9 8 10 10 10 9 14 23 24
2 1 11 9 11 9 10 9 8 8 0 7 9 8 10 14 23 23 13 11 10 10 10 9 9 9 8 10 10 10 9 14 23 24
2 1 11 10 11 9 10 9 8 8 0 7 9 8 10 15 24 24 13 11 11 10 11 9 9 9 8 10 10 10 9 14 23 24
2 1 11 10 11 10 10 9 8 8 0 7 9 8 10 14 23 24 13 11 11 10 11 10 10 9 8 10 11 10 9 14 23 25
2 1 11 9 11 9 10 9 8 8 0 7 8 8 10 14 23 24 13 11 10 10 10 9 9 9 8 10 10 10 9 14 23 26
2 1 12 10 11 10 10 9 8 8 0 7 9 8 10 15 24 25 14 11 11 10 11 10 10 9 8 10 11 10 9 14 26 27
2 1 12 10 11 10 10 9 8 9 0 7 9 9 10 15 27 27 14 11 11 10 11 10 10 9 8 10 11 10 10 14 25 25
2 1 12 10 12 10 11 10 8 9 0 8 9 9 11 15 24 25 14 12 12 11 12 10 10 10 9 11 11 11 10 15 24 25
2 1 12 10 12 10 11 9 8 9 0 8 9 9 10 15 23 24 14 12 11 11 11 10 10 9 8 11 11 11 9 14 23 25
2 1 13 11 13 11 11 10 9 9 0 8 9 9 11 16 28 26 16 13 12 11 12 11 11 10 9 11 12 11 10 17 29 27
2 1 13 11 12 11 11 10 9 9 0 8 9 9 11 16 26 25 15 12 12 11 12 10 11 10 9 11 12 11 10 15 26 26
2 1 12 11 12 11 11 10 9 9 0 8 10 9 12 16 27 26 15 12 12 11 12 11 11 10 9 11 12 11 11 16 28 28
2 1 12 10 12 11 11 10 9 9 0 8 10 9 11 16 28 26 15 12 12 11 12 11 11 10 9 11 12 11 10 16 28 26
2 1 13 11 13 11 11 10 9 10 0 8 10 9 12 17 29 28 16 13 12 11 12 11 11 10 9 11 12 11 11 16 31 28
2 1 13 11 13 11 12 10 9 10 0 8 10 10 12 17 28 27 17 13 12 11 12 11 11 10 9 11 12 12 11 16 28 27
2 1 13 11 13 11 12 10 9 10 0 8 10 10 12 16 28 27 18 13 12 11 12 11 11 10 9 11 12 11 11 16 29 29
2 1 13 11 12 10 11 10 9 9 0 8 9 9 11 16 28 26 17 12 12 11 11 10 10 10 9 11 11 11 10 16 29 27
2 1 13 10 12 10 11 10 9 9 0 8 9 9 11 16 28 26 16 12 11 11 11 10 10 10 9 11 11 11 11 16 29 27
2 1 13 11 12 10 11 10 9 9 0 8 9 9 12 16 28 26 16 12 11 11 11 10 10 10 9 11 11 11 10 16 29 28
2 1 13 11 12 10 11 10 9 9 0 8 9 9 11 16 27 27 16 12 11 11 11 10 10 10 9 11 11 11 10 15 28 27
2 1 13 11 12 11 11 10 9 10 0 8 10 10 12 16 27 26 16 12 12 11 12 11 11 10 9 11 12 11 10 16 28 28
2 1 13 11 12 10 11 10 9 9 0 8 10 10 12 17 27 26 16 12 12 11 12 11 11 10 9 11 12 11 11 16 28 25
2 1 12 10 12 10 11 10 9 9 0 8 9 9 11 16 27 26 16 12 11 11 11 10 10 10 9 11 11 11 10 15 27 25
2 1 13 10 12 10 11 10 9 9 0 8 9 9 11 16 27 26 16 12 12 11 11 10 10 10 9 11 11 11 10 16 28 25
2 1 15 12 14 12 13 11 10 11 0 9 11 11 13 18 30 31 19 15 13 12 13 12 12 11 10 12 13 13 12 18 30 28
2 1 14 11 13 11 11 10 9 10 0 8 10 10 12 17 33 31 19 13 12 11 12 11 11 10 9 11 11 11 12 18 32 33
2 1 13 11 12 11 11 10 9 9 0 8 9 9 11 16 28 26 16 12 12 11 12 11 11 10 9 11 11 11 10 16 28 27
2 1 13 11 12 11 11 10 9 9 0 8 9 9 11 16 29 27 17 12 12 11 12 11 10 10 9 11 11 11 10 16 29 27
2 1 13 11 12 10 11 10 9 10 0 8 10 9 11 16 28 27 16 12 12 11 12 11 10 10 9 11 12 11 10 16 28 26
2 1 13 11 13 11 12 10 9 10 0 8 10 10 12 17 29 28 17 13 12 11 12 11 11 10 9 11 12 11 11 17 30 27
2 1 13 11 13 11 12 11 9 10 0 8 10 10 12 17 30 27 17 13 12 12 12 11 11 11 9 12 12 11 11 17 30 28
2 1 13 11 13 11 12 11 10 10 0 9 10 10 12 18 30 27 17 13 13 12 13 12 11 11 10 12 12 12 11 17 30 28
2 1 13 11 13 11 12 10 9 10 0 8 10 10 12 17 29 27 17 13 12 11 12 11 11 10 9 11 12 11 11 17 29 27
2 1 14 11 12 11 12 10 9 10 0 8 10 10 13 18 33 27 16 12 12 11 12 11 11 10 9 11 12 11 11 18 34 33
2 1 14 12 14 12 13 11 10 11 0 9 11 10 13 17 31 28 17 13 13 12 13 12 12 11 10 13 13 13 12 17 31 32
2 1 14 12 13 12 12 11 10 11 0 9 10 10 13 18 32 30 17 13 13 12 13 12 12 11 10 12 13 12 11 18 32 30
2 1 15 12 14 12 13 11 10 11 0 9 10 10 13 18 32 31 17 13 13 12 13 12 12 11 10 12 13 12 12 18 31 30
2 1 15 12 14 12 13 11 10 11 0 9 11 11 13 19 31 30 19 14 13 12 13 12 12 11 10 13 13 13 12 19 32 31
2 1 14 11 13 11 12 10 9 10 0 8 10 10 12 17 31 30 17 13 12 11 12 11 11 10 9 12 12 12 11 18 30 31
2 1 15 12 13 11 12 11 10 11 0 9 10 10 13 18 31 30 17 13 13 12 13 12 11 11 10 12 12 12 12 18 31 31
2 1 15 12 14 12 13 11 10 11 0 9 10 10 13 20 39 38 17 13 13 12 13 12 12 11 10 12 13 12 12 19 36 36
2 1 15 13 15 13 14 13 11 12 0 10 12 12 14 19 34 32 18 15 15 14 15 13 13 13 11 14 15 14 13 19 32 33
2 1 15 12 14 12 13 12 10 11 0 9 11 11 14 20 33 32 19 14 13 13 14 12 12 12 10 13 14 14 13 21 33 34
2 1 15 13 15 13 14 13 11 12 0 10 13 12 15 20 34 33 17 15 15 14 15 14 13 13 12 15 16 15 14 21 32 34
2 1 15 13 14 12 13 12 10 11 0 9 11 11 13 18 36 36 16 14 13 13 14 12 12 12 10 13 13 13 12 19 31 32
2 1 14 12 14 12 13 12 11 11 0 10 11 11 13 19 33 33 16 14 13 13 14 12 12 12 11 13 14 13 12 19 31 32
2 1 14 12 15 13 14 12 11 12 0 10 12 11 13 18 32 32 16 14 14 13 14 13 13 12 11 14 14 14 13 19 30 31
2 1 14 12 14 12 13 12 10 11 0 9 11 11 14 19 34 35 16 13 13 13 13 12 12 12 10 13 14 13 13 19 31 33
2 1 14 12 14 12 13 11 10 11 0 9 11 11 13 18 33 32 16 13 13 12 13 12 12 11 10 13 14 13 12 19 30 32
2 1 14 12 14 12 13 12 10 11 0 10 12 11 13 19 33 32 16 14 13 13 13 12 12 12 11 13 14 13 13 19 32 35
2 1 14 12 14 12 13 11 10 11 0 9 11 11 13 19 33 32 16 13 13 12 13 12 12 11 10 13 13 13 12 19 32 32
2 1 14 12 14 12 13 12 10 11 0 9 11 11 14 19 33 32 16 13 13 12 13 12 12 11 10 13 14 13 13 19 32 32
2 1 14 12 13 12 13 11 10 11 0 9 11 11 13 18 33 32 15 13 13 12 13 12 12 11 10 13 13 13 12 18 31 31
2 1 17 14 15 13 13 12 11 12 0 10 11 11 14 19 36 35 19 15 14 13 14 13 12 12 11 13 14 13 13 20 34 35
2 1 14 12 14 12 13 11 10 11 0 9 11 11 13 18 32 31 15 13 13 12 13 12 12 11 10 13 14 13 12 18 30 31
2 1 14 12 13 12 13 11 10 11 0 9 11 11 13 19 33 31 15 13 13 12 13 12 12 11 10 13 14 13 12 19 33 32
2 1 14 11 13 11 12 11 10 10 0 9 11 11 13 18 33 32 15 13 13 12 13 11 11 11 10 13 13 13 12 18 31 31
2 1 14 11 13 11 12 11 10 10 0 9 11 11 13 18 32 31 15 13 12 12 12 11 11 11 10 12 13 13 12 18 30 31
2 1 14 12 14 12 13 12 10 11 0 9 12 11 13 19 34 34 16 14 13 12 13 12 12 12 10 13 14 14 13 18 30 31
2 1 13 11 13 11 12 11 10 10 0 9 11 11 12 17 31 31 14 13 12 12 13 12 12 11 10 13 13 13 12 17 29 31
2 1 13 11 13 11 12 11 10 10 0 9 11 10 12 17 32 31 15 13 12 12 12 11 11 11 10 12 13 12 12 17 29 31
2 1 15 11 13 11 12 11 10 10 0 9 11 11 13 18 32 29 15 13 12 12 12 11 11 11 10 12 13 13 12 18 31 34
2 1 13 11 13 11 12 11 10 10 0 9 11 10 12 17 29 29 14 12 12 12 12 11 11 11 10 12 13 12 11 17 27 29
2 1 12 10 12 11 11 10 9 9 0 8 10 10 12 16 29 27 13 12 12 11 12 11 11 10 9 12 12 12 11 17 28 27
2 1 11 10 12 10 11 10 9 9 0 8 10 10 12 16 30 27 13 11 11 11 11 10 10 10 9 11 12 12 11 16 27 27
2 1 11 10 12 10 11 10 9 9 0 8 10 10 12 16 28 27 13 11 11 11 11 10 10 10 9 11 12 12 11 16 26 27
2 1 11 10 12 10 11 10 9 9 0 8 10 10 12 16 28 26 13 11 11 11 12 11 11 10 9 12 13 12 11 16 26 25
2 1 11 10 12 10 11 10 9 9 0 8 10 10 11 16 28 26 13 12 11 11 12 11 11 10 9 12 12 12 11 16 26 26
2 1 13 12 14 12 13 11 10 12 0 9 11 11 16 22 38 35 14 13 13 12 13 13 12 11 10 13 14 14 14 21 36 35
2 1 11 9 10 9 10 9 8 8 0 7 9 9 11 15 25 24 13 10 10 9 10 9 9 9 8 10 11 10 10 15 23 23
2 1 11 9 10 9 10 8 7 8 0 7 9 9 11 15 25 23 14 10 10 9 10 9 9 8 8 10 11 11 10 16 25 26
2 1 10 9 10 9 10 8 7 8 0 7 9 9 11 15 23 21 13 10 10 9 10 9 9 9 8 10 11 11 10 15 22 22
2 1 10 9 10 9 9 8 7 7 0 7 8 8 10 13 23 21 11 10 9 9 9 9 9 8 7 9 10 10 9 13 21 21
2 1 11 9 11 9 10 9 8 8 0 7 8 8 9 13 23 21 14 11 10 9 10 9 9 9 8 10 10 10 9 13 22 21
2 1 10 8 10 8 9 8 7 7 0 7 8 8 10 13 23 21 11 10 9 9 9 9 9 8 7 9 10 10 9 13 21 21
2 1 13 11 13 11 12 10 9 9 0 9 12 12 15 20 29 24 14 13 12 12 12 11 11 11 10 13 14 14 14 18 25 26
2 1 11 9 10 9 9 8 7 8 0 7 9 9 11 14 24 22 12 10 10 9 10 9 9 9 8 10 11 11 10 14 21 21
2 1 11 9 10 9 9 8 7 8 0 7 9 8 10 14 24 22 12 10 10 9 10 9 9 8 7 10 10 10 10 14 21 22
2 1 9 8 9 8 9 8 7 8 0 6 8 8 10 14 24 22 11 9 9 8 9 8 8 8 7 9 10 10 10 15 23 22
2 1 9 8 9 8 9 8 7 8 0 6 8 8 11 14 25 24 10 9 9 9 9 9 9 8 7 10 11 10 10 15 22 22
2 1 9 8 9 8 9 8 7 7 0 6 8 8 10 14 23 21 10 9 9 8 9 8 8 8 7 9 10 9 9 14 22 22
2 1 9 8 9 8 9 8 7 7 0 6 8 8 10 14 22 20 10 9 9 8 9 8 8 8 7 9 10 10 9 14 21 21
2 1 9 8 9 8 8 8 7 7 0 6 8 8 10 14 23 21 10 9 8 8 9 8 8 8 7 9 10 9 9 14 21 21
2 1 9 8 9 8 9 8 7 7 0 6 8 8 10 14 23 21 10 9 9 8 9 8 8 8 7 9 10 10 10 15 21 21
2 1 9 8 9 8 9 8 7 7 0 6 8 8 10 14 23 21 10 9 9 8 9 8 8 8 7 9 10 10 10 15 21 22
2 1 9 8 9 8 9 8 7 7 0 7 8 8 11 15 25 23 11 9 9 9 9 8 8 8 7 9 10 10 10 15 22 21
2 1 9 8 9 8 9 8 7 7 0 7 9 9 11 14 24 21 11 9 9 9 9 8 8 8 7 10 11 10 10 15 23 22
2 1 9 8 9 8 8 7 7 7 0 6 8 8 10 14 22 21 10 9 9 8 9 8 8 8 7 9 10 10 10 15 21 21
2 1 8 8 9 8 9 8 7 7 0 7 8 8 11 15 24 21 10 9 9 8 9 8 8 8 7 9 10 10 10 15 21 21
2 1 8 8 9 8 8 7 7 7 0 6 8 8 10 14 22 21 10 9 9 8 9 8 8 8 7 9 10 10 10 14 20 21
2 1 9 8 9 8 8 7 7 7 0 6 8 8 10 14 23 21 10 9 9 8 9 8 8 8 7 9 10 10 10 15 21 21
2 1 9 8 10 8 9 8 7 8 0 7 9 9 11 15 24 22 11 9 9 9 9 9 9 8 7 10 10 10 11 16 23 21
2 1 9 8 10 8 9 8 7 8 0 6 8 8 10 14 22 20 11 10 9 9 9 8 9 8 7 9 10 10 9 15 23 23
2 1 9 8 9 8 9 8 7 8 0 6 8 8 10 14 22 21 11 9 9 9 9 8 9 8 7 10 10 10 9 14 20 21
2 1 8 7 9 8 9 8 7 7 0 6 8 8 10 13 22 20 11 8 8 8 9 8 8 8 7 9 10 9 9 14 20 22
2 1 8 7 8 7 8 7 6 7 0 6 7 7 9 13 21 20 10 8 8 8 8 7 7 7 6 8 9 9 9 14 19 20
2 1 8 7 8 7 7 7 6 6 0 6 7 7 9 12 21 20 10 8 8 7 8 7 7 7 6 8 8 8 8 13 20 20
2 1 8 7 8 7 7 6 6 6 0 5 7 7 9 12 21 20 10 8 8 7 8 7 7 7 6 8 8 8 8 13 19 20
2 1 8 7 8 7 7 6 6 6 0 5 7 7 9 12 19 19 10 8 7 7 7 7 7 6 6 8 8 8 8 14 20 19
2 1 8 7 8 7 7 6 6 6 0 5 7 7 8 12 20 20 10 8 8 7 7 7 7 6 6 8 8 8 8 13 19 19
2 1 8 7 8 7 7 7 6 6 0 6 7 7 9 13 20 20 10 8 8 7 8 7 7 7 6 8 8 8 8 13 19 19
2 1 8 7 8 7 7 6 6 6 0 6 7 7 9 12 19 20 10 8 8 7 8 7 7 7 6 8 9 8 8 13 19 20
2 1 9 7 9 7 8 7 6 7 0 6 8 8 9 12 20 20 11 9 9 8 8 8 8 7 7 8 9 9 9 13 19 20
2 1 8 7 8 7 7 6 6 6 0 6 7 7 8 11 19 20 10 8 8 7 8 7 7 7 6 8 8 8 8 13 19 19
2 1 9 7 8 7 7 6 6 6 0 6 7 7 8 12 23 21 11 8 7 7 7 7 7 7 6 8 8 8 8 14 26 23
2 1 8 7 8 7 7 6 6 6 0 5 6 6 8 12 19 20 11 8 8 7 7 7 7 6 6 7 8 8 8 12 19 21
2 1 8 7 8 7 7 6 6 6 0 5 7 7 8 11 18 19 11 8 8 7 8 7 7 7 6 8 8 8 7 11 18 19
2 1 8 7 8 7 7 6 6 6 0 6 7 7 8 11 18 19 11 8 8 7 8 7 7 7 6 8 8 8 7 11 18 20
2 1 8 7 8 7 7 6 6 6 0 5 7 7 8 11 18 19 11 8 8 7 8 7 7 7 6 8 8 8 7 11 18 19
2 1 8 7 8 7 7 7 6 6 0 5 7 7 8 11 18 19 11 8 8 7 8 7 7 7 6 8 8 8 7 11 18 20
2 1 8 7 9 8 8 7 6 6 0 6 7 7 8 11 17 19 11 9 8 8 8 8 8 7 7 8 9 8 7 11 19 20
2 1 8 7 9 8 8 7 6 7 0 6 8 8 8 11 18 19 11 9 9 8 9 8 8 8 7 9 10 9 8 11 21 21
2 1 8 7 9 8 8 7 6 7 0 6 8 7 9 12 19 19 12 9 9 8 9 8 8 7 7 9 9 9 8 13 21 22
2 1 8 7 8 7 8 7 6 7 0 6 7 7 8 11 18 19 11 9 8 8 8 7 8 7 6 8 9 8 8 12 20 21
2 1 8 7 8 7 8 7 6 7 0 6 7 7 8 11 18 19 11 9 8 8 8 7 8 7 7 8 9 9 8 11 19 20
2 1 8 7 8 7 8 7 6 6 0 6 7 7 8 10 17 18 11 8 8 8 8 7 7 7 6 8 9 8 7 11 18 19
2 1 8 7 9 8 8 7 6 7 0 6 7 7 8 11 18 19 12 9 9 8 9 8 8 7 7 9 9 9 8 11 18 20
2 1 8 8 10 8 9 8 7 7 0 6 8 8 9 12 17 18 11 9 9 9 9 8 9 8 7 9 10 9 8 12 19 21
2 1 9 8 9 8 9 8 7 7 0 6 8 8 9 12 17 19 11 9 9 9 9 8 8 8 7 9 10 9 8 12 18 20
2 1 9 8 9 8 9 8 7 7 0 6 8 8 8 12 18 18 11 9 9 9 9 8 8 8 7 9 10 9 8 11 18 19
2 1 9 8 10 9 9 8 7 8 0 7 9 9 10 13 18 20 12 10 10 9 10 9 9 8 8 10 11 10 9 13 19 20
2 1 9 8 10 8 9 8 7 7 0 7 9 9 10 13 19 20 11 10 9 9 9 8 9 8 8 10 11 10 10 13 19 21
2 1 9 8 10 9 9 8 7 8 0 7 9 8 9 13 18 20 12 10 10 9 10 9 9 9 8 10 11 10 9 13 19 20
2 1 9 8 10 9 9 8 7 8 0 7 9 9 9 13 19 20 12 10 10 9 10 9 9 9 8 10 11 10 9 13 19 20
2 1 9 8 10 9 9 8 7 8 0 7 9 8 10 13 19 20 11 10 9 9 10 9 9 8 8 10 11 10 9 13 19 21
2 1 10 8 10 9 10 8 7 8 0 7 9 9 10 15 19 21 12 10 10 9 10 9 9 9 8 10 11 11 10 14 19 20
2 1 9 8 10 9 10 9 8 8 0 7 9 9 10 15 21 23 12 10 10 9 10 9 9 9 8 10 11 11 10 14 20 23
2 1 9 8 10 9 9 8 7 8 0 7 9 9 10 14 21 22 12 10 10 9 10 9 9 9 8 10 11 10 9 14 20 21
2 1 9 8 10 9 10 9 8 8 0 7 9 9 10 14 21 22 12 10 10 9 10 9 9 9 8 10 11 11 10 14 20 22
2 1 9 8 10 9 9 8 7 8 0 7 9 9 10 14 20 21 12 10 10 9 10 9 9 9 8 10 11 10 10 14 20 22
2 1 10 9 11 9 10 9 8 8 0 8 10 10 11 15 21 22 13 11 11 10 11 10 10 9 9 11 12 11 10 14 20 22
2 1 9 8 10 9 9 8 7 8 0 7 9 8 10 14 22 22 12 10 10 9 10 9 9 8 8 10 11 10 9 14 20 21
2 1 11 9 11 9 10 9 8 9 0 7 9 9 11 15 26 26 14 11 10 10 10 10 10 9 8 10 11 11 11 15 25 24
2 1 9 8 10 9 9 8 7 8 0 7 9 9 11 15 22 22 11 10 10 9 10 9 9 9 8 10 11 11 10 14 21 21
2 1 10 10 11 10 11 9 8 8 0 8 10 10 11 15 22 22 12 11 11 11 11 10 10 10 9 11 12 11 11 15 19 20
2 1 9 9 11 9 10 9 8 8 0 7 9 9 11 14 23 23 12 11 10 10 10 9 10 9 8 10 11 11 10 14 20 20
2 1 9 9 10 9 10 9 8 8 0 7 9 9 11 14 22 22 11 10 10 10 10 9 9 9 8 10 11 11 10 14 19 21
2 1 10 9 11 9 10 9 8 8 0 7 9 9 11 15 23 23 12 11 10 10 11 10 10 9 8 11 11 11 10 15 20 21
2 1 10 9 11 10 11 9 8 9 0 8 10 10 12 17 24 24 12 11 11 10 11 10 10 10 9 11 12 12 11 15 21 21
2 1 11 10 12 11 11 10 9 9 0 8 10 10 11 15 23 24 12 12 12 11 12 11 11 10 9 12 12 12 11 15 21 20
2 1 10 9 11 9 10 9 8 8 0 7 9 9 11 15 23 23 12 11 10 10 11 10 10 9 8 10 11 11 10 15 20 21
2 1 10 9 11 9 10 9 8 8 0 7 9 9 11 15 23 23 12 11 10 10 10 10 10 9 8 10 11 11 10 14 21 21
2 1 10 9 11 9 10 9 8 8 0 7 9 9 11 15 23 23 12 11 11 10 11 10 10 9 8 11 11 11 10 15 21 21
2 1 10 9 11 9 10 9 8 8 0 7 9 9 11 15 23 23 12 11 10 10 10 10 10 9 8 10 11 11 10 14 20 21
2 1 10 9 10 9 10 8 7 8 0 7 8 8 10 14 22 24 13 11 10 10 10 9 9 9 8 10 10 10 9 14 20 21
2 1 10 9 10 9 9 8 7 7 0 7 8 8 10 14 23 25 11 10 10 9 10 9 9 8 8 9 10 10 10 14 22 20
2 1 10 9 10 9 9 8 7 8 0 7 8 8 10 13 23 24 11 10 10 9 10 9 9 8 8 10 10 10 9 14 21 20
2 1 11 9 10 9 9 8 7 8 0 7 8 8 10 14 23 24 12 10 10 9 10 9 9 8 8 10 10 10 10 14 23 21
2 1 9 8 10 8 9 8 7 7 0 7 8 8 10 13 22 23 11 10 9 9 9 9 8 8 7 9 10 10 9 13 20 20
2 1 9 8 9 8 9 8 7 7 0 6 8 8 10 14 22 24 11 10 9 9 9 9 8 8 7 9 10 9 9 13 20 21
2 1 9 9 10 9 9 8 7 8 0 7 8 8 10 14 22 25 11 10 10 9 10 9 9 8 7 9 10 10 9 14 21 22
2 1 10 9 11 9 10 9 8 8 0 7 9 9 10 14 23 23 11 11 10 10 11 10 9 9 8 10 11 10 10 14 21 21
2 1 10 9 10 9 9 8 7 8 0 7 8 8 10 13 23 24 11 10 10 9 10 9 9 8 8 10 10 10 9 13 21 21
2 1 10 9 10 8 9 8 7 7 0 6 8 8 10 14 22 23 11 10 9 9 9 9 8 8 7 9 9 9 9 14 20 21
2 1 10 9 10 9 9 8 7 8 0 7 8 8 10 13 23 24 12 10 10 9 10 9 9 8 7 9 9 9 9 13 21 22
2 1 9 8 10 8 9 8 7 7 0 7 8 8 9 13 21 22 11 10 9 9 9 9 9 8 7 9 9 9 9 12 19 19
2 1 10 9 11 9 10 9 8 8 0 7 8 8 10 13 20 22 11 11 10 10 10 9 9 9 8 10 10 10 9 13 19 18
2 1 9 9 10 9 10 8 7 8 0 7 8 8 10 13 21 22 11 10 10 9 10 9 9 8 8 10 10 10 9 14 21 19
2 1 10 9 11 9 10 9 8 8 0 7 8 8 10 14 23 24 11 11 10 10 10 10 9 9 8 10 10 10 9 13 21 19
2 1 10 9 10 9 9 8 7 8 0 7 8 8 10 13 22 24 11 10 10 9 10 9 9 8 8 9 10 10 9 13 20 19
2 1 10 9 11 9 10 9 8 8 0 7 9 9 10 14 21 22 11 11 10 10 10 10 10 9 8 10 10 10 10 14 21 21
2 1 9 8 10 8 9 8 7 7 0 6 8 7 9 13 18 20 10 10 9 9 9 8 8 8 7 9 9 9 8 12 18 18
2 1 10 9 10 9 10 8 8 8 0 7 8 8 9 13 19 20 11 10 10 10 10 9 9 9 8 9 10 9 9 13 18 19
2 1 9 8 10 9 9 8 7 7 0 6 8 7 9 13 19 22 10 10 10 9 10 9 9 8 7 9 9 9 8 12 18 19
2 1 10 9 10 9 10 9 8 7 0 7 9 8 10 14 19 20 11 10 10 10 10 9 9 9 8 10 10 10 9 13 19 19
2 1 9 8 10 8 9 8 7 7 0 7 8 8 9 12 18 20 11 10 10 9 10 9 9 8 7 9 10 9 8 12 18 19
2 1 9 8 9 8 8 7 6 7 0 6 7 7 9 13 18 20 11 9 9 8 9 8 8 7 7 8 9 9 8 13 18 19
2 1 9 8 9 8 9 8 7 7 0 6 8 8 9 13 18 20 11 10 9 9 9 8 8 8 7 9 9 9 8 12 18 20
2 1 9 8 9 8 9 8 7 7 0 6 8 7 9 13 19 21 11 10 9 9 9 8 8 8 7 9 9 9 8 12 18 20
2 1 9 8 9 8 8 7 7 7 0 6 8 7 9 13 19 20 10 9 9 9 9 8 8 8 7 9 9 9 8 12 18 19
2 1 9 8 9 8 8 7 7 7 0 6 7 7 9 13 19 20 10 9 9 8 9 8 8 7 7 8 9 9 8 13 18 19
2 1 9 8 9 8 9 7 7 7 0 6 8 8 9 14 19 20 10 9 9 8 9 8 8 8 7 9 9 9 9 13 18 19
2 1 10 9 10 8 9 8 7 7 0 7 8 8 10 14 20 21 12 10 9 9 9 8 8 8 7 9 9 9 9 13 18 20
2 1 9 8 10 9 9 8 7 8 0 7 9 9 11 15 21 21 11 10 10 9 10 9 9 8 8 9 10 10 10 14 20 19
2 1 9 8 10 9 9 8 8 8 0 7 9 9 10 14 21 20 11 10 10 9 10 9 9 9 8 10 10 10 9 14 18 19
2 1 9 9 10 9 9 8 7 8 0 7 9 9 11 14 21 20 12 10 10 9 10 9 9 9 8 10 11 10 10 14 19 20
2 1 9 8 9 8 9 8 7 7 0 7 8 8 10 14 21 20 12 10 9 9 9 8 8 8 7 9 10 9 9 14 20 20
2 1 9 8 9 8 9 8 7 7 0 6 8 7 9 14 22 20 11 9 9 9 9 8 8 8 7 9 9 9 9 13 19 19
2 1 9 8 9 8 9 8 7 7 0 6 8 7 9 13 21 21 11 9 9 9 9 8 8 8 7 9 9 9 9 13 19 19
2 1 10 8 10 8 9 8 7 7 0 7 8 8 9 13 21 20 12 10 9 9 9 9 8 8 7 9 9 9 9 13 20 20
2 1 9 8 9 8 9 8 7 7 0 6 8 8 9 13 20 19 11 9 9 9 9 8 8 8 7 9 10 9 9 13 20 21
2 1 10 7 9 8 8 7 7 7 0 6 7 7 9 14 22 21 14 9 9 8 9 8 8 8 7 9 9 9 9 13 22 21
2 1 10 8 10 9 9 8 7 7 0 7 8 8 10 15 23 22 13 10 10 9 10 9 9 8 8 9 10 9 9 14 23 22
2 1 10 8 10 9 9 8 7 7 0 7 8 8 10 14 23 22 12 10 9 9 9 9 9 8 7 9 10 9 9 14 22 21
2 1 10 9 10 9 10 9 8 8 0 7 9 8 10 15 22 22 13 10 10 10 10 9 9 9 8 10 10 10 10 15 22 22
2 1 9 8 10 9 9 8 7 8 0 7 8 8 10 15 22 22 13 10 9 9 10 9 9 8 8 9 10 10 10 15 22 21
2 1 9 8 10 8 9 8 7 7 0 7 8 8 10 14 22 22 12 10 9 9 9 9 9 8 8 9 10 10 9 14 22 22
2 1 10 8 10 8 9 8 7 7 0 7 8 8 10 16 23 22 13 10 9 9 9 9 9 8 7 9 10 9 9 15 23 21
2 1 10 8 10 8 9 8 7 7 0 7 8 8 10 15 23 22 13 10 9 9 9 9 9 8 7 9 10 10 9 15 23 22
2 1 11 9 11 10 10 9 8 9 0 8 9 9 11 15 23 23 14 11 11 10 11 10 10 9 9 11 11 11 10 15 23 24
2 1 10 9 11 9 10 9 8 8 0 7 9 9 10 15 23 23 14 11 10 10 10 9 9 9 8 10 11 10 10 15 23 24
2 1 10 8 10 9 9 8 7 8 0 7 8 8 10 15 23 23 13 10 10 9 10 9 9 8 7 9 10 9 9 15 23 22
2 1 10 8 10 8 9 8 7 7 0 7 8 8 10 14 22 22 13 10 9 9 9 9 9 8 7 9 9 9 9 14 22 22
2 1 9 8 9 8 9 8 7 7 0 6 8 7 9 14 22 23 13 9 9 9 9 8 8 8 7 9 9 9 9 14 22 23
2 1 10 8 10 9 10 8 7 8 0 7 8 8 10 15 24 24 13 10 10 9 10 9 9 8 7 9 10 9 9 14 23 23
2 1 10 8 10 8 9 8 7 7 0 6 8 7 10 15 23 23 13 10 9 9 9 8 8 8 7 9 9 9 9 15 24 23
2 1 10 8 10 9 9 8 7 8 0 7 8 8 10 15 23 23 13 10 10 9 10 9 9 8 7 9 10 9 9 15 24 24
2 1 9 8 10 8 9 8 7 7 0 6 8 8 10 15 22 22 13 10 9 9 9 8 8 8 7 9 9 9 9 14 23 23
2 1 10 8 10 9 9 8 7 8 0 7 8 8 10 14 22 22 13 10 10 9 9 9 9 8 7 9 9 9 9 14 23 23
2 1 10 9 10 9 10 8 7 8 0 7 8 8 11 16 23 23 13 10 10 10 10 9 9 9 8 10 10 10 10 16 26 27
2 1 11 9 11 10 11 10 9 9 0 8 10 10 12 16 23 26 13 11 11 10 11 10 10 10 9 11 12 11 11 16 26 23
2 1 10 9 11 10 11 10 9 9 0 9 11 10 11 15 26 25 13 11 11 11 11 10 10 10 9 12 13 12 10 15 29 24
2 1 10 9 11 10 11 10 9 9 0 9 10 10 12 16 25 25 13 11 11 11 11 10 10 10 9 12 12 12 11 16 27 26
2 1 10 10 11 10 11 10 9 10 0 9 11 11 14 18 29 25 13 11 11 11 11 11 11 10 10 12 13 13 13 17 28 27
2 1 11 9 11 9 10 9 8 8 0 8 9 9 11 15 25 24 13 11 10 10 10 9 9 9 8 10 11 11 10 15 27 25
2 1 11 9 11 9 10 9 8 8 0 8 10 9 11 16 25 25 13 11 10 10 11 10 10 9 8 11 12 11 10 15 27 25
2 1 11 10 11 10 10 9 8 9 0 8 10 9 11 16 25 26 13 11 11 10 11 10 10 9 9 11 12 11 11 16 28 26
2 1 10 9 11 10 10 9 8 9 0 8 10 10 12 16 26 26 13 11 11 10 11 10 10 9 9 11 12 11 11 16 28 26
2 1 11 10 11 10 11 10 9 9 0 8 10 10 12 16 26 26 13 11 11 11 11 10 10 10 9 11 12 12 11 16 28 26
2 1 10 10 11 10 11 10 9 9 0 8 10 10 12 16 24 25 12 11 11 11 11 10 10 10 9 12 13 12 11 16 26 24
2 1 10 9 11 10 11 10 9 9 0 8 10 10 12 16 24 24 12 11 11 11 11 10 10 10 9 12 13 12 11 15 25 24
2 1 10 9 11 10 10 9 8 9 0 8 10 10 11 15 23 24 12 11 11 10 11 10 10 9 9 11 12 11 11 15 25 24
2 1 10 9 11 10 10 9 8 9 0 8 10 10 11 15 24 24 11 11 11 10 11 10 10 9 9 11 12 11 11 15 25 24
2 1 10 9 11 9 10 9 8 9 0 8 10 9 11 15 24 24 11 11 10 10 11 10 10 9 8 11 12 11 10 15 25 24
2 1 10 9 11 9 10 9 8 9 0 8 9 9 11 15 24 25 12 11 11 10 11 10 10 9 8 11 12 11 10 14 26 23
2 1 9 9 11 9 10 9 8 8 0 8 10 10 11 15 23 23 11 11 10 10 11 10 10 9 9 11 12 11 10 14 24 24
2 1 10 10 12 11 12 10 9 9 0 8 10 10 11 15 23 26 13 12 12 11 12 11 11 10 9 12 13 12 11 15 24 24
2 1 9 9 11 10 11 9 8 9 0 8 10 10 11 15 23 22 11 11 11 10 11 10 10 10 9 11 12 12 10 15 24 23
2 1 9 9 11 9 10 9 8 9 0 7 9 9 11 16 25 24 11 10 10 10 11 10 10 9 8 11 12 11 10 15 26 26
2 1 9 9 11 9 10 9 8 8 0 8 10 9 11 16 26 25 11 10 10 10 11 10 10 9 8 11 12 12 11 15 25 23
2 1 9 8 10 9 10 9 8 8 0 7 9 9 11 15 25 24 11 10 10 10 10 9 9 9 8 11 12 11 10 14 24 22
2 1 9 9 11 10 11 10 8 8 0 8 10 10 11 15 25 25 12 11 11 10 11 10 10 10 9 12 13 12 10 14 24 22
2 1 9 8 10 9 10 9 8 8 0 7 9 9 11 14 24 24 10 10 10 10 10 9 9 9 8 10 11 11 10 14 25 21
2 1 10 9 11 9 10 9 8 8 0 8 9 9 11 15 25 24 11 10 10 10 10 10 10 9 8 11 12 11 10 15 25 21
2 1 10 9 11 9 10 9 8 8 0 8 9 9 11 14 25 24 11 10 10 10 10 10 10 9 8 11 12 11 10 14 24 23
2 1 10 9 11 10 11 9 8 9 0 8 10 9 11 15 27 25 12 11 11 10 11 10 10 10 9 11 12 11 10 14 26 22
2 1 10 9 11 10 11 9 8 9 0 8 9 9 11 15 27 25 11 11 11 10 11 10 10 10 9 11 12 11 10 14 27 23
2 1 10 9 11 10 11 10 8 9 0 8 10 9 11 15 26 25 12 11 11 10 11 10 10 10 9 11 12 11 10 14 25 25
2 1 10 9 11 10 11 10 9 9 0 8 10 10 11 15 26 24 11 11 11 10 11 10 10 10 9 12 13 12 10 14 25 21
2 1 10 9 11 10 11 10 9 9 0 8 10 10 11 14 28 25 11 11 11 10 11 10 10 10 9 12 13 12 10 15 32 23
2 1 9 8 10 9 9 8 7 8 0 7 8 8 9 13 23 23 11 10 10 9 10 9 9 8 8 10 11 10 9 12 21 19
2 1 9 8 10 9 10 9 8 8 0 7 9 8 10 13 23 23 11 10 10 9 10 9 9 9 8 10 11 10 9 12 21 20
2 1 10 9 11 9 10 9 8 8 0 8 9 9 10 13 23 23 13 11 11 10 11 9 9 9 8 11 11 11 9 13 21 21
2 1 9 8 10 9 10 8 7 8 0 7 9 9 10 13 22 22 11 10 10 9 10 9 9 9 8 10 11 10 9 12 21 19
2 1 9 8 9 8 9 8 7 7 0 6 8 8 9 12 22 22 11 9 9 9 9 8 8 8 7 9 10 9 8 11 20 19
2 1 9 8 10 9 9 8 7 8 0 7 8 8 9 12 22 21 11 10 10 9 10 9 9 8 8 10 10 10 8 11 21 19
2 1 9 8 9 8 9 8 7 7 0 7 8 8 9 13 22 22 11 9 9 9 9 8 8 8 7 9 10 9 8 12 21 19
2 1 9 8 9 8 9 8 7 7 0 6 8 7 8 11 22 21 11 9 9 9 9 8 8 8 7 9 10 9 8 11 21 19
2 1 9 7 9 8 9 8 7 7 0 6 8 8 9 13 26 25 12 9 9 8 9 8 8 8 7 9 10 9 8 12 24 24
2 1 9 8 9 8 9 8 7 7 0 7 8 8 9 13 25 24 12 9 9 9 9 8 8 8 7 9 10 9 8 13 29 27
2 1 10 8 9 8 9 8 7 7 0 6 8 8 9 14 25 24 12 9 9 9 9 8 8 8 7 9 10 9 8 13 25 24
2 1 9 8 9 8 9 8 7 8 0 7 8 8 10 14 25 24 12 9 9 9 9 8 8 8 7 9 10 9 9 13 25 24
2 1 11 9 11 9 10 9 8 9 0 7 9 9 11 15 29 29 13 11 10 10 10 9 9 9 8 10 11 10 10 14 27 26
2 1 10 8 10 9 10 8 8 8 0 7 8 8 10 14 28 27 13 10 10 9 10 9 9 8 8 10 10 10 9 13 26 25
2 1 10 9 11 9 10 9 8 8 0 7 9 9 11 16 27 27 13 11 11 10 11 10 10 9 8 11 12 11 10 14 26 25
2 1 10 8 10 9 9 8 8 8 0 7 8 8 10 14 26 25 13 10 10 9 10 9 9 8 7 10 10 10 9 14 27 26
2 1 11 8 10 8 9 8 7 8 0 7 8 8 10 14 25 25 13 9 9 9 9 8 8 8 7 9 10 9 9 13 27 26
2 1 10 9 10 9 9 9 8 8 0 7 8 8 10 14 25 25 13 10 10 9 10 9 9 8 8 9 10 9 9 13 27 26
2 1 10 9 10 9 9 8 8 8 0 7 8 8 10 14 25 25 12 10 10 9 10 9 9 8 7 9 10 9 9 14 27 26
2 1 10 9 11 9 10 9 8 9 0 7 9 8 10 14 25 25 13 10 10 10 10 9 9 9 8 10 11 10 9 14 27 26
2 1 11 9 11 9 10 9 8 9 0 7 9 8 10 14 26 27 13 11 10 10 10 9 9 9 8 10 11 10 9 14 27 26
2 1 11 9 11 9 10 9 8 9 0 7 9 9 11 15 26 26 15 11 10 10 10 9 9 9 8 10 11 11 10 15 29 27
2 1 10 8 10 9 9 8 8 8 0 7 8 8 10 14 25 25 13 10 9 9 10 9 9 8 8 9 10 9 9 14 27 26
2 1 10 9 11 10 11 10 9 9 0 7 9 9 10 13 24 24 12 10 11 10 11 10 10 9 9 11 12 11 9 13 26 25
2 1 11 10 12 10 11 10 9 10 0 8 10 10 12 16 27 27 14 11 11 11 12 11 11 10 9 12 13 12 11 16 28 28
2 1 12 11 13 12 13 11 10 11 0 9 11 11 13 18 31 29 14 13 13 12 13 12 12 12 10 14 15 14 13 19 32 32
2 1 11 10 11 10 11 10 9 9 0 8 10 10 12 16 28 27 13 11 11 10 11 10 10 10 9 11 12 11 11 16 29 29
2 1 11 9 11 10 11 10 9 9 0 8 10 10 12 16 29 30 13 11 11 11 11 10 10 10 9 11 12 12 11 16 29 28
2 1 11 10 12 10 11 10 9 10 0 8 10 10 12 16 28 29 14 12 12 11 12 11 11 10 9 12 12 12 11 16 29 28
2 1 12 10 11 10 11 10 9 10 0 8 10 10 13 17 29 30 14 11 11 11 11 10 10 10 9 12 12 12 12 17 30 29
2 1 12 10 12 10 11 10 9 9 0 8 10 10 12 18 31 30 15 12 11 11 11 10 10 10 9 11 12 12 12 18 31 30
2 1 12 10 12 10 11 10 9 9 0 8 10 10 12 17 30 29 14 12 11 11 11 10 10 10 9 11 12 12 11 17 30 29
2 1 12 10 12 10 11 10 9 10 0 8 10 10 12 17 29 29 14 12 11 11 11 11 10 10 9 11 12 12 11 17 29 29
2 1 12 11 13 11 12 10 9 10 0 8 10 10 12 17 29 29 14 12 12 11 12 11 11 10 9 12 12 12 11 17 29 31
2 1 12 11 12 11 11 10 9 10 0 8 10 10 14 21 34 33 15 12 12 11 12 11 11 10 9 12 13 12 12 20 36 36
2 1 12 10 12 11 11 10 9 10 0 8 10 10 13 19 31 30 14 12 12 11 12 11 11 10 9 12 13 12 12 18 31 31
2 1 12 10 12 10 11 10 9 10 0 8 10 10 13 18 30 29 14 12 12 11 12 11 11 10 9 12 13 12 12 18 29 30
2 1 13 11 13 11 12 11 10 10 0 9 11 11 13 18 30 30 16 13 13 12 13 12 11 11 10 12 13 13 12 18 29 30
2 1 13 11 13 11 12 11 10 10 0 9 11 10 12 18 30 30 14 12 12 12 12 11 11 11 10 12 13 13 12 18 31 30
2 1 13 11 12 11 12 10 9 10 0 8 10 10 12 18 30 30 14 12 12 11 12 11 11 11 9 12 13 12 12 18 30 30
2 1 14 13 14 12 13 12 10 11 0 9 11 11 14 20 34 33 16 14 14 13 14 13 12 12 10 13 14 14 13 19 33 35
2 1 12 10 12 11 11 10 9 10 0 8 10 10 13 19 31 29 15 12 12 11 12 11 11 10 9 12 13 12 12 18 30 33
2 1 14 11 12 11 11 10 9 10 0 8 10 10 13 19 34 34 15 12 12 11 12 11 11 10 9 12 13 12 12 19 33 36
2 1 14 12 13 11 12 10 9 10 0 9 10 10 13 20 34 32 16 13 13 12 13 12 11 11 10 12 13 13 13 20 33 32
2 1 13 11 13 11 12 10 9 10 0 8 10 10 13 19 32 32 15 12 12 12 12 11 11 11 9 12 13 12 12 19 31 32
2 1 13 11 12 11 11 10 9 10 0 8 10 10 13 18 33 32 15 12 12 11 12 11 11 10 9 12 13 12 12 19 31 33
2 1 13 11 13 11 12 10 9 10 0 9 11 11 13 19 32 32 15 12 12 12 12 11 11 11 10 12 13 13 13 19 30 32
2 1 13 11 14 12 13 12 10 11 0 9 12 12 14 20 32 31 15 13 13 12 13 12 12 12 11 13 14 14 14 21 31 32
2 1 13 11 12 11 11 10 9 10 0 8 10 10 13 19 32 32 16 12 12 11 12 11 11 10 9 12 12 12 12 19 31 33
2 1 14 11 13 11 12 11 9 10 0 9 11 11 14 20 36 36 15 13 12 12 13 12 11 11 10 12 13 13 13 19 34 35
2 1 13 11 13 11 12 11 9 10 0 9 11 11 14 20 32 31 15 13 12 12 13 12 11 11 10 13 13 13 13 20 31 33
2 1 14 12 15 13 15 13 12 12 0 11 13 13 15 20 31 30 16 14 14 14 15 14 14 13 12 15 16 16 14 21 30 32
2 1 12 10 12 10 11 9 8 9 0 8 9 9 12 18 29 28 14 12 11 11 11 10 10 10 9 11 12 11 12 19 28 31
2 1 12 10 12 10 11 9 8 9 0 8 9 9 12 18 28 28 14 12 11 10 11 10 10 9 8 11 11 11 11 18 27 32
2 1 13 10 12 10 11 10 8 9 0 8 9 9 12 17 31 30 15 12 11 11 11 10 10 10 9 11 11 11 11 18 29 36
2 1 13 10 12 10 11 9 8 9 0 8 9 9 13 19 35 33 15 12 11 11 11 10 10 10 9 11 11 11 12 18 30 33
2 1 13 10 12 10 11 10 9 9 0 8 10 9 12 18 30 28 15 12 11 11 11 10 10 10 9 11 12 11 11 18 28 32
2 1 13 10 12 10 11 10 8 9 0 8 9 9 12 17 29 27 15 12 11 11 11 10 10 10 9 11 12 11 11 17 27 31
2 1 12 10 12 10 11 9 8 9 0 8 9 9 12 17 29 27 14 12 11 11 11 10 10 10 9 11 11 11 11 17 27 31
2 1 12 10 12 10 11 10 8 9 0 8 9 9 11 17 30 28 15 12 11 11 11 10 10 10 9 11 11 11 11 17 28 33
2 1 12 10 11 10 11 9 8 9 0 8 10 10 12 17 29 28 15 12 11 11 11 10 10 10 9 11 12 12 12 17 27 33
2 1 13 11 12 11 12 10 9 10 0 9 10 10 13 18 30 29 16 13 12 11 12 11 11 10 9 12 13 12 12 18 28 32
2 1 13 11 13 11 12 10 9 10 0 9 11 11 14 19 32 31 16 13 12 12 12 11 11 11 10 12 13 13 13 20 30 33
2 1 12 10 11 10 10 9 8 9 0 8 9 9 11 16 29 28 15 11 11 10 11 10 10 9 8 11 12 11 11 17 27 30
2 1 12 10 11 10 10 9 8 9 0 8 9 9 11 16 30 31 15 11 11 10 11 10 10 9 8 11 11 11 11 16 27 30
2 1 11 9 11 9 10 9 8 8 0 7 9 9 11 15 28 27 15 11 10 10 10 9 9 9 8 10 11 10 10 15 25 28
2 1 12 10 12 11 11 10 9 9 0 8 9 9 11 15 28 27 14 12 12 11 12 11 11 10 9 11 12 11 11 16 25 28
2 1 12 10 11 9 10 9 8 8 0 7 8 8 10 15 29 29 14 11 11 10 11 9 9 9 8 10 10 10 10 16 25 29
2 1 12 9 11 9 10 9 8 9 0 7 9 8 10 14 28 28 13 11 10 10 10 9 9 9 8 10 10 10 10 15 27 36
2 1 12 9 11 9 10 9 8 8 0 7 9 9 10 15 27 28 14 11 11 10 11 10 9 9 8 10 11 11 10 16 24 25
2 1 12 10 11 10 10 9 8 9 0 8 9 9 11 15 27 26 14 11 11 10 11 10 10 9 8 10 11 11 11 17 25 25
2 1 13 10 12 10 11 10 9 9 0 8 10 10 12 16 32 27 14 12 12 11 12 11 10 10 9 11 12 12 12 17 29 26
2 1 10 9 10 9 10 9 8 8 0 7 9 9 10 14 25 24 12 10 10 10 10 9 9 9 8 10 11 11 10 15 22 26
2 1 10 8 10 9 10 8 8 8 0 7 9 8 10 13 23 23 13 10 10 9 10 9 9 9 8 10 11 10 10 15 22 25
2 1 11 9 10 9 10 9 8 8 0 7 9 9 11 15 25 24 13 10 10 10 10 9 9 9 8 10 11 11 11 15 22 25
2 1 10 8 10 9 9 8 7 8 0 7 9 8 10 14 25 24 13 10 10 9 10 9 9 8 8 10 10 10 9 15 24 25
2 1 10 9 10 9 10 9 8 8 0 7 9 8 10 13 25 24 12 10 10 9 10 9 9 9 8 10 10 10 10 14 22 25
2 1 11 9 11 9 10 9 8 9 0 8 9 9 11 14 26 28 12 11 10 10 11 10 10 9 8 10 11 11 11 15 24 26
2 1 10 8 10 9 9 8 7 8 0 7 8 8 10 13 24 24 12 10 10 9 10 9 9 8 7 9 10 9 9 14 22 24
2 1 10 9 10 9 10 8 8 8 0 7 8 8 10 14 24 24 13 10 10 9 10 9 9 9 8 10 10 10 10 15 22 24
2 1 10 8 10 8 9 8 7 8 0 7 8 8 9 13 24 24 12 10 9 9 9 9 9 8 7 9 10 9 9 13 22 26
2 1 10 8 10 8 9 8 7 8 0 7 8 8 9 13 24 24 12 10 9 9 10 9 9 8 7 9 10 9 9 13 21 23
2 1 9 8 9 8 9 8 7 8 0 6 8 8 9 12 21 23 12 9 9 9 9 8 8 8 7 9 9 9 9 13 21 21
2 1 9 8 9 8 9 8 7 8 0 6 8 7 9 12 21 22 11 9 9 8 9 8 8 8 7 9 9 9 8 13 20 21
2 1 9 8 9 8 8 8 7 7 0 6 8 7 9 12 21 22 11 9 9 8 9 8 8 8 7 9 9 9 8 13 21 21
2 1 9 8 9 8 8 8 7 7 0 6 8 7 9 12 21 22 11 9 9 8 9 8 8 8 7 9 9 9 8 12 20 21
2 1 10 8 9 8 8 8 7 7 0 6 8 7 9 12 21 22 12 9 9 8 9 8 8 8 7 9 9 9 8 13 20 21
2 1 9 8 9 8 8 7 7 7 0 6 7 7 9 12 21 23 12 9 9 8 9 8 8 7 7 8 9 9 8 12 21 22
2 1 9 8 10 8 9 8 7 8 0 6 8 7 9 12 21 23 11 10 9 9 9 8 8 8 7 9 9 9 8 12 20 21
2 1 9 8 10 8 9 8 7 8 0 7 8 8 10 13 21 21 11 10 9 9 9 9 9 8 7 9 10 10 9 13 20 21
2 1 9 8 10 8 9 8 7 8 0 7 8 8 9 12 23 25 10 9 9 9 9 9 9 8 7 9 10 10 9 12 20 21
2 1 9 8 10 9 9 8 8 8 0 7 9 8 10 13 18 20 11 10 10 9 10 9 9 9 8 10 11 10 9 13 19 21
2 1 9 8 10 9 10 9 8 8 0 7 8 8 10 13 19 20 11 10 10 9 10 9 9 9 8 10 11 10 9 13 19 21
2 1 9 8 9 8 9 8 7 8 0 7 8 8 9 12 19 20 11 9 9 9 9 8 8 8 7 9 9 9 8 12 19 20
2 1 9 8 9 8 9 8 7 8 0 6 8 8 9 12 19 20 11 9 9 9 9 8 8 8 7 9 9 9 8 12 19 20
2 1 10 9 10 9 9 8 7 8 0 7 8 8 9 12 21 21 12 10 10 9 10 9 9 8 8 9 10 10 9 12 20 22
2 1 9 8 9 8 9 8 7 8 0 7 8 8 9 13 19 20 11 9 9 9 9 8 8 8 7 9 10 9 8 12 20 23
2 1 10 8 10 9 9 8 7 8 0 7 9 9 10 15 24 26 14 10 10 9 10 9 9 8 8 10 10 10 10 14 20 23
2 1 12 11 14 12 13 11 10 11 0 10 12 12 14 18 25 25 15 14 14 13 14 12 12 12 11 14 15 14 13 18 26 29
2 1 10 9 10 9 10 9 8 8 0 7 9 9 10 14 22 22 13 10 10 10 10 9 9 9 8 10 11 10 9 14 22 26
2 1 10 9 11 9 10 9 8 9 0 7 9 9 11 14 22 22 12 11 10 10 11 10 10 9 8 10 11 10 10 15 23 26
2 1 10 9 11 9 10 9 8 9 0 7 9 9 11 15 23 25 13 11 11 10 11 10 10 9 8 10 11 10 10 14 22 25
2 1 11 9 11 9 10 9 8 9 0 8 9 9 11 15 23 23 13 11 11 10 11 10 10 9 8 10 11 11 10 15 23 24
2 1 11 10 12 10 11 10 9 9 0 9 10 10 11 15 27 26 13 11 11 11 12 10 11 10 9 12 13 12 10 15 26 25
2 1 13 14 17 15 16 15 13 13 0 12 15 14 15 19 27 26 16 17 17 16 17 15 16 15 14 18 19 18 15 19 25 26
2 1 11 11 15 13 14 13 11 11 0 10 13 12 13 17 25 26 13 14 14 14 15 13 13 13 11 15 16 15 13 17 23 27
2 1 12 11 14 12 13 12 10 10 0 9 11 11 12 17 25 25 14 13 13 13 14 12 12 12 10 13 14 13 12 16 23 26
2 1 13 13 16 14 15 14 12 12 0 11 14 14 15 19 27 27 15 15 15 15 16 14 15 14 13 16 17 16 14 19 26 28
2 1 13 12 15 13 14 13 11 11 0 10 13 12 13 18 27 26 14 14 14 14 15 13 13 13 12 15 15 15 13 17 25 27
2 1 13 13 15 13 15 13 11 12 0 11 13 13 14 18 27 27 15 15 15 14 15 14 14 13 12 15 16 15 13 18 25 27
2 1 13 13 16 14 15 14 12 12 0 11 13 13 14 18 27 27 14 15 15 15 15 14 14 14 12 15 16 15 13 18 25 27
2 1 14 14 18 16 17 15 13 14 0 12 15 15 16 20 33 31 15 17 17 16 17 16 16 15 14 18 19 18 15 20 31 33
2 1 14 14 17 15 16 14 13 13 0 12 14 14 15 19 33 29 15 16 16 15 16 15 15 14 13 17 18 17 14 19 32 35
2 1 14 14 17 15 16 14 13 13 0 12 14 14 15 20 31 29 15 16 16 16 17 15 15 15 13 17 18 17 15 20 30 32
2 1 15 14 17 15 16 14 13 13 0 12 14 14 15 20 31 29 16 16 16 16 17 15 15 15 13 17 18 17 15 20 30 31
2 1 14 14 17 15 16 14 13 13 0 12 14 14 15 19 33 31 15 16 16 16 17 15 15 15 13 17 18 17 15 19 30 32
2 1 14 14 17 15 16 15 13 14 0 12 15 14 16 20 32 31 15 17 17 16 17 16 16 15 13 17 18 17 15 20 30 32
2 1 14 14 18 16 17 15 13 14 0 12 15 14 16 20 32 30 15 17 17 16 17 16 16 15 14 17 18 17 15 21 30 31
2 1 14 15 18 16 17 15 14 14 0 13 16 15 16 20 32 30 16 17 17 17 18 16 16 16 14 18 19 18 15 20 30 32
2 1 14 14 17 15 16 14 13 13 0 12 14 14 15 19 32 30 14 16 16 16 17 15 15 15 13 17 18 17 15 20 30 30
2 1 14 14 17 15 16 14 13 13 0 12 14 14 15 19 33 30 14 16 16 16 17 15 15 14 13 17 18 17 15 20 31 30
2 1 14 14 17 15 16 14 13 13 0 12 14 14 15 20 32 30 14 16 16 16 17 15 15 15 13 17 18 17 15 20 30 31
2 1 14 14 17 15 16 14 13 13 0 12 15 14 16 20 33 31 15 16 16 16 17 15 15 15 13 17 18 17 15 20 32 33
2 1 14 14 17 15 16 15 13 13 0 12 15 14 16 21 35 32 16 17 17 16 17 15 16 15 13 17 18 17 15 21 33 33
2 1 15 15 18 16 17 15 14 14 0 13 16 15 17 21 34 31 15 17 17 17 18 16 16 16 14 18 19 18 16 21 32 33
2 1 15 15 18 16 17 15 13 14 0 12 15 15 17 22 38 34 17 17 17 17 17 16 16 15 14 18 19 18 17 22 34 35
2 1 16 16 19 17 18 16 14 15 0 13 16 16 18 22 34 31 17 19 19 18 19 17 17 16 15 19 20 19 17 23 33 31
2 1 14 14 17 15 16 14 12 13 0 12 14 14 15 19 32 33 15 16 16 15 16 15 15 14 13 16 17 17 15 20 30 28
2 1 17 16 18 16 17 15 13 13 0 12 15 14 16 22 35 33 17 18 17 16 17 16 16 15 14 17 18 17 16 23 32 30
2 1 15 14 17 15 16 14 13 13 0 12 14 14 16 21 35 33 16 17 16 16 17 15 15 14 13 16 17 17 15 21 31 31
2 1 15 14 17 15 16 14 12 13 0 12 14 14 15 20 34 31 16 16 16 16 17 15 15 14 13 17 18 17 15 20 31 29
2 1 15 14 17 15 16 14 13 13 0 12 15 15 16 20 37 34 16 17 16 16 17 15 15 15 13 17 18 17 15 20 33 30
2 1 15 15 18 16 17 15 13 14 0 12 15 15 16 20 32 31 17 18 18 17 18 16 16 15 14 18 19 18 16 21 31 30
2 1 13 12 14 12 13 11 10 11 0 9 12 11 13 18 30 27 14 14 14 13 14 12 12 12 10 13 14 14 13 18 29 30
2 1 14 13 15 13 14 12 11 11 0 10 12 12 14 19 31 29 15 15 14 14 14 13 13 12 11 14 15 14 13 19 30 30
2 1 14 13 15 13 14 13 11 12 0 11 13 13 16 20 34 32 16 15 15 14 15 14 14 13 12 15 16 16 16 22 32 30
2 1 14 12 14 12 13 12 10 11 0 10 12 12 14 18 32 30 15 14 14 13 14 13 13 12 11 14 15 14 13 19 31 30
2 1 14 12 14 12 13 11 10 11 0 10 12 12 14 18 32 31 15 14 14 13 14 12 12 12 11 13 15 14 13 19 31 29
2 1 15 14 16 14 15 13 11 12 0 10 13 13 14 19 34 34 16 16 15 14 15 14 14 13 12 15 16 15 14 20 32 30
2 1 13 12 14 12 13 11 10 11 0 9 12 12 13 17 28 28 15 14 14 13 14 12 12 12 11 14 15 14 13 18 27 26
2 1 14 12 14 12 13 12 10 11 0 10 12 11 13 18 31 29 15 14 14 13 14 13 12 12 11 13 14 14 13 18 27 27
2 1 13 11 13 11 12 11 9 10 0 9 11 11 13 17 29 29 15 13 13 12 13 12 12 11 10 13 14 13 12 18 27 25
2 1 13 11 13 11 12 11 9 10 0 9 11 12 14 18 29 32 15 13 13 12 13 12 12 11 10 13 14 14 14 20 27 26
2 1 13 11 13 11 12 11 9 10 0 9 11 11 13 17 30 30 15 13 13 12 13 12 11 11 10 13 13 13 12 18 27 25
2 1 13 11 13 11 12 11 9 10 0 9 11 11 13 17 31 31 15 13 13 12 13 11 11 11 10 13 13 13 12 18 27 25
2 1 14 12 13 12 12 11 10 10 0 9 11 11 13 17 30 30 15 13 13 12 13 12 12 11 10 13 14 13 13 18 26 25
2 1 13 11 13 11 12 10 9 10 0 8 10 10 13 18 29 29 15 13 12 12 12 11 11 10 9 12 13 12 12 18 26 25
2 1 15 13 16 14 15 13 11 12 0 11 13 13 15 18 29 30 17 16 15 15 15 14 14 13 12 15 16 16 15 20 28 26
2 1 14 12 14 12 13 11 10 11 0 9 11 11 13 17 30 30 15 14 13 13 13 12 12 11 10 13 14 13 13 19 28 26
2 1 14 12 14 12 13 12 10 11 0 10 12 12 14 19 30 30 16 14 14 13 14 13 12 12 11 13 14 14 13 20 27 25
2 1 14 12 14 12 13 11 10 10 0 9 11 11 13 17 29 30 15 14 13 12 13 12 12 11 10 13 14 13 13 18 27 25
2 1 14 12 13 11 12 11 10 10 0 9 11 11 13 17 29 30 16 13 13 12 13 12 11 11 10 12 13 13 12 18 25 25
2 1 14 12 14 12 13 11 10 10 0 9 11 11 13 18 29 30 15 14 13 12 13 12 12 11 10 13 13 13 13 19 26 26
2 1 15 12 14 12 13 11 10 11 0 9 11 11 13 18 30 32 17 14 13 13 13 12 12 11 10 13 14 13 12 18 26 26
2 1 14 12 14 12 13 12 10 11 0 9 12 12 13 17 29 30 17 15 14 13 14 12 12 12 11 14 15 14 13 18 25 26
2 1 14 12 14 12 13 12 10 11 0 10 12 12 14 18 30 34 16 14 14 13 14 13 12 12 11 14 15 15 13 19 25 25
2 1 15 13 15 13 14 13 11 12 0 10 13 12 14 18 26 27 16 15 15 14 15 13 13 13 11 15 15 15 13 19 24 25
2 1 13 11 13 11 12 10 9 10 0 9 10 10 12 15 26 27 15 13 12 12 12 11 11 11 10 12 13 12 12 17 24 24
2 1 12 11 12 11 11 10 9 10 0 8 10 10 12 15 26 27 14 12 12 11 12 11 11 10 9 12 12 12 11 17 24 24
2 1 12 11 12 11 11 10 9 10 0 8 10 10 12 15 26 27 14 12 12 11 12 11 11 10 9 12 12 12 12 17 24 25
2 1 12 11 13 11 12 10 9 10 0 9 10 10 12 16 26 27 14 12 12 12 12 11 11 10 9 12 13 12 12 17 26 26
2 1 13 12 14 12 13 11 10 11 0 9 11 11 13 16 27 28 15 13 13 12 13 12 12 11 10 13 14 13 12 18 26 29
2 1 14 11 13 11 12 11 9 10 0 9 11 11 12 16 27 27 16 13 12 12 12 11 11 11 10 12 13 12 12 17 26 25
2 1 12 11 12 11 12 10 9 10 0 9 10 10 12 16 26 26 14 12 12 11 12 11 11 10 9 12 13 13 12 18 25 23
2 1 12 10 12 11 12 10 9 10 0 9 11 11 12 15 24 25 14 12 12 11 12 11 11 11 10 12 13 13 12 17 23 23
2 1 12 10 12 11 11 10 9 9 0 8 10 10 11 15 23 25 14 12 12 11 12 11 11 10 9 12 12 12 11 16 22 23
2 1 12 10 13 11 12 10 9 10 0 8 10 10 11 15 24 24 14 12 12 11 12 11 11 10 9 12 13 12 11 16 23 25
2 1 12 10 12 11 11 10 9 9 0 8 10 10 12 16 24 24 14 12 12 11 12 11 11 10 9 12 12 12 11 17 23 25
2 1 12 10 12 11 12 10 9 10 0 9 11 11 13 17 26 25 14 12 12 11 12 11 11 11 10 12 13 13 13 17 24 26
2 1 11 10 11 10 11 9 8 9 0 8 10 9 11 15 22 21 14 11 11 10 11 10 10 10 9 11 12 11 11 16 22 23
2 1 11 10 11 10 11 9 8 9 0 8 9 9 11 15 22 21 14 11 11 10 11 10 10 9 9 11 11 11 10 15 22 23
2 1 11 10 11 10 11 9 8 9 0 8 10 10 11 15 22 21 14 11 11 10 11 10 10 10 9 11 12 11 10 15 22 23
2 1 11 10 11 10 11 9 8 9 0 8 9 9 11 14 21 20 14 11 11 10 11 10 10 10 9 11 12 11 10 15 22 23
2 1 11 10 11 10 11 9 8 9 0 8 9 9 11 14 23 25 14 11 11 10 11 10 10 9 9 11 11 11 11 15 22 23
2 1 12 11 12 11 11 10 9 10 0 9 10 10 12 15 24 25 14 12 12 11 12 11 11 10 9 12 13 12 12 16 24 24
2 1 11 10 12 11 11 10 9 9 0 9 11 11 12 15 22 23 15 12 12 11 12 11 11 10 10 12 13 13 12 17 23 23
2 1 10 9 10 9 10 9 8 8 0 7 9 9 11 14 21 22 13 10 10 10 10 9 9 9 8 10 11 11 10 15 23 22
2 1 11 9 10 9 10 9 8 8 0 7 9 9 10 14 21 22 13 10 10 9 10 9 9 9 8 10 10 10 10 14 21 23
2 1 10 9 10 9 9 8 7 8 0 7 8 8 10 14 21 21 13 10 10 9 10 9 9 8 8 10 10 10 9 14 21 22
2 1 10 9 10 9 10 9 8 8 0 7 9 8 10 13 20 21 13 10 10 9 10 9 9 9 8 10 11 10 9 13 20 22
2 1 10 9 10 9 10 9 8 8 0 7 9 8 10 13 19 20 14 10 10 9 10 9 9 9 8 10 10 10 9 13 20 22
2 1 10 9 11 10 11 9 8 9 0 8 9 9 11 14 20 21 14 11 11 10 11 10 10 10 9 11 12 11 10 15 21 24
2 1 10 9 11 10 10 9 8 9 0 8 9 9 10 14 20 21 13 11 11 10 11 10 10 9 8 11 11 11 9 14 22 25
2 1 10 9 11 10 10 9 8 8 0 7 9 9 10 14 20 21 13 11 11 10 11 10 10 9 8 11 11 11 10 14 21 24
2 1 11 10 12 10 11 10 8 9 0 8 9 9 11 15 20 22 13 11 11 10 11 10 10 10 9 11 11 11 10 14 22 24
2 1 10 9 11 9 10 9 8 8 0 7 9 9 10 14 20 21 13 11 10 10 10 9 9 9 8 10 11 10 9 13 20 23
2 1 10 9 11 9 10 9 8 8 0 7 9 9 10 14 19 21 13 11 10 10 10 9 9 9 8 10 11 10 10 14 20 23
2 1 10 9 11 10 10 9 8 8 0 7 9 9 10 14 19 21 13 11 11 10 11 9 10 9 8 11 11 11 9 13 23 26
2 1 11 10 13 11 12 11 9 10 0 9 10 10 12 16 20 22 14 12 12 12 12 11 11 11 10 12 13 12 11 14 23 26
2 1 10 9 11 9 10 9 8 9 0 8 9 9 11 15 19 21 12 10 10 10 10 9 10 9 8 10 11 11 10 13 21 24
2 1 9 8 10 9 10 9 8 8 0 7 9 8 10 14 19 20 11 10 10 9 10 9 9 9 8 10 11 10 9 13 20 23
2 1 10 9 10 9 10 8 7 8 0 7 8 8 10 14 19 20 12 10 10 9 10 9 9 9 8 10 10 10 9 13 20 22
2 1 14 11 12 11 11 10 9 10 0 8 9 9 13 19 26 24 14 12 12 11 12 11 11 10 9 11 11 11 11 17 30 25
2 1 12 10 12 10 11 10 9 10 0 8 10 9 12 17 23 23 13 12 12 11 12 10 11 10 9 11 12 11 11 15 23 24
2 1 12 10 12 10 11 10 8 9 0 8 9 9 12 17 24 23 13 12 11 11 11 10 10 10 9 11 11 11 10 15 26 25
2 1 11 10 12 10 11 10 9 9 0 8 10 10 12 16 22 22 12 11 11 11 11 10 10 10 9 11 11 11 11 15 24 24
2 1 11 10 11 10 11 9 8 9 0 8 10 9 12 16 22 22 13 11 11 10 11 10 10 10 9 11 11 11 11 16 25 24
2 1 12 10 12 10 11 10 9 9 0 8 10 10 12 17 23 23 13 12 11 11 11 10 10 10 9 11 12 11 11 17 24 25
2 1 12 11 12 11 11 10 9 10 0 8 10 10 12 18 26 26 14 12 12 11 12 11 11 10 9 11 12 11 11 17 25 26
2 1 11 10 12 10 11 10 9 9 0 8 9 9 12 17 23 23 12 11 11 11 11 10 10 10 9 11 11 11 11 17 24 26
2 1 13 11 12 11 12 10 9 10 0 8 10 10 12 17 25 26 13 12 12 11 12 11 11 10 9 11 12 11 11 17 27 29
2 1 13 11 13 12 12 11 10 11 0 9 11 11 13 18 26 30 14 13 13 12 13 12 12 11 10 12 13 13 13 18 26 27
2 1 13 12 13 12 13 11 10 11 0 9 11 11 13 18 24 23 13 13 13 12 13 12 12 11 10 12 13 13 13 18 26 26
2 1 13 11 13 11 12 11 10 11 0 9 11 10 13 18 23 25 13 12 12 12 13 11 11 11 10 12 13 12 12 18 25 26
2 1 12 11 13 11 12 11 10 10 0 9 11 11 13 18 23 23 13 13 13 12 13 12 12 11 10 12 13 12 12 18 25 26
2 1 13 12 14 12 13 12 11 11 0 9 11 11 13 19 26 26 13 13 13 13 13 12 12 12 10 13 13 13 12 18 27 29
2 1 13 12 14 12 13 12 11 11 0 9 11 11 13 18 24 24 14 13 13 13 13 12 12 12 11 13 14 13 12 18 26 27
2 1 13 12 14 12 13 12 11 11 0 9 11 11 13 19 27 27 14 13 13 12 13 12 12 12 10 13 13 13 13 19 27 26
2 1 12 11 14 12 13 11 10 11 0 9 11 11 13 18 25 25 14 13 13 12 13 12 12 11 10 13 14 13 12 18 26 26
2 1 12 11 13 11 12 11 10 10 0 9 11 11 13 18 24 24 14 13 13 12 13 12 12 11 10 13 13 13 12 18 25 24
2 1 12 11 13 11 12 11 10 10 0 9 11 10 12 17 24 24 14 12 12 12 12 11 11 11 10 12 13 12 12 17 25 24
2 1 12 11 13 11 12 11 10 10 0 9 10 10 12 17 24 24 13 12 12 11 12 11 11 11 10 12 12 12 12 17 25 24
2 1 13 11 13 12 13 11 10 11 0 10 11 11 13 19 25 25 13 13 13 12 13 12 12 12 10 13 13 13 13 18 25 27
2 1 12 10 12 11 11 10 9 10 0 8 10 10 12 17 24 24 13 12 11 11 12 11 11 10 9 11 12 12 12 18 25 24
2 1 12 10 12 10 11 10 9 10 0 8 10 10 12 17 24 24 13 11 11 11 12 11 11 10 9 11 12 12 11 17 25 24
2 1 12 10 12 11 11 10 9 10 0 8 10 10 12 17 26 25 13 11 11 11 12 11 11 10 9 12 13 12 11 17 28 25
2 1 11 10 12 10 11 10 9 10 0 8 10 10 12 17 24 23 13 12 11 11 11 10 11 10 9 11 12 12 11 17 23 25
2 1 11 10 11 10 11 10 9 9 0 8 10 9 11 16 24 23 12 11 11 10 11 10 10 10 9 11 12 11 11 16 23 22
2 1 11 10 11 10 11 10 9 9 0 8 9 9 11 16 24 23 12 11 11 10 11 10 10 10 9 11 12 11 11 16 23 22
2 1 11 10 12 10 11 10 9 9 0 8 9 9 11 16 24 23 12 11 11 10 11 10 10 10 9 11 11 11 11 16 23 22
2 1 14 13 14 12 13 12 10 11 0 9 11 11 14 20 28 27 15 14 14 13 14 12 12 12 10 13 14 13 14 22 29 25
2 1 9 8 10 9 10 9 8 9 0 7 9 9 10 14 24 25 11 10 10 10 10 9 9 9 8 10 10 10 10 15 21 21
2 1 9 8 10 9 9 8 8 8 0 7 8 8 10 13 20 21 11 9 10 9 10 9 9 9 8 9 10 10 9 14 18 20
2 1 9 9 10 9 10 9 8 8 0 7 8 8 10 13 20 21 11 10 10 9 10 9 9 9 8 9 10 10 9 14 18 22
2 1 9 8 10 8 9 8 7 8 0 7 8 8 10 13 21 21 11 9 9 9 9 9 9 8 7 9 10 9 9 14 17 19
2 1 8 8 9 8 9 8 7 8 0 7 8 8 9 12 18 19 11 9 9 9 9 8 8 8 7 9 10 9 9 13 16 18
2 1 10 9 10 9 10 9 8 8 0 7 9 8 10 13 19 20 12 10 10 10 10 9 9 9 8 10 10 10 10 14 18 18
2 1 9 9 10 9 10 9 8 8 0 7 8 8 9 13 19 19 12 10 10 10 10 9 9 9 8 10 10 10 9 13 16 17
2 1 9 7 8 8 8 7 7 8 0 6 8 7 9 12 18 20 10 8 8 8 8 8 8 8 7 9 9 9 8 12 17 20
2 1 7 7 9 8 8 7 7 7 0 6 8 8 9 12 18 19 10 8 8 8 8 8 8 8 7 9 9 9 8 12 15 16
2 1 7 6 7 6 7 6 6 6 0 5 6 6 8 11 17 17 9 7 7 7 7 6 6 6 6 7 8 7 7 11 15 15
2 1 7 6 7 7 7 7 6 6 0 5 7 6 8 11 17 18 9 7 7 7 7 7 7 7 6 8 8 8 7 11 15 16
2 1 7 6 7 6 7 6 6 6 0 5 6 6 7 11 17 17 10 7 7 7 7 6 6 6 6 7 7 7 7 11 15 15
2 1 7 6 7 6 7 6 6 6 0 5 6 6 8 11 18 17 9 7 7 7 7 7 7 6 6 7 8 8 7 11 19 18
2 1 7 6 7 6 7 6 5 6 0 5 6 6 8 11 15 15 9 7 7 7 7 6 7 6 6 7 8 7 7 11 14 14
2 1 7 6 7 7 7 6 6 6 0 5 7 7 8 11 17 18 9 7 7 7 8 7 7 7 6 8 8 8 8 12 15 14
2 1 7 6 7 6 6 6 5 5 0 4 6 5 7 9 15 14 9 7 7 6 7 6 6 6 5 6 7 7 6 10 13 14
2 1 8 7 8 7 8 7 6 6 0 5 7 7 8 11 16 17 10 9 8 8 8 7 7 7 6 8 8 8 7 11 14 16
2 1 7 7 8 7 7 6 6 6 0 5 6 6 7 10 16 16 9 8 8 7 7 7 7 6 6 7 7 7 7 11 15 14
2 1 7 6 7 7 7 6 6 6 0 5 6 6 8 12 16 15 9 7 7 7 7 7 7 6 6 7 7 7 7 11 14 14
2 1 7 6 7 6 7 6 5 6 0 5 6 6 7 11 15 15 8 7 7 6 7 6 6 6 5 7 7 7 7 12 14 14
2 1 7 6 7 6 7 6 5 6 0 5 6 6 7 10 15 15 8 7 7 7 7 6 6 6 5 6 7 7 7 11 14 14
2 1 7 6 7 6 6 6 5 5 0 4 5 5 7 10 15 15 9 7 7 6 7 6 6 6 5 6 7 6 7 11 13 15
2 1 7 6 7 6 6 6 5 5 0 5 6 6 7 10 18 17 8 7 7 6 7 6 6 6 5 6 7 7 7 11 14 17
2 1 7 6 7 6 7 6 5 6 0 5 6 6 8 10 14 14 8 7 7 7 7 6 6 6 5 7 7 7 7 11 13 14
2 1 8 6 7 6 6 6 5 5 0 4 5 5 7 10 16 18 9 7 7 6 7 6 6 6 5 6 7 6 7 12 17 16
2 1 8 7 9 7 8 7 6 6 0 5 7 6 8 11 15 16 10 9 8 8 8 7 7 7 6 8 8 8 7 11 14 15
2 1 8 7 8 7 7 7 6 6 0 5 6 6 8 11 14 16 10 8 8 7 8 7 7 7 6 7 8 7 7 11 14 17
2 1 8 7 8 7 7 6 6 6 0 5 6 6 8 11 15 16 10 8 8 7 8 7 7 7 6 7 8 7 8 12 15 16
2 1 8 6 7 6 7 6 5 5 0 5 6 6 7 10 16 16 9 7 7 7 7 6 6 6 5 7 7 7 7 11 14 16
2 1 10 8 8 7 8 7 6 6 0 5 6 6 7 11 18 19 10 8 8 7 8 7 7 7 6 7 8 8 7 11 17 16
2 1 10 9 10 9 9 8 7 8 0 6 8 8 9 13 20 22 12 10 10 9 10 9 9 8 7 9 9 9 8 12 18 18
2 1 11 10 12 10 11 10 9 9 0 8 9 9 10 13 20 21 12 11 11 11 11 10 10 10 9 10 11 10 9 13 18 18
2 1 10 10 12 10 11 10 9 9 0 8 10 9 11 14 19 21 12 11 11 11 11 10 10 10 9 11 12 11 10 14 17 19
2 1 11 11 13 11 12 11 9 10 0 9 10 10 12 15 19 21 13 12 12 12 12 11 11 11 10 12 12 12 11 15 18 20
2 1 10 10 12 11 12 10 9 10 0 9 11 10 12 15 20 21 12 12 12 12 12 11 11 11 10 12 13 12 12 15 19 22
2 1 10 10 13 11 12 11 10 10 0 9 11 11 12 15 20 21 12 12 12 12 12 11 11 11 10 12 13 13 11 15 19 21
2 1 11 10 13 11 12 11 9 10 0 9 11 10 12 15 20 22 14 13 12 12 12 11 11 11 10 12 13 13 11 16 22 21
2 1 11 10 13 11 12 11 9 10 0 9 11 10 12 15 20 21 13 12 12 12 12 11 11 11 10 12 13 13 11 15 19 21
2 1 11 10 13 11 12 11 9 10 0 9 11 10 12 16 22 22 14 12 12 12 12 11 11 11 10 12 13 13 12 16 21 22
2 1 11 11 13 11 12 11 10 10 0 9 11 11 12 15 22 22 13 13 13 12 13 11 12 11 10 13 14 13 12 16 21 22
2 1 11 11 13 11 12 11 10 10 0 9 11 11 12 15 21 22 13 13 13 12 13 12 12 11 10 13 14 13 12 16 21 22
2 1 11 11 14 12 13 12 10 11 0 9 12 11 13 16 22 23 14 14 14 13 14 12 12 12 11 14 15 14 12 17 21 23
2 1 11 11 14 12 13 11 10 10 0 9 12 11 13 16 25 26 14 13 13 13 13 12 12 12 10 13 14 13 12 17 22 23
2 1 11 12 14 13 14 12 10 11 0 10 12 12 13 16 23 24 14 14 14 13 14 13 13 12 11 14 15 14 12 16 22 23
2 1 12 12 15 13 14 12 11 11 0 10 12 12 13 16 22 25 15 15 15 14 14 13 13 12 11 14 15 14 12 16 22 24
2 1 11 11 14 12 13 12 10 11 0 10 12 12 13 16 22 23 14 14 14 13 14 12 12 12 11 14 15 14 12 16 22 24
2 1 11 11 14 12 13 11 10 11 0 9 12 11 13 16 22 23 14 14 14 13 13 12 12 12 11 13 14 14 12 16 21 23
2 1 11 11 14 12 13 11 10 11 0 9 12 11 13 15 22 23 14 14 14 13 13 12 12 12 11 13 14 14 12 16 21 23
2 1 11 11 14 12 13 12 10 11 0 10 12 12 13 15 22 23 14 14 14 13 14 12 12 12 11 14 15 14 12 16 22 24
2 1 11 11 14 12 13 12 10 11 0 10 12 12 13 16 22 23 14 14 14 13 14 12 12 12 11 14 15 14 13 17 22 24
2 1 11 11 14 12 13 12 10 11 0 10 12 12 13 16 25 24 14 14 14 13 14 12 13 12 11 14 15 14 13 18 24 25
2 1 11 12 14 13 14 12 11 11 0 10 12 12 13 16 23 24 14 14 14 13 14 13 13 12 11 14 15 14 13 17 22 24
2 1 11 12 14 13 14 12 11 11 0 10 12 12 13 16 24 24 15 14 14 13 14 13 13 12 11 14 15 14 13 18 24 25
2 1 11 11 14 12 13 12 10 11 0 10 12 12 13 16 23 23 14 14 14 13 14 12 12 12 11 14 15 14 12 16 22 24
2 1 11 11 14 12 13 12 10 11 0 10 12 12 13 16 23 23 14 14 14 13 13 12 12 12 11 14 15 14 12 16 22 24
2 1 11 11 14 12 13 12 10 11 0 10 12 12 13 16 23 23 14 14 14 13 14 12 12 12 11 14 15 14 12 17 22 24
2 1 11 11 14 12 13 12 10 11 0 10 12 12 13 17 24 23 14 14 14 13 14 12 13 12 11 14 15 14 13 17 22 24
2 1 13 12 14 12 13 11 10 11 0 9 11 11 12 16 22 19 15 14 13 13 13 12 12 12 10 13 14 13 12 17 24 23
2 1 9 10 12 10 11 10 9 9 0 8 10 10 11 15 23 21 12 12 12 11 11 10 10 10 9 11 12 12 11 16 23 24
2 1 10 10 12 11 11 10 9 9 0 8 10 10 11 14 22 20 12 12 12 11 12 10 11 10 9 11 12 11 10 15 21 24
2 1 10 10 11 9 10 9 8 9 0 7 9 9 11 15 23 21 13 11 11 10 10 9 9 9 8 10 11 10 10 15 24 27
3 0 10 10 11 9 10 9 8 9 0 7 9 9 11 15 23 21 13 11 11 10 10 9 9 9 8 10 11 10 10 15 24 27
2 0 1 1 1 1 1 1 2 2 0 2 1 2 1 1 0 0 1 1 1 1 1 1 1 1 1 1 1 1 2 1 0 0
2 0 1 1 1 1 1 1 2 2 0 2 1 2 1 1 0 0 1 1 0 1 1 1 1 1 1 1 1 1 2 1 0 0
2 0 1 1 1 1 1 1 2 2 0 2 1 2 1 1 0 0 1 1 1 1 1 1 1 1 1 1 1 1 2 1 0 1
2 0 1 1 1 1 1 1 2 2 0 2 1 2 2 1 0 0 1 1 1 1 0 1 1 1 1 1 1 1 2 1 0 1
2 0 1 1 1 1 1 1 2 2 0 2 1 2 1 1 0 0 1 1 0 1 0 1 1 1 1 1 1 1 2 1 0 1
2 0 1 1 1 1 1 1 1 2 0 1 1 1 1 1 0 0 1 1 0 1 0 1 1 1 1 1 1 1 1 1 0 1
2 0 1 1 1 1 1 1 1 2 0 1 1 1 1 1 0 0 1 1 0 1 0 1 1 1 1 1 1 1 1 1 0 1
2 0 1 1 1 1 1 1 1 2 0 1 1 1 1 1 0 0 1 1 0 1 0 1 1 1 1 1 1 1 1 1 0 0
2 0 1 1 1 1 1 1 1 2 0 1 1 1 1 1 0 0 1 1 1 1 0 1 1 1 1 1 1 1 1 1 0 0
2 0 1 1 1 1 1 1 2 2 0 2 1 2 1 1 0 0 1 1 1 1 1 1 1 1 1 1 1 1 2 1 0 0
2 0 1 1 1 1 1 1 2 2 0 2 2 2 2 1 0 0 1 1 1 1 1 1 1 1 1 1 1 1 2 1 0 0
2 0 1 1 1 1 1 1 2 2 0 2 1 2 1 1 0 0 1 1 1 1 1 1 1 1 1 1 1 1 2 1 0 0
2 0 1 1 1 1 1 1 2 2 0 2 2 2 2 1 0 0 1 1 1 1 1 1 1 1 1 1 1 1 2 1 0 1
2 0 1 1 1 1 1 1 2 2 0 2 2 2 2 1 0 0 1 1 1 1 1 1 1 1 1 1 1 1 2 1 0 1
2 0 1 1 1 1 1 1 2 2 0 1 1 2 1 1 0 0 1 1 1 1 1 1 1 1 1 1 1 1 2 1 0 1
2 0 1 1 1 1 1 1 2 2 0 2 1 2 1 1 0 0 1 1 1 1 1 1 1 1 1 1 1 1 2 1 1 1
2 0 1 1 1 1 1 1 2 2 0 1 1 1 1 1 0 0 1 1 1 1 0 1 1 1 1 1 1 1 1 1 1 1
2 0 1 1 1 1 1 1 2 2 0 1 1 1 1 1 0 0 1 1 1 1 1 1 1 1 1 1 1 1 1 1 0 0
2 0 1 1 1 1 1 1 2 2 0 1 1 1 1 0 0 0 1 1 1 1 0 1 1 1 1 1 0 1 1 1 0 0
2 0 1 1 1 1 1 1 2 2 0 2 1 1 1 1 0 0 1 1 1 1 1 1 1 1 1 1 0 1 1 1 0 0
2 0 1 1 1 1 1 1 2 2 0 2 1 2 1 1 0 0 1 1 1 1 1 1 1 1 1 1 0 1 2 1 0 0
2 0 1 1 1 1 1 1 2 2 0 2 1 2 2 1 0 0 1 1 1 1 1 1 1 1 1 1 1 1 2 1 0 0
2 0 1 1 1 1 1 1 2 2 0 2 2 2 2 1 0 0 1 1 1 1 1 1 1 1 1 1 1 1 2 1 0 1
2 0 1 1 1 1 1 1 2 2 0 2 2 2 2 1 0 0 1 1 1 1 1 1 1 1 1 1 1 1 2 1 0 1
2 0 1 1 1 1 1 1 2 2 0 2 1 2 2 1 0 0 1 1 1 1 1 1 1 1 1 1 1 1 2 1 0 1
2 0 1 1 1 1 1 1 2 2 0 2 1 2 1 1 0 0 1 1 1 1 1 1 1 1 1 1 1 1 2 1 1 1
2 0 2 2 1 2 1 2 3 3 0 2 2 2 2 1 1 1 1 1 1 1 1 2 2 2 2 1 1 1 2 1 1 1
2 0 1 1 1 1 1 1 2 2 0 1 1 1 1 1 0 0 1 1 1 1 0 1 1 1 1 1 1 1 1 1 0 0
2 0 1 1 1 1 1 1 2 2 0 1 1 1 1 1 0 0 1 1 1 1 1 1 1 1 1 1 1 1 1 1 0 0
2 0 1 1 1 1 1 1 2 2 0 2 1 2 1 1 0 0 1 1 1 1 0 1 1 1 1 1 1 1 2 1 0 0
2 0 1 1 1 1 1 1 2 2 0 2 1 2 1 1 0 0 1 1 1 1 1 1 1 1 1 1 0 1 2 1 0 0
2 0 1 1 1 1 1 1 2 2 0 2 1 2 1 1 0 0 1 1 1 1 1 1 1 1 1 1 1 1 2 1 0 0
2 0 1 1 1 1 1 1 2 2 0 2 2 2 2 1 0 0 1 1 1 1 0 1 1 1 1 1 1 1 2 1 0 1
2 0 2 1 1 1 1 1 2 2 0 2 2 2 2 1 0 0 1 1 1 1 1 1 1 1 1 1 1 1 2 1 0 1
2 0 2 1 1 1 1 1 2 2 0 2 2 2 2 1 0 0 1 1 1 1 1 1 1 1 1 1 1 1 2 1 0 1
2 0 1 1 1 1 1 1 2 2 0 2 1 2 1 1 0 0 1 1 1 1 1 1 1 1 1 1 1 1 2 1 0 1
2 0 1 1 1 1 1 1 2 2 0 2 1 1 1 1 0 0 1 1 1 1 1 1 1 1 1 1 1 1 1 1 0 0
2 0 1 1 1 1 1 1 1 2 0 1 1 1 1 1 0 0 1 1 1 1 0 1 1 1 1 1 1 1 1 1 0 0
2 0 1 1 1 1 1 1 1 2 0 1 1 1 1 1 0 0 1 1 0 1 0 1 1 1 1 1 0 1 1 1 0 0
2 0 1 1 1 1 1 1 1 2 0 1 1 1 1 1 0 0 1 1 0 1 0 1 1 1 1 1 0 1 1 1 0 0
2 0 1 1 1 1 1 1 1 2 0 2 1 1 1 0 0 0 1 1 0 1 0 1 1 1 1 1 0 1 1 1 0 0
2 0 1 1 1 1 1 1 1 2 0 2 1 2 2 1 0 0 1 1 0 1 0 1 1 1 1 1 1 1 2 1 0 0
2 0 1 1 1 1 1 1 1 2 0 2 2 2 2 1 0 0 1 1 1 1 0 1 1 1 1 1 1 1 2 1 0 1
2 0 1 1 0 1 1 1 1 2 0 2 1 2 2 1 0 0 1 1 0 1 0 1 1 1 1 1 1 1 2 1 0 1
2 0 1 1 1 1 1 1 2 2 0 2 2 2 2 1 0 0 1 1 1 1 0 1 1 1 1 1 1 1 2 1 0 1
2 0 1 1 1 1 1 1 2 2 0 2 1 2 2 1 0 0 1 1 1 1 0 1 1 1 1 1 1 1 2 1 0 1
2 0 1 1 1 1 1 1 2 2 0 1 1 1 1 1 0 0 1 1 1 1 1 1 1 1 1 1 1 1 1 1 0 1
2 0 1 1 1 1 1 1 1 2 0 1 1 1 1 1 0 0 1 1 1 1 0 1 1 1 1 1 1 1 1 1 0 0
2 0 1 1 1 1 1 1 1 2 0 1 1 1 1 1 0 0 1 1 0 1 0 1 1 1 1 1 0 1 1 1 0 0
2 0 1 1 1 1 1 1 1 2 0 1 1 1 1 1 0 0 1 1 1 1 0 1 1 1 1 1 0 1 1 1 0 0
2 0 1 1 1 1 1 1 2 2 0 2 1 2 1 1 0 0 1 1 0 1 0 1 1 1 1 1 1 1 2 1 0 0
2 0 1 1 1 1 1 1 1 2 0 2 1 2 1 1 0 0 1 1 0 1 0 1 1 1 1 1 1 1 2 1 0 0
2 0 1 1 1 1 1 1 1 2 0 2 1 2 2 1 0 0 1 1 0 1 0 1 1 1 1 1 1 1 2 1 0 1
2 0 1 1 0 1 1 1 1 2 0 2 2 2 2 1 0 0 1 1 0 1 0 1 1 1 1 1 1 1 2 1 0 1
2 0 1 1 0 1 1 1 1 2 0 2 1 2 2 1 0 0 1 1 0 1 0 1 1 1 1 1 1 1 2 1 0 1
2 0 1 1 1 1 1 1 1 2 0 1 1 2 1 1 0 0 1 1 0 1 0 1 1 1 1 1 1 1 1 1 0 1
2 0 1 1 1 1 1 1 1 2 0 1 1 1 1 1 0 0 1 1 0 1 0 1 1 1 1 1 1 1 1 1 0 0
2 0 1 1 1 1 1 1 2 2 0 1 1 1 1 1 0 0 1 1 0 1 0 1 1 1 1 1 1 1 1 1 0 0
2 0 1 1 1 1 1 1 1 2 0 1 1 1 1 1 0 0 1 1 0 1 1 1 1 1 1 1 1 1 1 1 0 0
2 0 1 1 1 1 1 1 2 2 0 2 1 1 1 1 0 0 1 1 0 1 0 1 1 1 1 1 1 1 1 1 0 0
2 0 1 1 1 1 1 1 2 2 0 2 1 1 1 1 0 0 1 1 1 1 0 1 1 1 1 1 1 1 1 1 0 0
2 0 1 1 0 1 1 1 1 2 0 2 2 2 2 1 0 0 1 1 0 1 0 1 1 1 1 1 1 1 2 1 0 1
2 0 1 1 1 1 1 1 1 2 0 2 1 2 2 1 0 0 1 1 0 1 0 1 1 1 1 1 1 1 2 1 0 1
2 0 1 1 0 1 1 1 1 2 0 2 2 2 2 1 0 0 1 1 0 1 0 1 1 1 1 1 1 1 2 1 0 1
2 0 1 1 0 1 1 1 2 2 0 2 2 2 2 1 0 0 1 1 0 1 0 1 1 1 1 1 1 1 2 1 0 1
2 0 1 1 0 1 1 1 1 2 0 1 1 2 1 1 0 0 1 1 0 1 0 1 1 1 1 1 1 1 2 1 0 1
2 0 1 1 0 1 1 1 1 2 0 1 1 1 1 1 0 0 1 1 0 1 0 1 1 1 1 1 1 1 1 1 0 1
2 0 1 1 1 1 1 1 1 2 0 1 1 1 1 1 0 0 1 1 0 1 0 1 1 1 1 1 1 1 1 1 0 0
2 0 1 1 1 1 1 1 2 2 0 1 1 1 1 1 0 0 1 1 1 1 1 1 1 1 1 1 1 1 1 1 0 0
2 0 1 1 1 1 1 1 1 2 0 1 1 1 1 1 0 0 1 1 0 1 1 1 1 1 1 1 1 1 1 1 0 0
2 0 1 1 1 1 1 1 1 2 0 2 1 1 1 1 0 0 1 1 1 1 1 1 1 1 1 1 1 1 1 1 0 0
2 0 1 1 1 1 1 1 1 2 0 2 1 2 1 1 0 0 1 1 0 1 0 1 1 1 1 1 1 1 2 1 0 0
2 0 1 1 1 1 1 1 1 2 0 2 2 2 2 1 0 0 1 1 0 1 0 1 1 1 1 1 1 1 2 1 0 1
2 0 1 1 0 1 1 1 1 2 0 2 2 2 2 1 0 0 1 1 0 1 0 1 1 1 1 1 1 1 2 1 0 1
2 0 1 1 1 1 1 1 1 2 0 1 1 2 1 1 0 0 1 1 0 1 0 1 1 1 1 1 1 1 2 1 0 1
2 0 1 1 1 1 1 1 1 2 0 1 1 1 1 1 0 0 1 1 0 1 0 1 1 1 1 1 1 1 1 1 0 1
2 0 1 1 1 1 1 1 1 2 0 1 1 1 1 1 0 0 1 1 0 1 0 1 1 1 1 1 1 1 1 1 0 1
2 0 1 1 1 1 1 1 1 2 0 1 1 1 1 0 0 0 1 1 0 1 0 1 1 1 1 1 0 1 1 1 0 0
2 0 1 1 1 1 1 1 1 2 0 1 1 1 1 0 0 0 1 1 0 1 0 1 1 1 1 1 0 1 1 1 0 0
2 0 1 1 1 1 1 1 1 2 0 1 1 1 1 0 0 0 1 1 1 1 1 1 1 1 1 1 1 1 1 1 0 0
2 0 1 1 1 1 1 1 1 2 0 2 1 1 1 1 0 0 1 1 1 1 1 1 1 1 1 1 1 1 1 1 0 0
2 0 1 1 1 1 1 1 1 2 0 2 1 2 1 1 0 0 1 1 1 1 1 1 1 1 1 1 1 1 2 1 0 0
2 0 1 1 1 1 1 1 1 2 0 2 2 2 2 1 0 0 1 1 0 1 0 1 1 1 1 1 1 1 2 1 0 1
2 0 1 1 1 1 1 1 1 2 0 2 2 2 2 1 0 0 1 1 0 1 0 1 1 1 1 1 1 1 2 1 0 1
2 0 1 1 1 1 1 1 1 2 0 2 1 2 1 1 0 0 1 1 0 1 0 1 1 1 1 1 1 1 2 1 0 1
2 0 1 1 1 1 1 1 1 2 0 1 1 2 1 1 0 0 1 1 0 1 0 1 1 1 1 1 1 1 2 1 0 1
2 0 1 1 1 1 1 1 1 2 0 1 1 1 1 1 0 0 1 1 0 1 0 1 1 1 1 1 1 1 1 1 0 0
2 0 1 1 1 1 1 1 1 2 0 1 1 1 1 1 0 0 1 1 0 1 0 1 1 1 1 1 0 1 1 1 0 0
2 0 1 1 1 1 1 1 1 2 0 1 1 1 1 1 0 0 1 1 0 1 0 1 1 1 1 1 1 1 1 1 0 0
2 0 1 1 1 1 1 1 1 2 0 1 1 1 1 1 0 0 1 1 1 1 0 1 1 1 1 1 0 1 1 1 0 0
2 0 1 1 1 1 1 1 1 2 0 2 1 2 1 1 0 0 1 1 1 1 1 1 1 1 1 1 1 1 1 1 0 0
2 0 1 1 1 1 1 1 1 2 0 2 1 2 2 1 0 0 1 1 0 1 0 1 1 1 1 1 1 1 2 1 0 0
2 0 1 1 1 1 1 1 2 2 0 2 2 2 2 1 0 0 1 1 0 1 0 1 1 1 1 1 1 1 2 1 0 1
2 0 1 1 1 1 1 1 1 2 0 2 2 2 2 1 0 0 1 1 0 1 0 1 1 1 1 1 1 1 2 1 0 1
2 0 1 1 1 1 1 1 1 2 0 2 2 2 2 1 0 0 1 1 0 1 0 1 1 1 1 1 1 1 2 1 0 1
2 0 1 1 1 1 1 1 1 2 0 2 2 2 2 1 0 0 1 1 0 1 0 1 1 1 1 1 1 1 2 1 1 1
2 0 1 1 1 1 1 1 1 2 0 1 1 1 1 1 0 0 1 1 1 1 0 1 1 1 1 1 1 1 1 1 0 1
2 0 1 1 1 1 1 1 1 2 0 1 1 1 1 1 0 0 1 1 0 1 0 1 1 1 1 1 0 1 1 1 0 0
2 0 1 1 1 1 1 1 1 2 0 1 1 1 1 1 0 0 1 1 0 1 0 1 1 1 1 1 0 1 1 1 0 0
2 0 1 1 1 1 1 1 1 2 0 1 1 1 1 1 0 0 1 1 0 1 0 1 1 1 1 1 1 1 1 1 0 0
2 0 1 1 1 1 1 1 1 2 0 2 1 2 1 1 0 0 1 1 0 1 0 1 1 1 1 1 0 1 2 1 0 0
2 0 1 1 1 1 1 1 1 2 0 2 1 2 1 1 0 0 1 1 1 1 1 1 1 1 1 1 1 1 2 1 0 0
2 0 1 1 1 1 1 1 2 2 0 2 2 2 2 1 0 0 1 1 1 1 0 1 1 1 1 1 1 1 2 1 0 1
2 0 1 1 1 1 1 1 1 2 0 2 1 2 2 1 0 0 1 1 1 1 0 1 1 1 1 1 1 1 2 1 0 1
2 0 1 1 1 1 1 1 1 2 0 2 2 2 2 1 0 0 1 1 1 1 0 1 1 1 1 1 1 1 2 1 0 1
2 0 1 1 1 1 1 1 2 2 0 2 2 2 2 1 0 0 1 1 1 1 0 1 1 1 1 1 1 1 2 1 1 1
2 0 1 1 1 1 1 1 1 2 0 1 1 2 1 1 0 0 1 1 0 1 0 1 1 1 1 1 1 1 1 1 1 1
2 0 1 1 1 1 1 1 1 2 0 1 1 1 1 1 0 0 1 1 0 1 0 1 1 1 1 1 1 1 1 1 0 0
2 0 1 1 1 1 1 1 2 2 0 1 1 1 1 1 0 0 1 1 1 1 1 1 1 1 1 1 1 1 1 1 0 0
2 0 1 1 1 1 1 1 2 2 0 1 1 1 1 1 0 0 1 1 1 1 0 1 1 1 1 1 0 1 1 1 0 0
2 0 1 1 1 1 1 1 2 2 0 2 1 2 1 1 0 0 1 1 1 1 1 1 1 1 1 1 1 1 2 1 0 0
2 0 1 1 1 1 1 1 2 2 0 2 2 2 2 1 0 0 1 1 1 1 0 1 1 1 1 1 1 1 2 1 0 0
2 0 1 1 1 1 1 1 2 2 0 2 2 2 2 1 0 0 1 1 1 1 1 1 1 1 1 1 1 1 2 1 0 1
2 0 2 1 1 1 1 1 2 2 0 2 2 2 2 1 0 0 1 1 1 1 1 1 1 1 1 1 1 1 2 1 1 1
2 0 1 1 1 1 1 1 2 2 0 2 1 2 2 1 0 0 1 1 1 1 1 1 1 1 1 1 1 1 2 1 0 1
2 0 1 1 1 1 1 1 2 2 0 1 1 2 1 1 0 0 1 1 1 1 1 1 1 1 1 1 1 1 2 1 0 1
2 0 1 1 1 1 1 1 2 2 0 1 1 1 1 1 0 0 1 1 1 1 1 1 1 1 1 1 1 1 1 1 0 1
2 0 2 2 1 1 1 2 2 3 0 1 1 1 1 1 1 1 1 1 1 1 1 1 1 1 1 1 1 1 1 1 1 1
2 0 1 1 1 1 1 1 1 2 0 1 1 1 1 1 0 0 1 1 1 1 0 1 1 1 1 1 1 1 1 1 0 0
2 0 1 1 1 1 1 1 1 2 0 2 1 1 1 1 0 0 1 1 1 1 1 1 1 1 1 1 1 1 1 1 0 0
2 0 1 1 1 1 1 1 1 2 0 2 1 2 1 1 0 0 1 1 1 1 1 1 1 1 1 1 0 1 1 1 0 0
2 0 1 1 1 1 1 1 2 2 0 2 2 2 1 1 0 0 1 1 1 1 1 1 1 1 1 1 1 1 2 1 0 0
2 0 1 1 1 1 1 1 1 2 0 2 1 2 2 1 0 0 1 1 1 1 1 1 1 1 1 1 1 1 2 1 0 1
2 0 1 1 1 1 1 1 1 2 0 2 1 2 2 1 0 0 1 1 1 1 0 1 1 1 1 1 1 1 2 1 0 1
2 0 2 1 1 1 1 1 2 2 0 2 2 2 2 1 0 0 1 1 1 1 1 1 1 1 1 1 1 1 2 1 1 1
2 0 2 1 1 1 1 1 2 2 0 2 1 2 1 1 0 0 1 1 1 1 1 1 1 1 1 1 1 1 2 1 0 1
2 0 1 1 1 1 1 1 2 2 0 1 1 1 1 1 0 0 1 1 1 1 1 1 1 1 1 1 1 1 1 1 0 1
2 0 1 1 1 1 1 1 2 2 0 1 1 1 1 1 0 0 1 1 1 1 1 1 1 1 1 1 1 1 1 1 0 0
2 0 1 1 1 1 1 1 2 2 0 1 1 1 1 1 0 0 1 1 1 1 1 1 1 1 1 1 1 1 1 1 0 0
2 0 1 1 1 1 1 1 2 2 0 1 1 1 1 1 0 0 1 1 1 1 1 1 1 1 1 1 1 1 1 1 0 0
2 0 1 1 1 1 1 1 2 2 0 2 1 2 1 1 0 0 1 1 1 1 1 1 1 1 1 1 1 1 2 1 0 0
2 0 1 1 1 1 1 1 2 2 0 2 1 2 1 1 0 0 1 1 1 1 1 1 1 1 1 1 1 1 2 1 0 0
2 0 1 1 1 1 1 1 2 2 0 2 2 2 2 1 0 0 1 1 1 1 0 1 1 1 1 1 1 1 2 1 0 1
2 0 1 1 1 1 1 1 2 2 0 2 2 2 2 1 0 0 1 1 1 1 0 1 1 1 1 1 1 1 2 1 0 1
2 0 1 1 1 1 1 1 2 2 0 2 2 2 2 1 0 0 1 1 1 1 1 1 1 1 1 1 1 1 2 1 1 1
2 0 2 1 1 1 1 1 2 2 0 2 2 2 2 1 0 0 1 1 1 1 1 1 1 1 1 1 1 1 2 1 1 1
2 0 1 1 1 1 1 1 2 2 0 1 1 1 1 1 0 0 1 1 1 1 1 1 1 1 1 1 1 1 1 1 1 1
2 0 1 1 1 1 1 1 2 2 0 1 1 1 1 1 0 0 1 1 1 1 1 1 1 1 1 1 1 1 1 1 0 1
2 0 1 1 1 1 1 1 2 2 0 1 1 1 1 1 0 0 1 1 1 1 1 1 1 1 1 1 1 1 1 1 0 0
2 0 1 1 1 1 1 1 2 2 0 2 1 1 1 1 0 0 1 1 1 1 1 1 1 1 1 1 1 1 1 1 0 0
2 0 1 1 1 1 1 1 2 2 0 1 1 1 1 1 0 0 1 1 1 1 1 1 1 1 1 1 1 1 1 1 0 0
2 0 1 1 1 1 1 1 2 2 0 2 1 2 2 1 0 0 1 1 1 1 1 1 1 1 1 1 1 1 2 1 0 0
2 0 1 1 1 1 1 1 2 2 0 2 1 2 2 1 0 0 1 1 1 1 0 1 1 1 1 1 1 1 2 1 0 1
2 0 1 1 1 1 1 1 2 2 0 2 2 2 2 1 0 0 1 1 1 1 0 1 1 1 1 1 1 1 2 1 0 1
2 0 1 1 1 1 1 1 2 2 0 2 2 2 2 1 0 0 1 1 1 1 0 1 1 1 1 1 1 1 2 1 0 1
2 0 1 1 1 1 1 1 2 2 0 2 1 2 1 1 0 0 1 1 1 1 0 1 1 1 1 1 1 1 2 1 0 1
2 0 1 1 1 1 1 1 2 2 0 1 1 1 1 1 0 0 1 1 1 1 1 1 1 1 1 1 1 1 1 1 0 0
2 0 1 1 1 1 1 1 2 2 0 1 1 1 1 1 0 0 1 1 1 1 1 1 1 1 1 1 1 1 1 1 0 0
2 0 1 1 1 1 1 1 2 2 0 1 1 1 1 1 0 0 1 1 1 1 1 1 1 1 1 1 1 1 1 1 1 1
2 0 1 1 1 1 1 1 2 2 0 1 1 1 1 1 0 0 1 1 1 1 1 1 1 1 1 1 1 1 1 1 0 0
2 0 1 1 1 1 1 1 2 2 0 2 1 2 1 1 0 0 1 1 1 1 1 1 1 1 1 1 1 1 2 1 0 0
2 0 1 1 1 1 1 1 2 2 0 2 1 2 1 1 0 0 1 1 1 1 1 1 1 1 1 1 1 1 2 1 0 0
2 0 1 1 1 1 1 1 2 2 0 2 1 2 1 1 0 0 1 1 1 1 0 1 1 1 1 1 1 1 2 1 0 1
2 0 1 1 1 1 1 1 2 2 0 2 2 2 2 1 0 0 1 1 1 1 0 1 1 1 1 1 1 1 2 1 0 1
2 0 1 1 1 1 1 1 2 2 0 2 1 2 2 1 0 0 1 1 1 1 1 1 1 1 1 1 1 1 2 1 0 1
2 0 1 1 1 1 1 1 2 2 0 2 2 2 2 1 0 0 1 1 1 1 1 1 1 1 1 1 1 1 2 1 1 1
2 0 1 1 1 1 1 1 2 2 0 2 1 1 1 1 0 0 1 1 1 1 1 1 1 1 1 1 1 1 2 1 1 1
2 0 1 1 1 1 1 1 2 2 0 1 1 1 1 1 0 0 1 1 0 1 0 1 1 1 1 1 1 1 1 1 0 0
2 0 1 1 1 1 1 1 2 2 0 2 1 1 1 1 0 0 1 1 1 1 0 1 1 1 1 1 1 1 1 1 0 0
2 0 1 1 1 1 1 1 2 2 0 2 1 1 1 1 0 0 1 1 1 1 0 1 1 1 1 1 1 1 1 1 0 0
2 0 1 1 1 1 1 1 2 2 0 2 1 2 1 1 0 0 1 1 1 1 0 1 1 1 1 1 1 1 1 1 0 0
2 0 1 1 1 1 1 1 2 2 0 2 1 2 1 1 0 0 1 1 1 1 1 1 1 1 1 1 1 1 2 1 0 0
2 0 1 1 1 1 1 1 2 2 0 2 2 2 2 1 0 0 1 1 0 1 0 1 1 1 1 1 1 1 2 1 0 1
2 0 1 1 1 1 1 1 1 2 0 2 2 2 2 1 0 0 1 1 0 1 0 1 1 1 1 1 1 1 2 1 0 1
2 0 1 1 1 1 1 1 1 2 0 2 1 2 1 1 0 0 1 1 0 1 0 1 1 1 1 1 1 1 2 1 0 1
2 0 1 1 1 1 1 1 1 2 0 2 1 2 1 1 0 0 1 1 0 1 0 1 1 1 1 1 1 1 2 1 0 1
2 0 1 1 1 1 1 1 1 2 0 1 1 1 1 1 0 0 1 1 0 1 0 1 1 1 1 1 1 1 1 1 0 0
2 0 1 1 1 1 1 1 1 2 0 1 1 1 1 1 0 0 1 1 0 1 0 1 1 1 1 1 1 1 1 1 0 0
2 0 1 1 1 1 1 1 1 2 0 1 1 1 1 1 0 0 1 1 0 1 0 1 1 1 1 1 1 1 1 1 0 0
2 0 1 1 1 1 1 1 2 2 0 1 1 1 1 1 0 0 1 1 0 1 0 1 1 1 1 1 0 1 1 1 0 0
2 0 1 1 1 1 1 1 1 2 0 2 1 2 1 1 0 0 1 1 0 1 0 1 1 1 1 1 0 1 2 1 0 0
2 0 1 1 1 1 1 1 2 2 0 2 1 2 1 1 0 0 1 1 0 1 0 1 1 1 1 1 1 1 2 1 0 0
2 0 1 1 1 1 1 1 2 2 0 2 1 2 2 1 0 0 1 1 0 1 0 1 1 1 1 1 1 1 2 1 0 1
2 0 1 1 1 1 1 1 2 2 0 2 2 2 2 1 0 0 1 1 0 1 0 1 1 1 1 1 1 1 2 1 0 1
2 0 1 1 1 1 1 1 1 2 0 2 2 2 2 1 0 0 1 1 0 1 0 1 1 1 1 1 1 1 2 1 0 1
2 0 1 1 1 1 1 1 1 2 0 2 1 2 1 1 0 0 1 1 0 1 0 1 1 1 1 1 1 1 2 1 0 1
2 0 1 1 1 1 1 1 2 2 0 1 1 1 1 1 0 0 1 1 0 1 0 1 1 1 1 1 1 1 1 1 0 1
2 0 1 1 0 1 1 1 1 2 0 1 1 1 1 1 0 0 1 1 0 1 0 1 1 1 1 1 1 1 1 1 0 0
2 0 1 1 0 1 1 1 1 2 0 1 1 1 1 1 0 0 1 1 0 1 0 1 1 1 1 1 0 1 1 1 0 0
2 0 1 1 1 1 1 1 1 2 0 1 1 1 1 1 0 0 1 1 0 1 0 1 1 1 1 1 1 1 1 1 0 0
2 0 1 1 1 1 1 1 1 2 0 2 1 2 1 1 0 0 1 1 0 1 0 1 1 1 1 1 0 1 2 1 0 0
2 0 1 1 1 1 1 1 1 2 0 2 1 2 1 1 0 0 1 1 1 1 1 1 1 1 1 1 1 1 2 1 0 0
2 0 1 1 1 1 1 1 1 2 0 2 1 2 2 1 0 0 1 1 0 1 0 1 1 1 1 1 1 1 2 1 0 0
2 0 1 1 1 1 1 1 2 2 0 2 1 2 2 1 0 0 1 1 0 1 0 1 1 1 1 1 1 1 2 1 0 1
2 0 1 1 1 1 1 1 2 2 0 2 2 2 2 1 0 0 1 1 0 1 0 1 1 1 1 1 1 1 2 1 0 1
2 0 1 1 1 1 1 1 1 2 0 2 1 2 1 1 0 0 1 1 0 1 0 1 1 1 1 1 1 1 1 1 0 0
2 0 1 1 1 1 1 1 1 2 0 2 1 2 1 1 0 0 1 1 0 1 0 1 1 1 1 1 1 1 1 1 0 1
2 0 1 1 1 1 1 1 1 2 0 1 1 1 1 1 0 0 1 1 0 1 0 1 1 1 1 1 1 1 1 1 0 0
2 0 1 1 1 1 1 1 1 2 0 1 1 1 1 1 0 0 1 1 0 1 0 1 1 1 1 1 1 1 1 1 0 0
2 0 1 1 1 1 1 1 1 2 0 1 1 1 1 0 0 0 1 1 0 1 0 1 1 1 1 1 0 1 1 1 0 0
2 0 1 1 0 1 1 1 1 2 0 2 1 2 1 0 0 0 1 1 0 1 0 1 1 1 1 1 0 1 1 1 0 0
2 0 1 1 1 1 1 1 1 2 0 2 1 2 1 1 0 0 1 1 0 1 0 1 1 1 1 1 0 1 2 1 0 0
2 0 1 1 1 1 1 1 1 2 0 2 1 2 2 1 0 0 1 1 0 1 0 1 1 1 1 1 1 1 2 1 0 1
2 0 1 1 1 1 1 1 2 2 0 2 2 2 2 1 0 0 1 1 0 1 0 1 1 1 1 1 1 1 2 1 0 1
2 0 1 1 1 1 1 1 1 2 0 2 1 2 1 1 0 0 1 1 0 1 0 1 1 1 1 1 1 1 2 1 0 1
2 0 1 1 1 1 1 1 1 2 0 2 1 2 1 1 0 0 1 1 0 1 0 1 1 1 1 1 1 1 2 1 0 1
2 0 1 1 1 1 1 1 1 2 0 1 1 1 1 1 0 0 1 1 0 1 0 1 1 1 1 1 1 1 1 1 0 0
2 0 1 1 1 1 1 1 1 2 0 1 1 1 1 1 0 0 1 1 0 1 0 1 1 1 1 1 1 1 1 1 0 0
2 0 1 1 1 1 1 1 1 2 0 1 1 1 1 1 0 0 1 1 1 1 1 1 1 1 1 1 0 1 1 1 0 0
2 0 1 1 1 1 1 1 1 2 0 2 1 1 1 1 0 0 1 1 0 1 0 1 1 1 1 1 1 1 1 1 0 0
2 0 1 1 1 1 1 1 1 2 0 1 1 1 1 1 0 0 1 1 0 1 1 1 1 1 1 1 1 1 1 1 0 0
2 0 1 1 1 1 1 1 2 2 0 2 2 2 1 1 0 0 1 1 0 1 0 1 1 1 1 1 1 1 2 1 0 0
2 0 1 1 1 1 1 1 2 2 0 2 1 2 1 1 0 0 1 1 1 1 1 1 1 1 1 1 0 1 2 1 0 0
2 0 1 1 1 1 1 1 2 2 0 2 1 2 1 1 0 0 1 1 1 1 1 1 1 1 1 1 1 1 2 1 0 1
2 0 1 1 1 1 1 1 2 2 0 2 2 2 2 1 0 0 1 1 1 1 1 1 1 1 1 1 1 1 2 1 0 1
2 0 1 1 1 1 1 1 2 2 0 1 1 1 1 1 0 0 1 1 1 1 1 1 1 1 1 1 1 1 1 1 0 0
2 0 1 1 1 1 1 1 1 2 0 1 1 1 1 1 0 0 1 1 0 1 1 1 1 1 1 1 1 1 1 1 0 1
2 0 1 1 1 1 1 1 1 2 0 1 1 1 1 1 0 0 1 1 1 1 1 1 1 1 1 1 1 1 1 1 0 0
2 0 1 1 1 1 1 1 2 2 0 1 1 1 1 1 0 0 1 1 1 1 1 1 1 1 1 1 1 1 1 1 0 0
2 0 1 1 1 1 1 1 1 2 0 1 1 1 1 1 0 0 1 1 1 1 1 1 1 1 1 1 0 1 1 1 0 0
2 0 1 1 1 1 1 1 1 2 0 2 1 2 1 1 0 0 1 1 1 1 1 1 1 1 1 1 1 1 2 1 0 0
2 0 1 1 1 1 1 1 1 2 0 2 1 2 1 1 0 0 1 1 1 1 1 1 1 1 1 1 1 1 2 1 0 0
2 0 1 1 1 1 1 1 1 2 0 2 2 2 2 1 0 0 1 1 0 1 0 1 1 1 1 1 1 1 2 1 0 0
2 0 1 1 1 1 1 1 2 2 0 2 2 2 2 1 0 0 1 1 0 1 1 1 1 1 1 1 1 1 2 1 0 1
2 0 1 1 1 1 1 1 1 2 0 2 1 2 1 1 0 0 1 1 0 1 1 1 1 1 1 1 1 1 2 1 0 1
2 0 1 1 1 1 1 1 2 2 0 2 1 2 1 1 0 0 1 1 1 1 1 1 1 1 1 1 1 1 2 1 0 1
2 0 1 1 1 1 1 1 2 2 0 1 1 1 1 1 0 0 1 1 1 1 1 1 1 1 1 1 1 1 1 1 0 0
2 0 1 1 1 1 1 1 1 2 0 1 1 1 1 1 0 0 1 1 1 1 1 1 1 1 1 1 1 1 1 1 0 0
2 0 1 1 1 1 1 1 2 2 0 1 1 1 1 1 0 0 1 1 1 1 1 1 1 1 1 1 1 1 1 1 0 0
2 0 1 1 1 1 1 1 2 2 0 1 1 1 1 1 0 0 1 1 1 1 1 1 1 1 1 1 1 1 1 1 0 0
2 0 1 1 1 1 1 1 1 2 0 1 1 1 1 0 0 0 1 1 0 1 0 1 1 1 1 1 1 1 1 1 0 0
2 0 1 1 1 1 1 1 1 2 0 2 1 2 1 1 0 0 1 1 0 1 0 1 1 1 1 1 0 1 2 1 0 0
2 0 1 1 1 1 1 1 1 2 0 2 1 2 1 1 0 0 1 1 0 1 0 1 1 1 1 1 0 1 2 1 0 0
2 0 1 1 1 1 1 1 2 2 0 2 1 2 1 1 0 0 1 1 0 1 0 1 1 1 1 1 1 1 2 1 0 1
2 0 1 1 1 1 1 1 2 2 0 2 1 2 1 1 0 0 1 1 0 1 0 1 1 1 1 1 1 1 2 1 0 0
2 0 1 1 1 1 1 1 2 2 0 1 1 1 1 1 0 0 1 1 0 1 1 1 1 1 1 1 1 1 1 1 0 0
2 0 1 1 1 1 1 1 2 2 0 1 1 1 1 1 0 0 1 1 1 1 0 1 1 1 1 1 1 1 1 1 0 0
2 0 1 1 1 1 1 1 2 2 0 1 1 1 1 1 0 0 1 1 0 1 0 1 1 1 1 1 1 1 1 1 0 0
2 0 1 1 1 1 1 1 2 2 0 1 1 1 1 0 0 0 1 1 0 1 0 1 1 1 1 1 1 1 1 1 0 0
2 0 1 1 1 1 1 1 2 2 0 1 1 1 1 0 0 0 1 1 1 1 1 1 1 1 1 1 1 1 1 1 0 0
2 0 1 1 1 1 1 1 1 2 0 1 1 1 1 0 0 0 1 1 0 1 0 1 1 1 1 1 0 1 1 1 0 0
2 0 1 1 0 1 1 1 1 2 0 2 1 1 1 0 0 0 1 1 0 1 0 1 1 1 1 1 0 1 1 1 0 0
2 0 1 1 0 1 1 1 1 2 0 2 1 2 1 0 0 0 1 1 0 1 0 1 1 1 1 1 0 1 2 1 0 0
2 0 1 1 0 1 1 1 1 2 0 1 1 1 1 0 0 0 1 1 0 1 0 1 1 1 1 0 0 1 1 1 0 0
2 0 1 1 0 1 1 1 1 2 0 1 1 1 1 1 0 0 1 1 0 1 0 1 1 1 1 1 0 1 1 1 0 0
2 0 1 1 0 1 1 1 1 2 0 1 1 1 1 1 0 0 1 1 0 1 0 1 1 1 1 1 1 1 1 1 0 1
2 0 1 1 1 1 1 1 1 2 0 1 1 1 1 1 0 0 1 1 1 1 0 1 1 1 1 1 0 1 1 1 0 0
2 0 1 1 1 1 1 1 2 2 0 1 1 1 1 0 0 0 1 1 1 1 1 1 1 1 1 1 1 1 1 1 0 0
2 0 1 1 1 1 1 1 2 2 0 1 1 1 1 0 0 0 1 1 1 1 0 1 1 1 1 1 0 1 1 1 0 0
2 0 1 1 1 1 1 1 2 2 0 1 1 1 1 1 0 0 1 1 1 1 1 1 1 1 1 1 1 1 1 1 0 0
2 0 1 1 1 1 1 1 2 2 0 1 1 1 1 1 0 0 1 1 0 1 0 1 1 1 1 1 0 1 1 1 0 0
2 0 1 1 1 1 1 1 2 2 0 2 1 2 1 1 0 0 1 1 0 1 1 1 1 1 1 1 1 1 2 1 0 0
2 0 1 1 1 1 1 1 2 2 0 2 1 2 1 1 0 0 1 1 0 1 0 1 1 1 1 1 1 1 2 1 0 0
2 0 1 1 1 1 1 1 1 2 0 1 1 1 1 0 0 0 1 1 0 1 0 1 1 1 1 1 0 1 1 1 0 0
2 0 1 1 1 1 1 1 1 2 0 1 1 1 1 1 0 0 1 1 0 1 0 1 1 1 1 1 1 1 1 1 0 0
2 0 1 1 1 1 1 1 2 2 0 1 1 1 1 1 0 0 1 1 0 1 0 1 1 1 1 1 1 1 1 1 0 0
2 0 1 1 1 1 1 1 2 2 0 1 1 1 1 1 0 0 1 1 0 1 0 1 1 1 1 1 1 1 1 1 0 1
2 0 1 1 1 1 1 1 2 2 0 1 1 1 1 1 0 0 1 1 0 1 0 1 1 1 1 1 1 1 1 1 0 0
2 0 1 1 1 1 1 1 2 2 0 1 1 1 1 1 0 0 1 1 0 1 0 1 1 1 1 1 0 1 1 1 0 0
2 0 1 1 1 1 1 1 2 2 0 1 1 1 1 0 0 0 1 1 0 1 1 1 1 1 1 1 0 1 1 1 0 0
2 0 1 1 1 1 1 1 2 2 0 1 1 1 1 0 0 0 1 1 1 1 0 1 1 1 1 1 0 1 1 1 0 0
2 0 1 1 1 1 1 1 2 2 0 2 1 1 1 1 0 0 1 1 0 1 0 1 1 1 1 1 1 1 1 1 0 0
2 0 1 1 1 1 1 1 2 2 0 1 1 1 1 1 0 0 1 1 0 1 0 1 1 1 1 1 1 1 1 1 0 0
2 0 1 1 1 1 1 1 2 2 0 1 1 1 1 1 0 0 1 1 0 1 0 1 1 1 1 1 0 1 1 1 0 0
2 0 1 1 1 1 1 1 1 2 0 1 1 1 1 1 0 0 1 1 0 1 0 1 1 1 1 1 1 1 1 1 0 1
2 0 1 1 1 1 1 1 1 2 0 1 1 1 1 1 0 0 1 1 0 1 0 1 1 1 1 1 1 1 1 1 0 1
2 0 1 1 1 1 1 1 1 2 0 1 1 1 1 1 0 0 1 1 0 1 0 1 1 1 1 1 1 1 1 1 0 0
2 0 1 1 1 1 1 1 1 2 0 1 1 1 1 1 0 0 1 1 0 1 0 1 1 1 1 1 1 1 1 1 0 0
2 0 1 1 1 1 1 1 1 2 0 1 1 1 1 1 0 0 1 1 0 1 0 1 1 1 1 1 0 1 1 1 0 0
2 0 1 1 1 1 1 1 1 2 0 1 1 1 1 0 0 0 1 1 0 1 0 1 1 1 1 1 0 1 1 1 0 0
2 0 1 1 1 1 1 1 2 2 0 1 1 1 1 0 0 0 1 1 0 1 0 1 1 1 1 1 0 1 1 1 0 0
2 0 1 1 1 1 1 1 1 2 0 1 1 1 1 1 0 0 1 1 0 1 1 1 1 1 1 1 1 1 1 1 0 0
2 0 1 1 1 1 1 1 1 2 0 1 1 1 1 1 0 0 1 1 0 1 0 1 1 1 1 1 0 1 1 1 0 0
2 0 1 1 1 1 1 1 2 2 0 2 1 1 1 1 0 0 1 1 0 1 0 1 1 1 1 1 1 1 1 1 0 0
2 0 1 1 1 1 1 1 1 2 0 2 1 1 1 1 0 0 1 1 0 1 0 1 1 1 1 1 1 1 1 1 0 0
2 0 1 1 1 1 1 1 2 2 0 1 1 1 1 1 0 0 1 1 0 1 0 1 1 1 1 1 1 1 1 1 0 0
2 0 1 1 1 1 1 1 1 2 0 1 1 1 1 1 0 0 1 1 0 1 0 1 1 1 1 0 0 1 1 1 0 0
2 0 1 1 0 1 1 1 1 2 0 1 1 1 1 1 0 0 1 1 0 1 0 1 1 1 1 1 0 1 1 1 0 0
2 0 1 1 1 1 1 1 1 2 0 1 1 1 1 1 0 0 1 1 0 1 0 1 1 1 1 1 0 1 1 1 0 0
2 0 1 1 1 1 1 1 1 2 0 1 1 1 1 0 0 0 1 1 0 1 0 1 1 1 1 0 0 1 1 0 0 0
2 0 1 1 0 1 1 1 1 2 0 1 1 1 1 0 0 0 1 1 0 1 0 1 1 1 1 0 0 1 1 0 0 0
2 0 1 1 1 1 1 1 1 2 0 1 1 1 1 0 0 0 1 1 0 1 0 1 1 1 1 0 0 1 1 0 0 0
2 0 1 1 1 1 1 1 1 2 0 2 1 1 1 1 0 0 1 1 0 1 0 1 1 1 1 1 0 1 1 1 0 0
2 0 1 1 1 1 1 1 2 2 0 1 1 1 1 1 0 0 1 1 0 1 0 1 1 1 1 1 0 1 1 1 0 0
2 0 1 1 1 1 1 1 2 2 0 2 1 2 1 1 0 0 1 1 0 1 0 1 1 1 1 1 1 1 2 1 0 1
2 0 1 1 1 1 1 1 1 2 0 1 1 1 1 1 0 0 1 1 0 1 0 1 1 1 1 0 0 1 1 1 0 0
2 0 1 1 1 1 1 1 1 2 0 1 1 1 1 1 0 0 1 1 0 1 0 1 1 1 1 1 0 1 1 1 0 0
2 0 1 1 0 1 1 1 1 2 0 1 1 1 1 1 0 0 1 1 0 1 0 1 1 1 1 1 0 1 1 1 0 0
2 0 1 1 1 1 1 1 1 2 0 1 1 1 1 0 0 0 1 1 0 1 0 1 1 1 1 0 0 1 1 1 0 0
2 0 1 1 0 1 1 1 1 2 0 1 1 1 1 0 0 0 1 1 0 1 0 1 1 1 1 0 0 1 1 0 0 0
2 0 1 1 1 1 1 1 1 2 0 1 1 1 1 0 0 0 1 1 0 0 0 1 1 1 1 0 0 1 1 0 0 0
2 0 1 1 0 1 1 1 1 2 0 1 1 1 1 0 0 0 1 1 0 1 0 1 1 1 1 0 0 1 1 1 0 0
2 0 1 1 1 1 1 1 1 2 0 1 1 1 1 0 0 0 1 1 0 1 0 1 1 1 1 0 0 1 1 0 0 0
2 0 1 1 1 1 1 1 1 2 0 1 1 1 1 1 0 0 1 1 0 1 0 1 1 1 1 1 0 1 1 1 0 0
2 0 1 1 1 1 1 1 2 2 0 2 1 1 1 1 0 0 1 1 0 1 0 1 1 1 1 1 1 1 1 1 0 0
2 0 1 1 1 1 1 1 1 2 0 1 1 1 1 1 0 0 1 1 0 1 0 1 1 1 1 1 1 1 1 1 0 0
2 0 1 1 1 1 1 1 2 2 0 1 1 1 1 1 0 0 1 1 0 1 0 1 1 1 1 1 0 1 1 1 0 0
2 0 1 1 1 1 1 1 1 2 0 1 1 1 1 1 0 0 1 1 0 1 0 1 1 1 1 1 0 1 1 1 0 0
2 0 1 1 0 1 1 1 1 2 0 1 1 1 1 0 0 0 1 1 0 1 0 1 1 1 1 0 0 1 1 1 0 0
2 0 1 1 0 1 1 1 1 2 0 1 1 1 1 0 0 0 1 1 0 1 0 1 1 1 1 1 0 1 1 1 0 0
2 0 1 1 0 1 1 1 1 2 0 1 1 1 1 0 0 0 1 1 0 1 0 1 1 1 1 1 0 1 1 1 0 0
2 0 1 1 0 1 1 1 1 2 0 1 1 1 1 0 0 0 1 1 0 1 0 1 1 1 1 0 0 1 1 0 0 0
2 0 1 1 0 1 1 1 1 2 0 1 1 1 1 0 0 0 1 1 0 1 0 1 1 1 1 1 0 1 1 1 0 0
2 0 1 1 0 1 1 1 2 2 0 1 1 1 1 1 0 0 1 1 0 1 0 1 1 1 1 1 0 1 1 1 0 0
2 0 1 1 1 1 1 1 2 2 0 1 1 1 1 1 0 0 1 1 0 1 0 1 1 1 1 1 1 1 1 1 0 0
2 0 1 1 1 1 1 1 2 2 0 1 1 1 1 1 0 0 1 1 0 1 0 1 1 1 1 1 1 1 1 1 0 0
2 0 1 1 1 1 1 1 2 2 0 1 1 1 1 1 0 0 1 1 0 1 0 1 1 1 1 1 1 1 1 1 0 0
2 0 1 1 1 1 1 1 2 2 0 1 1 1 1 1 0 0 1 1 0 1 0 1 1 1 1 1 1 1 1 1 0 0
2 0 1 1 1 1 1 1 1 2 0 1 1 1 1 0 0 0 1 1 0 1 0 1 1 1 1 1 0 1 1 1 0 0
2 0 1 1 1 1 1 1 2 2 0 1 1 1 1 1 0 0 1 1 1 1 1 1 1 1 1 1 1 1 1 1 0 0
2 0 1 1 0 1 1 1 1 2 0 1 1 1 1 0 0 0 1 1 0 1 0 1 1 1 1 0 0 1 1 0 0 0
2 0 1 1 0 1 1 1 1 2 0 1 1 1 1 0 0 0 1 1 0 1 0 1 1 1 1 0 0 1 1 0 0 0
2 0 1 1 0 1 1 1 1 2 0 1 1 1 1 0 0 0 1 1 0 1 0 1 1 1 1 1 0 1 1 1 0 0
2 0 1 1 0 1 1 1 1 2 0 2 1 1 1 1 0 0 1 1 0 1 0 1 1 1 1 1 1 1 2 1 0 0
2 0 1 1 1 1 1 1 1 2 0 1 1 1 1 1 0 0 1 1 0 1 0 1 1 1 1 1 1 1 1 1 0 1
2 0 1 1 1 1 1 1 1 2 0 1 1 1 1 1 0 0 1 1 0 1 0 1 1 1 1 1 1 1 1 1 0 1
2 0 1 1 1 1 1 1 2 2 0 1 1 1 1 1 0 0 1 1 1 1 0 1 1 1 1 1 1 1 1 1 0 1
2 0 1 1 1 1 1 1 2 2 0 1 1 1 1 1 0 0 1 1 1 1 1 1 1 1 1 1 1 1 1 1 1 0
2 0 1 1 1 1 1 1 1 2 0 1 1 1 1 0 0 0 1 1 0 1 0 1 1 1 1 1 0 1 1 1 0 0
2 0 1 1 1 1 1 1 2 2 0 1 1 1 1 0 0 0 1 1 0 1 0 1 1 1 1 1 1 1 1 1 0 0
2 0 1 1 1 1 1 1 2 2 0 1 1 1 1 1 0 0 1 1 0 1 0 1 1 1 1 1 1 1 1 1 0 0
2 0 1 1 1 1 1 1 1 2 0 1 1 1 1 0 0 0 1 1 0 1 0 1 1 1 1 0 0 1 1 0 0 0
2 0 1 1 1 1 1 1 1 2 0 1 1 1 1 0 0 0 1 1 0 1 0 1 1 1 1 1 0 1 1 1 0 0
2 0 1 1 0 1 1 1 1 2 0 1 1 1 1 1 0 0 1 1 0 1 0 1 1 1 1 1 0 1 1 1 0 0
2 0 1 1 1 1 1 1 1 2 0 1 1 1 1 0 0 0 1 1 0 1 0 1 1 1 1 1 0 1 1 1 0 0
2 0 1 1 1 1 1 1 2 2 0 1 1 1 1 1 0 0 1 1 0 1 0 1 1 1 1 1 1 1 1 1 0 0
2 0 1 1 1 1 1 1 1 2 0 1 1 1 1 0 0 0 1 1 0 1 0 1 1 1 1 1 0 1 1 1 0 0
2 0 1 1 1 1 1 1 1 2 0 1 1 1 1 0 0 0 1 1 0 1 0 1 1 1 1 1 0 1 1 1 0 0
2 0 1 1 1 1 1 1 2 2 0 1 1 1 1 0 0 0 1 1 0 1 0 1 1 1 1 0 0 1 1 0 0 0
2 0 1 1 1 1 1 1 2 2 0 1 1 1 1 1 0 0 1 1 0 1 0 1 1 1 1 1 1 1 1 1 0 0
2 0 1 1 1 1 1 1 1 2 0 1 1 1 1 0 0 0 1 1 0 1 0 1 1 1 1 1 0 1 1 1 0 0
2 0 1 1 1 1 1 1 1 2 0 1 1 1 1 0 0 0 1 1 0 1 0 1 1 1 1 1 0 1 1 1 0 0
2 0 1 1 0 1 1 1 1 2 0 1 1 1 1 0 0 0 1 1 0 1 0 1 1 1 1 1 0 1 1 1 0 0
2 0 1 1 1 1 1 1 1 2 0 1 1 1 1 1 0 0 1 1 0 1 0 1 1 1 1 1 1 1 1 1 0 0
2 0 1 1 0 1 1 1 1 2 0 1 1 1 1 1 0 0 1 1 0 1 0 1 1 1 1 1 1 1 1 1 0 0
2 0 1 1 1 1 1 1 1 2 0 1 1 1 1 0 0 0 1 1 0 1 0 1 1 1 1 0 0 1 1 1 0 0
2 0 1 1 0 1 1 1 1 2 0 1 1 1 1 1 0 0 1 1 0 1 0 1 1 1 1 1 1 1 1 1 0 0
2 0 1 1 0 1 1 1 1 2 0 1 1 1 1 1 0 0 1 1 0 1 0 1 1 1 1 1 1 1 1 1 0 0
2 0 1 1 1 1 1 2 2 2 0 1 1 1 1 1 0 0 1 1 1 1 1 1 1 1 1 1 1 1 1 1 0 0
2 0 1 1 1 1 1 1 2 2 0 1 1 1 1 0 0 0 1 1 0 1 0 1 1 1 1 1 0 1 1 1 0 0
2 0 1 1 1 1 1 1 2 2 0 1 1 1 1 0 0 0 1 1 0 1 0 1 1 1 1 1 1 1 1 1 0 0
2 0 1 1 1 1 1 1 2 2 0 1 1 1 1 1 0 0 1 1 1 1 0 1 1 1 1 1 1 1 1 1 0 0
2 0 1 1 1 1 1 1 2 2 0 2 1 2 1 1 0 0 1 1 0 1 0 1 1 1 1 1 1 1 1 1 0 1
2 0 1 1 1 1 1 1 2 2 0 1 1 1 1 1 0 0 1 1 0 1 0 1 1 1 1 1 1 1 1 1 0 0
2 0 1 1 0 1 1 1 1 2 0 1 1 1 1 1 0 0 1 1 0 1 0 1 1 1 1 1 1 1 1 1 0 0
2 0 1 1 0 1 1 1 1 2 0 1 1 1 1 1 0 0 1 1 0 1 0 1 1 1 1 1 0 1 1 1 0 0
2 0 1 1 0 1 1 1 1 2 0 1 1 1 1 0 0 0 1 1 0 1 0 1 1 1 1 1 0 1 1 1 0 0
2 0 1 1 0 1 1 1 1 2 0 1 1 1 1 1 0 0 1 1 0 1 0 1 1 1 1 1 1 1 1 1 0 0
2 0 1 1 0 1 1 1 1 2 0 1 1 1 1 1 0 0 1 1 0 1 0 1 1 1 1 1 1 1 1 1 0 0
2 0 1 1 0 1 1 1 1 2 0 1 1 1 1 0 0 0 1 1 0 0 0 1 1 1 1 1 0 1 1 0 0 0
2 0 1 1 0 1 1 1 2 2 0 1 1 1 1 0 0 0 1 1 0 1 0 1 1 1 1 1 0 1 1 1 0 0
2 0 1 1 1 1 1 1 1 2 0 1 1 1 1 1 0 0 1 1 0 1 1 1 1 1 1 1 0 1 1 1 0 0
2 0 1 1 1 1 1 1 1 2 0 1 1 1 1 1 0 0 1 1 0 1 0 1 1 1 1 1 1 1 1 1 0 0
2 0 1 1 1 1 1 1 1 2 0 1 1 1 1 1 0 0 1 1 0 1 0 1 1 1 1 1 1 1 1 1 0 0
2 0 1 1 1 1 1 1 2 2 0 1 1 1 1 1 0 0 1 1 0 1 0 1 1 1 1 1 1 1 1 1 0 0
2 0 1 1 1 1 1 1 1 2 0 1 1 1 1 1 0 0 1 1 0 1 0 1 1 1 1 1 1 1 1 1 0 0
2 0 1 1 1 1 1 1 1 2 0 1 1 1 1 1 0 0 1 1 0 1 0 1 1 1 1 1 1 1 1 1 0 0
2 0 1 1 1 1 1 1 1 2 0 1 1 1 1 0 0 0 1 1 0 1 0 1 1 1 1 1 0 1 1 1 0 0
2 0 1 1 1 1 1 1 1 2 0 1 1 1 1 0 0 0 1 1 0 1 0 1 1 1 1 1 0 1 1 1 0 0
2 0 1 1 1 1 1 1 1 2 0 1 1 1 1 0 0 0 1 1 0 1 0 1 1 1 1 1 0 1 1 1 0 0
2 0 1 1 1 1 1 1 1 2 0 1 1 1 1 0 0 0 1 1 0 1 0 1 1 1 1 1 0 1 1 1 0 0
2 0 1 1 1 1 1 1 2 2 0 1 1 1 1 1 0 0 1 1 1 1 0 1 1 1 1 1 1 1 1 1 0 0
2 0 1 1 1 1 1 1 1 2 0 1 1 1 1 1 0 0 1 1 0 1 1 1 1 1 1 1 1 1 1 1 0 0
2 0 1 1 1 1 1 1 1 2 0 1 1 1 1 1 0 0 1 1 0 1 1 1 1 1 1 1 1 1 1 1 0 0
2 0 1 1 1 1 1 1 1 2 0 1 1 1 1 1 0 0 1 1 0 1 1 1 1 1 1 1 1 1 1 1 0 0
2 0 1 1 1 1 1 1 2 2 0 1 1 1 1 1 0 0 1 1 0 1 0 1 1 1 1 1 1 1 1 1 0 0
2 0 2 2 1 1 1 2 2 3 0 2 1 1 1 1 0 0 1 1 1 1 1 1 1 1 1 1 1 1 1 1 1 1
2 0 1 1 1 1 1 1 2 2 0 1 1 1 1 1 0 0 1 1 0 1 0 1 1 1 1 1 1 1 1 1 0 0
2 0 1 1 1 1 1 1 2 2 0 1 1 1 1 0 0 0 1 1 0 1 0 1 1 1 1 1 0 1 1 1 0 0
2 0 1 1 1 1 1 1 1 2 0 1 1 1 1 0 0 0 1 1 0 1 0 1 1 1 1 1 0 1 1 1 0 0
2 0 1 1 1 1 1 1 1 2 0 1 1 1 1 0 0 0 1 1 0 1 0 1 1 1 1 1 0 1 1 1 0 0
2 0 1 1 1 1 1 1 1 2 0 1 1 1 1 0 0 0 1 1 0 1 0 1 1 1 1 1 0 1 1 1 0 0
2 0 1 1 1 1 1 1 1 2 0 1 1 1 1 0 0 0 1 1 0 1 0 1 1 1 1 1 0 1 1 1 0 0
2 0 1 1 1 1 1 1 2 2 0 1 1 1 1 1 0 0 1 1 0 1 0 1 1 1 1 1 1 1 1 1 0 0
2 0 1 1 1 1 1 1 2 2 0 1 1 1 1 1 0 0 1 1 0 1 0 1 1 1 1 1 0 1 1 1 0 0
2 0 1 1 1 1 1 1 2 2 0 1 1 1 1 1 0 0 1 1 0 1 0 1 1 1 1 1 1 1 1 1 0 0
2 0 1 1 1 1 1 1 1 2 0 1 1 1 1 1 0 0 1 1 0 1 0 1 1 1 1 1 1 1 1 1 0 0
2 0 1 1 1 1 1 1 1 2 0 1 1 1 1 0 0 0 1 1 0 1 0 1 1 1 1 0 0 1 1 1 0 0
2 0 1 1 1 1 1 1 1 2 0 1 1 1 1 1 0 0 1 1 0 1 0 1 1 1 1 1 0 1 1 1 0 0
2 0 1 1 1 1 1 1 1 2 0 1 1 1 1 0 0 0 1 1 0 1 0 1 1 1 1 0 0 1 1 0 0 0
2 0 1 1 1 1 1 1 1 2 0 1 1 1 1 0 0 0 1 1 1 1 0 1 1 1 1 1 0 1 1 0 0 0
2 0 1 1 1 1 1 1 1 2 0 1 1 1 1 0 0 0 1 1 0 1 0 1 1 1 1 1 0 1 1 1 0 0
2 0 1 1 1 1 1 1 1 2 0 1 1 1 1 0 0 0 1 1 0 1 0 1 1 1 1 0 0 1 1 1 0 0
2 0 1 1 1 1 1 1 2 2 0 2 1 2 1 1 0 0 1 1 0 1 0 1 1 1 1 1 1 1 2 1 0 0
2 0 1 1 1 1 1 1 1 2 0 1 1 1 1 1 0 0 1 1 1 1 0 1 1 1 1 0 0 1 1 1 0 0
2 0 1 1 1 1 1 1 1 2 0 1 1 1 1 1 0 0 1 1 0 1 0 1 1 1 1 1 1 1 1 1 0 0
2 0 1 1 1 1 1 1 2 2 0 1 1 1 1 0 0 0 1 1 0 1 0 1 1 1 1 1 0 1 1 1 0 0
2 0 1 1 1 1 1 1 2 2 0 1 1 1 1 0 0 0 1 1 0 1 0 1 1 1 1 0 0 1 1 1 0 0
2 0 1 1 1 1 1 1 1 2 0 1 1 1 1 0 0 0 1 1 0 1 0 1 1 1 1 1 0 1 1 1 0 0
2 0 1 1 1 1 1 1 2 2 0 1 1 1 1 0 0 0 1 1 0 1 0 1 1 1 1 0 0 1 1 1 0 0
2 0 1 1 0 1 1 1 1 2 0 1 1 1 1 0 0 0 1 1 0 0 0 1 1 1 1 0 0 1 1 0 0 0
2 0 1 1 0 1 1 1 1 2 0 1 1 1 1 0 0 0 1 1 0 1 0 1 1 1 1 0 0 1 1 1 0 0
2 0 1 1 1 1 1 1 2 2 0 2 1 2 1 1 0 0 1 1 0 1 0 1 1 1 1 1 1 1 1 1 0 0
2 0 1 1 0 1 1 1 1 2 0 1 1 1 1 1 0 0 1 1 0 1 0 1 1 1 1 1 0 1 1 1 0 0
2 0 1 1 0 1 1 1 1 2 0 1 1 1 1 1 0 0 1 1 0 1 0 1 1 1 1 0 0 1 1 1 0 0
2 0 1 1 1 1 1 1 2 2 0 1 1 1 1 1 0 0 1 1 0 1 0 1 1 1 1 1 1 1 1 1 0 0
2 0 1 1 1 1 1 1 2 2 0 1 1 1 1 1 0 0 1 1 1 1 0 1 1 1 1 1 1 1 1 1 0 1
2 0 1 1 1 1 1 1 1 2 0 1 1 1 1 1 0 0 1 1 1 1 0 1 1 1 1 1 1 1 1 1 0 0
2 0 1 1 1 1 1 1 1 2 0 1 1 1 1 1 0 0 1 1 0 1 0 1 1 1 1 1 0 1 1 1 0 0
2 0 1 1 1 1 1 1 1 2 0 1 1 1 1 1 0 0 1 1 1 1 0 1 1 1 1 1 0 1 1 1 0 0
2 0 1 1 1 1 1 1 1 2 0 1 1 1 1 1 0 0 1 1 0 1 0 1 1 1 1 1 0 1 1 1 0 0
2 0 1 1 1 1 1 1 1 2 0 1 1 1 1 0 0 0 1 1 0 1 0 1 1 1 1 0 0 1 1 1 0 0
2 0 1 1 0 1 1 1 1 2 0 1 1 1 1 1 0 0 1 1 0 1 0 1 1 1 1 0 0 1 1 1 0 0
2 0 1 1 1 1 1 1 1 2 0 1 1 1 1 1 0 0 1 1 0 1 0 1 1 1 1 1 0 1 1 1 0 0
2 0 1 1 0 1 1 1 1 2 0 1 1 1 1 1 0 0 1 1 0 1 0 1 1 1 1 0 0 1 1 1 0 0
2 0 1 1 0 1 1 1 1 2 0 1 1 1 1 1 0 0 1 1 0 1 0 1 1 1 1 1 1 1 1 1 0 0
2 0 1 1 0 1 1 1 1 2 0 1 1 1 1 1 0 0 1 1 0 1 0 1 1 1 1 1 0 1 1 1 0 0
2 0 1 1 1 1 1 1 1 2 0 1 1 1 1 1 0 0 1 1 0 1 0 1 1 1 1 1 1 1 1 1 0 0
2 0 1 1 1 1 1 1 2 2 0 1 1 1 1 1 0 0 1 1 1 1 1 1 1 1 1 1 1 1 1 1 1 0
2 0 1 1 1 1 1 1 1 2 0 1 1 1 1 1 0 0 1 1 1 1 0 1 1 1 1 1 1 1 1 1 0 0
2 0 1 1 1 1 1 1 1 2 0 1 1 1 1 1 0 0 1 1 0 1 0 1 1 1 1 1 0 1 1 1 0 0
2 0 1 1 1 1 1 1 1 2 0 1 1 1 1 0 0 0 1 1 1 1 0 1 1 1 1 0 0 1 1 1 0 0
2 0 1 1 0 1 1 1 1 2 0 1 1 1 1 1 0 0 1 1 0 1 0 1 1 1 1 0 0 1 1 1 0 0
2 0 1 1 0 1 1 1 1 2 0 1 1 1 1 1 0 0 1 1 0 1 0 1 1 1 1 1 1 1 1 1 0 0
2 0 1 1 1 1 1 1 1 2 0 1 1 1 1 0 0 0 1 1 0 1 0 1 1 1 1 1 0 1 1 1 0 0
2 0 1 1 0 1 1 1 1 2 0 1 1 1 1 0 0 0 1 1 0 1 0 1 1 1 1 0 1 1 1 1 0 0
2 0 1 1 1 1 1 1 1 2 0 1 1 1 1 0 0 0 1 1 0 1 0 1 1 1 1 0 0 1 1 1 0 0
2 0 1 1 1 1 1 1 1 2 0 1 1 1 1 1 0 0 1 1 0 1 0 1 1 1 1 1 1 1 1 1 0 0
2 0 1 1 1 1 1 1 2 2 0 1 1 1 1 1 0 0 1 1 0 1 0 1 1 1 1 1 1 1 1 1 0 0
2 0 1 1 1 1 1 1 1 2 0 1 1 1 1 0 0 0 1 1 0 1 0 1 1 1 1 0 0 1 1 1 0 0
2 0 1 1 1 1 1 1 1 2 0 1 1 1 1 0 0 0 1 1 0 1 0 1 1 1 1 0 0 1 1 1 0 0
2 0 1 1 1 1 1 1 1 2 0 1 1 1 1 0 0 0 1 1 0 1 0 1 1 1 1 0 0 1 1 1 0 0
2 0 1 1 1 1 1 1 2 2 0 2 1 2 1 1 0 0 1 1 0 1 0 1 1 1 1 1 1 1 1 1 0 0
2 0 1 1 0 1 1 1 1 2 0 1 1 1 1 0 0 0 1 1 0 1 0 1 1 1 1 0 0 1 1 1 0 0
2 0 1 1 0 1 1 1 1 2 0 1 1 1 1 0 0 0 1 1 0 1 0 1 1 1 1 0 0 1 1 1 0 0
2 0 1 1 0 1 1 1 1 2 0 1 1 1 1 0 0 0 1 1 0 1 0 1 1 1 1 0 0 1 1 1 0 0
2 0 1 1 0 1 1 1 1 2 0 1 1 1 1 0 0 0 1 1 0 1 0 1 1 1 1 0 0 1 1 1 0 0
2 0 1 1 0 1 1 1 1 2 0 1 1 1 1 0 0 0 1 1 0 1 0 1 1 1 1 0 0 1 1 1 0 0
2 0 1 1 0 1 1 1 1 2 0 1 1 1 1 0 0 0 1 1 0 1 0 1 1 1 1 0 0 1 1 1 0 0
2 0 1 1 1 1 1 1 2 2 0 1 1 1 1 0 0 0 1 1 0 0 0 1 1 1 1 0 0 1 1 0 0 0
2 0 1 1 1 1 1 1 2 2 0 1 1 1 1 0 0 0 1 1 0 1 0 1 1 1 1 1 0 1 1 1 0 0
2 0 1 1 1 1 1 1 2 2 0 1 1 1 1 0 0 0 1 1 1 1 0 1 1 1 1 1 0 1 1 1 0 0
2 0 1 1 1 1 1 1 2 2 0 1 1 1 1 1 0 0 1 1 1 1 0 1 1 1 1 1 0 1 1 1 0 0
2 0 1 1 1 1 1 1 2 2 0 1 1 1 1 1 0 0 1 1 0 1 1 1 1 1 1 1 1 1 1 1 0 0
2 0 1 1 1 1 1 1 2 2 0 1 1 1 1 1 0 0 1 1 0 1 0 1 1 1 1 1 1 1 1 1 0 0
2 0 1 1 0 1 1 1 2 2 0 2 1 1 1 1 0 0 1 1 0 1 0 1 1 1 1 1 1 1 1 1 0 0
2 0 1 1 1 1 1 1 1 2 0 1 1 1 1 1 0 0 1 1 0 1 0 1 1 1 1 1 1 1 1 1 0 0
2 0 1 1 1 1 1 1 1 2 0 1 1 1 1 1 0 0 1 1 0 1 0 1 1 1 1 1 1 1 1 1 0 0
2 0 1 1 1 1 1 1 2 2 0 1 1 1 1 1 0 0 1 1 0 1 0 1 1 1 1 1 1 1 1 1 0 0
2 0 1 1 1 1 1 1 2 2 0 1 1 1 1 1 0 0 1 1 0 1 0 1 1 1 1 1 1 1 1 1 0 0
2 0 1 1 1 1 1 1 1 2 0 1 1 1 1 0 0 0 1 1 0 1 0 1 1 1 1 1 0 1 1 1 0 0
2 0 1 1 1 1 1 1 2 2 0 1 1 1 1 1 0 0 1 1 0 1 1 1 1 1 1 1 1 1 1 1 0 0
2 0 1 1 1 1 1 1 2 2 0 1 1 1 1 1 0 0 1 1 1 1 1 1 1 1 1 1 0 1 1 1 0 0
2 0 1 1 1 1 1 1 2 2 0 1 1 1 1 1 0 0 1 1 0 1 1 1 1 1 1 1 0 1 1 1 0 0
2 0 1 1 1 1 1 1 2 2 0 1 1 1 1 1 0 0 1 1 0 1 1 1 1 1 1 1 0 1 1 1 0 0
2 0 1 1 1 1 1 1 2 2 0 1 1 1 1 0 0 0 1 1 0 1 0 1 1 1 1 1 0 1 1 1 0 0
2 0 1 1 1 1 1 1 2 2 0 1 1 1 1 1 0 0 1 1 0 1 0 1 1 1 1 1 0 1 1 1 0 0
2 0 1 1 0 1 1 1 1 2 0 1 1 1 1 1 0 0 1 1 0 1 0 1 1 1 1 1 0 1 1 1 0 0
2 0 1 1 1 1 1 1 2 2 0 1 1 1 1 1 0 0 1 1 1 1 1 1 1 1 1 1 1 1 1 1 0 0
2 0 1 1 1 1 1 1 2 2 0 2 1 2 1 1 0 0 1 1 0 1 1 1 1 1 1 1 1 1 1 1 0 1
2 0 1 1 1 1 1 1 2 2 0 1 1 1 1 1 0 0 1 1 0 1 1 1 1 1 1 1 1 1 1 1 0 0
2 0 1 1 1 1 1 1 2 2 0 1 1 1 1 1 0 0 1 1 0 1 1 1 1 1 1 1 1 1 1 1 0 0
2 0 2 2 1 2 1 2 3 3 0 2 2 2 2 1 1 1 1 1 1 1 1 2 1 2 2 1 1 1 2 1 1 1
2 0 1 1 1 1 1 1 2 2 0 1 1 1 1 1 0 0 1 1 1 1 1 1 1 1 1 1 1 1 1 1 0 0
2 0 1 1 1 1 1 1 2 2 0 1 1 1 1 1 0 0 1 1 1 1 1 1 1 1 1 1 1 1 1 1 0 0
2 0 1 1 1 1 1 1 2 2 0 1 1 1 1 1 0 0 1 1 1 1 1 1 1 1 1 1 1 1 1 1 0 0
2 0 1 1 1 1 1 1 2 2 0 1 1 1 1 1 0 0 1 1 1 1 1 1 1 1 1 1 1 1 1 1 0 0
2 0 1 1 1 1 1 1 2 2 0 1 1 1 1 1 0 0 1 1 1 1 1 1 1 1 1 1 1 1 1 1 0 0
2 0 1 1 1 1 1 1 2 2 0 2 1 1 1 1 0 0 1 1 0 1 0 1 1 1 1 1 1 1 1 1 0 0
2 0 1 1 1 1 1 1 2 2 0 2 1 1 1 1 0 0 1 1 0 1 1 1 1 1 1 1 1 1 1 1 0 0
2 0 1 1 1 1 1 1 2 2 0 1 1 1 1 1 0 0 1 1 0 1 0 1 1 1 1 1 1 1 1 1 0 1
2 0 1 1 1 1 1 1 2 2 0 1 1 1 1 1 0 0 1 1 0 1 1 1 1 1 1 1 1 1 1 1 0 0
2 0 1 1 1 1 1 1 2 2 0 1 1 1 1 1 0 0 1 1 0 1 1 1 1 1 1 1 1 1 1 1 0 0
2 0 1 1 1 1 1 1 2 2 0 1 1 1 1 1 0 0 1 1 1 1 1 1 1 1 1 1 1 1 1 1 0 0
2 0 1 1 1 1 1 1 2 2 0 1 1 1 1 1 0 0 1 1 1 1 1 1 1 1 1 1 1 1 1 1 0 0
2 0 1 1 1 1 1 1 2 2 0 1 1 1 1 1 0 0 1 1 1 1 1 1 1 1 1 1 1 1 1 1 0 0
2 0 1 1 1 1 1 1 2 2 0 1 1 1 1 1 0 0 1 1 1 1 1 1 1 1 1 1 1 1 1 1 0 0
2 0 1 1 1 1 1 1 2 2 0 2 1 1 1 1 0 0 1 1 1 1 1 1 1 1 1 1 1 1 1 1 0 0
2 0 1 1 1 1 1 1 2 2 0 1 1 1 1 1 0 0 1 1 1 1 1 1 1 1 1 1 1 1 1 1 0 0
2 0 1 1 1 1 1 1 2 2 0 2 1 2 1 1 0 0 1 1 1 1 1 1 1 1 1 1 1 1 2 1 0 1
2 0 1 1 1 1 1 1 2 2 0 1 1 1 1 1 0 0 1 1 1 1 0 1 1 1 1 1 1 1 1 1 0 1
2 0 1 1 1 1 1 1 2 2 0 1 1 1 1 1 0 0 1 1 1 1 0 1 1 1 1 1 1 1 1 1 0 0
2 0 1 1 1 1 1 1 2 2 0 1 1 1 1 1 0 0 1 1 1 1 1 1 1 1 1 1 1 1 1 1 0 0
2 0 1 1 1 1 1 1 2 2 0 1 1 1 1 1 0 0 1 1 1 1 0 1 1 1 1 1 1 1 1 1 0 0
2 0 1 1 1 1 1 1 2 2 0 1 1 1 1 1 0 0 1 1 1 1 0 1 1 1 1 1 1 1 1 1 0 0
2 0 1 1 1 1 1 1 2 2 0 1 1 1 1 1 0 0 1 1 1 1 1 1 1 1 1 1 1 1 1 1 0 0
2 0 1 1 1 1 1 1 1 2 0 1 1 1 1 0 0 0 1 1 0 1 0 1 1 1 1 0 0 1 1 1 0 0
2 0 1 1 1 1 1 1 2 2 0 2 1 1 1 1 0 0 1 1 0 1 0 1 1 1 1 1 1 1 1 1 0 0
2 0 1 1 1 1 1 1 2 2 0 2 1 1 1 1 0 0 1 1 0 1 0 1 1 1 1 1 0 1 1 1 0 0
2 0 1 1 1 1 1 1 2 2 0 1 1 1 1 1 0 0 1 1 0 1 0 1 1 1 1 1 1 1 1 1 0 1
2 0 1 1 1 1 1 1 2 2 0 2 1 1 1 1 0 0 1 1 1 1 1 1 1 1 1 1 1 1 1 1 0 1
2 0 1 1 0 1 1 1 1 2 0 1 1 1 1 1 0 0 1 1 0 1 0 1 1 1 1 0 1 1 1 1 0 0
2 0 1 1 1 1 1 1 1 2 0 1 1 1 1 1 0 0 1 1 0 1 0 1 1 1 1 1 1 1 1 1 0 0
2 0 1 1 0 1 1 1 1 2 0 1 1 1 1 0 0 0 1 1 0 1 0 1 1 1 1 1 0 1 1 1 0 0
2 0 1 1 0 1 1 1 1 2 0 1 1 1 1 1 0 0 1 1 0 1 0 1 1 1 1 1 1 1 1 1 0 0
2 0 1 1 0 1 1 1 1 2 0 1 1 1 1 0 0 0 1 1 0 1 0 1 1 1 1 0 0 1 1 1 0 0
2 0 1 1 0 1 1 1 1 2 0 1 1 1 1 0 0 0 1 1 0 1 0 1 1 1 1 0 0 1 1 1 0 0
2 0 1 1 0 1 1 1 2 2 0 2 1 1 1 1 0 0 1 1 0 1 0 1 1 1 1 1 0 1 1 1 0 0
2 0 1 1 0 1 1 1 2 2 0 2 1 2 1 1 0 0 1 1 0 1 0 1 1 1 1 1 0 1 1 1 0 0
2 0 1 1 0 1 1 1 1 2 0 1 1 1 1 1 0 0 1 1 0 1 0 1 1 1 1 1 1 1 1 1 0 0
2 0 1 1 1 1 1 1 2 2 0 1 1 1 1 1 0 0 1 1 0 1 0 1 1 1 1 1 1 1 1 1 0 1
2 0 1 1 0 1 1 1 2 2 0 1 1 1 1 1 0 0 1 1 0 1 0 1 1 1 1 1 1 1 1 1 0 0
2 0 1 1 0 1 1 1 1 2 0 1 1 1 1 0 0 0 1 1 0 1 0 1 1 1 1 0 0 1 1 1 0 0
2 0 1 1 1 1 1 1 1 2 0 1 1 1 1 1 0 0 1 1 0 1 0 1 1 1 1 1 1 1 1 1 0 0
2 0 1 1 0 1 1 1 1 2 0 1 1 1 1 0 0 0 1 1 0 0 0 1 1 1 1 0 0 1 1 1 0 0
2 0 1 1 1 1 1 1 2 2 0 1 1 1 1 0 0 0 1 1 0 1 0 1 1 1 1 0 0 1 1 0 0 0
2 0 1 1 0 1 1 1 1 2 0 1 1 1 1 0 0 0 1 1 0 1 0 1 1 1 1 0 0 1 1 0 0 0
2 0 1 1 0 1 1 1 1 2 0 1 1 1 1 0 0 0 1 1 0 1 0 1 1 1 1 0 0 1 1 1 0 0
2 0 1 1 0 1 1 1 2 2 0 2 1 2 1 1 0 0 1 1 0 1 0 1 1 1 1 1 1 1 1 1 0 0
2 0 1 1 1 1 1 1 2 2 0 1 1 1 1 1 0 0 1 1 0 1 0 1 1 1 1 1 1 1 1 1 0 0
2 0 1 1 0 1 1 1 1 2 0 1 1 1 1 1 0 0 1 1 0 1 0 1 1 1 1 1 0 1 1 1 0 0
2 0 1 1 1 1 1 1 1 2 0 1 1 1 1 1 0 0 1 1 0 1 0 1 1 1 1 1 0 1 1 1 0 0
2 0 1 1 0 1 1 1 1 2 0 1 1 1 1 1 0 0 1 1 0 1 0 1 1 1 1 1 1 1 1 1 0 0
2 0 1 1 0 1 1 1 1 2 0 1 1 1 1 0 0 0 1 1 0 1 0 1 1 1 1 0 0 1 1 1 0 0
2 0 1 1 0 1 1 1 1 2 0 1 1 1 1 0 0 0 1 1 0 1 0 1 1 1 1 0 0 1 1 1 0 0
2 0 1 1 1 1 1 1 2 2 0 1 1 1 1 0 0 0 1 1 0 1 0 1 1 1 1 1 0 1 1 1 0 0
2 0 1 1 1 1 1 1 2 2 0 1 1 1 1 1 0 0 1 1 1 1 0 1 1 1 1 1 0 1 1 1 0 0
2 0 1 1 1 1 1 1 1 2 0 1 1 1 1 0 0 0 1 1 0 1 0 1 1 1 1 1 0 1 1 1 0 0
2 0 1 1 1 1 1 1 2 2 0 2 1 1 1 1 0 0 1 1 0 1 0 1 1 1 1 1 0 1 1 1 0 0
2 0 1 1 1 1 1 1 2 2 0 2 1 2 1 1 0 0 1 1 1 1 1 1 1 1 1 1 1 1 2 1 0 0
2 0 1 1 1 1 1 1 2 2 0 1 1 1 1 1 0 0 1 1 1 1 0 1 1 1 1 1 0 1 1 1 0 0
2 0 1 1 1 1 1 1 2 2 0 1 1 1 1 1 0 0 1 1 1 1 1 1 1 1 1 1 1 1 1 1 0 0
2 0 1 1 1 1 1 1 2 2 0 1 1 1 1 1 0 0 1 1 1 1 1 1 1 1 1 1 1 1 1 1 0 1
2 0 1 1 1 1 1 1 2 2 0 1 1 1 1 1 0 0 1 1 0 1 0 1 1 1 1 1 0 1 1 1 0 0
2 0 1 1 1 1 1 1 2 2 0 2 1 1 1 1 0 0 1 1 1 1 1 1 1 1 1 1 1 1 1 1 0 0
2 0 1 1 1 1 1 1 2 2 0 2 1 1 1 1 0 0 1 1 0 1 0 1 1 1 1 1 1 1 1 1 0 0
2 0 1 1 1 1 1 1 2 2 0 1 1 1 1 0 0 0 1 1 0 1 0 1 1 1 1 1 0 1 1 1 0 0
2 0 1 1 1 1 1 1 2 2 0 2 1 1 1 1 0 0 1 1 0 1 0 1 1 1 1 1 1 1 1 1 0 0
2 0 1 1 1 1 1 1 2 2 0 2 1 1 1 1 0 0 1 1 0 1 0 1 1 1 1 1 1 1 1 1 0 0
2 0 1 1 1 1 1 1 2 2 0 1 1 1 1 1 0 0 1 1 0 1 0 1 1 1 1 1 1 1 1 1 0 0
2 0 1 1 1 1 1 1 2 2 0 1 1 1 1 1 0 0 1 1 1 1 0 1 1 1 1 1 1 1 1 1 0 1
2 0 1 1 1 1 1 1 2 2 0 1 1 1 1 1 0 0 1 1 1 1 0 1 1 1 1 1 1 1 1 1 0 0
2 0 1 1 1 1 1 1 2 2 0 1 1 1 1 1 0 0 1 1 1 1 1 1 1 1 1 1 1 1 1 1 0 0
2 0 1 1 1 1 1 1 2 2 0 1 1 1 1 1 0 0 1 1 1 1 1 1 1 1 1 1 0 1 1 1 0 0
2 0 1 1 1 1 1 1 2 2 0 1 1 1 1 1 0 0 1 1 0 1 0 1 1 1 1 1 0 1 1 1 0 0
2 0 1 1 1 1 1 1 2 2 0 1 1 1 1 1 0 0 1 1 1 1 1 1 1 1 1 1 1 1 1 1 0 0
2 0 1 1 1 1 1 1 2 2 0 1 1 1 1 1 0 0 1 1 0 1 0 1 1 1 1 1 1 1 1 1 0 0
2 0 1 1 1 1 1 1 1 2 0 1 1 1 1 1 0 0 1 1 0 1 0 1 1 1 1 1 0 1 1 1 0 0
2 0 1 1 1 1 1 1 2 2 0 2 1 1 1 1 0 0 1 1 0 1 0 1 1 1 1 1 1 1 1 1 0 0
2 0 1 1 1 1 1 1 2 2 0 2 1 1 1 1 0 0 1 1 0 1 0 1 1 1 1 1 0 1 1 1 0 0
2 0 1 1 1 1 1 1 1 2 0 1 1 1 1 1 0 0 1 1 0 1 0 1 1 1 1 1 1 1 1 1 0 0
2 0 1 1 1 1 1 1 2 2 0 1 1 1 1 1 0 0 1 1 0 1 1 1 1 1 1 1 1 1 1 1 0 0
2 0 1 1 1 1 1 1 2 2 0 1 1 1 1 1 0 0 1 1 0 1 1 1 1 1 1 1 1 1 1 1 0 0
2 0 1 1 1 1 1 1 1 2 0 1 1 1 1 1 0 0 1 1 0 1 0 1 1 1 1 1 0 1 1 1 0 0
2 0 1 1 0 1 1 1 1 2 0 1 1 1 1 0 0 0 1 1 0 1 0 1 1 1 1 1 0 1 1 1 0 0
2 0 1 1 1 1 1 1 2 2 0 1 1 1 1 1 0 0 1 1 0 1 0 1 1 1 1 1 0 1 1 1 0 0
2 0 1 1 1 1 1 1 1 2 0 1 1 1 1 1 0 0 1 1 0 1 0 1 1 1 1 1 0 1 1 1 0 0
2 0 1 1 0 1 1 1 2 2 0 1 1 1 1 1 0 0 1 1 0 1 0 1 1 1 1 1 0 1 1 1 0 0
2 0 1 1 0 1 1 1 1 2 0 1 1 1 1 0 0 0 1 1 0 1 0 1 1 1 1 1 0 1 1 1 0 0
2 0 1 1 0 1 1 1 1 2 0 1 1 1 1 1 0 0 1 1 0 1 0 1 1 1 1 1 0 1 1 1 0 0
2 0 1 1 0 1 1 1 1 2 0 1 1 1 1 1 0 0 1 1 0 1 0 1 1 1 1 1 0 1 1 1 0 0
2 0 1 1 0 1 1 1 1 2 0 1 1 1 1 0 0 0 1 1 0 1 0 1 1 1 1 1 0 1 1 1 0 0
2 0 1 1 0 1 1 1 1 2 0 1 1 1 1 0 0 0 1 1 0 1 0 1 1 1 1 1 0 1 1 1 0 0
2 0 2 2 1 1 1 2 2 3 0 2 1 1 1 1 1 1 1 1 1 1 1 1 1 1 1 1 1 1 2 1 1 1
2 0 1 1 1 1 1 1 2 2 0 1 1 1 1 0 0 0 1 1 0 1 0 1 1 1 1 1 1 1 1 1 0 0
2 0 1 1 1 1 1 1 2 2 0 1 1 1 1 0 0 0 1 1 0 1 0 1 1 1 1 1 0 1 1 0 0 0
2 0 1 1 1 1 1 1 1 2 0 1 1 1 1 1 0 0 1 1 0 1 0 1 1 1 1 1 0 1 1 1 0 0
2 0 1 1 1 1 1 1 2 2 0 2 1 2 1 1 0 0 1 1 0 1 0 1 1 1 1 1 1 1 1 1 0 0
2 0 1 1 1 1 1 1 2 2 0 2 1 1 1 1 0 0 1 1 0 1 0 1 1 1 1 1 0 1 1 1 0 0
2 0 1 1 0 1 1 1 1 2 0 1 1 1 1 0 0 0 1 1 0 1 0 1 1 1 1 1 0 1 1 1 0 0
2 0 1 1 1 1 1 1 1 2 0 1 1 1 1 1 0 0 1 1 0 1 0 1 1 1 1 1 1 1 1 1 0 0
2 0 1 1 0 1 1 1 1 2 0 1 1 1 1 1 0 0 1 1 0 1 0 1 1 1 1 1 1 1 1 1 0 1
2 0 1 1 1 1 1 1 1 2 0 1 1 1 1 1 0 0 1 1 0 1 0 1 1 1 1 1 1 1 1 1 0 0
2 0 1 1 1 1 1 1 1 2 0 1 1 1 1 0 0 0 1 1 0 1 0 1 1 1 1 1 0 1 1 1 0 0
2 0 1 1 0 1 1 1 1 2 0 1 1 1 1 0 0 0 1 1 0 1 0 1 1 1 1 1 1 1 1 1 0 0
2 0 1 1 1 1 1 1 2 2 0 1 1 1 1 1 0 0 1 1 1 1 1 1 1 1 1 1 1 1 1 1 0 0
2 0 1 1 1 1 1 1 2 2 0 2 1 1 1 0 0 0 1 1 0 1 0 1 1 1 1 1 0 1 1 1 0 0
2 0 1 1 1 1 1 1 2 2 0 2 1 2 1 1 0 0 1 1 0 1 0 1 1 1 1 1 0 1 2 1 0 0
2 0 1 1 1 1 1 1 2 2 0 2 1 2 1 1 0 0 1 1 0 1 0 1 1 1 1 1 1 1 2 1 0 0
2 0 1 1 1 1 1 1 2 2 0 2 1 2 1 1 0 0 1 1 1 1 1 1 1 1 1 1 1 1 2 1 0 1
2 0 1 1 1 1 1 1 2 2 0 1 1 1 1 1 0 0 1 1 0 1 0 1 1 1 1 1 1 1 1 1 0 0
2 0 1 1 1 1 1 1 1 2 0 1 1 1 1 1 0 0 1 1 0 1 0 1 1 1 1 1 1 1 1 1 0 0
2 0 1 1 1 1 1 1 1 2 0 1 1 1 1 1 0 0 1 1 0 1 0 1 1 1 1 1 1 1 1 1 0 0
2 0 1 1 1 1 1 1 1 2 0 1 1 1 1 1 0 0 1 1 0 1 0 1 1 1 1 1 1 1 1 1 0 0
2 0 1 1 1 1 1 1 1 2 0 1 1 1 1 0 0 0 1 1 0 1 0 1 1 1 1 1 0 1 1 1 0 0
2 0 1 1 1 1 1 1 1 2 0 1 1 1 1 1 0 0 1 1 0 1 0 1 1 1 1 1 1 1 1 1 0 0
2 0 1 1 1 1 1 1 2 2 0 1 1 1 1 0 0 0 1 1 1 1 0 1 1 1 1 1 0 1 1 1 0 0
2 0 1 1 1 1 1 1 2 2 0 2 1 2 1 1 0 0 1 1 0 1 0 1 1 1 1 1 1 1 2 1 0 0
2 0 1 1 1 1 1 1 2 2 0 2 1 2 1 1 0 0 1 1 0 1 0 1 1 1 1 1 1 1 2 1 0 0
2 0 1 1 1 1 1 1 2 2 0 2 1 2 1 1 0 0 1 1 0 1 0 1 1 1 1 1 1 1 2 1 0 1
2 0 1 1 1 1 1 1 2 2 0 2 1 2 1 1 0 0 1 1 1 1 1 1 1 1 1 1 1 1 2 1 0 1
2 0 2 2 1 1 1 2 3 3 0 2 2 2 2 1 1 1 1 1 1 1 1 2 2 2 2 1 1 1 2 1 1 1
2 0 1 1 1 1 1 1 1 2 0 1 1 1 1 1 0 0 1 1 0 1 0 1 1 1 1 1 1 1 1 1 0 0
2 0 1 1 1 1 1 1 1 2 0 1 1 1 1 1 0 0 1 1 0 1 0 1 1 1 1 1 1 1 1 1 0 0
2 0 1 1 1 1 1 1 1 2 0 1 1 1 1 1 0 0 1 1 0 1 0 1 1 1 1 1 1 1 1 1 0 0
2 0 1 1 0 1 1 1 1 2 0 1 1 1 1 0 0 0 1 1 0 1 0 1 1 1 1 0 0 1 1 0 0 0
2 0 1 1 0 1 1 1 1 2 0 1 1 1 1 0 0 0 1 1 0 1 0 1 1 1 1 0 0 1 1 1 0 0
2 0 1 1 0 1 1 1 1 2 0 2 1 2 1 1 0 0 1 1 0 1 0 1 1 1 1 1 1 1 2 1 0 0
2 0 1 1 1 1 1 1 2 2 0 2 2 2 1 1 0 0 1 1 0 1 0 1 1 1 1 1 1 1 2 1 0 1
2 0 1 1 1 1 1 1 2 2 0 2 1 2 1 1 0 0 1 1 0 1 0 1 1 1 1 1 1 1 2 1 0 0
2 0 1 1 1 1 1 1 2 2 0 2 1 2 2 1 0 0 1 1 0 1 0 1 1 1 1 1 1 1 2 1 0 1
2 0 1 1 1 1 1 1 2 2 0 2 1 1 1 1 0 0 1 1 0 1 0 1 1 1 1 1 1 1 1 1 0 1
2 0 1 1 1 1 1 1 2 2 0 1 1 1 1 1 0 0 1 1 0 1 0 1 1 1 1 1 1 1 1 1 0 1
2 0 1 1 0 1 1 1 1 2 0 1 1 1 1 0 0 0 1 1 0 1 0 1 1 1 1 0 0 1 1 1 0 0
2 0 1 1 0 1 1 1 1 2 0 1 1 1 1 1 0 0 0 1 0 1 0 1 1 1 1 1 0 1 1 1 0 0
2 0 1 1 0 1 1 1 1 2 0 1 1 1 1 0 0 0 1 1 0 0 0 1 1 1 1 0 0 1 1 0 0 0
2 0 1 1 0 1 1 1 2 2 0 2 1 2 1 1 0 0 1 1 0 1 0 1 1 1 1 1 1 1 2 1 0 0
2 0 1 1 0 1 1 1 1 2 0 2 1 2 1 0 0 0 1 1 0 1 0 1 1 1 1 1 0 1 2 1 0 0
2 0 1 1 0 1 1 1 1 2 0 2 1 2 1 0 0 0 1 1 0 1 0 1 1 1 1 0 0 1 1 1 0 0
2 0 1 1 1 1 1 1 2 2 0 2 1 2 2 1 0 0 1 1 0 1 0 1 1 1 1 1 1 1 2 1 0 0
2 0 1 1 1 1 1 1 1 2 0 1 1 2 1 1 0 0 1 1 0 1 0 1 1 1 1 1 1 1 1 1 0 0
2 0 1 1 1 1 1 1 1 2 0 1 1 1 1 1 0 0 1 1 0 1 0 1 1 1 1 1 1 1 1 1 0 1
2 0 1 1 1 1 1 1 1 2 0 1 1 1 1 1 0 0 1 1 0 1 0 1 1 1 1 1 1 1 1 1 0 0
2 0 1 1 1 1 1 1 1 2 0 1 1 1 1 1 0 0 1 1 0 1 0 1 1 1 1 1 1 1 1 1 0 0
2 0 1 1 0 1 1 1 1 2 0 1 1 1 1 1 0 0 1 1 0 1 0 1 1 1 1 1 0 1 1 1 0 0
2 0 1 1 0 1 1 1 1 2 0 2 1 1 1 1 0 0 1 1 0 1 0 1 1 1 1 1 0 1 1 1 0 0
2 0 1 1 1 1 1 1 1 2 0 1 1 1 1 0 0 0 1 1 0 1 0 1 1 1 1 0 0 1 1 1 0 0
2 0 1 1 0 1 1 1 1 2 0 2 1 2 1 0 0 0 1 1 0 1 0 1 1 1 1 0 0 1 2 1 0 0
2 0 1 1 0 1 1 1 1 2 0 2 2 2 2 1 0 0 1 1 0 1 0 1 1 1 1 1 1 1 2 1 0 1
2 0 1 1 0 1 1 1 1 2 0 2 1 2 1 1 0 0 1 1 0 1 0 1 1 1 1 1 1 1 2 1 0 1
2 0 1 1 1 1 1 1 1 2 0 2 1 2 2 1 0 0 1 1 0 1 0 1 1 1 1 1 1 1 2 1 0 1
2 0 1 1 0 1 1 1 1 2 0 1 1 1 1 1 0 0 1 1 0 1 0 1 1 1 1 1 1 1 1 1 0 1
2 0 1 1 1 1 1 1 1 2 0 1 1 1 1 1 0 0 1 1 0 1 0 1 1 1 1 1 1 1 1 1 0 0
2 0 1 1 1 1 1 1 1 2 0 1 1 1 1 1 0 0 1 1 0 1 0 1 1 1 1 1 1 1 1 1 0 0
2 0 1 1 1 1 1 1 1 2 0 1 1 1 1 1 0 0 1 1 1 1 0 1 1 1 1 1 1 1 1 1 0 0
2 0 1 1 1 1 1 1 2 2 0 2 1 2 1 1 0 0 1 1 0 1 0 1 1 1 1 1 1 1 1 1 0 0
2 0 1 1 0 1 1 1 1 2 0 1 1 2 1 0 0 0 1 1 0 1 0 1 1 1 1 1 0 1 1 1 0 0
2 0 1 1 1 1 1 1 1 2 0 2 1 2 1 1 0 0 1 1 0 1 0 1 1 1 1 1 0 1 2 1 0 0
2 0 1 1 0 1 1 1 1 2 0 2 1 2 1 1 0 0 1 1 0 1 0 1 1 1 1 1 1 1 2 1 0 1
2 0 1 1 0 1 1 1 1 2 0 2 1 2 2 1 0 0 1 1 0 1 0 1 1 1 1 1 1 1 2 1 0 1
2 0 1 1 0 1 1 1 1 2 0 2 1 2 2 1 0 0 1 1 0 1 0 1 1 1 1 1 1 1 2 1 0 1
2 0 1 1 1 1 1 1 2 2 0 2 2 2 2 1 0 0 1 1 0 1 0 1 1 1 1 1 1 1 2 1 1 1
2 0 1 1 0 1 1 1 1 2 0 1 1 1 1 1 0 0 1 1 0 1 0 1 1 1 1 1 0 1 1 1 0 0
2 0 1 1 1 1 1 1 1 2 0 1 1 1 1 1 0 0 1 1 0 1 0 1 1 1 1 1 0 1 1 1 0 0
2 0 1 1 1 1 1 1 1 2 0 1 1 1 1 1 0 0 1 1 0 1 1 1 1 1 1 1 0 1 1 1 0 0
2 0 1 1 0 1 1 1 1 2 0 1 1 1 1 1 0 0 1 1 0 1 0 1 1 1 1 1 0 1 1 1 0 0
2 0 1 1 1 1 1 1 1 2 0 2 1 1 1 1 0 0 1 1 0 1 0 1 1 1 1 1 0 1 1 1 0 0
2 0 1 1 0 1 1 1 1 2 0 2 1 2 2 1 0 0 1 1 0 1 0 1 1 1 1 1 1 1 2 1 0 0
2 0 1 1 0 1 1 1 1 2 0 2 2 2 2 1 0 0 1 1 0 1 0 1 1 1 1 1 1 1 2 1 0 1
2 0 1 1 0 1 1 1 1 2 0 2 1 2 2 1 0 0 1 1 0 1 0 1 1 1 1 1 1 1 2 1 0 1
2 0 1 1 0 1 1 1 1 2 0 2 2 2 2 1 0 0 1 1 0 1 0 1 1 1 1 1 1 1 2 1 1 1
2 0 1 1 0 1 1 1 1 2 0 1 1 2 1 1 0 0 1 1 0 1 0 1 1 1 1 1 1 1 1 1 0 0
2 0 1 1 0 1 1 1 1 2 0 1 1 1 1 1 0 0 1 1 0 1 0 1 1 1 1 0 0 1 1 1 0 0
2 0 1 1 0 1 1 1 1 2 0 1 1 1 1 1 0 0 1 1 0 1 0 1 1 1 1 1 1 1 1 1 0 0
2 0 1 1 1 1 1 1 1 2 0 1 1 1 1 1 0 0 1 1 0 1 0 1 1 1 1 1 0 1 1 1 0 0
2 0 1 1 1 1 1 1 1 2 0 1 1 1 1 0 0 0 1 1 0 1 0 1 1 1 1 1 0 1 1 1 0 0
2 0 1 1 1 1 1 1 2 2 0 2 1 2 1 1 0 0 1 1 1 1 1 1 1 1 1 1 0 1 2 1 0 0
2 0 1 1 1 1 1 1 1 2 0 2 1 2 1 1 0 0 1 1 0 1 0 1 1 1 1 1 0 1 2 1 0 0
2 0 1 1 0 1 1 1 2 2 0 2 2 2 2 1 0 0 1 1 0 1 0 1 1 1 1 1 1 1 2 1 0 1
2 0 1 1 0 1 1 1 1 2 0 2 2 2 2 1 0 0 1 1 0 1 0 1 1 1 1 1 1 1 2 1 0 1
2 0 1 1 0 1 1 1 1 2 0 2 1 2 2 1 0 0 1 1 0 1 0 1 1 1 1 1 1 1 2 1 0 1
2 0 1 1 0 1 1 1 1 2 0 1 1 2 1 1 0 0 1 1 0 1 0 1 1 1 1 1 1 1 2 1 0 1
2 0 1 1 0 1 1 1 1 2 0 1 1 1 1 1 0 0 1 1 0 1 0 1 1 1 1 1 1 1 1 1 0 1
2 0 1 1 1 1 1 1 1 2 0 1 1 1 1 1 0 0 1 1 0 1 0 1 1 1 1 0 0 1 1 1 0 0
2 0 1 1 1 1 1 1 2 2 0 1 1 1 1 1 0 0 1 1 1 1 1 1 1 1 1 1 1 1 1 1 0 0
2 0 1 1 1 1 1 1 1 2 0 1 1 1 1 1 0 0 1 1 1 1 0 1 1 1 1 1 0 1 1 1 0 0
2 0 1 1 1 1 1 1 1 2 0 2 1 1 1 0 0 0 1 1 0 1 0 1 1 1 1 1 0 1 1 1 0 0
2 0 1 1 1 1 1 1 2 2 0 2 2 2 2 1 0 0 1 1 0 1 0 1 1 1 1 1 1 1 2 1 0 1
2 0 1 1 1 1 1 1 1 2 0 2 1 2 2 1 0 0 1 1 0 1 0 1 1 1 1 1 1 1 2 1 0 1
2 0 1 1 1 1 1 1 2 2 0 2 2 2 2 1 0 0 1 1 0 1 0 1 1 1 1 1 1 1 2 1 0 1
2 0 1 1 0 1 1 1 1 2 0 2 1 2 1 1 0 0 1 1 0 1 0 1 1 1 1 1 1 1 2 1 0 1
2 0 1 1 0 1 1 1 1 2 0 1 1 1 1 1 0 0 1 1 0 1 0 1 1 1 1 1 1 1 1 1 0 1
2 0 1 1 1 1 1 1 1 2 0 1 1 1 1 1 0 0 1 1 0 1 0 1 1 1 1 1 1 1 1 1 0 0
2 0 1 1 1 1 1 1 1 2 0 1 1 1 1 1 0 0 1 1 0 1 0 1 1 1 1 1 1 1 1 1 0 0
2 0 1 1 0 1 1 1 1 2 0 2 1 1 1 1 0 0 1 1 0 1 0 1 1 1 1 1 0 1 1 1 0 0
2 0 1 1 0 1 1 1 1 2 0 2 1 1 1 1 0 0 1 1 0 1 0 1 1 1 1 0 0 1 1 1 0 0
2 0 1 1 1 1 1 1 1 2 0 2 1 2 1 1 0 0 1 1 0 1 0 1 1 1 1 1 0 1 2 1 0 0
2 0 1 1 0 1 1 1 2 2 0 2 2 2 1 1 0 0 1 1 0 1 0 1 1 1 1 1 1 1 2 1 0 0
2 0 1 1 0 1 1 1 2 2 0 2 2 2 2 1 0 0 1 1 0 1 0 1 1 1 1 1 1 1 2 1 0 1
2 0 1 1 0 1 1 1 1 2 0 2 2 2 2 1 0 0 1 1 0 1 0 1 1 1 1 1 1 1 2 1 0 1
2 0 1 1 1 1 1 1 1 2 0 1 1 2 1 1 0 0 1 1 0 1 0 1 1 1 1 1 1 1 1 1 0 1
2 0 1 1 0 1 1 1 1 2 0 1 1 2 1 1 0 0 1 1 0 1 0 1 1 1 1 1 1 1 1 1 0 1
2 0 1 1 0 1 1 1 1 2 0 1 1 1 1 0 0 0 1 1 0 1 0 1 1 1 1 0 0 1 1 1 0 0
2 0 1 1 1 1 1 1 1 2 0 1 1 1 1 1 0 0 1 1 0 1 0 1 1 1 1 1 1 1 1 1 0 0
2 0 1 1 0 1 1 1 1 2 0 1 1 1 1 1 0 0 1 1 0 1 0 1 1 1 1 0 0 1 1 1 0 0
2 0 1 1 0 1 1 1 1 2 0 2 1 1 1 0 0 0 1 1 0 1 0 1 1 1 1 0 0 1 1 1 0 0
2 0 1 1 0 1 1 1 1 2 0 2 1 2 1 1 0 0 1 1 0 1 0 1 1 1 1 1 0 1 2 1 0 0
2 0 1 1 1 1 1 1 2 2 0 2 1 2 1 1 0 0 1 1 1 1 1 1 1 1 1 1 1 1 2 1 0 1
2 0 1 1 1 1 1 1 2 2 0 2 2 2 2 1 0 0 1 1 0 1 1 1 1 1 1 1 1 1 2 1 0 1
2 0 2 1 1 1 1 1 2 2 0 2 2 2 2 1 0 0 1 1 0 1 0 1 1 1 1 1 1 1 2 1 1 1
2 0 1 1 1 1 1 1 2 2 0 2 2 2 2 1 0 0 1 1 0 1 0 1 1 1 1 1 1 1 2 1 0 1
2 0 1 1 1 1 1 1 1 2 0 1 1 1 1 1 0 0 1 1 0 1 0 1 1 1 1 1 1 1 1 1 0 1
2 0 2 2 1 1 1 2 2 3 0 2 2 2 2 1 1 1 1 1 1 1 1 2 1 2 1 1 1 1 2 1 1 1
2 0 1 1 0 1 1 1 1 2 0 1 1 1 1 1 0 0 1 1 0 1 0 1 1 1 1 1 1 1 1 1 0 0
2 0 1 1 1 1 1 1 1 2 0 1 1 1 1 1 0 0 1 1 0 1 0 1 1 1 1 1 1 1 1 1 0 0
2 0 1 1 1 1 1 1 1 2 0 1 1 1 1 1 0 0 1 1 1 1 0 1 1 1 1 1 1 1 1 1 0 0
2 0 1 1 1 1 1 1 1 2 0 2 1 2 1 1 0 0 1 1 0 1 0 1 1 1 1 1 0 1 1 1 0 0
2 0 1 1 1 1 1 1 1 2 0 2 1 2 1 1 0 0 1 1 0 1 0 1 1 1 1 1 0 1 2 1 0 0
2 0 1 1 1 1 1 1 2 2 0 2 2 2 2 1 0 0 1 1 0 1 0 1 1 1 1 1 1 1 2 1 0 1
2 0 1 1 1 1 1 1 2 2 0 2 2 2 2 1 0 0 1 1 0 1 0 1 1 1 1 1 1 1 2 1 0 1
2 0 1 1 1 1 1 1 2 2 0 2 2 2 2 1 0 0 1 1 0 1 1 1 1 1 1 1 1 1 2 1 0 1
2 0 1 1 1 1 1 1 2 2 0 1 1 1 1 1 0 0 1 1 0 1 0 1 1 1 1 1 1 1 1 1 0 1
2 0 1 1 1 1 1 1 2 2 0 1 1 1 1 1 0 0 1 1 0 1 1 1 1 1 1 1 1 1 1 1 0 1
2 0 1 1 1 1 1 1 2 2 0 1 1 1 1 1 0 0 1 1 1 1 1 1 1 1 1 1 1 1 1 1 0 0
2 0 1 1 1 1 1 1 2 2 0 1 1 1 1 1 0 0 1 1 0 1 1 1 1 1 1 1 1 1 1 1 0 0
2 0 1 1 1 1 1 1 2 2 0 1 1 1 1 0 0 0 1 1 0 1 0 1 1 1 1 1 1 1 1 1 0 0
2 0 1 1 1 1 1 1 2 2 0 2 1 2 1 1 0 0 1 1 0 1 0 1 1 1 1 1 1 1 2 1 0 0
2 0 1 1 1 1 1 1 2 2 0 2 1 2 2 1 0 0 1 1 0 1 0 1 1 1 1 1 1 1 2 1 0 0
2 0 1 1 1 1 1 1 2 2 0 2 2 2 2 1 0 0 1 1 0 1 0 1 1 1 1 1 1 1 2 1 0 1
2 0 1 1 1 1 1 1 2 2 0 2 2 2 2 1 0 0 1 1 0 1 0 1 1 1 1 1 1 1 2 1 0 1
2 0 1 1 1 1 1 1 2 2 0 2 2 2 2 1 0 0 1 1 0 1 1 1 1 1 1 1 1 1 2 1 1 1
2 0 1 1 1 1 1 1 2 2 0 2 1 2 1 1 0 0 1 1 0 1 0 1 1 1 1 1 1 1 2 1 0 1
2 0 1 1 1 1 1 1 2 2 0 1 1 1 1 1 0 0 1 1 0 1 0 1 1 1 1 1 1 1 1 1 0 1
2 0 1 1 1 1 1 1 2 2 0 1 1 1 1 1 0 0 1 1 0 1 1 1 1 1 1 1 1 1 1 1 0 0
2 0 1 1 1 1 1 1 2 2 0 1 1 1 1 1 0 0 1 1 0 1 0 1 1 1 1 1 1 1 1 1 0 0
2 0 1 1 1 1 1 1 1 2 0 1 1 1 1 1 0 0 1 1 0 1 1 1 1 1 1 1 1 1 1 1 0 0
2 0 1 1 1 1 1 1 1 2 0 2 1 2 1 0 0 0 1 1 0 1 0 1 1 1 1 0 0 1 2 1 0 0
2 0 1 1 1 1 1 1 1 2 0 2 1 2 1 0 0 0 1 1 0 1 0 1 1 1 1 0 0 1 2 1 0 0
2 0 1 1 1 1 1 1 1 2 0 2 1 2 2 1 0 0 1 1 0 1 0 1 1 1 1 1 1 1 2 1 0 1
2 0 1 1 1 1 1 1 1 2 0 2 1 2 2 1 0 0 1 1 0 1 0 1 1 1 1 1 1 1 2 1 0 1
2 0 1 1 0 1 1 1 1 2 0 1 1 2 1 1 0 0 1 1 0 1 0 1 1 1 1 1 0 1 2 1 0 1
2 0 1 1 1 1 1 1 1 2 0 1 1 1 1 1 0 0 1 1 1 1 1 1 1 1 1 1 1 1 1 1 0 1
2 0 1 1 1 1 1 1 1 2 0 1 1 1 1 1 0 0 1 1 0 1 0 1 1 1 1 1 1 1 1 1 0 0
2 0 1 1 1 1 1 1 1 2 0 1 1 1 1 1 0 0 1 1 1 1 1 1 1 1 1 1 1 1 1 1 0 0
2 0 1 1 1 1 1 1 1 2 0 1 1 1 1 1 0 0 1 1 1 1 1 1 1 1 1 1 1 1 1 1 0 0
2 0 1 1 1 1 1 1 1 2 0 2 1 1 1 1 0 0 1 1 0 1 0 1 1 1 1 1 0 1 1 1 0 0
2 0 1 1 1 1 1 1 1 2 0 2 1 2 1 1 0 0 1 1 0 1 0 1 1 1 1 1 0 1 2 1 0 0
2 0 1 1 0 1 1 1 1 2 0 2 1 2 1 1 0 0 1 1 0 1 0 1 1 1 1 0 0 1 2 1 0 0
2 0 1 1 0 1 1 1 1 2 0 2 2 2 2 1 0 0 1 1 0 1 0 1 1 1 1 1 1 1 2 1 0 1
2 0 1 1 0 1 1 1 1 2 0 2 1 2 2 1 0 0 1 1 0 1 0 1 1 1 1 1 1 1 2 1 0 1
2 0 1 1 0 1 1 1 1 2 0 2 1 2 2 1 0 0 1 1 0 1 0 1 1 1 1 1 1 1 2 1 0 1
2 0 1 1 1 1 1 1 1 2 0 1 1 2 1 1 0 0 1 1 0 1 0 1 1 1 1 1 1 1 2 1 0 1
2 0 1 1 1 1 1 1 1 2 0 1 1 1 1 1 0 0 1 1 0 1 0 1 1 1 1 1 1 1 1 1 1 1
2 0 1 1 1 1 1 1 2 2 0 1 1 1 1 1 0 0 1 1 0 1 0 1 1 1 1 1 1 1 1 1 0 0
2 0 1 1 1 1 1 1 2 2 0 1 1 1 1 0 0 0 1 1 0 1 0 1 1 1 1 1 0 1 1 1 0 0
2 0 1 1 1 1 1 1 1 2 0 1 1 1 1 1 0 0 1 1 1 1 0 1 1 1 1 1 0 1 1 1 0 0
2 0 1 1 1 1 1 1 1 2 0 2 1 2 1 1 0 0 1 1 0 1 0 1 1 1 1 1 0 1 2 1 0 0
2 0 1 1 1 1 1 1 1 2 0 2 1 2 1 1 0 0 1 1 1 1 0 1 1 1 1 1 1 1 2 1 0 0
2 0 1 1 1 1 1 1 2 2 0 2 2 2 2 1 0 0 1 1 0 1 0 1 1 1 1 1 1 1 2 1 0 1
2 0 1 1 1 1 1 1 1 2 0 2 1 2 2 1 0 0 1 1 0 1 0 1 1 1 1 1 0 1 2 1 0 1
2 0 1 1 0 1 1 1 1 2 0 2 1 2 1 1 0 0 1 1 0 1 0 1 1 1 1 1 1 1 2 1 0 1
2 0 1 1 0 1 1 1 1 2 0 2 1 2 1 1 0 0 1 1 0 1 0 1 1 1 1 1 1 1 2 1 0 1
2 0 1 1 0 1 1 1 1 2 0 1 1 1 1 1 0 0 1 1 0 1 0 1 1 1 1 1 1 1 1 1 0 1
2 0 1 1 1 1 1 1 1 2 0 1 1 1 1 1 0 0 1 1 0 1 0 1 1 1 1 1 0 1 1 1 0 0
2 0 1 1 1 1 1 1 1 2 0 1 1 1 1 0 0 0 1 1 0 1 0 1 1 1 1 1 0 1 1 1 0 0
2 0 1 1 1 1 1 1 1 2 0 2 1 1 1 0 0 0 1 1 0 1 0 1 1 1 1 1 0 1 1 1 0 0
2 0 1 1 1 1 1 1 1 2 0 2 1 2 1 0 0 0 1 1 0 1 0 1 1 1 1 1 0 1 1 1 0 0
2 0 1 1 1 1 1 1 2 2 0 2 2 2 2 1 0 0 1 1 0 1 0 1 1 1 1 1 1 1 2 1 0 1
2 0 1 1 1 1 1 1 2 2 0 2 2 2 2 1 0 0 1 1 0 1 0 1 1 1 1 1 0 1 2 1 0 1
2 0 1 1 0 1 1 1 2 2 0 2 2 2 2 1 0 0 1 1 0 1 0 1 1 1 1 1 1 1 2 1 0 1
2 0 1 1 0 1 1 1 1 2 0 2 2 2 2 1 0 0 1 1 0 1 0 1 1 1 1 1 1 1 2 1 0 1
2 0 1 1 0 1 1 1 1 2 0 1 1 1 1 1 0 0 1 1 0 1 0 1 1 1 1 1 1 1 1 1 0 0
2 0 1 1 0 1 1 1 1 2 0 1 1 1 1 1 0 0 1 1 0 1 0 1 1 1 1 1 1 1 1 1 0 1
2 0 1 1 1 1 1 1 1 2 0 1 1 1 1 1 0 0 1 1 0 1 0 1 1 1 1 1 1 1 1 1 0 0
2 0 1 1 0 1 1 1 1 2 0 1 1 1 1 0 0 0 1 1 0 1 0 1 1 1 1 0 1 1 1 1 0 0
2 0 1 1 0 1 1 1 1 2 0 1 1 1 1 0 0 0 1 1 0 1 0 1 1 1 1 1 1 1 1 1 0 0
2 0 1 1 1 1 1 1 2 2 0 2 1 2 1 1 0 0 1 1 1 1 1 1 1 1 1 1 1 1 2 1 0 0
2 0 1 1 1 1 1 1 1 2 0 2 1 2 1 1 0 0 1 1 0 1 0 1 1 1 1 1 0 1 2 1 0 0
2 0 1 1 1 1 1 1 2 2 0 2 2 2 2 1 0 0 1 1 0 1 0 1 1 1 1 1 1 1 2 1 0 1
2 0 1 1 1 1 1 1 2 2 0 2 2 2 2 1 0 0 1 1 0 1 0 1 1 1 1 1 1 1 2 1 0 1
2 0 1 1 0 1 1 1 1 2 0 2 1 2 2 1 0 0 1 1 0 1 0 1 1 1 1 1 1 1 2 1 0 1
2 0 1 1 0 1 1 1 1 2 0 2 2 2 2 1 0 0 1 1 0 1 0 1 1 1 1 1 1 1 2 1 1 1
2 0 1 1 0 1 1 1 1 2 0 1 1 1 1 1 0 0 1 1 0 1 0 1 1 1 1 1 1 1 1 1 0 1
2 0 1 1 0 1 1 1 1 2 0 1 1 1 1 0 0 0 1 1 0 1 0 1 1 1 1 0 0 1 1 1 0 0
2 0 1 1 0 1 1 1 1 2 0 1 1 1 1 1 0 0 1 1 0 1 0 1 1 1 1 1 1 1 1 1 0 0
2 0 1 1 0 1 1 1 1 2 0 2 1 1 1 0 0 0 1 1 0 1 0 1 1 1 1 0 0 1 1 1 0 0
2 0 1 1 1 1 1 1 1 2 0 2 1 2 1 0 0 0 1 1 0 1 0 1 1 1 1 0 0 1 2 1 0 0
2 0 1 1 1 1 1 1 1 2 0 2 1 2 2 1 0 0 1 1 0 1 0 1 1 1 1 1 1 1 2 1 0 0
2 0 1 1 1 1 1 1 2 2 0 2 2 2 2 1 0 0 1 1 0 1 0 1 1 1 1 1 1 1 2 1 0 1
2 0 1 1 1 1 1 1 1 2 0 2 2 2 2 1 0 0 1 1 0 1 0 1 1 1 1 1 1 1 2 1 0 1
2 0 1 1 1 1 1 1 2 2 0 2 2 2 2 1 0 0 1 1 0 1 0 1 1 1 1 1 1 1 2 1 0 1
2 0 1 1 1 1 1 1 2 2 0 2 1 2 1 1 0 0 1 1 0 1 0 1 1 1 1 1 1 1 2 1 0 1
2 0 1 1 1 1 1 1 1 2 0 2 1 2 1 1 0 0 1 1 0 1 0 1 1 1 1 1 1 1 1 1 1 1
2 0 1 1 1 1 1 1 1 2 0 1 1 1 1 1 0 0 1 1 0 1 0 1 1 1 1 1 1 1 1 1 0 0
2 0 1 1 1 1 1 1 1 2 0 1 1 1 1 1 0 0 1 1 0 1 0 1 1 1 1 1 1 1 1 1 0 0
2 0 1 1 1 1 1 1 2 2 0 2 1 1 1 1 0 0 1 1 0 1 0 1 1 1 1 1 1 1 1 1 0 0
2 0 1 1 1 1 1 1 1 2 0 2 1 2 1 1 0 0 1 1 0 1 0 1 1 1 1 1 0 1 1 1 0 0
2 0 1 1 1 1 1 1 1 2 0 2 1 2 2 1 0 0 1 1 0 1 0 1 1 1 1 1 1 1 2 1 0 0
2 0 1 1 1 1 1 1 2 2 0 2 1 2 2 1 0 0 1 1 0 1 1 1 1 1 1 1 1 1 2 1 0 1
2 0 1 1 1 1 1 1 2 2 0 2 2 2 2 1 0 0 1 1 0 1 0 1 1 1 1 1 1 1 2 1 0 1
2 0 1 1 1 1 1 1 2 2 0 2 1 2 1 1 0 0 1 1 0 1 0 1 1 1 1 1 1 1 2 1 0 1
2 0 1 1 1 1 1 1 2 2 0 2 1 2 2 1 0 0 1 1 1 1 0 1 1 1 1 1 1 1 2 1 0 1
2 0 1 1 1 1 1 1 2 2 0 1 1 1 1 1 0 0 1 1 0 1 1 1 1 1 1 1 1 1 1 1 0 1
2 0 2 2 1 1 1 2 2 2 0 1 1 1 1 1 1 1 1 1 1 1 1 1 1 1 1 1 1 1 1 1 1 1
2 0 1 1 1 1 1 1 1 2 0 1 1 1 1 1 0 0 1 1 0 1 0 1 1 1 1 1 1 1 1 1 0 0
2 0 1 1 1 1 1 1 1 2 0 1 1 1 1 1 0 0 1 1 1 1 0 1 1 1 1 1 0 1 1 1 0 0
2 0 1 1 1 1 1 1 1 2 0 2 1 2 1 0 0 0 1 1 0 1 0 1 1 1 1 1 0 1 1 1 0 0
2 0 1 1 0 1 1 1 1 2 0 2 2 2 2 1 0 0 1 1 0 1 0 1 1 1 1 1 1 1 2 1 0 1
2 0 1 1 0 1 1 1 1 2 0 2 2 2 2 1 0 0 1 1 0 1 0 1 1 1 1 1 1 1 2 1 0 1
2 0 1 1 0 1 1 1 2 2 0 2 2 2 2 1 0 0 1 1 0 1 0 1 1 1 1 1 1 1 2 1 0 1
2 0 1 1 1 1 1 1 2 2 0 2 2 2 2 1 0 0 1 1 0 1 1 1 1 1 1 1 1 1 2 1 1 1
2 0 1 1 1 1 1 1 2 2 0 2 2 2 2 1 0 0 1 1 0 1 1 1 1 1 1 1 1 1 2 1 0 1
2 0 1 1 1 1 1 1 2 2 0 1 1 2 1 1 0 0 1 1 1 1 1 1 1 1 1 1 1 1 1 1 0 1
2 0 1 1 1 1 1 1 2 2 0 1 1 1 1 1 0 0 1 1 0 1 1 1 1 1 1 1 1 1 1 1 0 0
2 0 1 1 1 1 1 1 2 2 0 1 1 1 1 1 0 0 1 1 1 1 1 1 1 1 1 1 1 1 1 1 0 0
2 0 1 1 0 1 1 1 1 2 0 1 1 1 1 0 0 0 1 1 0 1 0 1 1 1 1 1 0 1 1 1 0 0
2 0 1 1 1 1 1 1 2 2 0 2 1 2 1 0 0 0 1 1 0 1 0 1 1 1 1 0 0 1 1 1 0 0
2 0 1 1 1 1 1 1 1 2 0 2 1 2 1 1 0 0 1 1 0 1 0 1 1 1 1 1 0 1 2 1 0 0
2 0 1 1 0 1 1 1 2 2 0 2 2 2 2 1 0 0 1 1 0 1 0 1 1 1 1 1 1 1 2 1 0 1
2 0 2 1 1 1 1 1 2 2 0 2 2 2 2 1 0 0 1 1 0 1 0 1 1 1 1 1 1 1 2 1 1 1
2 0 1 1 1 1 1 1 2 2 0 2 1 2 1 1 0 0 1 1 0 1 0 1 1 1 1 1 1 1 2 1 0 1
2 0 1 1 1 1 1 1 2 2 0 2 1 2 1 1 0 0 1 1 0 1 0 1 1 1 1 1 1 1 2 1 0 1
2 0 1 1 1 1 1 1 2 2 0 1 1 1 1 1 0 0 1 1 0 1 1 1 1 1 1 1 1 1 1 1 1 1
2 0 1 1 1 1 1 1 2 2 0 1 1 1 1 1 0 0 1 1 1 1 1 1 1 1 1 1 1 1 1 1 0 0
2 0 1 1 1 1 1 1 2 2 0 1 1 1 1 1 0 0 1 1 1 1 1 1 1 1 1 1 1 1 1 1 0 1
2 0 1 1 1 1 1 1 2 2 0 2 1 2 1 1 0 0 1 1 0 1 1 1 1 1 1 1 1 1 1 1 0 0
2 0 1 1 1 1 1 1 1 2 0 2 1 1 1 0 0 0 1 1 1 1 0 1 1 1 1 0 0 1 1 1 0 0
2 0 1 1 1 1 1 1 2 2 0 2 1 2 2 1 0 0 1 1 1 1 0 1 1 1 1 1 1 1 2 1 0 1
2 0 1 1 1 1 1 1 2 2 0 2 1 2 1 1 0 0 1 1 0 1 0 1 1 1 1 1 1 1 2 1 0 0
2 0 1 1 0 1 1 1 2 2 0 2 2 2 2 1 0 0 1 1 0 1 0 1 1 1 1 1 1 1 2 1 0 1
2 0 1 1 1 1 1 1 1 2 0 2 1 2 2 1 0 0 1 1 0 1 0 1 1 1 1 1 1 1 2 1 0 1
2 0 1 1 0 1 1 1 1 2 0 2 1 2 1 1 0 0 1 1 0 1 0 1 1 1 1 1 1 1 1 1 0 1
2 0 1 1 1 1 1 2 2 2 0 1 1 1 1 1 0 0 1 1 1 1 1 1 1 1 1 1 1 1 1 1 0 0
2 0 1 1 1 1 1 1 2 2 0 1 1 1 1 1 0 0 1 1 0 1 0 1 1 1 1 1 1 1 1 1 0 0
2 0 1 1 1 1 1 1 2 2 0 1 1 1 1 1 0 0 1 1 0 1 1 1 1 1 1 1 1 1 1 1 0 0
2 0 1 1 1 1 1 1 2 2 0 1 1 1 1 0 0 0 1 1 1 1 1 1 1 1 1 1 0 1 1 1 0 0
2 0 1 1 1 1 1 1 2 2 0 2 1 2 1 1 0 0 1 1 0 1 1 1 1 1 1 1 1 1 2 1 0 0
2 0 1 1 1 1 1 1 2 2 0 2 1 2 2 1 0 0 1 1 1 1 0 1 1 1 1 1 1 1 2 1 0 0
2 0 1 1 1 1 1 1 2 2 0 2 2 2 2 1 0 0 1 1 0 1 0 1 1 1 1 1 1 1 2 1 0 1
2 0 1 1 1 1 1 1 2 2 0 2 2 2 2 1 0 0 1 1 0 1 0 1 1 1 1 1 1 1 2 1 0 1
2 0 1 1 0 1 1 1 2 2 0 2 2 2 2 1 0 0 1 1 0 1 0 1 1 1 1 1 1 1 2 1 0 1
2 0 1 1 0 1 1 1 2 2 0 2 2 2 2 1 0 0 1 1 0 1 0 1 1 1 1 1 1 1 2 1 0 1
2 0 1 1 0 1 1 1 1 2 0 1 1 1 1 1 0 0 1 1 0 1 0 1 1 1 1 1 1 1 1 1 0 1
2 0 1 1 1 1 1 1 1 2 0 1 1 1 1 1 0 0 1 1 0 1 0 1 1 1 1 1 1 1 1 1 0 0
2 0 1 1 1 1 1 1 2 2 0 1 1 1 1 1 0 0 1 1 0 1 0 1 1 1 1 1 1 1 1 1 0 0
2 0 1 1 1 1 1 1 2 2 0 2 1 2 1 1 0 0 1 1 0 1 0 1 1 1 1 1 1 1 2 1 0 0
2 0 1 1 1 1 1 1 1 2 0 1 1 2 1 1 0 0 1 1 0 1 1 1 1 1 1 1 1 1 1 1 0 0
2 0 1 1 0 1 1 1 1 2 0 2 1 2 1 1 0 0 1 1 0 1 0 1 1 1 1 1 0 1 2 1 0 0
2 0 1 1 0 1 1 1 1 2 0 2 1 2 2 1 0 0 1 1 0 1 0 1 1 1 1 1 1 1 2 1 0 1
2 0 1 1 0 1 1 1 1 2 0 2 2 2 2 1 0 0 1 1 0 1 0 1 1 1 1 1 1 1 2 1 0 1
2 0 1 1 0 1 1 1 2 2 0 2 2 2 2 1 0 0 1 1 0 1 0 1 1 1 1 1 1 1 2 1 0 1
2 0 1 1 1 1 1 1 1 2 0 1 1 1 1 1 0 0 1 1 0 1 0 1 1 1 1 1 1 1 1 1 0 1
2 0 1 1 1 1 1 1 2 2 0 1 1 1 1 1 0 0 1 1 1 1 1 1 1 1 1 1 1 1 1 1 0 0
2 0 1 1 1 1 1 1 2 2 0 1 1 1 1 1 0 0 1 1 1 1 1 1 1 1 1 1 1 1 1 1 0 0
2 0 1 1 1 1 1 1 2 2 0 1 1 1 1 1 0 0 1 1 0 1 0 1 1 1 1 1 1 1 1 1 0 0
2 0 1 1 1 1 1 1 2 2 0 2 1 1 1 1 0 0 1 1 1 1 1 1 1 1 1 1 1 1 1 1 0 0
2 0 1 1 1 1 1 1 2 2 0 2 1 2 1 1 0 0 1 1 1 1 1 1 1 1 1 1 1 1 2 1 0 0
2 0 1 1 1 1 1 1 2 2 0 2 1 2 1 1 0 0 1 1 1 1 1 1 1 1 1 1 1 1 2 1 0 0
2 0 1 1 1 1 1 1 2 2 0 2 2 2 1 1 0 0 1 1 1 1 1 1 1 1 1 1 1 1 2 1 0 0
2 0 1 1 1 1 1 1 2 2 0 2 2 2 2 1 0 0 1 1 1 1 1 1 1 1 1 1 1 1 2 1 0 1
2 0 1 1 1 1 1 1 2 2 0 2 1 2 2 1 0 0 1 1 0 1 0 1 1 1 1 1 1 1 2 1 0 1
2 0 1 1 1 1 1 1 2 2 0 1 1 2 1 1 0 0 1 1 0 1 0 1 1 1 1 1 1 1 2 1 0 1
2 0 1 1 1 1 1 1 2 2 0 1 1 2 1 1 0 0 1 1 1 1 1 1 1 1 1 1 1 1 1 1 0 1
2 0 1 1 1 1 1 1 2 2 0 1 1 1 1 1 0 0 1 1 1 1 1 1 1 1 1 1 1 1 1 1 0 0
2 0 1 1 1 1 1 1 2 2 0 1 1 1 1 1 0 0 1 1 1 1 1 1 1 1 1 1 1 1 1 1 0 0
2 0 1 1 1 1 1 1 2 2 0 2 1 2 1 1 0 0 1 1 0 1 1 1 1 1 1 1 0 1 1 1 0 0
2 0 1 1 1 1 1 1 2 2 0 2 1 2 1 1 0 0 1 1 1 1 0 1 1 1 1 1 1 1 2 1 0 0
2 0 1 1 1 1 1 1 2 2 0 2 1 2 1 1 0 0 1 1 1 1 1 1 1 1 1 1 1 1 2 1 0 0
2 0 1 1 1 1 1 1 2 2 0 2 2 2 2 1 0 0 1 1 1 1 1 1 1 1 1 1 1 1 2 1 0 1
2 0 1 1 1 1 1 1 2 2 0 2 2 2 2 1 0 0 1 1 1 1 1 1 1 1 1 1 1 1 2 1 0 1
2 0 1 1 1 1 1 1 2 2 0 2 2 2 2 1 0 0 1 1 1 1 1 1 1 1 1 1 1 1 2 1 0 1
2 0 1 1 1 1 1 1 2 2 0 1 1 1 1 1 0 0 1 1 1 1 1 1 1 1 1 1 1 1 1 1 0 1
2 0 1 1 1 1 1 1 2 2 0 2 2 2 1 1 0 0 1 1 1 1 1 1 1 1 1 1 1 1 2 1 1 1
2 0 1 1 1 1 1 1 2 2 0 1 1 1 1 1 0 0 1 1 0 1 1 1 1 1 1 1 1 1 1 1 0 1
2 0 1 1 1 1 1 1 2 2 0 1 1 1 1 1 0 0 1 1 0 1 1 1 1 1 1 1 0 1 1 1 0 0
2 0 1 1 1 1 1 1 2 2 0 1 1 1 1 1 0 0 1 1 1 1 1 1 1 1 1 1 1 1 1 1 0 0
2 0 1 1 1 1 1 1 2 2 0 2 1 2 1 1 0 0 1 1 0 1 1 1 1 1 1 1 1 1 2 1 0 0
2 0 1 1 1 1 1 1 2 2 0 2 1 2 1 1 0 0 1 1 1 1 1 1 1 1 1 1 0 1 2 1 0 0
2 0 1 1 1 1 1 1 2 2 0 2 2 2 2 1 0 0 1 1 1 1 1 1 1 1 1 1 1 1 2 1 0 1
2 0 1 1 1 1 1 1 1 2 0 2 2 2 2 1 0 0 1 1 1 1 1 1 1 1 1 1 1 1 2 1 0 1
2 0 2 1 1 1 1 2 2 2 0 2 2 2 2 1 0 0 1 1 1 1 1 1 1 1 1 1 1 1 2 1 1 1
2 0 1 1 1 1 1 1 2 2 0 2 1 2 1 1 0 0 1 1 0 1 0 1 1 1 1 1 1 1 2 1 0 1
2 0 1 1 1 1 1 1 1 2 0 2 1 2 1 1 0 0 1 1 0 1 1 1 1 1 1 1 1 1 2 1 0 1
2 0 1 1 0 1 1 1 1 2 0 1 1 1 1 1 0 0 1 1 0 1 0 1 1 1 1 1 1 1 1 1 0 0
2 0 1 1 0 1 1 1 1 2 0 1 1 1 1 0 0 0 1 1 0 1 0 1 1 1 1 0 0 1 1 1 0 0
2 0 1 1 0 1 1 1 1 2 0 1 1 1 1 0 0 0 1 1 0 1 0 1 1 1 1 1 0 1 1 1 0 0
2 0 1 1 1 1 1 1 1 2 0 2 1 2 1 1 0 0 1 1 0 1 0 1 1 1 1 0 0 1 1 1 0 0
2 0 1 1 1 1 1 1 1 2 0 2 1 2 1 1 0 0 1 1 1 1 0 1 1 1 1 0 0 1 2 1 0 0
2 0 1 1 0 1 1 1 2 2 0 2 2 2 2 1 0 0 1 1 0 1 0 1 1 1 1 1 1 1 2 1 0 1
2 0 1 1 1 1 1 1 1 2 0 2 1 2 2 1 0 0 1 1 1 1 1 1 1 1 1 1 1 1 2 1 0 1
2 0 1 1 1 1 1 1 1 2 0 2 2 2 2 1 0 0 1 1 0 1 0 1 1 1 1 1 1 1 2 1 0 1
2 0 1 1 1 1 1 1 1 2 0 2 1 2 1 1 0 0 1 1 0 1 0 1 1 1 1 1 1 1 2 1 0 1
2 0 1 1 1 1 1 1 1 2 0 1 1 1 1 1 0 0 1 1 0 1 0 1 1 1 1 1 1 1 1 1 0 1
2 0 1 1 1 1 1 1 1 2 0 1 1 1 1 1 0 0 1 1 0 1 0 1 1 1 1 1 1 1 1 1 0 0
2 0 1 1 1 1 1 1 1 2 0 1 1 1 1 1 0 0 1 1 1 1 1 1 1 1 1 1 1 1 1 1 0 0
2 0 1 1 1 1 1 1 1 1 0 1 1 1 1 1 0 0 1 1 0 1 0 1 1 1 1 1 0 1 1 1 0 0
2 0 1 1 1 1 1 1 1 1 0 2 1 2 1 0 0 0 1 1 0 1 0 1 1 1 1 1 0 1 1 1 0 0
2 0 1 1 1 1 1 1 1 1 0 2 1 2 1 1 0 0 1 1 0 1 0 1 1 1 1 1 0 1 2 1 0 0
2 0 1 1 0 1 1 1 1 1 0 2 2 2 2 1 0 0 1 1 0 1 0 1 1 1 1 1 1 1 2 1 0 1
2 0 1 1 0 1 1 1 1 1 0 2 1 2 2 0 0 0 1 1 0 1 0 1 1 1 1 1 0 1 2 1 0 1
2 0 1 1 1 1 1 1 1 2 0 2 1 2 2 1 0 0 1 1 0 1 0 1 1 1 1 1 1 1 2 1 0 1
2 0 1 1 1 1 1 1 1 2 0 2 2 2 2 1 0 0 1 1 0 1 0 1 1 1 1 1 1 1 2 1 0 1
2 0 1 1 1 1 1 1 2 2 0 2 2 2 2 1 0 0 1 1 1 1 1 1 1 1 1 1 1 1 2 1 1 1
2 0 1 1 1 1 1 1 1 2 0 1 1 1 1 1 0 0 1 1 0 1 0 1 1 1 1 1 1 1 1 1 0 0
2 0 1 1 1 1 1 1 1 2 0 1 1 1 1 1 0 0 1 1 1 1 0 1 1 1 1 1 0 1 1 1 0 0
2 0 1 1 1 1 1 1 1 2 0 2 1 1 1 0 0 0 1 1 0 1 0 1 1 1 1 1 0 1 1 1 0 0
2 0 1 1 0 1 1 1 1 2 0 2 1 1 1 1 0 0 1 1 0 1 0 1 1 1 1 1 0 1 1 1 0 0
2 0 1 1 0 1 1 1 1 2 0 2 1 2 1 1 0 0 1 1 0 1 0 1 1 1 1 0 0 1 2 1 0 0
2 0 1 1 0 1 1 1 1 2 0 2 2 2 2 1 0 0 1 1 0 1 0 1 1 1 1 1 0 1 2 1 0 1
2 0 1 1 0 1 1 1 1 2 0 2 1 2 2 1 0 0 1 1 0 1 0 1 1 1 1 1 1 1 2 1 0 1
2 0 1 1 0 1 1 1 1 2 0 2 1 2 2 1 0 0 1 1 0 1 0 1 1 1 1 1 1 1 2 1 0 1
2 0 1 1 0 1 1 1 1 2 0 1 1 1 1 1 0 0 1 1 0 1 0 1 1 1 1 0 0 1 1 1 0 0
2 0 1 1 1 1 1 1 2 2 0 1 1 2 1 1 0 0 1 1 0 1 0 1 1 1 1 1 1 1 1 1 0 1
2 0 1 1 1 1 1 1 1 2 0 1 1 1 1 1 0 0 1 1 1 1 0 1 1 1 1 1 0 1 1 1 0 0
2 0 1 1 1 1 1 1 1 2 0 1 1 1 1 0 0 0 1 1 1 1 0 1 1 1 1 1 0 1 1 1 0 0
2 0 1 1 1 1 1 1 1 2 0 1 1 1 1 0 0 0 1 1 1 1 0 1 1 1 1 0 0 1 1 1 0 0
2 0 1 1 1 1 1 1 1 2 0 2 1 2 1 1 0 0 1 1 1 1 0 1 1 1 1 1 0 1 2 1 0 0
2 0 1 1 1 1 1 1 1 2 0 2 1 2 1 0 0 0 1 1 0 1 0 1 1 1 1 0 0 1 1 1 0 0
2 0 1 1 0 1 1 1 1 2 0 2 2 2 2 1 0 0 1 1 0 1 0 1 1 1 1 1 1 1 2 1 0 1
2 0 1 1 1 1 1 1 1 2 0 2 2 2 2 1 0 0 1 1 0 1 0 1 1 1 1 1 1 1 2 1 0 1
2 0 1 1 0 1 1 1 1 2 0 1 1 2 1 1 0 0 1 1 0 1 0 1 1 1 1 1 1 1 2 1 0 1
2 0 2 1 0 1 1 1 1 2 0 2 2 2 2 1 0 0 1 1 1 1 0 1 1 1 1 1 1 1 2 1 1 1
2 0 1 1 1 1 1 1 1 2 0 1 1 1 1 1 0 0 1 1 1 1 0 1 1 1 1 1 1 1 1 1 0 1
2 0 1 1 1 1 1 1 2 2 0 1 1 1 1 1 0 0 1 1 1 1 1 1 1 1 1 1 1 1 1 1 0 0
2 0 1 1 1 1 1 1 1 2 0 1 1 1 1 1 0 0 1 1 0 1 0 1 1 1 1 1 0 1 1 1 0 0
2 0 1 1 1 1 1 1 1 2 0 1 1 1 1 1 0 0 1 1 1 1 0 1 1 1 1 1 0 1 1 1 0 0
2 0 1 1 1 1 1 1 2 2 0 2 1 2 1 1 0 0 1 1 1 1 0 1 1 1 1 1 1 1 1 1 0 0
3 0 1 1 1 1 1 1 2 2 0 2 1 2 1 1 0 0 1 1 1 1 0 1 1 1 1 1 1 1 1 1 0 0
1 0 0 0 0 0 0 0 0 0 0 0 0 0 0 0 0 0 0 0 0 0 0 0 0 0 0 0 0 0 0 0 0 0
4 0 3 4 5 5 5 5 5 5 0 5 7 6 6 7 5 5 4 4 5 6 7 5 6 6 5 8 8 7 5 7 5 5
4 0 3 3 4 4 5 4 4 4 0 4 6 6 5 6 4 4 4 4 5 5 6 4 5 5 5 7 7 6 5 5 4 4
4 0 4 4 5 5 5 4 4 4 0 4 7 6 5 6 5 5 4 4 5 5 6 5 5 5 5 7 7 6 5 5 5 4
4 0 3 4 5 4 5 5 5 5 0 4 6 6 6 6 5 4 4 4 5 5 6 5 6 6 5 8 7 7 5 5 4 4
4 0 3 3 5 5 5 4 4 4 0 4 6 6 5 6 5 4 4 4 5 5 7 5 6 5 5 7 7 6 5 6 4 4
4 0 4 4 5 5 5 4 4 4 0 4 6 6 5 6 5 4 4 4 5 5 6 5 5 5 5 7 7 7 4 6 5 5
4 0 3 3 5 4 5 4 4 4 0 4 6 6 6 6 5 4 4 4 5 5 6 5 5 5 5 7 7 6 5 6 5 4
4 0 3 3 5 4 5 4 4 4 0 4 6 6 6 6 5 4 4 4 5 5 6 4 5 5 5 7 7 6 5 6 5 4
4 0 4 4 5 5 5 4 4 4 0 4 6 6 5 6 5 4 4 4 5 5 6 5 5 5 4 7 7 6 5 6 5 4
4 0 4 4 5 5 6 4 4 4 0 4 7 6 5 7 5 5 4 4 5 5 7 5 5 5 5 7 7 7 5 6 5 4
4 0 3 4 5 5 5 4 4 4 0 4 7 6 5 6 5 4 4 4 5 5 7 4 5 5 5 8 7 7 5 6 5 4
4 0 4 4 5 5 5 4 4 4 0 4 7 6 5 6 5 4 4 4 5 5 6 5 5 5 5 7 7 6 5 6 5 4
4 0 3 4 5 4 5 4 4 4 0 4 7 6 5 6 5 4 4 4 5 5 6 4 5 5 5 7 7 7 5 6 5 4
4 0 3 4 5 5 5 4 4 4 0 5 7 6 6 6 5 4 4 4 5 5 6 5 5 5 5 7 7 7 5 6 5 4
4 0 3 4 5 5 5 4 4 4 0 5 7 6 6 6 5 4 4 4 5 5 6 5 5 5 5 7 7 7 5 6 5 4
4 0 4 4 5 5 5 4 5 5 0 5 7 7 6 6 5 4 4 4 5 5 6 5 7 6 5 7 7 7 6 6 5 4
4 0 4 4 5 5 5 5 5 4 0 5 7 6 6 7 5 5 4 5 5 5 6 5 6 5 5 8 7 7 5 6 5 5
4 0 4 4 5 5 5 4 5 4 0 5 7 6 5 7 5 5 4 5 5 5 6 5 6 5 5 7 7 7 5 6 5 5
4 0 4 4 5 5 6 5 5 5 0 5 6 6 6 7 5 5 4 5 5 5 6 5 6 5 5 7 7 7 5 6 5 5
4 0 4 4 5 5 5 4 4 4 0 4 6 6 5 6 5 4 4 4 5 5 6 5 6 5 5 7 7 6 5 6 5 4
4 0 3 4 5 5 5 4 4 5 0 4 6 5 5 6 5 4 4 4 5 5 6 5 6 5 5 7 7 6 5 6 5 4
4 0 3 4 5 4 6 4 5 4 0 4 6 5 5 6 5 4 4 4 5 5 7 5 6 5 5 7 7 6 5 6 5 4
4 0 3 4 4 5 5 4 4 4 0 4 6 5 5 6 5 4 4 4 5 5 6 5 5 5 5 7 7 6 5 6 5 4
4 0 3 4 4 4 5 4 4 4 0 4 6 6 5 6 5 4 4 4 4 5 6 5 5 5 5 7 7 6 5 6 5 4
4 0 3 4 4 4 5 4 5 4 0 5 6 6 6 6 5 4 4 4 4 5 6 5 6 5 5 7 6 6 6 6 5 4
4 0 3 4 4 4 5 5 4 4 0 5 6 5 5 6 5 4 4 4 4 5 6 5 5 5 5 7 6 6 5 6 5 4
4 0 4 4 4 4 5 4 4 4 0 4 5 5 5 6 5 4 4 4 4 5 5 4 5 5 5 7 6 6 5 6 5 4
4 0 3 4 4 4 5 4 4 4 0 4 6 5 5 6 4 4 4 4 4 5 6 4 5 5 5 7 6 6 5 6 4 4
4 0 4 4 4 4 5 4 5 4 0 4 6 6 6 7 5 5 4 4 4 5 5 4 6 5 5 9 8 7 5 7 5 4
4 0 4 4 4 4 5 4 4 4 0 4 6 5 5 6 5 4 4 4 4 4 5 4 5 5 5 7 6 6 4 6 4 4
4 0 3 4 4 4 5 4 4 4 0 4 6 5 5 6 5 4 4 4 4 5 5 4 6 5 5 7 6 6 4 6 5 4
4 0 3 4 4 4 5 4 4 4 0 4 6 5 5 6 4 4 4 4 4 5 6 4 5 5 5 7 6 6 4 6 4 4
4 0 3 4 4 5 5 4 4 4 0 4 5 5 5 6 4 4 4 4 4 5 6 4 5 5 5 7 7 6 4 5 5 4
4 0 3 4 4 4 5 4 4 4 0 4 6 5 5 5 4 4 4 4 4 5 6 4 5 5 5 7 7 6 5 5 4 4
4 0 3 4 4 4 5 4 4 4 0 4 5 5 5 6 4 4 4 4 4 5 6 4 5 5 5 7 6 6 5 5 4 4
4 0 3 3 4 4 5 4 4 4 0 4 6 5 5 6 4 4 4 4 4 5 6 4 5 5 5 7 6 6 5 5 4 4
4 0 3 3 4 4 5 4 4 4 0 5 6 5 5 5 4 4 4 4 4 4 6 4 5 5 5 8 7 6 6 5 4 4
4 0 3 3 4 4 5 4 4 4 0 5 6 6 5 5 4 4 3 4 4 5 6 4 5 5 4 7 6 6 5 5 4 4
4 0 3 3 4 4 5 4 4 4 0 4 6 5 5 6 4 4 4 4 4 5 6 4 5 5 4 7 6 6 5 5 4 4
4 0 3 4 4 4 5 4 4 4 0 4 6 5 5 6 5 4 4 4 4 5 6 5 5 5 4 7 7 6 4 5 5 4
4 0 3 3 4 5 5 4 4 4 0 4 6 5 5 6 4 4 4 4 4 5 6 4 5 5 4 7 6 6 5 6 5 4
4 0 3 4 5 4 5 5 5 4 0 4 6 6 5 6 5 4 4 4 4 5 6 5 6 5 5 7 7 6 5 6 5 4
4 0 4 4 4 5 5 5 4 4 0 5 6 6 5 6 5 4 4 4 4 5 6 5 5 5 5 7 7 6 5 6 5 4
4 0 3 4 4 4 5 5 5 4 0 4 6 5 5 6 5 4 4 4 4 5 7 5 6 5 5 7 7 6 5 6 5 4
4 0 3 3 5 4 5 4 4 4 0 4 6 5 5 6 4 4 3 4 5 5 6 4 5 4 4 6 6 6 5 5 4 4
4 0 3 3 4 4 5 4 4 4 0 4 6 6 5 5 4 4 4 4 4 5 6 5 5 4 4 7 6 6 5 5 4 4
4 0 3 4 4 5 6 5 5 4 0 4 6 6 5 6 4 4 4 4 5 6 7 5 6 5 5 7 7 7 5 5 4 4
4 0 3 3 4 4 5 4 4 4 0 4 7 6 6 5 4 4 3 4 4 5 7 4 5 5 4 7 8 8 6 6 4 4
4 0 3 3 4 4 5 4 4 4 0 4 6 5 5 5 4 4 4 4 4 5 6 4 5 5 4 6 7 6 5 5 4 4
4 0 3 3 4 4 5 4 4 4 0 4 6 6 5 5 4 4 4 4 4 5 7 4 5 5 4 7 7 6 5 5 4 4
4 0 3 3 4 4 5 4 4 4 0 4 6 5 5 5 4 4 4 4 5 5 6 5 5 5 4 6 7 6 5 5 4 4
4 0 4 4 5 5 6 4 4 4 0 4 6 6 6 6 5 4 4 4 5 6 7 5 5 5 4 7 7 7 5 6 5 4
4 0 3 4 4 5 5 4 4 4 0 4 6 6 5 6 5 4 4 4 5 5 7 5 6 5 4 7 7 7 5 6 5 4
4 0 3 4 4 5 5 4 4 4 0 4 6 6 5 6 5 4 4 4 5 6 7 5 5 5 5 7 7 7 5 6 5 4
4 0 3 4 4 5 5 4 4 4 0 4 6 6 6 6 5 4 4 4 5 5 7 5 5 5 5 8 7 7 5 6 5 4
4 0 3 4 4 5 5 5 4 4 0 5 8 7 6 6 5 4 4 4 5 6 7 5 5 5 5 8 9 9 7 6 5 4
4 0 3 4 4 4 5 4 4 4 0 4 7 6 5 6 5 4 4 4 5 5 7 5 5 5 4 7 8 7 5 6 5 4
4 0 3 4 4 5 6 5 4 4 0 4 7 7 6 7 5 4 4 4 5 6 7 5 5 5 4 7 8 7 5 6 5 4
4 0 4 4 4 5 6 5 4 4 0 4 7 6 5 6 5 4 4 4 5 6 7 5 6 5 4 7 8 7 5 6 5 5
4 0 3 4 4 4 5 5 4 4 0 4 8 7 6 6 5 4 4 4 5 6 7 5 5 5 5 8 8 7 5 6 5 4
4 0 3 3 4 4 5 4 4 4 0 4 7 6 5 6 5 4 4 4 5 5 7 5 5 5 4 7 8 7 5 6 5 4
4 0 3 3 4 4 5 4 4 4 0 4 7 6 5 6 4 4 4 4 5 6 7 4 5 4 4 7 7 7 5 6 4 4
4 0 4 4 4 5 6 5 4 4 0 4 7 6 6 7 5 5 4 4 5 6 8 5 5 5 5 7 8 7 6 7 5 5
4 0 3 4 5 5 6 5 4 4 0 5 7 7 6 6 5 4 4 4 5 6 8 5 5 5 5 8 8 7 6 6 5 5
4 0 3 4 5 5 6 5 4 4 0 5 8 7 6 6 5 5 4 5 5 6 7 5 5 5 5 8 8 8 6 6 5 4
4 0 3 4 4 5 6 4 4 4 0 5 8 7 6 6 5 4 4 4 5 6 8 5 5 5 5 8 8 8 6 6 5 4
4 0 3 4 4 5 6 5 4 4 0 5 7 6 6 6 5 4 4 4 6 6 8 5 5 5 5 8 8 7 6 6 5 4
4 0 3 4 5 5 6 5 5 4 0 4 7 6 5 6 5 5 4 4 5 6 8 5 6 5 4 8 8 7 5 6 5 5
4 0 3 3 4 5 6 4 4 4 0 4 7 6 5 6 5 4 4 4 5 6 8 5 5 5 5 7 7 7 5 6 5 4
4 0 3 3 4 5 6 4 4 4 0 4 7 6 5 6 5 4 4 4 5 6 8 5 5 5 4 7 8 7 5 6 5 4
4 0 3 3 4 5 6 5 4 4 0 5 7 6 5 6 5 4 4 4 5 6 7 5 5 5 4 7 7 7 5 6 4 4
4 0 3 4 5 5 7 5 4 4 0 5 8 6 5 6 5 4 4 4 5 6 8 5 5 5 4 9 8 8 5 6 4 4
4 0 3 4 5 5 6 4 4 4 0 4 7 6 5 6 5 4 4 4 5 6 7 5 5 5 5 8 7 7 5 6 4 4
4 0 3 4 5 5 6 5 4 4 0 5 7 6 6 6 5 4 4 4 5 6 8 5 5 5 5 8 8 7 5 6 4 4
4 0 3 4 5 5 6 5 5 5 0 4 7 6 5 6 5 4 4 4 6 6 8 5 5 5 5 8 7 7 5 6 4 4
4 0 4 4 5 5 6 4 5 4 0 5 8 8 7 7 5 4 4 4 5 6 8 5 5 5 5 8 8 7 7 6 5 4
4 0 4 4 5 5 6 4 4 5 0 5 7 6 5 6 5 4 4 5 6 6 7 5 5 5 5 8 8 7 5 6 5 5
4 0 3 4 5 5 6 4 4 5 0 5 7 6 5 6 5 4 4 4 5 6 7 5 5 5 4 8 8 7 5 6 5 4
4 0 4 4 5 5 6 5 4 4 0 5 8 6 6 7 5 5 4 5 6 7 7 5 5 5 4 8 8 7 6 7 5 5
4 0 3 4 4 4 6 4 4 4 0 4 7 7 5 6 4 4 4 5 5 5 7 5 5 4 4 8 8 7 5 6 4 4
4 0 3 4 4 4 6 4 4 4 0 4 6 5 5 6 4 4 4 4 5 5 7 4 5 5 4 8 7 6 5 6 4 4
4 0 3 4 4 5 6 4 4 4 0 4 7 5 5 6 5 4 4 5 5 5 7 5 5 4 4 8 7 7 5 6 4 4
4 0 3 4 5 4 6 4 4 4 0 4 7 6 5 6 5 4 4 4 5 5 7 5 5 5 4 8 8 7 5 6 5 4
4 0 3 4 4 4 6 4 4 4 0 4 6 6 5 6 4 4 4 4 5 5 7 5 5 5 4 7 7 6 5 6 4 4
4 0 3 4 5 5 6 4 4 4 0 4 6 6 5 6 5 4 4 4 5 5 7 5 5 5 4 7 7 7 5 6 5 4
4 0 3 4 5 5 6 4 4 4 0 4 6 6 6 7 5 4 4 4 5 6 7 5 5 5 4 7 7 6 6 6 4 4
4 0 3 4 5 4 6 4 4 4 0 4 6 6 5 7 5 4 4 5 5 5 7 5 5 4 4 7 7 6 5 6 4 4
4 0 4 4 6 6 7 6 6 6 0 4 6 5 5 6 5 4 5 6 7 7 9 6 7 6 5 8 7 7 5 5 4 4
4 0 3 4 5 6 7 5 5 5 0 4 6 5 5 6 5 4 4 5 6 7 8 5 6 6 5 8 7 6 5 5 4 4
4 0 3 4 6 6 7 5 5 5 0 5 6 5 5 5 4 4 4 5 7 7 8 5 6 6 6 8 7 6 4 5 4 4
4 0 4 5 6 7 7 6 6 5 0 6 8 7 6 7 5 5 4 5 7 8 9 6 7 6 6 8 9 8 6 6 5 4
4 0 3 4 5 6 7 5 6 5 0 5 6 6 5 6 4 4 4 5 6 7 9 6 7 6 5 8 7 6 5 5 4 4
4 0 3 4 5 6 8 5 5 5 0 5 6 6 5 6 5 4 4 5 7 8 8 6 6 6 5 8 7 7 5 5 4 4
4 0 4 4 5 6 7 5 5 5 0 5 7 6 6 6 4 4 4 5 7 7 8 5 6 6 5 8 7 7 5 5 4 4
4 0 4 4 5 6 7 5 5 5 0 5 6 6 5 6 4 4 4 5 7 7 8 5 6 6 5 8 7 7 5 5 4 4
4 0 4 4 5 6 7 5 6 5 0 5 7 6 6 6 5 4 4 5 6 7 8 5 7 6 6 9 8 7 5 5 4 4
4 0 4 4 5 6 7 5 5 5 0 5 7 6 5 6 5 4 4 6 7 7 9 5 6 6 6 8 8 7 5 6 5 4
4 0 4 4 6 6 7 5 5 5 0 5 6 6 5 6 5 4 4 5 7 7 8 6 6 6 6 8 7 7 4 5 5 4
4 0 3 4 6 6 7 5 5 5 0 5 7 6 5 6 5 4 4 5 6 7 8 5 6 6 5 9 8 7 5 5 4 4
4 0 4 4 5 5 7 5 5 5 0 4 6 6 6 6 5 4 5 6 6 7 8 5 6 6 5 7 7 7 5 5 5 4
4 0 3 4 5 5 7 5 5 5 0 4 6 6 5 6 4 4 4 5 6 6 8 5 6 5 5 7 7 7 5 5 4 4
4 0 3 4 5 5 6 5 5 5 0 4 7 7 5 6 4 4 4 6 6 6 8 5 6 5 5 7 8 7 5 5 4 4
4 0 4 4 5 5 7 5 5 5 0 4 6 6 5 6 5 4 4 5 6 6 9 6 6 5 5 7 7 7 5 5 4 4
4 0 4 4 5 5 6 5 5 5 0 4 6 6 5 6 5 4 4 5 6 6 8 5 6 5 5 7 7 7 5 5 4 4
4 0 4 4 5 5 6 5 5 5 0 4 6 5 4 6 4 4 4 5 6 6 8 5 6 5 5 7 7 7 4 5 4 4
4 0 4 4 5 5 6 5 5 4 0 4 6 5 5 6 4 4 4 5 6 6 8 5 6 5 5 6 7 7 5 5 4 4
4 0 4 4 5 5 6 5 5 5 0 4 6 5 5 6 5 4 5 6 6 6 8 5 7 6 5 6 7 6 4 5 4 4
4 0 4 4 5 5 6 4 4 4 0 4 6 5 5 6 5 4 4 5 6 5 7 5 6 5 5 6 7 6 5 5 4 4
4 0 4 4 5 5 6 5 5 5 0 4 6 6 5 6 5 4 4 5 6 6 8 5 6 6 5 7 7 6 5 5 4 4
4 0 4 4 5 5 6 5 5 4 0 4 7 6 6 6 5 4 4 5 6 6 7 5 6 5 5 7 7 7 5 5 4 4
4 0 4 4 5 5 6 5 5 5 0 4 6 6 5 6 5 4 4 5 7 6 8 5 6 5 5 7 6 6 5 5 5 4
4 0 4 4 5 5 6 5 4 4 0 4 6 5 5 6 5 4 4 5 6 7 8 5 6 5 5 6 7 6 5 5 5 4
4 0 4 4 5 5 6 5 5 4 0 5 6 6 5 6 5 4 4 5 7 7 8 5 6 5 5 6 7 6 6 5 5 4
4 0 4 4 5 5 6 5 4 4 0 4 6 5 5 6 5 4 4 5 6 6 8 5 6 5 4 6 7 6 5 6 5 4
4 0 4 4 6 5 8 5 5 5 0 4 6 5 5 6 5 4 5 6 7 7 8 5 6 5 5 6 7 6 5 5 5 4
4 0 4 4 5 5 7 5 5 5 0 4 6 5 5 6 5 4 4 5 6 6 8 5 6 5 4 6 7 6 5 5 5 4
4 0 4 4 5 5 7 5 4 4 0 4 6 6 5 6 5 4 4 5 6 6 8 5 6 5 4 6 7 7 5 5 5 4
4 0 4 4 5 7 8 5 4 4 0 4 6 5 5 6 5 4 4 5 6 6 7 5 5 5 4 6 6 6 4 5 4 4
4 0 4 4 5 5 7 5 4 5 0 5 6 6 5 6 4 4 4 5 6 6 7 5 5 5 4 6 7 6 5 5 4 4
4 0 4 4 5 5 7 5 4 4 0 4 6 6 5 6 4 4 4 5 6 6 8 5 5 5 4 6 7 6 5 5 4 4
4 0 4 4 5 5 7 5 4 4 0 4 6 6 5 6 5 4 4 5 6 6 8 5 5 5 4 6 7 7 5 6 5 4
4 0 4 4 5 5 7 5 4 4 0 4 6 6 5 6 4 4 4 5 6 6 8 5 5 5 4 6 6 6 5 6 4 4
4 0 4 4 5 5 7 5 4 4 0 4 7 7 5 6 5 4 5 6 6 6 8 5 5 5 4 6 7 6 6 6 5 4
4 0 4 4 5 5 7 5 4 4 0 4 6 6 5 6 4 4 4 5 6 6 8 5 6 5 4 7 7 6 5 6 4 4
4 0 4 4 5 5 7 4 4 4 0 4 6 6 6 6 4 4 4 5 6 6 7 5 5 4 4 6 6 6 6 6 4 4
4 0 3 4 5 4 7 4 4 4 0 4 6 7 6 6 4 4 4 5 6 6 7 5 5 4 4 6 6 6 5 6 4 4
4 0 3 4 5 4 6 4 4 4 0 4 6 6 5 6 4 4 4 5 5 6 7 5 5 4 4 6 6 6 5 6 4 4
4 0 3 4 5 5 6 4 4 4 0 4 6 6 5 6 4 4 4 5 6 6 9 5 5 4 4 7 7 6 5 6 4 4
4 0 3 4 5 5 7 5 4 4 0 4 6 6 5 6 4 4 4 5 6 6 8 5 5 5 4 6 7 6 6 6 4 4
4 0 3 4 6 5 7 5 5 4 0 5 7 8 6 6 5 4 4 5 7 7 8 5 6 5 5 6 7 7 6 6 5 4
4 0 3 4 5 5 7 5 5 4 0 4 6 6 5 6 5 4 4 5 6 6 8 5 6 5 5 6 7 6 5 6 5 4
4 0 3 3 5 5 6 5 5 4 0 4 6 6 5 5 4 4 4 5 7 6 7 5 6 5 5 6 7 6 5 6 4 4
4 0 4 4 5 5 7 5 5 5 0 5 7 7 6 7 5 5 4 5 6 6 7 5 6 5 5 6 8 9 6 7 5 4
4 0 3 4 5 5 6 5 4 4 0 4 7 6 6 6 5 4 4 5 6 6 7 5 5 5 5 6 8 7 6 6 5 4
4 0 3 4 5 5 6 5 5 4 0 4 7 6 6 6 5 4 4 5 6 6 7 5 6 5 5 6 7 7 6 6 5 4
4 0 3 4 5 5 7 5 5 5 0 5 7 7 7 7 5 4 4 5 6 6 7 5 6 5 5 7 8 7 6 7 5 4
4 0 3 4 5 4 6 5 5 4 0 4 7 6 6 6 5 4 4 5 6 6 7 5 6 5 5 6 7 7 6 6 5 4
4 0 3 4 6 5 6 5 4 4 0 4 7 6 6 6 5 4 4 5 6 6 7 5 6 5 4 6 7 7 6 6 5 4
4 0 3 4 5 4 6 5 5 5 0 4 6 6 6 6 5 4 4 5 7 6 7 5 6 5 5 6 7 7 5 6 5 4
4 0 3 4 5 4 6 4 4 4 0 5 10 9 7 7 5 4 4 5 6 6 7 5 5 5 4 8 10 10 6 7 5 4
4 0 3 4 5 4 6 5 4 4 0 4 7 7 6 6 5 4 4 5 6 6 7 5 6 5 4 6 8 8 6 7 5 4
4 0 3 4 5 4 6 5 4 4 0 5 8 8 7 7 5 4 4 5 6 6 7 5 5 5 5 7 9 9 7 7 5 4
4 0 3 4 5 4 8 5 4 4 0 5 7 7 6 7 5 4 4 5 6 6 8 5 6 5 5 7 8 8 6 7 5 4
4 0 3 4 5 5 7 5 4 4 0 5 7 7 6 7 5 5 4 5 6 5 7 5 5 5 4 7 8 8 6 7 5 4
4 0 3 4 5 4 6 5 4 4 0 5 8 7 6 6 5 4 4 5 6 6 7 5 5 5 5 7 8 8 6 7 5 4
4 0 3 4 5 4 6 5 4 4 0 4 8 7 6 7 5 4 4 4 6 6 7 5 5 5 4 7 8 8 6 7 5 4
4 0 3 4 5 4 6 5 4 4 0 5 8 7 6 7 5 4 4 5 6 6 7 5 5 5 5 7 8 9 6 7 5 4
4 0 3 4 5 4 5 5 4 4 0 5 8 8 7 7 5 4 4 4 6 6 7 5 5 5 5 7 8 8 6 7 5 4
4 0 3 4 5 4 5 5 5 4 0 5 9 8 8 8 5 5 4 4 6 6 7 5 6 5 5 7 9 9 6 7 5 5
4 0 3 4 5 4 6 4 4 4 0 5 8 7 7 7 5 4 4 4 6 6 7 5 5 5 5 7 8 8 6 7 5 4
4 0 3 4 5 4 5 5 4 4 0 5 8 7 7 7 5 4 4 5 6 6 7 5 5 5 5 7 8 8 6 7 5 4
4 0 3 3 5 4 5 5 4 4 0 5 8 7 7 7 5 4 4 4 6 6 7 5 5 5 5 7 8 8 6 7 5 4
4 0 3 4 5 5 6 5 4 4 0 5 8 7 7 7 5 5 4 4 6 6 7 5 6 5 5 7 9 9 6 7 5 4
4 0 3 4 5 4 6 5 5 4 0 5 8 7 7 7 5 4 4 4 6 6 7 5 6 5 5 7 8 8 6 7 5 4
4 0 4 4 5 5 6 5 5 5 0 5 8 8 7 7 5 5 4 5 6 6 7 5 6 6 5 7 9 9 6 7 5 5
4 0 3 4 5 4 6 5 5 4 0 5 9 8 7 7 5 5 4 4 6 6 7 5 6 5 5 8 9 9 6 7 5 5
4 0 3 4 5 4 6 5 5 4 0 5 9 8 8 8 5 4 4 4 6 6 7 5 7 6 5 8 9 10 7 8 5 4
4 0 3 4 6 5 6 5 5 4 0 5 8 7 7 7 5 4 4 4 7 6 7 5 6 5 5 7 9 9 6 7 5 4
4 0 3 3 5 4 6 4 4 4 0 5 8 8 7 7 5 4 4 4 5 5 6 5 5 5 4 7 9 9 6 7 5 4
4 0 3 3 5 4 5 4 4 4 0 4 8 7 7 9 5 5 4 4 5 5 6 4 5 5 4 8 9 9 6 8 5 4
4 0 3 4 4 4 6 4 4 4 0 5 8 8 7 7 5 4 4 4 5 5 6 4 5 5 5 7 9 11 6 6 5 4
4 0 3 3 4 4 5 4 4 4 0 4 8 7 7 7 5 4 4 4 5 5 6 4 5 5 4 7 8 8 6 7 5 4
4 0 3 3 4 4 5 4 4 4 0 4 8 7 7 7 5 4 4 4 5 5 6 5 5 5 4 7 8 8 6 6 5 4
4 0 3 3 4 4 5 4 4 4 0 5 8 8 7 8 5 4 4 4 5 5 6 4 5 5 4 7 8 8 6 7 5 4
4 0 3 3 5 4 5 5 4 4 0 4 9 7 6 7 5 4 4 4 6 5 6 5 5 5 4 8 10 8 5 6 5 4
4 0 4 4 5 4 6 5 5 4 0 5 8 8 7 7 5 4 4 4 6 6 7 5 6 5 5 7 9 8 6 6 5 4
4 0 3 4 4 4 5 5 4 4 0 5 9 8 7 8 5 4 4 4 5 5 6 5 5 5 5 8 9 8 6 6 5 4
4 0 3 4 5 4 5 5 4 4 0 5 8 8 7 7 5 4 4 4 5 5 6 5 6 5 4 7 9 9 5 6 5 4
4 0 3 3 4 4 5 4 4 4 0 4 7 7 6 7 5 4 4 4 5 5 6 4 5 5 4 7 7 7 5 6 5 4
4 0 3 3 4 4 5 5 4 4 0 5 8 8 7 7 5 4 4 4 5 5 6 4 6 5 5 7 8 7 6 6 5 4
4 0 3 3 4 4 5 4 4 4 0 5 8 7 6 7 5 4 4 4 5 5 6 5 6 5 4 7 8 7 5 6 5 4
4 0 3 3 4 5 6 4 4 4 0 4 8 7 6 7 5 5 4 4 5 5 7 5 6 5 4 7 8 7 5 6 5 4
4 0 3 3 4 4 5 4 4 4 0 4 8 7 6 7 5 4 4 4 5 5 6 4 6 5 4 6 8 7 5 6 5 4
4 0 3 3 4 4 5 4 5 4 0 5 8 7 6 7 5 4 4 4 5 5 6 4 6 5 4 7 8 7 5 7 5 4
4 0 5 5 7 7 9 6 5 5 0 4 5 4 5 6 8 7 6 7 8 9 10 7 6 5 4 5 7 5 5 6 7 8
4 0 5 5 7 7 9 6 5 5 0 4 5 5 5 6 8 8 6 8 8 9 10 7 6 5 4 5 7 5 4 6 7 8
4 0 5 5 7 7 9 7 5 5 0 4 5 4 5 6 8 7 6 7 8 8 10 7 6 5 4 5 7 5 4 6 7 8
4 0 5 5 7 7 9 7 5 5 0 4 6 4 5 6 8 9 6 8 8 8 11 7 6 5 5 6 7 5 4 6 8 8
4 0 5 6 7 7 9 7 5 5 0 4 5 4 5 6 8 9 7 7 8 9 10 7 6 5 4 6 7 5 5 6 7 8
4 0 6 6 8 8 9 7 6 6 0 5 6 5 5 7 10 9 7 8 8 9 10 8 7 6 5 6 7 6 5 7 8 8
4 0 5 5 7 7 9 6 5 5 0 4 6 4 5 6 7 7 6 7 8 9 9 7 6 5 4 5 7 5 4 6 7 8
4 0 5 6 7 7 9 6 5 5 0 4 6 5 5 6 7 8 6 7 8 8 9 6 6 5 5 6 7 5 5 6 7 8
4 0 5 5 7 7 9 7 5 5 0 4 6 4 5 6 8 8 6 7 8 8 10 7 6 5 5 6 8 6 5 6 7 8
4 0 5 6 7 7 9 6 5 5 0 4 6 4 5 6 7 8 6 7 8 8 10 7 6 5 4 6 7 5 4 6 7 8
4 0 5 6 7 7 9 7 5 5 0 5 6 5 5 6 7 8 6 7 8 8 9 7 6 5 5 6 7 5 5 6 6 7
4 0 5 6 7 7 10 8 6 5 0 5 6 5 5 6 8 8 6 8 11 9 10 8 6 6 5 6 8 6 5 6 7 8
4 0 5 6 7 7 9 6 5 5 0 4 6 5 5 6 7 8 6 7 7 8 9 7 6 5 5 5 7 5 5 6 7 8
4 0 5 5 7 7 9 7 5 5 0 4 5 4 5 6 7 8 5 7 8 9 10 8 6 5 4 5 7 5 4 6 7 8
4 0 5 5 7 6 8 6 5 4 0 4 5 4 4 5 7 7 5 7 7 7 10 7 6 5 4 5 7 5 4 5 7 8
4 0 5 5 7 6 10 6 5 5 0 4 6 4 4 5 8 8 5 6 7 7 10 7 6 5 4 5 8 5 4 6 7 8
4 0 5 5 7 6 8 6 5 4 0 4 6 4 5 6 8 8 6 7 7 8 10 7 5 5 4 5 7 5 4 6 7 7
4 0 5 5 7 6 9 6 5 5 0 4 6 4 4 5 7 7 6 7 7 8 10 7 6 5 4 5 7 5 4 6 7 8
4 0 5 5 7 7 9 6 5 5 0 4 6 4 4 6 7 8 6 6 7 8 11 7 6 5 4 5 7 5 4 6 7 7
4 0 5 5 7 6 8 6 5 5 0 4 6 4 5 6 8 8 6 7 7 8 9 7 6 5 4 5 8 5 4 6 7 8
4 0 5 5 7 7 9 6 5 5 0 4 6 5 5 6 8 8 6 7 7 8 10 7 6 5 5 6 8 6 5 6 7 8
4 0 5 6 7 7 9 6 5 5 0 5 6 5 5 6 8 8 6 7 7 8 9 7 6 5 5 6 8 6 5 6 7 7
4 0 5 5 7 7 9 6 5 5 0 4 6 4 5 6 8 7 6 7 7 7 9 7 6 5 5 6 8 6 5 6 7 8
4 0 5 6 7 7 9 6 5 5 0 4 6 5 5 6 8 8 6 7 7 8 10 7 6 5 5 6 8 6 5 6 7 8
4 0 5 5 7 7 9 6 5 5 0 4 6 5 5 6 8 8 6 7 7 8 10 7 6 5 5 6 8 6 5 6 7 8
4 0 5 5 7 6 9 6 5 5 0 4 6 4 5 6 8 8 6 7 7 7 9 7 6 5 4 6 8 6 4 6 7 8
4 0 5 6 7 7 9 6 5 5 0 4 6 5 5 6 8 8 6 7 8 7 10 7 6 6 5 6 8 6 5 6 7 8
4 0 5 6 7 7 9 6 5 5 0 5 6 5 5 6 8 8 6 8 8 8 10 7 6 6 5 6 8 6 5 6 8 8
4 0 6 6 7 7 9 6 5 5 0 5 7 5 6 7 9 8 7 8 8 8 10 7 6 6 5 6 8 6 6 7 9 10
4 0 5 6 7 7 9 6 5 5 0 5 6 5 5 7 9 8 6 7 8 8 10 7 6 6 5 6 8 6 5 7 8 10
4 0 5 6 7 7 9 6 5 5 0 4 6 5 5 6 8 8 6 7 8 8 11 7 6 6 5 6 8 6 5 7 8 9
4 0 5 6 7 7 10 7 6 5 0 5 6 5 5 6 8 8 7 8 8 8 11 8 6 6 5 7 8 6 5 7 8 9
4 0 5 5 7 7 9 6 5 5 0 4 6 4 5 6 8 7 6 7 8 8 10 7 6 5 4 5 8 5 4 6 8 9
4 0 5 5 7 6 9 6 5 5 0 4 6 5 5 6 9 8 6 7 8 8 10 7 6 6 5 6 8 6 5 6 8 9
4 0 5 6 7 7 9 6 5 5 0 4 6 5 5 6 8 7 6 7 8 8 10 7 6 5 5 6 9 6 5 6 7 9
4 0 5 5 7 6 9 6 5 5 0 4 6 4 5 6 8 7 6 7 7 8 10 7 6 5 5 6 8 6 5 6 8 9
4 0 5 5 7 7 9 6 5 5 0 4 6 5 5 6 8 7 6 7 8 8 10 7 6 6 5 6 8 6 5 7 7 9
4 0 5 5 7 6 9 6 5 5 0 4 6 4 5 6 7 7 6 7 7 7 10 7 6 5 4 5 8 5 4 6 7 8
4 0 5 5 7 6 9 6 5 5 0 5 6 5 5 7 9 8 6 7 7 8 10 7 6 5 5 6 8 6 5 6 8 9
4 0 5 5 7 6 9 6 5 5 0 5 6 5 5 7 8 7 6 7 8 8 10 7 6 5 5 6 8 6 5 6 8 9
4 0 5 5 7 7 9 6 5 5 0 5 6 5 5 6 8 7 6 7 8 8 10 7 6 5 5 6 8 6 5 6 7 9
4 0 5 5 7 7 9 6 5 5 0 4 6 5 5 6 8 7 6 7 8 7 9 7 6 6 5 6 8 6 5 6 7 8
4 0 5 5 7 7 9 6 5 5 0 4 6 5 5 6 8 7 6 7 8 7 10 7 6 6 5 6 8 6 5 6 7 8
4 0 5 5 7 6 8 6 5 5 0 4 6 5 5 6 8 7 6 7 7 8 9 7 6 5 5 6 8 6 5 6 7 8
4 0 5 5 7 6 8 6 5 5 0 4 6 4 5 6 8 7 6 7 7 7 9 7 6 6 5 6 8 6 5 6 7 8
4 0 5 5 8 7 9 6 5 5 0 4 7 5 5 6 8 8 6 7 8 8 10 7 6 6 5 6 8 6 5 7 8 9
4 0 5 5 6 6 8 5 5 4 0 4 5 4 5 6 7 7 6 7 7 7 9 6 6 5 4 6 7 5 4 6 7 8
4 0 5 5 6 6 8 5 5 4 0 4 6 5 5 6 7 6 6 7 7 7 9 6 6 5 4 6 8 5 5 6 6 8
4 0 4 5 6 6 8 5 5 4 0 4 5 4 4 6 7 6 6 7 7 7 8 6 5 5 4 5 8 5 4 5 6 8
4 0 5 5 6 6 7 5 5 4 0 4 5 4 5 6 7 6 6 7 7 7 9 6 6 5 4 5 7 5 4 6 6 8
4 0 5 5 6 6 7 5 5 5 0 4 5 4 5 6 7 7 6 7 7 7 8 6 6 5 4 5 7 5 4 6 7 8
4 0 5 5 6 6 8 6 5 5 0 4 5 4 5 6 7 7 6 7 7 7 8 6 6 5 4 5 7 5 4 6 6 8
4 0 5 5 6 6 7 5 5 5 0 4 5 4 5 6 7 7 6 7 7 7 8 6 6 5 4 5 7 5 4 6 6 8
4 0 4 5 6 6 8 6 5 5 0 4 6 4 5 6 7 7 6 7 7 7 9 6 6 5 4 6 9 6 4 6 6 8
4 0 5 5 6 6 7 5 5 5 0 4 5 4 5 6 7 7 6 7 7 7 9 6 6 5 4 5 7 5 4 6 7 8
4 0 4 4 6 6 8 5 5 4 0 4 5 4 4 6 7 6 5 6 7 7 8 6 5 5 4 5 6 5 4 5 6 8
4 0 4 4 6 5 7 5 5 4 0 4 5 4 4 5 7 6 5 6 7 7 9 6 5 5 4 5 6 5 4 5 6 7
4 0 4 4 6 5 8 5 5 4 0 4 5 4 4 6 7 6 5 6 7 7 9 6 5 5 4 5 6 5 4 5 6 7
4 0 4 4 6 5 7 5 5 4 0 4 5 4 4 5 6 6 5 6 8 6 8 6 5 5 4 5 6 5 4 5 6 6
4 0 4 4 6 5 7 5 5 4 0 4 5 4 4 6 7 7 5 6 7 6 8 6 5 5 4 5 6 5 4 5 6 7
4 0 4 4 6 5 7 5 5 4 0 4 5 4 4 6 8 7 5 6 6 7 8 6 5 5 4 5 6 5 4 5 6 6
4 0 5 6 7 6 8 6 5 5 0 5 6 5 5 6 7 7 5 7 7 7 8 6 6 5 5 6 7 5 5 5 6 7
4 0 5 6 7 6 8 6 5 5 0 5 6 5 5 6 7 7 6 8 7 7 9 6 6 6 5 6 7 6 5 5 6 7
4 0 5 5 6 5 7 5 5 4 0 4 5 4 4 6 7 7 5 7 7 6 8 6 6 5 4 5 6 5 4 5 6 7
4 0 4 5 6 5 7 5 5 4 0 4 5 4 4 6 7 7 5 7 7 7 8 6 5 5 4 5 6 5 4 5 6 7
4 0 5 5 6 6 8 5 5 5 0 4 6 5 5 7 9 8 6 7 8 7 9 7 6 5 5 6 7 6 5 6 7 8
4 0 5 5 7 6 8 5 6 5 0 5 6 5 6 7 10 9 6 7 8 8 10 7 7 6 5 6 8 6 5 7 8 8
4 0 4 5 6 5 7 5 5 4 0 4 5 4 5 6 8 7 5 7 7 7 8 6 5 5 4 5 7 5 4 5 6 7
4 0 5 5 7 6 7 6 5 5 0 4 5 4 5 6 8 8 6 7 8 7 9 6 6 6 4 5 7 5 4 6 7 7
4 0 5 5 7 6 7 6 5 5 0 4 6 5 5 6 8 7 5 7 7 8 9 6 6 6 5 6 8 6 5 6 8 9
4 0 5 5 6 6 7 5 5 5 0 4 5 4 5 6 8 7 6 7 7 7 8 6 6 5 4 5 7 5 4 6 7 8
4 0 5 6 7 6 8 6 5 5 0 5 6 5 6 7 8 8 6 8 7 7 9 6 6 6 5 6 7 5 5 6 7 8
4 0 5 5 7 6 7 6 5 5 0 4 5 4 5 6 8 7 6 7 8 8 9 6 6 6 5 5 7 5 5 6 7 8
4 0 5 5 7 6 7 6 5 5 0 4 5 5 5 6 8 8 6 7 7 8 9 6 6 6 5 5 7 5 5 6 7 8
4 0 5 5 7 6 7 6 5 5 0 4 5 4 5 6 8 8 6 7 8 7 9 6 6 5 4 5 6 5 4 6 7 8
4 0 5 5 6 6 7 6 5 5 0 4 5 4 5 6 8 8 6 7 7 7 9 6 6 5 4 5 6 5 4 6 7 8
4 0 4 5 7 6 7 5 5 5 0 4 5 4 5 6 8 8 6 7 8 8 9 7 6 5 4 5 6 5 4 6 7 8
4 0 5 5 7 6 8 5 5 5 0 4 5 4 5 6 8 7 6 7 8 7 9 6 6 5 4 5 7 5 4 6 7 9
4 0 5 5 7 6 8 6 5 5 0 4 5 4 5 6 8 8 6 7 8 8 9 7 6 5 4 5 7 5 4 6 8 9
4 0 4 5 7 6 8 6 5 5 0 4 5 4 5 6 8 7 6 7 8 8 9 6 6 5 4 5 7 5 4 6 7 9
4 0 5 5 7 6 7 6 5 5 0 4 5 4 5 6 9 8 6 8 8 8 9 6 6 5 4 5 7 5 4 6 7 9
4 0 5 5 7 6 7 6 5 5 0 4 5 4 5 6 9 8 6 7 9 7 9 6 6 5 4 5 7 5 4 6 7 9
4 0 5 6 7 6 8 6 5 5 0 4 5 4 5 6 9 7 6 8 8 8 9 6 6 6 5 5 7 5 5 7 8 9
4 0 5 6 7 6 8 6 5 5 0 4 5 4 5 6 8 7 6 8 8 8 9 6 6 5 4 5 7 5 4 6 8 9
4 0 5 5 7 6 8 6 5 5 0 4 5 4 5 6 8 8 6 8 8 8 9 7 6 6 4 5 7 5 4 6 8 10
4 0 5 5 7 6 8 6 5 5 0 4 5 4 5 7 9 8 6 8 8 8 9 7 6 6 5 6 7 5 5 7 8 9
4 0 5 5 7 6 8 6 5 5 0 4 5 4 5 6 9 8 6 8 8 8 9 7 6 6 5 5 8 5 4 6 8 9
4 0 4 5 6 6 7 5 5 5 0 4 4 4 4 5 7 6 6 7 8 8 9 6 5 5 4 5 6 4 4 5 6 7
4 0 5 5 6 6 9 5 5 4 0 4 4 4 4 6 7 7 6 7 7 7 8 6 5 5 4 5 6 5 4 5 6 7
4 0 5 5 6 6 6 5 5 4 0 4 5 4 5 6 7 6 6 7 8 7 8 6 5 5 4 5 6 5 4 6 6 7
4 0 6 5 6 6 6 5 5 5 0 4 5 5 5 6 7 7 7 7 8 7 8 6 6 5 5 6 6 5 5 6 7 8
4 0 5 5 7 7 7 6 5 5 0 4 5 5 5 6 7 7 7 7 8 9 9 7 6 5 5 6 6 5 5 6 7 8
4 0 5 5 6 6 6 5 5 4 0 4 5 4 5 7 8 7 6 7 7 7 8 6 5 5 4 5 6 5 4 6 7 7
4 0 5 5 7 6 6 6 5 5 0 4 5 4 5 6 8 7 6 6 9 8 9 7 6 6 5 6 7 5 4 6 7 8
4 0 4 4 6 5 6 5 4 4 0 3 4 4 4 5 6 6 5 6 7 7 8 6 5 4 4 5 6 4 4 5 6 7
4 0 4 4 6 5 6 5 4 4 0 3 4 4 4 5 7 6 5 6 7 7 8 6 5 5 4 5 6 4 4 5 6 7
4 0 4 5 6 5 6 5 4 4 0 4 5 4 4 5 7 7 5 6 7 7 8 6 5 5 4 5 6 5 4 5 6 7
4 0 4 5 6 5 6 5 5 4 0 4 5 4 4 5 7 6 5 7 8 7 8 6 5 5 4 5 6 4 4 6 6 7
4 0 5 5 6 5 6 5 5 5 0 4 5 5 5 5 7 6 6 7 8 8 9 6 6 5 5 5 6 5 5 6 6 7
4 0 4 4 6 5 7 5 5 4 0 4 4 4 4 5 7 6 5 6 7 7 8 6 6 5 4 5 6 4 4 5 6 7
4 0 4 5 6 5 6 5 4 4 0 3 4 4 4 5 7 6 6 6 7 7 8 6 5 5 4 5 6 4 4 6 6 7
4 0 4 4 6 5 6 5 5 4 0 4 5 4 4 5 7 6 5 6 8 7 8 6 5 5 4 5 6 5 4 6 6 7
4 0 5 5 6 6 7 5 5 5 0 4 6 5 5 6 8 7 6 6 8 7 8 6 6 5 4 6 8 6 5 6 7 8
4 0 5 5 7 6 8 6 5 5 0 4 5 4 5 6 7 7 6 7 8 8 8 6 6 5 5 5 7 5 4 6 6 7
4 0 5 6 7 7 8 6 5 5 0 4 5 4 5 6 7 7 6 8 8 8 9 6 6 5 5 5 6 5 4 6 6 7
4 0 5 5 6 6 7 6 5 5 0 4 5 4 5 6 7 7 6 7 8 8 9 6 6 5 5 6 7 5 4 6 7 7
4 0 5 5 6 6 8 6 5 5 0 4 5 4 5 6 7 7 6 7 8 8 9 7 6 5 5 6 7 5 4 6 6 8
4 0 5 5 6 7 8 6 5 5 0 4 5 4 5 6 7 7 6 7 8 9 9 6 6 5 4 5 7 5 4 6 6 7
4 0 5 5 6 6 7 6 5 5 0 3 5 4 4 5 7 7 6 7 7 8 9 6 6 5 4 5 7 5 4 6 6 7
4 0 5 5 6 6 8 6 5 5 0 4 5 4 5 6 8 7 6 8 7 8 9 6 6 5 4 5 7 5 4 6 7 7
4 0 5 5 6 6 7 6 5 5 0 4 5 4 4 5 7 7 6 7 7 8 9 6 5 5 4 5 6 5 4 6 6 7
4 0 5 5 6 6 8 5 5 5 0 3 5 4 4 5 7 7 6 8 7 8 9 6 5 5 4 5 7 5 4 6 6 7
4 0 5 5 6 6 7 5 5 5 0 4 5 4 4 5 7 7 6 7 7 8 9 6 5 5 4 5 7 5 4 5 6 7
4 0 5 5 6 6 8 6 5 5 0 4 5 4 4 5 7 7 6 7 7 8 9 6 6 5 4 5 7 5 4 5 6 7
4 0 5 5 6 6 8 6 5 5 0 4 5 4 4 5 7 6 6 8 8 8 9 6 6 5 4 5 7 5 4 5 6 7
4 0 4 5 6 6 8 6 5 4 0 4 5 4 4 5 7 7 6 7 7 8 10 6 6 5 4 5 7 5 4 5 6 7
4 0 5 5 6 7 8 6 5 5 0 4 5 4 4 5 7 7 6 7 7 8 9 6 6 5 4 5 7 5 4 5 6 7
4 0 5 5 6 6 8 6 5 5 0 4 5 4 4 6 7 6 6 8 7 8 9 6 6 5 4 5 7 5 4 6 6 7
4 0 5 5 6 6 8 7 5 5 0 4 6 5 5 6 8 7 6 8 8 8 9 7 6 6 5 5 7 5 5 6 6 7
4 0 5 5 6 7 8 6 5 5 0 4 5 4 4 5 6 6 6 8 7 9 10 6 6 5 4 5 7 5 4 5 5 6
4 0 5 5 6 6 8 6 5 5 0 4 6 5 5 5 7 7 6 8 8 8 9 6 6 6 4 5 7 5 5 6 6 7
4 0 5 5 6 6 8 6 5 5 0 4 5 4 5 6 7 7 6 8 7 8 9 7 6 5 4 5 7 5 4 6 6 7
4 0 5 5 6 7 8 6 5 5 0 4 5 4 4 5 7 6 6 8 7 9 10 6 6 5 4 5 7 5 4 5 6 6
4 0 5 5 6 6 8 6 5 5 0 4 5 4 5 6 7 6 6 7 7 8 9 6 6 5 4 5 6 5 4 6 6 7
4 0 4 5 6 6 8 6 5 5 0 4 5 4 4 5 7 6 6 7 7 8 10 6 6 5 4 5 6 5 4 5 6 6
4 0 4 5 6 6 8 6 5 5 0 4 5 4 4 5 6 6 5 7 7 8 9 6 5 5 4 5 6 4 4 5 6 6
4 0 5 5 6 7 8 6 5 5 0 4 5 4 5 5 7 6 6 7 7 8 9 6 6 5 4 5 6 5 4 6 7 8
4 0 4 5 6 6 8 6 5 5 0 4 5 4 5 5 7 6 5 7 7 8 9 7 6 5 4 5 6 5 4 5 7 7
4 0 5 5 6 6 8 6 5 5 0 4 5 4 5 5 7 7 6 7 7 8 9 7 6 5 4 5 6 5 5 6 6 8
4 0 5 6 7 7 8 6 5 5 0 5 5 5 5 6 7 6 6 8 9 9 9 6 6 5 5 5 6 5 5 6 6 7
4 0 5 5 6 7 8 6 5 5 0 4 5 5 5 6 7 7 6 8 7 9 9 6 6 5 5 5 6 5 4 6 6 7
4 0 4 5 6 6 8 6 5 5 0 4 5 4 4 5 6 6 5 7 7 9 10 7 6 5 4 5 6 5 4 5 6 7
4 0 5 5 6 7 8 6 5 5 0 4 5 4 5 6 7 7 6 8 8 9 9 6 6 5 4 5 7 5 4 5 6 7
4 0 5 5 6 6 8 6 5 5 0 4 5 4 5 6 6 6 6 7 7 9 11 6 6 5 4 5 7 5 4 5 6 7
4 0 4 5 6 6 7 5 4 4 0 4 5 4 4 5 6 6 5 7 7 9 9 6 5 5 4 5 6 5 4 5 6 7
4 0 4 5 6 6 7 5 4 4 0 4 4 4 4 5 6 6 5 7 7 9 9 6 5 5 4 5 6 4 4 5 6 7
4 0 4 5 6 6 7 5 4 4 0 4 5 4 4 5 6 6 6 8 8 8 9 6 6 5 4 5 6 5 4 5 6 7
4 0 4 5 6 6 7 6 4 4 0 4 5 4 4 5 6 6 5 7 7 8 9 6 5 5 4 5 6 5 4 5 6 7
4 0 4 5 6 6 8 5 5 4 0 4 5 4 4 5 6 6 5 7 7 8 9 6 6 5 4 5 6 5 4 5 6 7
4 0 4 5 6 6 8 6 4 4 0 4 5 4 4 5 6 6 5 7 8 9 9 6 5 5 4 5 6 5 4 5 6 7
4 0 5 5 6 6 8 6 5 5 0 4 5 4 5 6 6 7 5 7 8 9 9 6 6 5 4 5 6 5 4 6 6 7
4 0 5 6 7 7 8 6 5 5 0 4 5 4 5 6 7 7 5 7 8 9 10 7 6 6 5 5 6 5 4 5 7 7
4 0 4 5 6 6 8 6 5 5 0 4 5 4 5 6 7 7 5 7 8 8 9 6 6 5 4 5 6 5 4 5 6 7
4 0 5 5 6 7 7 6 5 5 0 4 5 4 4 5 6 7 5 7 8 9 9 6 6 5 4 5 7 5 4 5 6 7
4 0 5 5 6 6 7 6 5 5 0 4 5 4 4 6 6 6 5 7 9 8 9 6 6 5 4 5 7 5 4 5 6 7
4 0 5 5 6 6 7 6 5 5 0 4 5 4 4 6 6 6 5 7 8 9 9 6 6 5 4 5 6 5 4 5 6 7
4 0 5 5 7 7 8 6 5 5 0 4 5 5 5 6 7 7 6 8 8 9 9 7 6 5 5 5 7 5 5 6 7 8
4 0 5 5 7 7 8 6 5 5 0 4 5 4 5 6 7 7 6 8 8 9 10 7 6 5 5 5 7 5 5 6 7 8
4 0 5 6 7 7 8 7 6 6 0 5 6 5 5 6 7 7 6 8 9 9 10 7 7 6 5 6 7 6 5 6 7 8
4 0 5 5 7 7 8 6 5 5 0 4 5 4 5 6 7 7 6 7 8 9 10 7 6 6 5 6 7 5 4 6 7 8
4 0 4 5 7 6 8 6 5 5 0 4 5 4 4 5 7 7 5 7 8 9 9 7 6 5 4 5 6 5 4 5 6 7
4 0 4 5 7 6 8 6 5 5 0 4 5 4 5 6 7 7 5 7 8 9 9 7 6 6 5 5 7 5 4 6 7 8
4 0 4 5 7 6 8 6 5 5 0 4 5 4 4 6 7 7 5 7 8 8 9 7 6 5 4 5 7 5 4 5 6 7
4 0 5 5 7 7 8 6 5 5 0 4 5 4 5 6 7 7 6 7 9 9 9 7 6 5 5 5 7 5 4 5 7 8
4 0 5 5 7 6 8 6 5 5 0 4 5 4 5 6 7 7 5 7 8 9 10 7 6 6 5 5 6 5 4 6 7 8
4 0 5 5 7 7 8 6 5 5 0 4 5 4 5 6 7 7 6 7 8 9 10 7 6 6 5 5 7 5 4 6 7 8
4 0 5 6 7 7 8 6 5 5 0 4 5 5 5 6 7 7 6 8 8 9 10 7 6 6 5 6 7 5 5 6 7 7
4 0 5 6 7 7 8 7 5 5 0 5 6 5 5 6 7 7 6 8 8 9 10 7 6 6 5 6 8 6 5 5 7 7
4 0 4 5 6 6 8 6 5 5 0 4 5 4 4 6 7 7 6 7 8 8 10 7 6 6 4 5 7 5 4 5 6 7
4 0 4 5 7 6 7 6 5 5 0 4 5 4 4 5 7 7 6 7 8 8 10 7 6 5 4 5 7 5 4 5 6 7
4 0 5 5 7 6 8 6 5 5 0 4 5 4 5 6 7 7 6 7 8 8 10 7 6 5 4 5 7 5 4 5 6 8
4 0 4 5 7 6 8 6 5 5 0 4 5 4 4 5 7 7 6 7 8 8 10 7 6 5 4 5 6 5 4 5 7 8
4 0 4 5 7 6 8 6 5 5 0 4 5 4 4 5 7 7 6 7 7 7 9 7 6 5 4 5 7 5 4 5 6 7
4 0 5 5 7 6 8 7 5 5 0 4 5 4 5 6 7 7 6 7 8 8 10 7 7 6 5 5 7 5 4 5 7 7
4 0 5 5 7 6 8 6 5 5 0 4 5 4 5 6 7 7 6 7 8 8 9 7 6 5 5 5 7 5 4 5 7 7
4 0 5 5 7 6 8 6 5 5 0 4 5 4 5 6 7 7 6 7 8 8 9 7 6 5 5 5 7 5 4 6 7 8
4 0 5 5 7 6 8 6 5 5 0 4 5 4 5 6 7 7 6 7 8 8 9 7 7 6 5 6 8 5 4 5 7 8
4 0 5 6 7 6 8 6 5 5 0 4 5 5 5 6 7 7 6 8 8 8 9 7 6 5 5 6 7 5 4 6 7 8
4 0 5 5 7 6 8 6 5 5 0 4 5 5 5 6 7 7 6 7 8 8 10 7 6 6 5 5 7 5 5 6 7 8
4 0 5 5 7 6 8 6 5 5 0 4 5 4 5 6 7 8 7 8 8 7 9 7 6 5 4 6 7 5 4 6 7 8
4 0 5 5 7 7 8 6 6 6 0 4 6 5 5 6 8 8 7 8 8 7 10 7 6 6 5 6 8 6 5 6 7 8
4 0 5 5 8 7 8 6 5 5 0 4 6 4 5 6 8 8 6 8 9 8 10 7 6 6 5 6 8 6 5 6 7 8
4 0 5 5 7 7 8 6 5 5 0 4 6 5 5 6 7 8 6 8 8 8 9 7 6 6 5 6 7 6 4 6 7 8
4 0 5 5 7 6 8 6 5 5 0 4 5 4 5 6 7 8 7 8 7 7 9 7 6 6 5 5 7 5 4 6 6 8
4 0 5 5 6 5 7 5 5 5 0 5 9 7 6 7 6 5 5 6 7 7 8 6 6 6 5 8 9 8 6 7 6 5
4 0 5 5 7 6 7 5 5 5 0 6 8 6 6 7 6 6 6 6 7 7 8 6 6 6 6 8 9 7 5 6 6 6
4 0 4 4 6 5 6 5 5 5 0 5 8 5 5 7 6 5 5 6 6 6 8 5 6 6 5 8 9 7 5 6 5 5
4 0 4 5 6 5 6 5 5 5 0 5 8 6 6 7 6 5 5 6 7 6 7 5 6 6 5 8 9 7 5 7 6 5
4 0 5 5 6 5 6 5 5 5 0 5 8 6 6 7 6 6 6 6 7 6 8 6 6 6 5 8 8 7 5 6 6 6
4 0 5 5 6 6 7 6 5 5 0 6 9 7 6 7 6 6 6 6 7 7 8 6 6 6 6 9 10 8 7 7 6 6
4 0 5 5 6 6 7 5 5 5 0 5 8 6 6 8 7 6 6 6 6 6 8 6 6 6 5 8 9 7 6 7 6 6
4 0 5 5 7 6 7 6 6 6 0 8 10 8 8 9 7 7 6 6 7 7 8 7 8 7 7 9 10 9 7 8 7 7
4 0 5 5 6 6 7 5 5 5 0 6 8 6 6 7 6 6 5 6 7 7 8 6 6 6 5 8 9 8 6 7 6 6
4 0 5 5 6 6 7 5 5 5 0 5 8 6 6 7 6 6 6 6 7 7 8 6 6 6 5 7 9 7 6 7 6 6
4 0 5 5 6 6 7 5 5 5 0 6 8 6 6 7 6 6 5 6 7 7 8 6 6 6 5 8 9 8 6 7 6 6
4 0 5 5 6 6 6 5 5 5 0 5 8 6 6 7 6 6 5 6 7 7 8 6 6 6 5 7 9 7 6 7 6 6
4 0 5 5 6 6 7 5 5 5 0 5 8 6 6 7 6 6 5 6 7 7 8 6 6 6 5 8 10 8 6 7 6 6
4 0 5 5 6 5 7 6 5 5 0 5 8 6 6 7 6 6 6 6 7 6 9 6 6 6 5 8 9 8 6 7 6 6
4 0 5 5 6 5 7 5 5 5 0 5 8 6 6 7 6 6 6 6 6 6 8 6 6 6 5 8 9 8 6 7 6 6
4 0 5 5 6 6 7 5 5 5 0 5 8 6 6 7 6 6 6 6 7 7 8 6 6 6 5 8 9 8 6 7 6 6
4 0 5 5 6 5 7 5 5 5 0 5 8 6 6 7 6 6 6 6 7 7 8 6 6 6 6 7 9 8 6 7 6 6
4 0 5 5 6 6 7 6 6 5 0 5 8 6 6 7 6 6 6 6 7 7 8 6 7 6 6 8 9 7 6 7 6 6
4 0 5 5 6 6 7 6 5 5 0 6 8 6 6 7 6 6 6 6 7 7 8 6 7 6 6 8 9 7 6 7 6 6
4 0 5 5 6 5 7 6 6 5 0 5 8 6 6 7 6 6 6 6 7 6 8 6 7 6 6 8 9 7 6 7 6 6
4 0 5 5 6 5 7 5 5 5 0 5 8 6 6 7 6 6 5 6 7 6 8 6 6 6 6 8 9 7 6 7 6 6
4 0 5 5 6 5 7 6 6 5 0 7 10 7 6 7 6 6 6 6 7 6 8 6 7 6 6 9 10 8 7 7 6 6
4 0 5 5 6 6 7 6 6 6 0 5 7 6 6 7 6 6 6 6 7 7 8 6 7 6 6 8 8 7 6 7 6 6
4 0 5 5 6 5 7 6 6 5 0 5 7 5 6 7 6 6 6 6 7 6 8 6 7 6 6 8 9 7 6 7 6 6
4 0 5 5 6 6 7 6 6 6 0 5 7 6 6 7 6 6 6 6 7 7 9 6 7 7 6 8 9 7 5 7 6 6
4 0 5 5 6 6 7 6 6 6 0 6 7 6 6 7 7 6 6 7 7 7 8 6 7 7 6 8 9 8 6 7 7 6
4 0 5 5 6 6 7 6 6 6 0 6 8 6 6 7 6 6 6 7 7 7 8 6 7 7 6 8 9 8 6 7 6 6
4 0 5 5 7 6 7 6 6 6 0 6 8 6 6 7 7 6 6 6 7 7 8 6 7 7 6 8 9 8 6 7 7 6
4 0 5 5 7 6 7 6 6 6 0 6 8 6 6 7 7 6 6 6 7 7 8 6 8 7 6 8 9 8 6 7 6 6
4 0 5 5 6 6 7 6 6 6 0 6 8 6 6 7 6 6 6 6 7 7 8 6 8 7 6 9 10 9 6 7 6 6
4 0 5 5 7 6 7 6 6 6 0 6 8 6 6 7 7 6 6 7 7 7 8 6 8 7 6 9 9 8 6 7 7 6
4 0 5 5 7 6 7 6 6 6 0 6 8 6 6 8 7 7 6 7 7 7 8 7 8 7 6 9 10 8 6 7 7 6
4 0 5 5 7 6 7 6 6 6 0 6 8 6 6 8 7 7 6 7 7 7 8 7 8 7 7 9 10 8 6 8 7 7
4 0 5 5 7 6 7 6 7 6 0 6 8 7 7 8 7 7 6 7 7 7 8 7 8 7 7 9 10 9 7 8 7 7
4 0 5 5 7 6 7 6 6 6 0 6 8 6 6 8 7 7 6 6 7 7 8 6 8 7 6 8 9 8 6 8 7 7
4 0 5 5 7 6 8 6 6 5 0 6 8 7 6 8 7 6 6 7 7 7 9 7 7 7 6 8 10 9 6 8 7 6
4 0 5 5 6 5 7 6 6 5 0 6 8 6 6 7 6 6 6 6 7 6 8 6 7 7 6 9 10 8 6 7 6 6
4 0 5 5 6 5 7 6 6 6 0 6 8 6 6 7 6 6 6 6 7 6 7 6 7 7 6 9 10 8 6 7 6 6
4 0 5 5 6 5 7 5 6 5 0 6 8 6 6 7 6 6 6 6 7 6 7 6 7 7 6 9 10 8 6 7 6 6
4 0 5 5 6 5 7 6 6 5 0 5 8 6 6 7 6 6 6 6 6 6 7 6 7 7 6 9 10 8 5 7 6 6
4 0 5 5 6 5 7 5 6 5 0 5 8 6 6 7 6 6 6 6 7 6 7 6 7 7 6 9 9 7 6 7 6 6
4 0 5 5 6 5 7 6 6 5 0 5 8 6 6 7 6 6 6 7 6 7 8 6 7 6 6 8 10 8 6 8 7 6
4 0 5 5 7 5 6 5 6 6 0 5 8 6 6 7 6 6 6 7 7 7 7 6 7 7 6 9 10 8 6 7 6 6
4 0 5 5 6 5 7 5 6 5 0 5 7 5 5 7 6 6 6 6 6 6 7 6 7 6 6 8 9 7 5 7 6 6
4 0 5 5 6 5 6 5 6 5 0 5 8 6 6 7 6 6 6 6 6 6 7 6 8 7 6 9 9 7 6 7 6 6
4 0 5 5 6 6 7 6 6 5 0 6 8 6 6 7 6 6 6 6 7 6 7 6 7 6 6 8 9 8 6 7 6 6
4 0 5 5 6 5 6 6 6 5 0 6 8 6 6 7 6 6 6 6 6 6 7 6 7 6 6 8 9 8 6 7 6 6
4 0 5 5 6 5 6 6 6 5 0 5 8 6 6 7 6 6 6 6 6 6 7 6 7 6 6 9 10 8 6 7 6 6
4 0 5 5 6 5 7 6 6 6 0 6 8 6 6 7 6 6 6 7 6 6 7 6 7 7 6 9 10 8 6 7 6 6
4 0 5 5 6 5 7 6 6 6 0 6 8 6 6 7 6 6 6 6 6 6 7 6 7 7 6 9 10 8 6 8 6 6
4 0 5 5 6 5 6 5 5 5 0 5 8 6 6 7 6 6 6 6 7 7 7 6 6 6 6 8 10 8 6 7 6 6
4 0 5 5 6 5 6 5 5 5 0 5 8 6 6 7 6 6 5 6 6 6 7 6 6 6 6 8 10 8 6 7 6 5
4 0 5 5 6 5 6 5 5 5 0 5 7 6 5 7 6 5 5 6 6 7 8 6 6 6 6 8 9 7 5 7 6 5
4 0 4 4 6 5 6 5 5 5 0 5 7 6 5 7 6 5 5 6 6 6 6 5 6 6 5 8 9 7 5 7 6 5
4 0 4 4 6 5 6 5 5 5 0 5 7 5 5 6 5 5 5 6 6 6 6 5 6 6 5 8 9 7 5 7 5 5
4 0 5 5 6 5 7 5 6 5 0 5 7 5 5 7 6 6 6 6 7 7 7 6 7 7 6 8 9 7 6 7 6 6
4 0 5 4 6 5 6 5 5 5 0 5 8 6 6 7 6 6 6 6 6 6 7 5 7 7 6 9 10 7 6 7 6 6
4 0 5 5 6 5 6 5 6 5 0 5 8 6 5 7 6 6 6 6 6 6 7 6 7 6 6 8 10 9 6 7 6 6
4 0 5 5 6 5 6 5 5 5 0 5 7 5 5 6 6 5 6 6 6 6 7 6 6 6 5 8 8 7 5 7 6 5
4 0 5 5 6 5 6 5 5 5 0 5 7 5 5 6 5 5 5 6 6 6 7 6 6 6 5 7 8 7 6 7 6 5
4 0 5 5 6 5 6 5 5 5 0 5 7 5 5 6 5 5 5 6 6 6 7 6 6 6 5 8 8 7 5 7 5 5
4 0 5 5 6 5 6 5 5 6 0 5 7 5 5 7 6 6 6 6 6 6 7 6 6 6 5 8 9 7 5 7 6 6
4 0 5 5 6 5 6 5 6 6 0 5 8 5 6 7 6 6 6 6 6 6 7 6 6 6 6 8 9 7 5 7 6 6
4 0 5 5 6 5 7 6 6 5 0 5 8 6 6 7 6 6 6 6 6 6 7 6 7 6 5 8 9 7 6 7 6 6
4 0 5 5 6 5 6 5 6 6 0 5 7 5 5 7 6 6 6 7 7 7 8 6 6 6 5 8 9 7 5 7 6 6
4 0 5 5 6 5 6 5 6 6 0 5 7 5 5 7 6 6 6 7 6 6 7 6 7 7 6 8 9 7 5 7 6 6
4 0 5 5 6 5 6 5 5 5 0 5 6 5 5 7 6 6 6 6 6 7 8 6 6 6 5 8 8 6 5 7 6 6
4 0 5 5 6 5 6 5 6 5 0 5 6 5 5 7 6 6 6 6 6 6 8 6 6 6 5 8 8 7 5 7 6 6
4 0 5 5 6 6 7 5 6 6 0 5 7 5 5 7 6 6 6 6 7 7 8 6 6 6 5 8 8 7 5 7 6 6
4 0 5 5 6 5 6 5 5 5 0 5 7 5 5 7 6 6 6 6 7 7 7 6 6 6 5 8 8 7 5 7 6 6
4 0 5 5 7 6 6 5 5 5 0 5 7 5 5 7 6 6 6 6 7 7 8 6 6 6 5 8 8 6 5 7 6 6
4 0 5 5 6 5 6 5 5 5 0 5 7 5 5 7 6 6 6 6 6 6 7 6 6 6 5 8 8 6 5 7 6 6
4 0 5 5 6 5 6 5 5 5 0 5 7 6 6 7 6 6 6 6 7 6 8 6 7 6 6 8 9 7 6 7 6 6
4 0 5 5 6 6 7 6 5 5 0 6 7 5 6 8 6 6 6 7 7 7 8 6 6 6 5 7 8 6 5 7 6 6
4 0 5 5 6 6 7 6 6 6 0 5 7 5 6 8 6 6 6 7 7 7 8 6 6 6 5 8 8 6 5 8 6 6
4 0 5 5 6 6 6 5 5 5 0 5 6 5 6 8 6 6 6 6 6 6 8 6 6 6 5 7 7 6 5 7 6 6
4 0 5 5 6 6 6 5 5 5 0 6 7 5 6 8 6 6 6 6 7 6 8 6 6 6 5 7 7 6 5 7 6 6
4 0 5 5 6 6 7 5 5 5 0 5 7 5 6 8 6 6 6 6 7 7 8 6 6 6 5 7 8 6 5 7 6 6
4 0 5 5 6 6 7 5 5 5 0 5 7 5 6 8 7 6 6 6 7 7 8 6 6 6 5 7 8 6 5 8 6 6
4 0 5 6 6 6 7 5 5 6 0 6 7 5 6 8 7 6 6 7 7 7 8 6 6 6 5 7 8 7 6 8 6 6
4 0 5 5 6 6 7 5 5 5 0 5 7 5 6 8 7 6 6 7 7 7 8 6 6 6 5 7 8 7 5 8 6 6
4 0 5 5 7 6 7 5 5 6 0 5 7 5 6 8 7 6 6 7 7 6 8 6 6 6 5 7 8 7 6 8 7 6
4 0 5 5 6 6 7 5 5 5 0 5 7 6 6 8 7 6 6 6 7 7 9 6 6 6 5 8 8 7 5 7 6 6
4 0 6 6 7 6 7 5 5 5 0 5 7 6 6 9 7 6 6 7 7 7 8 6 6 6 5 7 8 7 5 8 7 6
4 0 5 5 6 6 6 5 5 5 0 5 7 6 6 9 7 6 6 7 7 6 8 6 7 6 5 8 8 7 5 8 7 6
4 0 6 6 6 6 7 6 6 6 0 6 7 6 6 9 7 7 6 7 7 6 8 7 7 7 6 8 8 7 5 8 7 7
4 0 5 5 6 6 7 5 5 5 0 5 7 6 6 9 7 6 6 6 7 7 8 6 7 6 6 8 9 7 5 7 6 6
4 0 4 4 5 5 6 5 5 5 0 5 8 6 6 6 5 5 5 5 6 5 7 5 7 6 5 9 10 7 5 6 5 5
4 0 4 4 5 5 6 5 5 5 0 5 7 5 5 5 5 5 5 6 6 6 7 5 7 6 5 8 9 7 5 6 5 5
4 0 4 4 5 5 6 5 5 5 0 5 7 5 5 6 5 5 5 6 6 6 7 5 7 6 5 8 9 7 5 6 5 5
4 0 4 4 6 5 6 5 5 5 0 5 8 6 5 6 5 5 5 6 6 6 7 5 7 6 5 8 9 7 5 6 5 5
4 0 4 4 5 5 6 5 5 5 0 5 8 6 6 6 5 5 5 6 6 6 7 5 7 6 5 8 9 7 6 6 5 5
4 0 4 4 6 5 6 5 6 5 0 5 10 7 6 6 5 5 5 6 6 6 7 5 7 6 5 9 10 7 6 6 5 5
4 0 5 5 6 5 7 5 5 5 0 5 8 6 5 6 5 5 5 6 6 6 8 6 7 6 5 8 9 7 5 6 5 5
4 0 4 4 6 5 6 5 5 5 0 5 7 5 5 6 5 5 5 5 7 6 8 5 6 6 5 7 8 6 5 5 5 5
4 0 4 4 6 5 7 5 5 5 0 5 8 6 5 6 5 5 5 6 6 6 8 5 6 6 5 8 9 7 5 6 5 5
4 0 4 4 6 5 6 5 5 5 0 5 8 7 6 6 5 5 5 5 6 6 8 5 6 6 5 7 10 8 5 6 5 5
4 0 4 5 6 5 6 5 5 5 0 5 7 5 5 6 5 5 5 6 6 6 7 6 7 6 5 8 10 8 5 6 5 5
4 0 5 5 6 5 7 5 6 5 0 5 7 5 5 7 5 5 6 6 6 6 7 6 8 6 5 8 9 7 5 6 6 5
4 0 4 4 6 5 6 5 5 5 0 5 7 5 5 6 5 5 5 6 6 6 8 5 7 6 5 8 9 7 5 6 5 5
4 0 4 4 6 5 6 5 5 5 0 5 8 5 5 6 5 5 5 6 6 6 7 5 7 6 5 8 9 7 5 6 5 5
4 0 5 5 6 5 6 5 5 5 0 5 7 5 5 6 6 5 5 6 6 6 7 6 7 6 5 8 9 7 5 7 6 6
4 0 5 5 6 5 7 5 6 5 0 5 7 5 5 7 6 5 6 6 6 7 8 6 7 6 5 7 8 7 5 6 6 5
4 0 4 5 6 5 6 5 5 5 0 5 7 5 5 6 5 5 5 6 6 6 8 6 7 6 5 7 8 7 5 6 6 5
4 0 4 5 6 5 7 5 5 5 0 5 7 5 5 6 5 5 5 6 6 6 8 5 7 6 5 7 8 7 5 6 5 5
4 0 5 5 6 6 7 6 6 6 0 5 7 5 5 7 6 5 6 6 7 6 8 6 7 6 6 8 9 7 5 6 6 5
4 0 4 5 6 5 7 5 5 5 0 5 8 5 5 6 5 5 5 6 7 6 8 6 7 6 5 8 9 7 5 6 6 5
4 0 5 5 6 6 7 5 5 5 0 6 10 8 8 9 6 6 6 6 7 7 8 6 7 6 5 8 9 7 6 8 6 6
4 0 5 5 6 5 6 5 5 5 0 5 8 6 6 7 6 5 5 6 7 6 8 6 7 6 5 7 9 7 5 7 6 6
4 0 5 5 6 5 7 5 5 5 0 5 8 6 6 7 6 6 6 6 7 6 8 6 7 7 6 8 9 7 5 7 6 6
4 0 4 5 6 6 7 5 5 5 0 5 8 6 6 7 6 5 5 6 6 6 8 5 7 6 5 7 9 7 5 7 6 5
4 0 5 5 6 5 7 5 5 5 0 5 8 6 6 7 6 5 5 6 7 6 8 5 7 6 5 7 9 7 5 7 6 5
4 0 4 5 6 5 6 5 5 5 0 5 8 6 6 7 6 5 5 6 7 6 7 5 7 6 5 8 9 7 5 6 6 5
4 0 5 5 6 5 7 5 5 5 0 5 8 6 6 8 6 6 5 6 7 6 8 5 7 6 6 8 9 7 5 7 6 5
4 0 4 5 6 5 7 5 5 5 0 5 8 6 6 8 6 6 5 6 7 6 8 6 6 6 5 8 9 7 6 7 6 6
4 0 5 5 6 6 7 5 5 5 0 6 9 7 7 8 6 6 5 6 7 7 8 6 7 6 6 8 10 7 5 7 6 6
4 0 4 5 6 6 6 5 5 5 0 5 8 6 6 8 6 6 5 6 7 6 8 5 6 6 5 7 9 7 5 7 6 6
4 0 5 5 6 6 7 5 5 5 0 5 8 6 6 8 6 6 5 6 7 7 8 5 6 6 5 7 9 7 6 7 6 6
4 0 4 5 6 5 7 6 5 5 0 5 8 6 6 8 6 6 5 6 7 7 8 6 6 6 5 7 9 7 5 7 6 6
4 0 5 5 6 6 7 5 5 5 0 5 8 6 6 8 6 6 5 6 7 7 8 6 7 6 5 8 9 7 5 7 6 6
4 0 4 5 6 6 7 5 5 5 0 5 8 6 6 8 6 6 5 6 7 6 8 6 7 6 5 9 9 7 5 7 6 6
4 0 4 5 6 5 7 5 5 5 0 5 8 6 6 8 6 6 5 6 7 6 8 5 6 6 5 8 9 7 5 7 6 5
4 0 5 5 6 6 7 5 5 5 0 5 8 6 6 8 6 6 5 6 7 6 8 6 7 6 5 8 9 7 5 7 6 6
4 0 4 5 6 5 6 5 5 5 0 5 8 6 6 8 6 5 5 6 6 6 8 6 7 6 5 8 9 7 5 7 6 5
4 0 5 5 6 5 7 5 5 5 0 6 9 7 7 7 6 6 5 6 6 6 7 6 7 6 6 9 10 8 6 7 6 6
4 0 5 5 6 5 6 5 5 6 0 6 8 6 6 8 6 6 5 6 6 6 7 6 7 7 6 10 10 7 5 7 6 6
4 0 4 5 6 5 7 6 5 5 0 6 8 6 6 8 6 6 5 6 6 6 8 6 7 6 6 8 9 7 5 7 6 5
4 0 4 4 6 6 7 5 5 5 0 5 8 6 6 8 6 5 5 6 6 6 8 5 6 6 5 8 9 7 5 6 6 5
4 0 5 5 6 5 6 5 6 5 0 5 8 6 6 8 6 5 5 5 6 6 7 5 7 7 6 9 9 7 5 7 6 5
4 0 4 5 6 5 6 5 5 5 0 5 8 6 7 9 6 6 5 5 7 6 7 6 6 6 5 8 9 7 5 7 6 6
4 0 5 5 6 6 6 5 5 5 0 6 8 6 6 8 6 6 5 6 6 6 8 6 7 7 6 9 9 7 5 7 6 6
4 0 4 4 5 5 6 5 5 5 0 5 8 6 6 8 6 6 5 6 6 6 7 6 7 7 5 9 9 7 5 7 6 6
4 0 5 5 6 6 6 5 6 6 0 5 9 6 6 8 6 6 5 6 7 6 7 6 7 7 6 9 9 7 5 7 6 6
4 0 5 5 6 5 7 6 6 6 0 6 8 6 6 8 6 6 5 6 7 6 8 6 7 7 6 9 9 7 5 7 6 5
4 0 4 4 6 5 7 5 5 5 0 5 8 6 6 8 6 5 5 5 7 6 8 6 7 6 6 9 9 7 5 7 6 5
4 0 5 5 6 5 7 6 6 6 0 6 9 8 7 10 7 6 5 6 6 6 8 6 7 7 6 9 10 7 6 8 6 6
4 0 5 5 6 6 8 6 6 6 0 6 9 6 6 8 6 6 5 6 7 7 8 6 7 7 6 9 10 8 5 7 6 6
4 0 5 5 6 6 7 6 6 6 0 6 8 6 6 8 6 6 5 6 7 6 8 6 7 7 6 9 10 7 5 7 6 6
4 0 5 5 6 6 7 6 6 6 0 6 9 6 6 8 6 6 5 6 7 7 8 6 7 7 6 9 10 8 5 7 6 6
4 0 5 5 6 6 7 6 6 5 0 6 8 6 6 8 6 6 5 6 7 6 8 6 7 7 6 9 9 7 5 7 6 5
4 0 5 5 6 6 7 6 6 6 0 6 8 6 6 8 6 6 5 6 7 6 8 6 7 7 6 9 9 7 5 7 6 6
4 0 5 5 6 5 7 6 6 6 0 6 8 6 6 8 6 6 5 6 7 6 8 6 7 7 6 9 9 7 5 7 6 6
4 0 4 5 6 6 7 6 6 6 0 6 8 6 6 7 6 5 5 5 6 6 8 6 7 7 6 9 9 7 5 6 6 5
4 0 5 5 6 6 7 6 6 6 0 6 8 6 6 8 6 6 6 6 7 6 8 7 8 7 6 10 10 8 6 8 6 6
4 0 4 5 6 6 7 6 6 5 0 6 8 6 6 7 6 5 5 6 7 6 8 6 7 7 6 9 9 8 5 7 6 5
4 0 4 5 6 5 7 6 6 6 0 6 8 6 6 7 6 5 5 6 6 6 7 6 7 7 6 9 10 8 5 7 6 5
4 0 5 5 6 5 7 6 6 6 0 6 8 6 6 8 6 6 5 6 6 6 7 6 8 7 6 9 10 8 6 7 6 6
4 0 5 5 6 6 7 6 6 5 0 6 8 6 6 7 6 5 5 6 7 6 7 6 7 6 6 9 9 8 5 7 6 5
4 0 5 5 6 6 7 6 6 5 0 6 8 6 6 7 6 5 5 6 6 6 9 6 7 7 6 9 9 8 5 7 6 5
4 0 5 5 7 6 7 6 6 6 0 6 9 6 6 7 6 6 5 6 7 6 8 6 8 7 6 9 10 8 6 7 6 5
4 0 5 5 6 6 7 6 6 6 0 6 8 6 6 7 6 6 5 6 7 6 8 6 8 7 6 9 9 8 6 7 6 5
4 0 5 5 7 6 8 6 6 6 0 6 9 6 6 7 6 6 6 6 7 7 9 7 8 7 6 9 10 8 6 7 6 6
4 0 5 5 7 6 7 6 6 6 0 6 9 6 6 8 6 6 6 6 7 7 9 7 8 7 6 9 10 8 6 7 6 6
4 0 5 5 6 6 7 6 6 6 0 6 8 6 6 7 6 6 6 6 7 7 8 6 7 7 6 9 9 8 6 7 6 6
4 0 5 5 6 6 7 6 6 6 0 6 8 6 6 7 6 6 6 6 7 7 8 6 7 7 6 9 10 8 6 7 6 6
4 0 5 5 6 6 7 6 6 6 0 6 9 6 6 7 6 6 6 6 7 7 8 7 8 7 6 10 11 9 6 7 6 6
4 0 5 5 7 6 7 6 6 6 0 6 8 6 6 7 6 6 6 6 7 7 8 6 7 7 6 9 10 8 6 7 6 6
4 0 6 5 7 6 8 7 6 6 0 6 8 6 7 9 7 7 6 6 7 7 9 7 8 7 6 9 10 8 6 8 7 7
4 0 5 5 7 7 8 6 6 6 0 6 9 6 6 7 7 6 6 6 7 7 9 7 7 7 6 9 9 8 6 8 7 6
4 0 5 5 6 6 7 6 6 6 0 6 8 6 6 7 6 6 6 6 7 6 8 7 7 7 6 9 9 8 6 7 6 6
4 0 5 5 6 6 7 6 6 6 0 6 8 6 6 7 6 6 6 6 7 6 8 7 7 7 6 8 9 7 6 7 6 6
4 0 5 5 6 6 7 6 6 6 0 6 8 6 6 7 6 6 5 6 7 6 8 6 8 7 6 9 9 7 6 7 6 6
4 0 5 5 6 6 7 6 6 6 0 6 8 6 6 7 6 6 6 7 7 6 8 7 7 7 6 9 9 7 6 7 6 6
4 0 5 5 6 6 7 6 6 5 0 5 8 6 6 7 6 5 5 6 7 6 8 6 7 6 6 8 9 7 6 7 6 5
4 0 5 5 7 7 8 7 7 6 0 7 9 6 6 8 7 6 6 7 7 7 9 7 8 7 6 9 11 8 6 7 7 6
4 0 5 5 6 5 7 6 6 5 0 6 8 6 6 7 6 6 6 7 6 6 8 6 7 7 5 8 9 7 6 7 6 6
4 0 5 5 6 6 7 6 7 6 0 6 8 6 6 7 6 6 6 6 7 6 8 6 8 7 6 9 9 7 6 7 6 6
4 0 5 5 6 6 7 6 6 6 0 6 8 6 6 7 6 6 6 6 6 6 8 6 8 7 6 8 9 7 6 7 6 6
4 0 5 5 6 6 7 6 6 6 0 6 8 6 6 7 6 6 6 6 6 6 8 6 8 7 6 8 9 7 6 7 6 6
4 0 5 5 6 6 7 6 6 6 0 6 8 6 6 7 6 6 6 6 6 6 8 6 7 7 6 8 9 8 6 7 6 6
4 0 5 5 6 6 7 6 7 6 0 6 9 7 7 7 6 6 6 7 6 6 8 6 8 8 6 9 11 9 6 7 6 6
4 0 5 5 6 6 7 7 7 6 0 6 9 6 6 7 7 6 6 7 7 6 8 8 8 8 6 9 10 8 6 8 7 6
4 0 5 5 6 5 7 6 6 5 0 6 8 6 6 7 6 6 6 6 6 6 8 6 7 7 6 8 9 7 6 7 6 6
4 0 5 5 6 5 7 6 6 6 0 5 8 6 6 7 6 6 6 6 6 6 8 6 7 8 6 9 10 8 6 7 6 6
4 0 13 11 13 11 12 11 9 10 0 9 11 11 13 17 26 25 14 13 12 12 12 11 11 11 10 13 14 13 13 17 24 24
4 0 13 11 13 12 13 12 10 10 0 10 12 12 14 17 26 26 14 13 13 12 13 12 12 12 11 14 15 14 13 17 26 24
4 0 13 11 12 11 11 10 9 10 0 9 11 11 13 17 27 26 14 13 12 11 12 11 11 10 9 12 13 13 12 17 25 24
4 0 15 12 13 11 12 11 9 10 0 9 11 11 13 17 27 26 16 13 13 12 12 11 11 11 10 12 13 13 12 17 25 24
4 0 12 10 12 10 11 10 9 9 0 8 10 10 12 16 26 25 13 12 11 11 11 11 10 10 9 12 12 12 11 16 24 23
4 0 13 11 13 11 12 11 9 10 0 9 11 11 13 17 27 26 15 13 13 12 13 12 12 11 10 13 14 13 12 17 25 24
4 0 13 12 14 12 13 11 10 11 0 9 12 11 13 17 28 27 17 14 14 13 13 12 12 12 10 14 15 14 13 17 25 25
4 0 13 11 13 11 12 11 10 10 0 9 11 11 13 17 26 26 14 13 13 12 13 12 12 11 10 13 14 13 13 17 24 24
4 0 12 11 13 11 12 11 9 10 0 9 11 11 13 16 26 26 14 13 12 12 12 11 11 11 10 12 13 13 12 17 24 24
4 0 12 11 13 11 12 10 9 10 0 9 11 11 13 16 26 26 14 13 12 11 12 11 11 11 10 12 13 13 12 17 24 23
4 0 13 12 14 12 13 11 10 11 0 9 12 12 14 17 27 27 15 14 13 12 13 12 12 12 10 14 15 15 13 18 25 24
4 0 13 11 13 11 12 11 10 10 0 9 11 11 13 17 28 27 14 13 12 12 13 11 12 11 10 13 14 14 13 17 25 24
4 0 13 12 13 12 12 11 10 10 0 9 11 11 14 17 28 28 16 14 13 12 13 12 12 11 10 13 14 14 13 18 27 28
4 0 13 12 13 12 12 11 10 10 0 9 11 11 13 17 27 27 15 13 13 12 13 12 12 11 10 13 14 14 13 17 26 25
4 0 13 12 13 12 12 11 10 10 0 9 12 11 14 17 27 26 15 13 13 12 13 12 12 11 10 13 14 14 13 17 25 25
4 0 14 12 14 12 13 11 10 11 0 10 12 12 14 18 28 27 15 14 13 13 13 12 12 12 11 13 15 14 13 18 26 25
4 0 13 12 14 12 13 11 10 10 0 9 12 11 14 17 27 27 15 14 13 12 13 12 12 11 10 13 14 14 13 18 26 25
4 0 14 12 14 12 13 11 10 10 0 9 12 11 14 17 28 27 15 14 13 12 13 12 12 11 10 13 14 14 13 18 26 25
4 0 14 12 14 12 13 11 10 10 0 9 12 12 14 17 28 27 16 14 13 12 13 12 12 11 10 13 14 14 13 18 26 25
4 0 13 12 14 12 13 11 10 11 0 10 12 12 14 18 28 27 15 14 13 12 13 12 12 12 10 13 14 14 13 18 26 25
4 0 13 12 14 12 13 12 10 11 0 10 12 12 14 17 28 27 15 14 13 13 13 12 12 12 11 14 15 14 13 18 26 25
4 0 13 12 14 12 13 12 10 11 0 10 12 12 14 18 28 27 15 14 14 13 14 12 12 12 11 14 15 14 13 18 26 25
4 0 13 12 14 12 13 12 10 11 0 10 12 12 14 18 27 27 15 14 13 13 13 12 12 12 11 14 15 14 13 18 26 25
4 0 13 12 14 12 13 11 10 11 0 10 12 12 14 17 27 27 15 14 13 13 13 12 12 12 11 14 15 14 13 17 27 25
4 0 14 12 14 12 13 12 10 11 0 10 13 12 14 18 28 28 16 14 14 13 14 13 13 12 11 14 15 15 14 18 27 25
4 0 14 13 15 13 14 13 11 11 0 11 13 13 15 19 27 28 17 15 15 14 15 13 13 13 12 15 16 16 14 19 28 25
4 0 13 12 14 12 13 11 10 11 0 9 12 11 13 17 27 28 16 14 13 12 13 12 12 12 10 13 14 14 13 17 28 25
4 0 13 12 14 12 13 12 10 11 0 10 12 12 13 17 26 26 15 14 13 13 13 12 12 12 11 14 15 14 13 17 26 24
4 0 12 11 14 12 13 12 10 11 0 10 12 12 13 16 24 24 15 13 13 13 13 12 12 12 11 14 14 14 12 17 23 22
4 0 13 12 15 13 14 12 11 11 0 10 12 12 13 17 25 24 14 14 14 13 14 13 13 13 11 14 15 14 13 17 23 21
4 0 11 10 12 11 12 11 9 10 0 9 11 10 12 14 23 24 14 12 12 12 12 11 11 11 10 12 13 12 11 15 23 21
4 0 11 10 12 11 11 10 9 9 0 8 10 10 11 14 23 24 14 12 12 11 12 11 11 10 9 12 12 12 11 14 22 22
4 0 11 10 12 11 12 10 9 10 0 9 11 10 12 14 23 23 14 12 12 11 12 11 11 11 9 12 13 12 11 15 22 21
4 0 11 10 12 11 12 10 9 9 0 9 11 10 12 15 23 23 14 12 12 11 12 11 11 10 9 12 13 12 11 15 22 19
4 0 11 10 11 10 10 9 8 9 0 8 10 9 11 14 27 26 14 11 11 10 11 10 10 9 8 11 12 11 10 14 22 21
4 0 10 9 11 10 11 10 9 9 0 8 10 10 11 14 23 23 12 11 11 10 11 10 10 10 9 11 12 11 10 14 21 19
4 0 11 10 12 10 11 10 9 9 0 8 10 10 11 15 24 24 13 11 11 11 11 10 10 10 9 11 12 12 10 15 22 20
4 0 11 10 12 10 11 10 9 9 0 8 10 10 11 15 26 29 13 12 11 11 11 10 10 10 9 12 13 12 11 14 22 20
4 0 10 10 12 10 11 10 9 9 0 8 10 10 12 16 24 24 13 12 12 11 12 11 11 10 9 12 13 13 11 16 22 21
4 0 10 9 11 10 10 9 8 8 0 8 9 9 10 14 23 23 13 11 11 10 11 10 10 9 8 10 11 11 10 14 22 20
4 0 10 9 11 10 10 9 8 9 0 8 9 9 10 14 24 23 13 11 11 10 11 10 10 9 8 11 11 11 10 14 21 21
4 0 10 10 12 10 11 10 9 9 0 8 9 9 10 13 23 23 13 11 11 11 11 10 10 10 9 11 11 11 10 14 21 20
4 0 11 10 11 10 11 9 8 9 0 8 9 9 11 14 24 24 13 11 11 10 11 10 10 9 9 11 11 11 10 14 22 20
4 0 10 10 12 10 11 10 9 9 0 8 10 10 11 15 24 24 12 11 11 11 11 10 10 10 9 11 12 11 11 15 21 20
4 0 10 10 12 10 11 10 9 9 0 9 10 10 12 16 24 24 12 11 11 11 12 11 11 10 9 12 12 12 11 17 24 21
4 0 10 10 11 10 11 10 9 9 0 8 10 9 11 15 24 24 12 11 11 11 11 10 10 10 9 11 12 11 10 15 22 21
4 0 11 10 12 11 12 10 9 10 0 8 10 10 12 15 24 24 12 12 12 11 12 11 11 10 9 12 12 12 11 15 23 22
4 0 10 9 11 10 11 10 9 9 0 8 10 9 11 15 23 23 12 11 11 10 11 10 10 10 9 11 12 11 10 15 21 20
4 0 10 9 11 10 11 10 9 9 0 8 10 9 11 15 23 24 13 11 11 10 11 10 10 10 9 11 12 11 10 15 22 24
4 0 10 10 12 10 11 10 9 9 0 8 10 10 12 16 24 24 13 11 11 11 12 11 11 10 9 12 12 12 11 15 22 22
4 0 10 10 12 10 11 10 9 10 0 8 10 10 12 16 24 24 13 11 11 11 11 11 11 10 9 12 12 12 11 16 23 23
4 0 10 10 12 11 12 10 9 10 0 9 11 11 13 17 24 24 13 12 12 11 12 11 11 11 10 13 14 13 12 16 23 24
4 0 10 9 11 10 11 10 8 9 0 8 10 9 11 15 24 24 12 11 11 10 11 10 10 10 9 11 12 11 10 15 23 25
4 0 10 9 11 10 11 10 9 9 0 8 10 9 11 15 22 22 13 11 11 11 11 10 10 10 9 11 12 11 10 15 21 23
4 0 10 9 11 10 11 10 9 9 0 8 10 9 11 15 23 22 12 11 11 10 11 10 10 10 9 11 12 11 10 15 22 23
4 0 10 9 11 10 11 10 9 9 0 8 10 9 12 16 23 22 12 11 11 11 11 10 10 10 9 11 12 11 11 15 22 24
4 0 9 9 11 10 11 10 9 9 0 8 9 9 11 15 22 23 12 11 11 10 11 10 10 10 9 11 12 11 10 15 22 24
4 0 9 9 11 10 10 9 8 9 0 8 9 9 11 15 22 23 11 10 11 10 11 10 10 9 9 11 11 11 10 15 22 24
4 0 10 9 11 10 10 9 8 9 0 8 9 9 11 15 23 23 13 11 11 10 11 10 10 9 8 11 11 11 10 15 22 23
4 0 10 9 11 10 11 10 8 9 0 8 9 9 11 15 23 24 13 11 11 10 11 10 10 10 9 11 12 11 10 15 23 24
4 0 10 9 11 10 11 10 9 9 0 8 10 9 11 16 24 23 13 11 11 10 11 10 10 10 9 11 11 11 10 15 22 24
4 0 9 9 11 10 10 9 8 9 0 8 9 9 11 15 22 22 12 10 10 10 11 10 10 9 8 11 11 11 10 14 21 24
4 0 10 9 11 9 10 9 8 9 0 7 9 9 11 16 25 24 12 11 10 10 10 10 10 9 8 10 11 10 10 15 22 25
4 0 10 9 11 9 10 9 8 9 0 7 9 9 11 15 22 23 12 10 10 10 10 10 10 9 8 10 10 10 10 14 22 25
4 0 10 9 11 9 10 9 8 9 0 7 9 9 11 15 22 21 13 10 10 10 10 9 9 9 8 10 11 10 10 15 22 24
4 0 10 9 10 9 10 9 8 8 0 7 9 8 10 14 22 22 12 10 10 10 10 9 9 9 8 10 10 10 10 15 22 24
4 0 10 9 11 10 10 9 8 9 0 7 9 9 11 15 21 21 13 11 11 10 11 10 10 9 8 10 11 10 10 15 22 23
4 0 9 8 10 9 9 8 7 8 0 7 8 8 10 14 21 21 12 10 10 9 10 9 9 8 8 10 10 10 9 15 22 23
4 0 9 9 10 9 10 9 8 8 0 7 8 8 11 15 22 21 11 10 10 9 10 9 9 9 8 10 10 10 9 15 23 24
4 0 10 9 11 9 10 9 8 9 0 7 9 9 11 15 21 22 12 10 10 10 10 9 9 9 8 10 11 10 10 15 22 25
4 0 9 8 9 8 9 8 7 8 0 6 8 8 10 14 22 23 12 10 9 9 9 8 8 8 7 9 9 9 9 14 22 24
4 0 9 8 9 8 9 8 7 7 0 6 8 8 10 14 21 21 11 9 9 8 9 8 8 8 7 9 9 9 9 14 22 24
4 0 9 8 9 8 9 8 7 8 0 6 8 8 10 14 21 22 11 9 9 8 9 8 8 8 7 9 9 9 9 15 23 25
4 0 8 7 9 8 8 7 7 7 0 6 7 7 9 13 21 20 11 9 8 8 8 8 8 7 7 9 9 9 8 13 20 23
4 0 9 8 9 8 9 8 7 8 0 6 7 7 9 13 21 20 11 9 9 8 9 8 8 8 7 9 9 9 8 13 21 24
4 0 8 7 9 8 9 8 7 7 0 6 7 7 9 13 20 21 11 9 9 8 9 8 8 8 7 9 9 9 8 13 20 23
4 0 9 8 10 8 9 8 7 7 0 6 8 8 9 14 20 20 11 9 9 9 9 8 9 8 7 9 10 9 9 13 20 22
4 0 9 8 9 8 8 8 7 7 0 6 8 7 9 14 20 20 11 9 9 8 9 8 8 8 7 9 9 9 8 13 20 22
4 0 9 7 9 8 8 8 7 7 0 6 8 8 10 13 20 20 11 9 9 8 9 8 8 8 7 9 9 9 9 14 20 22
4 0 9 8 10 8 9 8 7 8 0 7 9 9 10 14 21 22 12 10 9 9 9 9 9 8 8 9 10 10 10 14 20 22
4 0 8 7 8 7 8 7 6 7 0 5 7 7 9 13 20 20 10 8 8 7 8 7 7 7 6 8 8 8 8 14 19 20
4 0 8 7 8 7 8 7 6 7 0 6 7 7 9 13 20 20 10 8 8 8 8 7 7 7 6 8 8 8 8 13 19 20
4 0 8 7 8 7 7 7 6 7 0 5 6 6 8 12 19 19 10 8 8 7 8 7 7 7 6 7 8 8 8 13 18 19
4 0 8 7 8 7 7 7 6 7 0 5 6 7 9 13 20 19 10 8 8 7 8 7 7 7 6 7 8 8 8 13 20 20
4 0 8 7 9 8 8 7 7 7 0 6 7 7 9 13 19 21 11 9 9 8 9 8 8 7 7 8 9 9 8 13 18 19
4 0 8 7 8 7 8 7 6 7 0 5 6 6 8 12 19 18 10 8 8 7 8 7 7 7 6 7 8 8 8 12 17 18
4 0 9 7 8 7 8 7 6 7 0 5 6 6 8 12 18 18 13 9 8 8 8 7 7 7 6 7 8 8 8 13 17 19
4 0 13 12 14 12 13 12 10 11 0 9 11 11 13 19 32 31 14 13 13 13 14 12 12 12 10 13 14 13 12 18 32 29
4 0 14 12 14 12 13 12 11 11 0 10 11 11 13 18 31 30 14 14 14 13 14 12 13 12 11 13 14 13 12 18 32 29
4 0 15 13 15 13 14 13 11 11 0 10 12 12 14 20 32 29 15 15 14 14 14 13 13 13 11 14 14 14 13 20 34 30
4 0 14 13 15 13 14 12 11 11 0 10 12 11 13 19 31 30 15 14 14 13 14 13 13 12 11 13 14 13 13 19 33 30
4 0 14 12 14 13 14 12 11 11 0 10 12 11 13 19 30 29 15 14 14 13 14 13 13 12 11 14 14 13 12 18 32 30
4 0 13 11 13 12 13 11 10 10 0 9 11 11 12 18 31 29 15 13 13 12 13 12 12 11 10 13 13 13 11 17 32 29
4 0 13 11 13 12 13 12 10 10 0 9 11 11 12 18 30 30 15 13 13 12 13 12 12 11 10 13 14 13 11 17 31 29
4 0 13 11 14 12 13 12 10 11 0 9 11 11 13 18 32 30 15 13 13 12 13 12 12 12 11 13 14 13 12 18 33 29
4 0 14 11 13 12 13 11 10 10 0 9 12 11 13 18 32 30 16 13 13 12 13 12 12 12 11 13 14 13 12 18 34 31
4 0 14 11 13 12 13 11 10 10 0 9 11 11 12 18 32 30 15 13 13 12 13 12 12 11 10 13 13 13 11 17 34 29
4 0 13 11 13 11 12 11 10 10 0 9 11 10 12 18 33 30 16 12 12 11 12 11 11 11 10 12 13 12 11 18 33 30
4 0 14 12 15 13 14 13 11 11 0 10 12 12 13 17 32 30 16 14 14 13 14 13 13 12 11 14 15 14 12 18 32 30
4 0 12 10 12 10 11 10 9 9 0 8 10 10 12 17 32 31 15 11 11 11 11 11 11 10 9 12 12 12 11 16 30 29
4 0 13 10 12 10 11 10 9 9 0 8 10 10 11 16 31 29 15 11 11 11 11 10 10 10 9 12 12 11 10 15 30 29
4 0 13 10 12 10 11 10 9 9 0 8 10 10 12 17 30 28 15 11 11 11 11 10 10 10 9 11 12 12 11 17 31 30
4 0 12 10 11 10 11 10 9 9 0 8 10 10 12 17 31 28 14 11 11 10 11 10 10 10 9 11 12 12 11 16 30 28
4 0 13 9 11 10 10 9 8 8 0 7 9 9 11 16 29 28 14 10 10 10 10 10 10 9 8 11 11 11 10 15 29 28
4 0 12 10 12 10 11 10 9 9 0 8 10 9 11 17 32 30 14 11 11 10 11 10 10 10 9 11 12 11 10 15 30 28
4 0 12 10 11 10 11 10 9 9 0 8 9 9 11 16 30 29 14 11 11 10 11 10 10 9 9 11 11 11 10 15 29 27
4 0 12 10 11 10 10 9 8 8 0 7 9 9 11 16 30 28 14 11 10 10 11 10 10 9 8 10 11 11 10 16 29 26
4 0 12 10 11 10 11 10 8 8 0 7 9 9 11 16 30 28 14 10 10 10 11 10 10 9 8 10 11 10 10 16 29 26
4 0 13 10 12 10 11 10 9 9 0 8 9 9 11 16 31 29 14 11 11 10 11 10 10 10 9 11 12 11 10 16 29 26
4 0 13 11 12 11 11 10 9 10 0 8 11 10 12 18 33 32 15 12 12 11 12 11 11 10 9 12 13 13 12 17 29 27
4 0 13 11 13 11 12 11 9 10 0 9 11 10 13 18 32 30 15 13 12 11 12 11 11 11 10 13 14 13 12 18 31 27
4 0 13 10 12 10 11 10 9 9 0 8 10 10 11 17 31 29 14 12 11 11 12 11 11 10 9 12 13 12 11 16 29 26
4 0 14 11 12 11 11 10 10 10 0 8 10 10 12 17 30 28 15 12 11 11 11 11 11 10 9 11 12 12 11 16 29 27
4 0 13 10 12 10 11 10 9 10 0 8 10 9 12 17 33 28 14 12 11 11 12 11 11 10 9 11 12 11 11 16 32 29
4 0 13 11 12 11 12 10 9 10 0 8 10 10 11 17 29 25 14 12 12 11 12 11 11 10 9 11 12 11 10 15 28 27
4 0 12 10 11 10 11 10 9 9 0 8 10 9 11 16 28 25 14 11 11 10 11 10 10 10 9 11 12 11 10 15 28 25
4 0 14 11 13 11 12 11 10 10 0 9 10 10 12 16 27 26 15 13 12 12 12 11 11 11 10 12 12 12 11 15 28 26
4 0 12 10 12 10 11 10 9 9 0 8 10 10 11 16 27 24 14 11 11 11 11 10 10 10 9 11 12 11 10 15 26 25
4 0 12 10 12 11 12 10 9 10 0 9 10 10 12 16 27 24 14 12 12 11 12 11 11 10 9 12 13 12 11 16 27 25
4 0 12 10 12 10 11 10 9 9 0 8 10 10 12 17 29 29 13 11 11 11 12 11 11 10 9 12 12 12 11 16 28 26
4 0 13 10 12 11 12 10 9 9 0 8 10 10 11 17 28 27 14 12 12 11 12 11 11 10 9 12 12 12 11 15 26 25
4 0 13 11 12 11 12 11 10 10 0 9 11 11 12 17 31 32 14 12 12 11 12 11 11 11 10 12 13 13 12 16 27 27
4 0 13 10 12 11 11 10 9 10 0 8 10 10 12 17 27 26 14 12 12 11 12 11 11 10 9 12 12 12 11 16 26 26
4 0 13 11 12 11 12 10 9 10 0 8 10 10 11 16 26 27 15 12 12 11 12 11 11 10 9 11 12 12 11 16 27 28
4 0 13 11 13 11 12 11 9 10 0 8 10 10 12 17 26 27 15 12 12 11 12 11 11 11 9 12 12 12 11 16 26 26
4 0 14 10 12 10 11 10 9 9 0 8 10 10 12 18 27 29 15 12 11 11 11 11 10 10 9 11 12 12 11 17 30 28
4 0 14 11 12 11 11 10 9 10 0 8 10 10 12 18 27 28 15 12 12 11 12 11 11 10 9 12 12 12 11 18 30 28
4 0 13 11 13 11 12 11 10 10 0 9 11 11 13 17 26 27 15 12 12 11 12 11 11 11 10 12 13 13 12 17 28 29
4 0 16 14 15 13 14 12 11 12 0 10 12 12 17 24 32 30 16 15 14 13 14 13 13 12 11 14 15 15 16 26 39 32
4 0 14 12 13 12 13 11 10 11 0 9 11 11 13 19 27 27 16 13 13 12 13 12 12 11 10 13 14 13 13 19 29 27
4 0 15 12 13 12 13 11 10 11 0 9 11 11 14 19 27 29 16 14 13 12 13 12 12 11 10 13 14 13 13 20 30 28
4 0 15 11 13 11 12 11 9 10 0 9 11 10 13 18 28 28 17 13 12 12 12 11 11 11 10 12 13 12 12 19 30 28
4 0 14 11 13 11 12 11 9 10 0 9 11 11 13 19 29 30 16 13 12 12 12 11 11 11 10 12 13 13 12 20 31 31
4 0 14 11 13 11 12 10 9 10 0 9 11 10 13 18 27 28 16 13 12 12 12 11 11 11 10 12 13 12 12 19 30 31
4 0 18 13 14 12 13 12 11 12 0 9 12 11 14 19 30 31 19 15 14 13 14 13 12 12 11 13 14 14 13 20 31 33
4 0 16 13 15 13 14 12 11 11 0 9 12 11 14 19 28 29 17 14 14 13 14 13 13 12 11 13 14 13 13 21 32 31
4 0 15 12 13 11 12 11 10 10 0 9 11 11 13 18 27 28 17 13 13 12 13 11 12 11 10 12 13 13 12 19 30 30
4 0 15 12 13 11 12 11 10 11 0 9 11 11 13 18 27 28 17 13 13 12 13 12 12 11 10 13 14 13 12 20 30 30
4 0 15 12 14 12 13 11 10 11 0 9 12 11 14 19 26 28 17 14 14 13 13 12 12 12 11 14 15 14 13 21 30 31
4 0 15 11 13 11 12 11 9 10 0 9 11 11 13 18 28 31 17 13 13 12 12 11 11 11 10 12 13 13 12 19 31 32
4 0 16 12 13 12 12 11 10 10 0 9 11 11 13 18 26 27 17 14 13 12 13 12 12 11 10 12 13 13 12 19 28 30
4 0 15 11 13 11 12 11 9 10 0 9 11 10 13 18 26 27 16 13 12 12 12 11 11 11 10 12 13 12 12 19 28 29
4 0 15 11 13 11 12 11 9 10 0 9 11 10 13 18 25 27 16 13 12 12 12 11 11 11 10 12 13 12 12 20 30 31
4 0 15 11 13 11 12 11 9 10 0 9 11 10 13 18 26 27 17 13 12 12 12 11 11 11 10 12 13 12 12 20 29 31
4 0 15 12 14 12 12 11 10 10 0 9 11 11 13 18 27 28 17 14 13 12 13 12 12 11 10 12 13 13 12 20 29 30
4 0 15 11 12 11 11 10 9 10 0 8 10 10 13 18 27 28 16 13 12 11 12 11 11 10 9 12 12 12 12 20 29 29
4 0 15 11 12 10 11 10 9 10 0 8 10 10 12 18 26 27 16 12 12 11 11 10 10 10 9 11 12 12 12 20 28 29
4 0 14 10 11 10 11 9 8 9 0 8 10 10 12 17 29 34 15 12 11 10 11 10 10 10 9 11 12 11 12 19 29 29
4 0 14 11 12 10 11 10 9 10 0 8 10 10 12 17 26 26 15 12 12 11 11 10 10 10 9 11 12 12 12 19 28 30
4 0 15 11 12 11 11 10 9 10 0 8 10 10 13 17 26 26 16 13 12 11 12 11 11 10 9 12 13 12 12 19 29 31
4 0 13 10 12 10 11 10 8 9 0 8 10 10 12 17 25 25 14 12 11 11 11 10 10 10 9 11 12 11 11 19 28 28
4 0 13 10 12 10 11 10 8 9 0 8 10 9 12 17 25 24 14 12 12 11 11 10 10 10 9 11 12 12 11 18 28 28
4 0 13 10 11 10 10 9 8 9 0 7 9 9 12 17 25 25 14 12 11 10 11 10 10 9 8 11 12 11 11 19 28 29
4 0 14 10 11 10 10 9 8 9 0 8 9 9 12 18 27 27 15 12 11 10 11 10 10 9 9 11 12 11 11 19 32 28
4 0 15 11 12 10 11 9 8 10 0 8 9 9 13 18 27 25 15 12 11 11 11 10 10 9 9 11 12 11 12 21 31 30
4 0 13 10 12 10 11 10 8 9 0 8 10 9 12 16 25 24 14 12 11 11 11 10 10 10 9 11 12 11 11 17 26 28
4 0 13 10 12 10 11 10 8 9 0 8 9 9 12 17 26 24 13 12 11 11 11 10 10 10 9 11 12 11 12 20 28 27
4 0 12 9 10 9 9 8 7 8 0 7 8 8 10 14 23 23 12 10 10 9 10 9 9 8 8 9 10 10 10 15 23 27
4 0 13 9 11 9 10 9 8 8 0 7 8 8 10 13 23 23 14 11 10 10 10 9 9 9 8 10 11 10 9 15 23 26
4 0 11 9 10 9 9 8 7 8 0 7 8 8 11 16 27 25 11 10 9 9 9 9 9 8 7 9 10 10 10 16 24 27
4 0 12 9 10 9 10 9 8 8 0 7 9 8 10 16 29 28 12 10 10 9 10 9 9 9 8 10 10 10 10 17 28 34
4 0 11 9 10 9 9 8 7 8 0 6 8 8 10 14 23 23 11 10 10 9 10 9 9 8 7 9 10 9 9 14 21 22
4 0 12 10 11 10 10 9 8 9 0 7 9 9 11 15 23 21 13 11 11 10 11 10 10 9 8 10 11 10 10 15 21 24
4 0 9 7 9 8 8 8 7 7 0 6 8 8 10 15 23 20 10 9 9 8 9 8 8 8 7 9 10 10 9 14 21 22
4 0 9 8 9 8 8 8 7 7 0 6 8 8 10 15 24 21 10 9 9 8 9 8 8 8 7 9 10 9 9 14 21 22
4 0 10 7 9 7 8 7 6 7 0 6 7 7 10 15 25 21 10 8 8 8 8 8 8 7 7 8 9 9 9 14 23 25
4 0 9 8 9 8 8 7 7 7 0 6 8 8 10 15 23 21 10 9 9 8 9 8 8 8 7 9 9 9 9 15 22 22
4 0 9 7 9 8 8 7 7 7 0 6 8 8 10 14 24 21 10 8 8 8 8 8 8 8 7 9 9 9 9 14 21 22
4 0 9 8 9 8 9 8 7 8 0 7 9 8 10 14 23 20 10 9 9 9 9 8 9 8 8 10 10 10 9 14 21 22
4 0 9 8 9 8 8 8 7 7 0 7 8 8 10 14 23 21 10 9 9 8 9 8 8 8 7 9 10 10 10 15 21 22
4 0 9 8 9 8 8 7 7 7 0 6 8 8 10 14 23 21 10 9 8 8 8 8 8 8 7 9 9 9 10 15 23 27
4 0 9 8 9 8 8 8 7 7 0 7 8 8 10 14 23 21 11 9 9 8 9 8 8 8 7 9 10 10 9 14 21 22
4 0 9 8 10 8 9 8 7 7 0 7 9 9 10 14 26 23 10 9 9 9 9 9 9 9 8 10 11 10 9 14 24 23
4 0 9 8 9 8 9 8 7 7 0 7 8 8 10 14 24 22 10 9 9 8 9 8 8 8 7 9 10 10 10 14 22 22
4 0 1 1 1 1 1 1 2 2 0 1 1 1 1 1 0 0 1 1 0 1 1 1 1 1 1 1 1 1 1 1 0 0
4 0 1 1 1 1 1 1 2 2 0 1 1 1 1 1 0 0 1 1 0 1 1 1 1 1 1 1 1 1 2 1 0 0
4 0 1 1 1 1 1 1 2 2 0 1 1 1 1 1 0 0 1 1 1 1 1 1 1 1 1 1 1 1 1 1 0 0
4 0 1 1 1 1 1 1 2 2 0 1 1 1 1 1 0 0 1 1 1 1 1 1 1 1 1 1 1 1 1 1 0 0
4 0 1 1 1 1 1 1 1 2 0 1 1 1 1 1 0 0 1 1 0 1 0 1 1 1 1 1 1 1 1 1 0 0
4 0 1 1 1 1 1 1 2 2 0 1 1 1 1 1 0 0 1 1 0 1 0 1 1 1 1 1 1 1 1 1 0 0
4 0 1 1 1 1 1 1 2 2 0 1 1 1 1 1 0 0 1 1 1 1 1 1 1 1 1 1 1 1 1 1 0 0
4 0 1 1 1 1 1 1 2 2 0 1 1 1 1 1 0 0 1 1 1 1 1 1 1 1 1 1 1 1 1 1 0 0
4 0 1 1 1 1 1 1 2 2 0 2 1 1 1 1 0 0 1 1 1 1 1 1 1 1 1 1 1 1 1 1 0 0
4 0 1 1 1 1 1 1 2 2 0 2 1 2 1 1 0 0 1 1 1 1 1 1 1 1 1 1 1 1 2 1 0 1
4 0 1 1 1 1 1 1 2 2 0 1 1 1 1 1 0 0 1 1 1 1 1 1 1 1 1 1 1 1 1 1 0 1
4 0 1 1 1 1 1 1 2 2 0 1 1 1 1 1 0 0 1 1 1 1 1 1 1 1 1 1 1 1 1 1 0 0
4 0 1 1 1 1 1 1 2 2 0 1 1 1 1 1 0 0 1 1 1 1 1 1 1 1 1 1 1 1 1 1 0 1
4 0 2 2 1 1 1 2 3 3 0 2 1 1 1 1 0 0 1 1 1 1 1 1 1 2 1 1 1 1 2 1 1 1
4 0 1 1 1 1 1 1 2 2 0 1 1 1 1 1 0 0 1 1 0 1 0 1 1 1 1 1 1 1 1 1 0 0
4 0 1 1 1 1 1 1 2 2 0 1 1 1 1 0 0 0 1 1 0 1 0 1 1 1 1 1 0 1 1 1 0 0
4 0 1 1 1 1 1 1 1 2 0 1 1 1 1 1 0 0 1 1 0 1 0 1 1 1 1 1 1 1 1 1 0 0
4 0 1 1 1 1 1 1 1 2 0 1 1 1 1 0 0 0 1 1 0 1 0 1 1 1 1 1 1 1 1 1 0 0
4 0 1 1 1 1 1 1 2 2 0 1 1 1 1 1 0 0 1 1 0 1 0 1 1 1 1 1 1 1 1 1 0 0
4 0 1 1 1 1 1 1 2 2 0 1 1 1 1 1 0 0 1 1 0 1 0 1 1 1 1 1 1 1 1 1 0 0
4 0 1 1 1 1 1 1 2 2 0 1 1 1 1 1 0 0 1 1 0 1 0 1 1 1 1 1 1 1 1 1 0 0
4 0 1 1 1 1 1 1 2 2 0 1 1 1 1 1 0 0 1 1 0 1 0 1 1 1 1 1 1 1 1 1 0 0
4 0 1 1 1 1 1 1 2 2 0 1 1 1 1 1 0 0 1 1 1 1 1 1 1 1 1 1 1 1 1 1 0 0
4 0 1 1 1 1 1 1 2 2 0 1 1 1 1 1 0 0 1 1 0 1 0 1 1 1 1 1 1 1 1 1 0 0
4 0 1 1 1 1 1 1 2 2 0 1 1 1 1 1 0 0 1 1 0 1 0 1 1 1 1 1 1 1 1 1 0 0
4 0 1 1 1 1 1 1 1 2 0 1 1 1 1 0 0 0 1 1 0 1 0 1 1 1 1 1 0 1 1 1 0 0
4 0 1 1 1 1 1 1 1 2 0 1 1 1 1 1 0 0 1 1 0 1 0 1 1 1 1 1 1 1 1 1 0 0
4 0 1 1 1 1 1 1 1 2 0 1 1 1 1 1 0 0 1 1 0 1 0 1 1 1 1 1 1 1 1 1 0 0
4 0 1 1 1 1 1 1 1 2 0 1 1 1 1 0 0 0 1 1 0 1 0 1 1 1 1 1 1 1 1 1 0 0
4 0 1 1 1 1 1 1 2 2 0 1 1 1 1 1 0 0 1 1 1 1 0 1 1 1 1 1 1 1 1 1 0 0
4 0 1 1 1 1 1 1 2 2 0 1 1 1 1 1 0 0 1 1 0 1 0 1 1 1 1 1 1 1 1 1 0 0
4 0 1 1 1 1 1 1 2 2 0 1 1 1 1 1 0 0 1 1 1 1 1 1 1 1 1 1 1 1 1 1 0 0
4 0 1 1 1 1 1 1 2 2 0 1 1 1 1 1 0 0 1 1 1 1 1 1 1 1 1 1 1 1 1 1 0 1
4 0 1 1 1 1 1 1 2 2 0 1 1 1 1 1 0 0 1 1 1 1 1 1 1 1 1 1 1 1 1 1 0 0
4 0 1 1 1 1 1 1 2 2 0 1 1 1 1 1 0 0 1 1 1 1 1 1 1 1 1 1 1 1 1 1 0 0
4 0 1 1 1 1 1 1 2 2 0 1 1 1 1 1 0 0 1 1 1 1 1 1 1 1 1 1 1 1 1 1 0 0
4 0 1 1 1 1 1 1 2 2 0 1 1 1 1 0 0 0 1 1 0 1 1 1 1 1 1 1 0 1 1 1 0 0
4 0 1 1 1 1 1 1 2 2 0 1 1 1 1 1 0 0 1 1 1 1 1 1 1 1 1 1 1 1 1 1 0 0
4 0 1 1 1 1 1 1 2 2 0 1 1 1 1 1 0 0 1 1 1 1 1 1 1 1 1 1 1 1 1 1 0 0
4 0 2 1 1 1 1 2 2 3 0 2 1 2 1 1 0 0 1 1 1 1 1 1 1 1 1 1 1 1 2 1 0 1
4 0 1 1 1 1 1 2 2 2 0 1 1 1 1 1 1 0 1 1 1 1 1 1 1 1 1 1 1 1 1 1 1 1
4 0 1 1 1 1 1 1 2 2 0 1 1 1 1 1 0 0 1 1 1 1 1 1 1 1 1 1 1 1 1 1 0 0
4 0 2 1 1 1 1 2 2 3 0 2 1 2 1 1 0 0 1 1 1 1 1 1 1 1 1 1 1 1 2 1 1 1
4 0 1 1 1 1 1 2 2 2 0 1 1 1 1 1 0 0 1 1 1 1 1 1 1 1 1 1 1 1 1 1 1 1
4 0 1 1 1 1 1 2 2 2 0 1 1 1 1 1 0 0 1 1 1 1 1 1 1 1 1 1 1 1 1 1 0 0
4 0 1 1 1 1 1 1 2 2 0 1 1 1 1 1 0 0 1 1 1 1 1 1 1 1 1 1 1 1 1 1 0 0
4 0 1 1 1 1 1 1 2 2 0 1 1 1 1 1 0 0 1 1 1 1 1 1 1 1 1 1 1 1 1 1 0 0
4 0 1 1 1 1 1 1 2 2 0 1 1 1 1 1 0 0 1 1 1 1 1 1 1 1 1 1 1 1 1 1 0 0
4 0 1 1 1 1 1 1 2 2 0 1 1 1 1 1 0 0 1 1 1 1 1 1 1 1 1 1 1 1 1 1 0 0
4 0 1 1 1 1 1 1 2 2 0 1 1 1 1 1 0 0 1 1 1 1 1 1 1 1 1 1 1 1 1 1 0 0
4 0 1 1 1 1 1 1 2 2 0 2 1 2 1 1 0 0 1 1 1 1 1 1 1 1 1 1 1 1 2 1 0 0
4 0 1 1 1 1 1 1 2 2 0 2 1 1 1 1 0 0 1 1 1 1 1 1 1 1 1 1 1 1 1 1 0 1
4 0 1 1 1 1 1 1 2 2 0 1 1 1 1 1 0 0 1 1 1 1 1 1 1 1 1 1 1 1 1 1 0 1
4 0 1 1 1 1 1 1 2 2 0 1 1 1 1 1 0 0 1 1 1 1 1 1 1 1 1 1 1 1 1 1 1 0
4 0 1 1 1 1 1 2 2 2 0 1 1 1 1 1 0 0 1 1 1 1 1 1 1 1 1 1 1 1 1 1 1 1
4 0 2 1 1 1 1 2 2 2 0 1 1 1 1 1 0 0 1 1 1 1 1 1 1 1 1 1 1 1 1 1 1 1
4 0 1 1 1 1 1 1 2 2 0 1 1 1 1 1 0 0 1 1 1 1 1 1 1 1 1 1 1 1 1 1 0 0
4 0 1 1 1 1 1 1 2 2 0 1 1 1 1 1 0 0 1 1 1 1 1 1 1 1 1 1 1 1 1 1 0 0
4 0 1 1 1 1 1 1 2 2 0 2 1 1 1 1 0 0 1 1 1 1 1 1 1 1 1 1 1 1 1 1 0 0
4 0 1 1 1 1 1 1 2 2 0 1 1 1 1 1 0 0 1 1 1 1 1 1 1 1 1 1 1 1 1 1 0 0
4 0 1 1 1 1 1 1 2 2 0 1 1 1 1 1 0 0 1 1 1 1 1 1 1 1 1 1 1 1 1 1 0 0
4 0 1 1 1 1 1 1 2 2 0 1 1 1 1 1 0 0 1 1 1 1 0 1 1 1 1 1 1 1 1 1 0 0
4 0 1 1 1 1 1 1 2 2 0 1 1 1 1 1 0 0 1 1 1 1 1 1 1 1 1 1 1 1 1 1 0 0
4 0 1 1 1 1 1 1 2 2 0 1 1 1 1 1 0 0 1 1 1 1 1 1 1 1 1 1 1 1 1 1 0 0
4 0 1 1 1 1 1 1 2 2 0 1 1 1 1 1 0 0 1 1 1 1 1 1 1 1 1 1 1 1 1 1 0 0
4 0 1 1 1 1 1 1 2 2 0 1 1 1 1 1 0 0 1 1 1 1 1 1 1 1 1 1 1 1 1 1 0 0
4 0 1 1 1 1 1 1 2 2 0 1 1 1 1 1 0 0 1 1 1 1 1 1 1 1 1 1 1 1 1 1 0 0
4 0 1 1 1 1 1 1 2 2 0 1 1 1 1 1 0 0 1 1 1 1 1 1 1 1 1 1 1 1 1 1 0 0
4 0 1 1 1 1 1 1 2 2 0 1 1 1 1 0 0 0 1 1 0 1 0 1 1 1 1 1 0 1 1 1 0 0
4 0 1 1 1 1 1 1 2 2 0 2 1 1 1 1 0 0 1 1 0 1 0 1 1 1 1 1 1 1 1 1 0 0
4 0 1 1 0 1 1 1 1 2 0 1 1 1 1 1 0 0 1 1 0 1 0 1 1 1 1 0 0 1 1 1 0 0
4 0 1 1 0 1 1 1 1 2 0 1 1 1 1 1 0 0 1 1 0 1 0 1 1 1 1 1 1 1 1 1 0 1
4 0 1 1 0 1 1 1 1 2 0 1 1 1 1 1 0 0 1 1 0 1 0 1 1 1 1 1 1 1 1 1 0 0
4 0 1 1 0 1 1 1 1 2 0 1 1 1 1 0 0 0 1 1 0 1 0 1 1 1 1 1 0 1 1 1 0 0
4 0 1 1 0 1 1 1 1 2 0 1 1 1 1 0 0 0 1 1 0 1 0 1 1 1 1 1 0 1 1 1 0 0
4 0 1 1 0 1 1 1 1 2 0 1 1 1 1 0 0 0 1 1 0 0 0 1 1 1 1 0 0 1 1 1 0 0
4 0 1 1 0 1 1 1 1 2 0 1 1 1 1 0 0 0 1 1 0 0 0 1 1 1 1 0 0 1 1 0 0 0
4 0 1 1 1 1 1 1 1 2 0 1 1 1 1 1 0 0 1 1 0 1 0 1 1 1 1 1 0 1 1 1 0 0
4 0 1 1 1 1 1 1 2 2 0 1 1 1 1 1 0 0 1 1 0 1 0 1 1 1 1 1 0 1 1 1 0 0
4 0 1 1 1 1 1 1 2 2 0 1 1 1 1 1 0 0 1 1 1 1 0 1 1 1 1 1 1 1 1 1 0 0
4 0 1 1 1 1 1 1 2 2 0 1 1 1 1 1 0 0 1 1 0 1 0 1 1 1 1 1 1 1 1 1 0 0
4 0 1 1 1 1 1 1 2 2 0 1 1 1 1 1 0 0 1 1 0 1 0 1 1 1 1 1 1 1 1 1 0 0
4 0 1 1 1 1 1 1 1 2 0 1 1 1 1 1 0 0 1 1 0 1 0 1 1 1 1 1 1 1 1 1 0 0
4 0 1 1 1 1 1 1 1 2 0 1 1 1 1 1 0 0 1 1 0 1 0 1 1 1 1 1 1 1 1 1 0 0
4 0 1 1 1 1 1 1 1 2 0 1 1 1 1 1 0 0 1 1 0 1 0 1 1 1 1 1 1 1 1 1 0 0
4 0 1 1 1 1 1 1 1 2 0 1 1 1 1 1 0 0 1 1 1 1 0 1 1 1 1 1 0 1 1 1 0 0
4 0 1 1 0 1 1 1 1 2 0 1 1 1 1 0 0 0 1 1 0 1 0 1 1 1 1 1 0 1 1 1 0 0
4 0 1 1 0 1 1 1 1 2 0 1 1 1 1 1 0 0 1 1 0 1 0 1 1 1 1 1 0 1 1 1 0 0
4 0 1 1 1 1 1 1 2 2 0 2 1 2 1 1 0 0 1 1 0 1 0 1 1 1 1 1 1 1 2 1 0 1
4 0 1 1 0 1 1 1 1 2 0 2 1 1 1 1 0 0 1 1 0 1 0 1 1 1 1 1 1 1 1 1 0 0
4 0 1 1 1 1 1 1 1 2 0 1 1 1 1 1 0 0 1 1 0 1 0 1 1 1 1 1 1 1 1 1 0 0
4 0 1 1 1 1 1 2 2 2 0 2 1 2 1 1 0 0 1 1 1 1 1 1 1 1 1 1 1 1 2 1 1 1
4 0 1 1 1 1 1 1 2 2 0 1 1 1 1 1 0 0 1 1 1 1 1 1 1 1 1 1 1 1 1 1 0 0
4 0 1 1 1 1 1 1 2 2 0 1 1 1 1 1 0 0 1 1 1 1 0 1 1 1 1 1 1 1 1 1 0 0
4 0 1 1 1 1 1 1 1 2 0 1 1 1 1 0 0 0 1 1 0 1 0 1 1 1 1 1 1 1 1 1 0 0
4 0 1 1 1 1 1 1 2 2 0 2 1 1 1 1 0 0 1 1 0 1 0 1 1 1 1 1 1 1 1 1 0 0
4 0 1 1 1 1 1 1 2 2 0 2 1 1 1 1 0 0 1 1 0 1 0 1 1 1 1 1 1 1 1 1 0 0
4 0 1 1 0 1 1 1 1 2 0 1 1 1 1 1 0 0 1 1 0 1 0 1 1 1 1 1 1 1 1 1 0 0
4 0 1 1 0 1 1 1 1 2 0 2 1 2 1 1 0 0 1 1 0 1 0 1 1 1 1 1 1 1 1 1 0 1
4 0 1 1 0 1 1 1 1 2 0 1 1 1 1 1 0 0 1 1 0 1 0 1 1 1 1 1 1 1 1 1 0 0
4 0 1 1 0 1 1 1 1 2 0 1 1 1 1 1 0 0 1 1 0 1 0 1 1 1 1 1 0 1 1 1 0 0
4 0 1 1 0 1 1 1 1 2 0 1 1 1 1 0 0 0 1 1 0 1 0 1 1 1 1 1 0 1 1 1 0 0
4 0 1 1 0 1 1 1 1 2 0 1 1 1 1 1 0 0 1 1 0 1 0 1 1 1 1 1 1 1 1 1 0 0
4 0 1 1 1 1 1 1 2 2 0 1 1 1 1 1 0 0 1 1 1 1 1 1 1 1 1 1 1 1 1 1 0 0
4 0 1 1 1 1 1 1 2 2 0 1 1 1 1 1 0 0 1 1 1 1 1 1 1 1 1 1 1 1 1 1 0 0
4 0 1 1 1 1 1 1 2 2 0 1 1 1 1 0 0 0 1 1 0 1 0 1 1 1 1 1 0 1 1 1 0 0
4 0 1 1 1 1 1 1 2 2 0 1 1 1 1 1 0 0 1 1 0 1 0 1 1 1 1 1 0 1 1 1 0 0
4 0 1 1 1 1 1 1 2 2 0 1 1 1 1 1 0 0 1 1 0 1 0 1 1 1 1 1 1 1 1 1 0 0
4 0 1 1 0 1 1 1 2 2 0 2 1 2 1 1 0 0 1 1 0 1 0 1 1 1 1 1 1 1 1 1 0 0
4 0 1 1 0 1 1 1 1 2 0 1 1 1 1 1 0 0 1 1 0 1 0 1 1 1 1 1 1 1 1 1 0 0
4 0 1 1 0 1 1 1 1 2 0 1 1 1 1 1 0 0 1 1 0 1 0 1 1 1 1 1 1 1 1 1 0 0
4 0 1 1 0 1 1 1 1 2 0 1 1 1 1 1 0 0 1 1 0 1 0 1 1 1 1 1 1 1 1 1 0 0
4 0 1 1 0 1 1 1 1 2 0 1 1 1 1 1 0 0 1 1 0 1 0 1 1 1 1 1 0 1 1 1 0 0
4 0 1 1 0 1 1 1 1 2 0 1 1 1 1 0 0 0 1 1 0 1 0 1 1 1 1 0 0 1 1 1 0 0
4 0 1 1 1 1 1 1 2 2 0 1 1 1 1 1 0 0 1 1 1 1 1 1 1 1 1 1 1 1 1 1 0 0
4 0 1 1 1 1 1 1 2 2 0 1 1 1 1 0 0 0 1 1 0 1 0 1 1 1 1 1 0 1 1 1 0 0
4 0 1 1 1 1 1 1 2 2 0 1 1 1 1 0 0 0 1 1 0 1 0 1 1 1 1 1 0 1 1 1 0 0
4 0 1 1 1 1 1 1 2 2 0 1 1 1 1 1 0 0 1 1 0 1 0 1 1 1 1 1 1 1 1 1 0 0
4 0 1 1 1 1 1 1 2 2 0 1 1 1 1 1 0 0 1 1 0 1 0 1 1 1 1 1 1 1 1 1 0 0
4 0 1 1 0 1 1 1 1 2 0 2 1 1 1 1 0 0 1 1 0 1 0 1 1 1 1 1 1 1 1 1 0 0
4 0 1 1 1 1 1 1 1 2 0 1 1 1 1 1 0 0 1 1 0 1 0 1 1 1 1 1 1 1 1 1 0 0
4 0 1 1 1 1 1 1 1 2 0 1 1 1 1 1 0 0 1 1 0 1 0 1 1 1 1 1 1 1 1 1 0 0
4 0 1 1 0 1 1 1 1 2 0 1 1 1 1 1 0 0 1 1 0 1 0 1 1 1 1 1 1 1 1 1 0 0
4 0 1 1 1 1 1 1 1 2 0 1 1 1 1 0 0 0 1 1 0 1 0 1 1 1 1 1 0 1 1 1 0 0
4 0 1 1 1 1 1 1 1 2 0 1 1 1 1 0 0 0 1 1 0 1 0 1 1 1 1 1 0 1 1 0 0 0
4 0 1 1 1 1 1 1 1 2 0 1 1 1 1 0 0 0 1 1 0 1 0 1 1 1 1 1 0 1 1 1 0 0
4 0 1 1 1 1 1 1 2 2 0 1 1 1 1 1 0 0 1 1 0 1 0 1 1 1 1 1 0 1 1 1 0 0
4 0 1 1 1 1 1 1 2 2 0 1 1 1 1 0 0 0 1 1 0 1 0 1 1 1 1 1 0 1 1 1 0 0
4 0 1 1 1 1 1 1 2 2 0 2 1 2 1 1 0 0 1 1 0 1 0 1 1 1 1 1 1 1 1 1 0 0
4 0 1 1 1 1 1 1 2 2 0 1 1 1 1 1 0 0 1 1 0 1 0 1 1 1 1 1 1 1 1 1 0 1
4 0 1 1 1 1 1 1 2 2 0 1 1 1 1 1 0 0 1 1 0 1 0 1 1 1 1 1 1 1 1 1 0 0
4 0 1 1 1 1 1 1 1 2 0 1 1 1 1 1 0 0 1 1 0 1 0 1 1 1 1 0 0 1 1 1 0 0
4 0 1 1 1 1 1 1 1 2 0 1 1 1 1 1 0 0 1 1 0 1 0 1 1 1 1 1 1 1 1 1 0 0
4 0 1 1 1 1 1 1 1 2 0 1 1 1 1 0 0 0 1 1 0 1 0 1 1 1 1 0 0 1 1 0 0 0
4 0 1 1 1 1 1 1 2 2 0 1 1 1 1 1 0 0 1 1 0 1 0 1 1 1 1 1 1 1 1 1 0 0
4 0 1 1 1 1 1 1 1 2 0 1 1 1 1 0 0 0 1 1 0 1 0 1 1 1 1 0 0 1 1 0 0 0
4 0 1 1 1 1 1 1 1 2 0 1 1 1 1 0 0 0 1 1 0 1 0 1 1 1 1 1 0 1 1 1 0 0
4 0 1 1 1 1 1 1 2 2 0 2 1 2 1 1 0 0 1 1 0 1 0 1 1 1 1 1 1 1 1 1 0 0
4 0 1 1 1 1 1 1 2 2 0 1 1 1 1 1 0 0 1 1 1 1 0 1 1 1 1 1 1 1 1 1 0 0
4 0 1 1 1 1 1 1 1 2 0 1 1 1 1 1 0 0 1 1 0 1 0 1 1 1 1 1 1 1 1 1 0 0
4 0 1 1 1 1 1 1 1 2 0 1 1 1 1 1 0 0 1 1 1 1 0 1 1 1 1 1 1 1 1 1 0 0
4 0 1 1 1 1 1 1 2 2 0 1 1 1 1 1 0 0 1 1 0 1 0 1 1 1 1 1 1 1 1 1 0 0
4 0 1 1 1 1 1 1 1 2 0 1 1 1 1 0 0 0 1 1 0 1 0 1 1 1 1 1 0 1 1 1 0 0
4 0 1 1 1 1 1 1 1 2 0 1 1 1 1 1 0 0 1 1 1 1 0 1 1 1 1 1 1 1 1 1 0 0
4 0 1 1 1 1 1 1 1 2 0 1 1 1 1 0 0 0 1 1 0 1 0 1 1 1 1 1 1 1 1 1 0 0
4 0 1 1 1 1 1 1 1 2 0 1 1 1 1 0 0 0 1 1 0 1 0 1 1 1 1 0 0 1 1 0 0 0
4 0 1 1 1 1 1 1 1 2 0 1 1 1 1 0 0 0 1 1 0 1 0 1 1 1 1 0 0 1 1 1 0 0
4 0 1 1 1 1 1 1 1 2 0 1 1 1 1 0 0 0 1 1 0 1 0 1 1 1 1 0 0 1 1 1 0 0
4 0 1 1 1 1 1 1 2 2 0 1 1 1 1 1 0 0 1 1 0 1 0 1 1 1 1 1 1 1 1 1 0 1
4 0 1 1 1 1 1 1 1 2 0 1 1 1 1 1 0 0 1 1 0 1 0 1 1 1 1 1 1 1 1 1 0 0
4 0 1 1 1 1 1 1 2 2 0 1 1 1 1 1 0 0 1 1 0 1 0 1 1 1 1 1 1 1 1 1 0 0
4 0 1 1 1 1 1 1 1 2 0 1 1 1 1 1 0 0 1 1 1 1 1 1 1 1 1 1 1 1 1 1 0 0
4 0 1 1 1 1 1 1 1 2 0 1 1 1 1 0 0 0 1 1 0 1 0 1 1 1 1 0 0 1 1 1 0 0
4 0 1 1 1 1 1 1 2 2 0 1 1 1 1 1 0 0 1 1 1 1 1 1 1 1 1 1 1 1 1 1 0 0
4 0 1 1 1 1 1 1 1 2 0 1 1 1 1 0 0 0 1 1 0 1 0 1 1 1 1 0 1 1 1 1 0 0
4 0 1 1 0 1 1 1 2 2 0 1 1 1 1 0 0 0 1 1 0 1 0 1 1 1 1 0 0 1 1 0 0 0
4 0 1 1 0 1 1 1 1 2 0 1 1 1 1 0 0 0 1 1 0 1 0 1 1 1 1 0 0 1 1 0 0 0
4 0 1 1 1 1 1 1 1 2 0 1 1 1 1 0 0 0 1 1 0 1 0 1 1 1 1 0 0 1 1 1 0 0
4 0 1 1 0 1 1 1 1 2 0 1 1 1 1 1 0 0 1 1 0 1 0 1 1 1 1 1 1 1 1 1 0 0
4 0 1 1 1 1 1 1 2 2 0 1 1 1 1 1 0 0 1 1 0 1 0 1 1 1 1 1 1 1 1 1 0 0
4 0 1 1 1 1 1 1 2 2 0 1 1 1 1 1 0 0 1 1 0 1 0 1 1 1 1 1 1 1 1 1 0 0
4 0 1 1 1 1 1 1 2 2 0 1 1 1 1 0 0 0 1 1 0 1 1 1 1 1 1 1 1 1 1 1 0 0
4 0 1 1 1 1 1 1 1 2 0 1 1 1 1 0 0 0 1 1 0 1 0 1 1 1 1 1 1 1 1 1 0 0
4 0 1 1 1 1 1 1 1 2 0 1 1 1 1 1 0 0 1 1 0 1 0 1 1 1 1 1 1 1 1 1 0 0
4 0 1 1 1 1 1 1 1 2 0 1 1 1 1 1 0 0 1 1 0 1 1 1 1 1 1 1 1 1 1 1 0 0
4 0 1 1 1 1 1 1 1 2 0 1 1 1 1 0 0 0 1 1 0 1 0 1 1 1 1 1 0 1 1 1 0 0
4 0 1 1 0 1 1 1 1 2 0 1 1 1 1 0 0 0 1 1 0 1 0 1 1 1 1 1 0 1 1 1 0 0
4 0 1 1 0 1 1 1 1 2 0 1 1 1 1 1 0 0 1 1 0 1 0 1 1 1 1 1 0 1 1 1 0 0
4 0 1 1 1 1 1 1 1 2 0 2 1 2 1 1 0 0 1 1 0 1 0 1 1 1 1 1 1 1 2 1 0 0
4 0 1 1 1 1 1 1 1 2 0 1 1 1 1 1 0 0 1 1 0 1 0 1 1 1 1 1 1 1 1 1 0 0
4 0 1 1 0 1 1 1 1 2 0 1 1 1 1 1 0 0 1 1 0 1 0 1 1 1 1 1 0 1 1 1 0 0
4 0 1 1 1 1 1 1 2 2 0 1 1 1 1 1 0 0 1 1 0 1 0 1 1 1 1 1 1 1 1 1 0 0
4 0 1 1 1 1 1 1 1 2 0 1 1 1 1 1 0 0 1 1 0 1 1 1 1 1 1 1 1 1 1 1 0 0
4 0 1 1 1 1 1 1 1 2 0 1 1 1 1 1 0 0 1 1 0 1 1 1 1 1 1 1 1 1 1 1 0 0
