0 0 0 0 0 0 0 0 0 0 0 0 0 0 0 0 0 0 0 0 0 0 0 0 0 0 0 0 0 0 0 0 0 0
2 4 3 3 4 4 5 4 4 4 0 4 7 6 6 6 4 4 4 4 4 4 5 4 5 4 4 6 8 7 5 6 4 4
2 4 3 3 4 4 4 3 4 4 0 4 7 6 6 7 4 4 3 4 4 4 5 4 5 4 4 6 8 7 5 6 4 4
2 4 3 3 4 3 4 4 4 4 0 4 7 6 6 7 5 4 4 4 4 4 5 4 5 5 4 7 8 7 5 6 4 4
2 4 3 3 4 3 4 3 4 4 0 4 7 6 6 7 4 4 3 4 4 4 5 4 5 4 4 6 8 7 5 6 4 4
2 4 3 3 4 3 4 3 4 4 0 4 7 6 6 7 4 4 3 4 4 4 5 4 4 4 4 6 8 7 5 6 4 4
2 4 3 3 4 3 4 3 4 4 0 4 7 6 6 7 4 4 4 4 4 4 4 4 4 4 4 6 8 7 5 6 4 4
2 4 3 3 4 3 4 3 4 4 0 4 7 6 6 7 5 4 4 4 4 4 5 4 5 4 4 6 8 7 6 6 4 4
2 4 3 3 4 4 4 4 4 4 0 5 8 8 7 7 5 4 4 4 4 4 5 4 5 4 4 7 8 8 6 6 5 4
2 4 3 3 4 4 5 4 4 4 0 5 7 7 6 7 5 4 4 4 4 5 7 4 5 4 4 7 8 7 5 6 4 4
2 4 3 3 4 3 4 3 4 4 0 4 7 6 6 6 4 4 3 4 4 4 4 4 5 4 4 6 7 6 5 6 4 4
2 4 3 3 4 4 4 4 4 4 0 4 6 6 5 6 4 4 4 4 4 4 5 4 5 4 4 6 7 6 5 6 4 4
2 4 3 3 4 3 4 3 4 4 0 4 6 5 4 5 4 4 3 4 4 4 4 4 4 4 4 6 6 6 4 5 4 3
2 4 3 3 4 4 4 4 4 4 0 4 6 6 5 5 4 4 3 4 4 5 5 4 5 4 5 6 7 6 5 5 4 4
2 4 3 3 4 4 4 3 4 4 0 4 6 5 4 5 4 3 3 3 4 4 5 4 4 4 4 6 6 6 5 5 4 3
2 4 3 3 4 4 4 4 4 4 0 4 6 5 4 5 4 4 3 3 4 4 5 4 5 5 5 6 6 6 4 5 4 4
2 4 3 3 4 3 4 3 3 4 0 4 6 5 4 5 4 3 3 4 4 4 5 4 4 4 4 6 6 5 4 5 4 3
2 4 3 3 4 3 4 3 3 4 0 4 6 5 4 5 4 3 3 3 4 4 5 4 4 4 4 6 6 6 4 5 4 3
2 4 3 3 4 4 4 4 3 3 0 3 6 5 4 5 4 3 3 4 5 5 5 4 4 4 4 6 6 6 4 5 4 3
2 4 3 3 4 3 4 3 3 3 0 4 6 6 5 5 4 3 3 3 4 4 5 4 4 4 4 6 6 6 4 5 4 3
2 4 3 3 4 3 4 3 3 3 0 4 5 5 4 5 3 3 3 3 4 4 5 4 4 4 4 5 6 5 4 5 3 3
2 4 3 3 4 3 4 3 3 3 0 4 5 5 4 5 3 3 3 3 4 4 5 4 4 4 4 5 6 5 4 5 3 3
2 4 3 3 4 4 4 3 4 3 0 3 6 5 4 5 4 3 3 3 4 4 5 4 4 4 4 6 6 5 4 5 4 3
2 4 3 3 4 3 4 3 3 3 0 3 6 5 4 5 4 3 3 3 4 4 5 3 4 4 4 6 6 6 4 5 3 3
2 4 3 3 4 4 4 3 3 3 0 3 6 5 4 5 4 3 3 3 4 4 5 3 4 4 4 5 6 5 4 5 3 3
2 4 3 3 4 4 4 3 3 3 0 3 5 4 3 4 3 3 3 3 4 4 5 3 4 4 4 5 6 5 4 5 3 3
2 4 3 3 4 4 4 3 3 3 0 3 6 5 4 4 3 3 3 3 4 5 5 4 4 4 4 6 6 5 4 4 3 3
2 4 3 3 4 4 4 3 3 3 0 3 5 5 4 4 3 3 3 3 4 4 5 4 4 4 4 6 6 5 4 4 3 3
2 4 3 3 4 3 4 3 3 3 0 3 5 5 3 4 3 3 3 3 4 4 5 3 4 3 3 5 6 5 4 4 3 3
2 4 3 3 4 3 4 3 3 3 0 3 6 5 4 4 3 3 3 3 4 4 5 4 4 4 4 5 6 5 4 5 3 3
2 4 3 3 4 4 4 3 3 3 0 4 5 5 4 4 3 3 3 3 4 4 5 4 4 4 4 6 6 5 4 4 3 3
2 4 3 3 4 3 4 3 4 3 0 3 6 6 4 4 3 3 3 3 4 4 5 4 4 4 3 7 6 5 5 4 3 3
2 4 3 3 4 4 5 4 4 3 0 3 5 5 4 5 4 4 4 4 4 4 5 4 4 4 3 5 6 5 4 5 4 3
2 4 3 3 4 4 4 3 3 3 0 3 5 4 4 4 3 3 3 3 4 4 5 4 4 4 4 5 6 5 4 5 3 3
2 4 3 3 4 3 4 3 3 3 0 3 5 4 3 4 3 3 3 4 4 4 5 4 4 4 4 5 6 5 4 5 3 3
2 4 3 3 4 4 4 3 3 3 0 3 5 5 3 4 3 3 3 3 4 4 5 3 4 4 4 5 6 5 5 5 3 3
2 4 3 3 4 3 4 3 3 3 0 3 5 4 3 4 3 3 3 3 4 4 5 4 4 4 4 5 6 5 4 5 3 3
2 4 3 3 4 4 5 3 3 3 0 3 6 5 4 4 3 3 3 4 4 4 5 4 4 4 4 6 6 5 4 5 3 3
2 4 3 3 4 4 5 4 4 4 0 3 5 5 4 5 4 3 3 4 4 4 5 4 5 5 4 6 6 6 4 5 4 3
2 4 3 3 4 4 5 4 4 4 0 4 6 5 4 4 4 3 3 4 4 4 5 4 5 5 4 6 6 6 4 5 4 3
2 4 3 3 4 4 5 4 4 4 0 4 6 5 4 4 4 3 3 3 4 4 5 4 5 4 5 6 6 5 4 5 3 3
2 4 3 3 4 4 5 4 4 4 0 4 6 5 5 4 4 4 4 4 4 5 5 4 5 4 4 6 7 6 4 5 4 3
2 4 3 3 4 3 4 4 4 4 0 3 6 5 4 5 4 3 3 3 4 4 5 4 5 4 4 6 6 6 4 5 4 3
2 4 3 3 4 4 5 4 4 4 0 4 6 5 5 5 4 4 4 4 5 4 5 4 5 4 4 6 7 6 5 5 4 4
2 4 3 3 4 4 5 4 4 4 0 4 6 5 4 5 4 4 4 4 4 4 5 4 5 4 4 6 7 6 4 5 4 4
2 4 3 4 4 4 5 4 4 4 0 4 6 5 5 5 4 4 4 4 4 4 5 4 6 5 4 6 7 6 4 5 4 4
2 4 3 4 4 4 5 4 4 4 0 4 6 5 4 5 4 4 4 4 5 4 5 4 5 5 4 6 7 6 4 5 4 4
2 4 3 3 4 4 5 4 4 4 0 4 6 5 5 5 4 4 3 4 4 4 5 4 5 5 4 7 7 6 4 5 4 3
2 4 3 3 4 4 4 4 4 4 0 4 6 5 5 5 4 4 3 4 4 4 6 4 5 5 4 6 7 6 4 5 4 3
2 4 3 3 4 3 4 4 4 4 0 4 6 5 5 5 4 4 3 4 4 4 5 4 5 4 4 6 7 6 4 5 4 4
2 4 3 3 4 4 4 4 4 4 0 4 6 6 5 5 4 4 3 4 4 4 5 4 5 4 4 6 7 6 4 5 4 3
2 4 3 3 4 3 4 4 4 4 0 4 7 7 6 5 4 4 3 4 4 4 5 4 5 5 4 7 7 7 5 5 4 4
2 4 3 3 4 4 5 4 4 4 0 4 6 5 5 5 4 4 4 4 4 4 5 4 5 5 4 6 7 6 4 5 4 4
2 4 3 3 4 3 4 4 4 4 0 4 6 5 5 5 4 4 3 4 4 4 5 4 5 5 4 6 7 6 4 5 4 4
2 4 3 3 4 4 5 4 4 4 0 4 7 6 6 5 4 4 4 4 4 4 5 4 5 5 4 6 7 6 4 5 4 4
2 4 3 3 4 4 4 4 4 4 0 4 6 6 5 5 4 4 3 4 4 4 5 4 5 5 4 6 7 7 4 5 4 4
2 4 3 3 4 4 4 4 4 4 0 4 6 6 5 5 4 4 3 4 4 4 5 4 5 5 4 6 7 6 4 5 4 4
2 4 3 3 4 3 4 4 4 4 0 4 6 6 5 5 4 4 3 3 4 4 5 4 5 5 4 6 7 6 4 5 4 4
2 4 3 3 4 3 4 4 4 4 0 4 6 6 5 5 4 4 3 4 4 4 5 4 5 5 4 6 7 6 4 5 4 3
2 4 3 3 4 4 4 4 4 4 0 5 7 6 6 6 4 4 4 4 4 4 5 4 6 5 5 7 7 6 5 5 4 4
2 4 3 3 4 4 5 4 5 5 0 5 7 7 6 6 4 4 4 4 4 4 5 4 6 6 5 7 8 6 6 6 4 4
2 4 3 3 4 4 4 4 4 4 0 4 7 6 6 5 4 4 3 4 4 4 5 4 6 5 5 7 7 6 5 5 4 4
2 4 3 3 4 4 4 4 4 4 0 4 7 6 6 5 4 4 4 4 4 4 5 4 6 5 5 7 7 6 5 5 4 4
2 4 3 3 4 4 4 4 4 4 0 4 7 6 5 6 4 4 3 4 4 4 5 4 6 5 5 7 8 6 4 5 4 4
2 4 3 3 4 4 4 4 4 4 0 4 7 6 6 6 4 4 3 4 4 4 5 4 6 5 5 7 8 7 5 5 4 4
2 4 3 3 4 4 4 4 5 4 0 4 7 6 5 6 4 4 4 4 4 4 5 4 6 5 5 7 8 6 4 5 4 4
2 4 3 3 4 4 4 4 5 5 0 4 7 6 6 6 4 4 4 4 4 4 5 4 6 6 5 7 8 7 5 5 4 4
2 4 3 3 4 4 4 4 4 4 0 4 7 6 5 5 4 4 3 4 4 4 5 4 5 4 4 7 7 6 5 5 4 4
2 4 3 3 4 4 4 4 4 4 0 4 6 6 5 5 4 4 3 4 4 4 5 4 5 4 4 6 7 6 4 5 4 4
2 4 3 3 4 4 5 4 4 4 0 4 6 5 5 5 4 4 4 4 4 4 5 4 5 5 4 7 8 7 4 5 4 4
2 4 3 3 4 4 4 4 4 4 0 4 7 5 5 5 4 4 4 4 4 4 5 4 6 5 4 7 7 6 4 5 4 4
2 4 3 3 4 4 4 4 4 4 0 4 6 6 5 5 4 4 3 4 4 4 5 4 5 5 4 6 7 6 4 5 4 4
2 4 3 3 4 4 4 3 4 4 0 4 6 6 5 6 4 4 3 3 4 4 5 4 5 5 4 6 7 6 4 5 4 4
2 4 3 4 4 4 4 4 4 4 0 4 7 6 5 6 4 4 4 4 4 5 5 4 5 5 5 7 7 6 4 5 4 4
2 4 3 3 4 3 4 3 4 4 0 4 6 5 5 5 4 4 3 3 4 4 5 4 5 4 4 6 7 6 4 5 4 3
2 4 3 3 4 4 4 3 4 4 0 4 6 5 5 6 4 4 3 4 4 4 5 4 5 5 4 6 7 6 4 5 4 4
2 4 3 3 4 3 4 3 4 4 0 4 7 5 5 6 4 4 3 4 4 4 5 4 5 4 4 7 7 6 4 5 4 4
2 4 3 3 4 4 5 4 4 4 0 4 7 6 5 6 4 4 3 4 4 5 6 4 5 5 4 7 7 6 5 5 4 4
2 4 3 3 4 4 4 4 4 4 0 4 6 5 5 6 4 4 4 4 4 4 5 4 5 4 4 6 7 6 4 5 4 4
2 4 4 3 4 4 5 4 4 5 0 5 7 6 5 6 5 4 4 4 5 5 5 4 5 6 5 7 8 7 5 5 5 4
2 4 3 3 4 4 4 3 4 4 0 4 6 5 5 5 4 4 4 4 4 4 5 4 5 4 4 6 7 6 4 5 4 4
2 4 3 3 4 4 4 4 4 4 0 4 6 5 5 5 4 4 3 4 4 4 5 4 5 4 4 6 6 6 4 5 4 4
2 4 3 3 4 4 4 4 4 4 0 4 6 5 5 6 4 4 4 4 4 4 5 4 5 4 4 6 7 6 4 5 4 4
2 4 3 3 4 4 4 4 4 4 0 4 7 6 5 6 4 4 3 4 4 4 5 4 5 5 4 7 7 6 5 5 4 4
2 4 3 3 4 4 4 4 4 4 0 4 6 5 5 6 4 4 3 4 4 4 5 4 5 4 4 6 7 6 4 5 4 4
2 4 3 3 4 4 5 4 4 4 0 4 6 5 5 6 4 4 4 4 4 4 5 4 5 4 4 6 7 6 4 5 4 4
2 4 3 3 4 4 5 4 4 4 0 4 6 5 5 6 4 4 3 4 4 4 5 4 5 4 4 6 7 6 4 5 4 4
2 4 3 3 4 4 4 4 4 4 0 4 6 5 5 6 4 4 4 4 4 4 5 4 5 4 4 6 7 6 5 5 4 4
2 4 3 3 4 4 5 4 4 4 0 4 6 5 5 6 4 4 3 4 4 4 5 4 5 4 4 6 7 6 5 5 4 4
2 4 3 3 3 4 4 3 3 4 0 5 6 6 6 6 4 4 3 4 4 4 5 4 4 4 5 6 7 7 5 6 4 4
2 4 3 3 4 4 4 3 3 4 0 4 6 6 6 6 4 4 3 3 4 4 5 4 4 4 4 6 7 6 5 6 4 4
2 4 3 3 4 4 5 3 4 4 0 4 6 6 5 6 4 4 3 4 4 4 5 4 4 4 4 6 7 6 4 5 4 4
2 4 3 3 4 4 5 4 4 4 0 4 6 5 4 6 4 4 3 4 4 4 5 4 4 4 4 6 7 6 4 5 4 4
2 4 3 3 4 4 5 4 4 4 0 4 6 5 5 6 4 4 4 4 4 4 5 4 4 4 4 6 6 6 4 5 4 4
2 4 3 3 4 4 5 4 3 4 0 4 5 5 4 6 4 4 3 4 4 4 5 4 4 4 4 6 6 6 5 6 4 4
2 4 3 3 4 4 5 4 3 4 0 4 5 5 4 6 4 4 3 4 4 4 5 4 4 4 4 6 6 6 4 5 4 4
2 4 3 3 4 4 5 4 4 4 0 4 6 5 4 6 5 4 4 4 4 4 5 4 5 4 4 6 7 6 4 6 5 4
2 4 3 3 4 4 5 4 3 4 0 4 5 5 4 6 5 4 4 4 4 5 6 4 4 4 4 6 6 6 4 6 4 4
2 4 3 3 4 4 5 4 4 4 0 4 5 5 4 6 4 4 4 4 4 4 5 4 4 4 4 6 6 6 4 6 4 4
2 4 3 3 4 4 5 4 4 4 0 4 6 6 5 6 4 4 4 4 4 4 5 4 5 4 4 6 7 6 5 6 4 4
2 4 3 3 4 4 5 4 4 4 0 4 6 6 5 6 4 4 4 4 4 4 5 4 5 4 4 6 7 6 5 6 4 4
2 4 3 3 4 4 5 4 4 4 0 4 6 6 5 6 4 4 4 4 4 4 5 4 4 4 4 6 7 6 4 5 4 4
2 4 3 3 4 4 5 4 4 4 0 4 6 5 5 6 4 4 3 4 4 4 5 4 4 5 4 6 7 6 5 6 4 4
2 4 3 3 3 4 5 4 3 4 0 4 6 5 4 6 4 4 3 4 4 4 5 4 4 4 4 6 6 5 4 6 4 4
2 4 3 3 4 4 5 4 4 4 0 4 7 6 5 6 4 4 3 4 4 4 5 4 4 4 4 6 7 6 4 5 4 4
2 4 3 3 4 4 5 4 4 4 0 4 5 5 4 5 4 4 4 4 4 5 6 4 4 4 4 6 6 6 4 5 4 4
2 4 3 4 4 3 5 3 4 4 0 4 6 5 4 6 4 4 4 4 4 4 5 4 4 4 4 6 6 5 4 6 4 4
2 4 3 3 4 3 4 4 4 4 0 3 6 5 4 5 4 4 4 4 4 4 4 4 5 4 4 6 7 6 4 5 4 4
2 4 3 3 4 3 4 3 4 4 0 3 6 5 4 6 4 4 4 4 4 4 4 3 5 5 4 6 7 6 4 6 4 4
2 4 3 3 3 3 4 3 4 4 0 3 6 5 4 6 4 4 3 4 4 4 5 4 4 4 4 6 6 5 4 5 4 4
2 4 3 3 3 3 4 3 4 4 0 4 6 5 4 6 4 4 4 4 4 4 4 4 5 4 4 6 6 5 4 6 4 4
2 4 3 3 3 3 4 3 4 4 0 3 6 5 4 5 4 4 3 4 4 4 4 3 4 4 4 6 6 6 4 5 4 4
2 4 3 3 4 3 4 3 4 4 0 4 6 6 5 5 4 4 3 4 4 4 5 4 4 4 4 6 6 6 4 5 4 4
2 4 3 3 4 3 4 3 4 4 0 4 6 5 5 6 4 4 3 4 4 4 4 3 4 4 4 6 7 6 4 6 4 4
2 4 3 3 4 3 4 3 4 4 0 4 5 5 4 5 4 4 3 4 4 4 4 3 5 4 4 5 6 5 4 6 4 4
2 4 3 3 3 3 4 3 4 4 0 4 6 5 4 5 4 4 3 4 4 4 4 4 4 4 4 5 6 5 5 6 4 4
2 4 3 3 3 3 4 3 4 4 0 4 5 5 4 5 4 4 4 4 4 3 4 4 4 4 4 6 6 5 4 6 4 4
2 4 3 3 4 4 5 3 4 4 0 5 6 6 5 6 4 4 4 4 4 4 5 4 4 4 4 6 6 6 4 5 4 4
2 4 3 3 4 4 5 4 4 4 0 4 6 6 5 6 4 4 4 4 4 5 5 4 5 4 4 7 7 5 4 6 5 4
2 4 4 4 4 3 4 4 4 4 0 5 7 6 6 6 5 5 4 4 4 4 5 4 5 5 5 7 7 5 5 6 5 5
2 4 3 3 4 3 4 3 4 4 0 4 6 6 5 6 4 4 4 4 4 4 5 4 5 4 4 6 6 5 4 5 4 4
2 4 3 3 3 3 4 3 4 4 0 4 5 5 4 5 4 3 3 4 4 4 4 3 4 4 4 6 6 5 4 5 4 3
2 4 3 3 3 3 4 3 4 4 0 4 5 5 4 5 4 3 3 4 4 4 4 3 4 4 4 6 6 5 4 5 4 4
2 4 3 3 3 3 4 3 4 4 0 4 5 5 5 6 4 3 3 3 4 3 4 3 4 4 4 6 6 6 4 5 4 3
2 4 3 3 3 3 4 3 4 4 0 4 6 5 4 6 4 4 3 4 4 4 5 3 5 4 4 6 6 5 4 5 4 4
2 4 3 3 3 4 5 4 4 4 0 4 6 5 5 6 4 3 3 3 4 4 5 3 4 4 4 7 7 6 4 5 4 3
2 4 3 3 3 3 4 3 4 4 0 4 5 5 4 5 4 3 3 4 4 3 4 3 4 4 4 6 6 5 4 5 4 3
2 4 3 3 3 3 4 3 3 4 0 4 5 5 4 5 4 3 3 3 4 4 4 3 4 4 4 6 6 5 4 5 4 3
2 4 3 3 3 3 4 3 4 4 0 4 5 5 4 5 4 3 3 4 4 4 5 4 4 4 4 5 6 5 4 5 4 3
2 4 3 3 3 3 4 3 3 4 0 3 5 5 4 5 4 3 3 3 4 4 4 3 4 4 4 5 6 5 4 5 4 3
2 4 3 3 3 3 4 3 3 4 0 4 5 5 4 5 4 3 3 3 4 4 4 3 4 4 4 6 6 5 4 5 4 3
2 4 3 3 3 3 4 3 3 4 0 4 5 5 4 5 4 3 3 3 4 4 5 3 4 4 4 5 6 5 4 5 4 3
2 4 3 3 3 3 4 3 4 3 0 4 5 5 4 5 4 3 3 3 4 4 5 3 4 4 4 6 6 5 4 5 4 3
2 4 3 3 4 3 4 3 3 4 0 4 5 5 4 5 4 4 3 4 4 4 5 3 4 4 4 6 6 5 3 5 4 4
2 4 3 3 3 3 4 3 4 3 0 3 5 4 4 5 4 3 4 4 4 4 5 3 4 4 4 6 6 5 3 5 4 3
2 4 3 3 3 3 4 3 3 4 0 3 5 4 4 5 4 3 3 3 4 3 4 3 4 4 4 6 6 5 3 5 3 3
2 4 3 3 3 3 4 3 3 4 0 4 5 5 4 6 4 3 3 3 4 4 5 3 4 4 4 6 6 5 4 5 4 3
2 4 3 3 4 3 4 3 3 3 0 3 5 4 4 6 4 4 3 3 4 4 5 3 4 4 4 6 6 5 4 5 4 4
2 4 3 3 3 3 4 3 3 3 0 4 5 5 5 6 4 3 3 3 4 4 5 3 4 4 4 6 6 5 5 5 4 3
2 4 3 3 4 3 4 3 3 4 0 4 5 5 4 5 4 4 3 3 4 4 5 3 4 4 4 6 6 5 4 5 4 3
2 4 3 3 4 3 5 4 4 4 0 4 5 5 4 5 4 4 3 3 4 4 5 3 4 5 5 6 6 6 5 5 4 4
2 4 3 3 4 3 4 3 3 3 0 3 5 4 4 5 4 3 3 3 4 4 4 3 4 4 4 5 6 5 4 5 4 3
2 4 3 3 3 3 4 3 3 3 0 3 5 4 4 5 4 3 3 3 4 3 4 3 4 4 4 5 6 5 4 5 4 3
2 4 3 3 4 3 4 3 3 3 0 3 5 4 4 5 4 3 3 3 4 4 4 3 4 4 4 6 6 5 4 5 4 3
2 4 3 3 4 3 4 3 3 4 0 3 5 4 4 5 4 3 3 4 4 4 4 3 4 4 4 6 6 5 4 5 4 3
2 4 3 3 4 3 4 3 3 4 0 4 5 5 4 5 4 4 3 4 4 4 4 3 4 4 4 5 6 6 4 5 4 4
2 4 3 3 4 3 4 3 3 4 0 4 5 5 5 6 4 4 3 3 4 4 4 3 4 4 4 5 6 5 4 5 4 4
2 4 3 3 4 3 4 3 3 3 0 4 5 5 4 5 4 4 3 4 4 3 4 3 4 4 4 5 6 5 5 5 4 4
2 4 3 3 3 3 4 3 3 3 0 4 5 4 4 5 3 3 3 4 4 4 4 3 4 4 4 5 6 5 5 5 3 3
2 4 3 3 3 3 4 3 3 3 0 4 5 4 4 5 4 3 3 4 4 4 4 3 3 4 4 5 6 5 4 5 3 3
2 4 3 3 3 3 4 3 3 3 0 3 5 4 4 5 3 3 3 3 4 3 4 3 4 3 3 5 6 5 4 5 3 3
2 4 3 3 3 3 4 3 3 4 0 4 5 4 4 5 4 3 3 3 4 3 4 3 4 3 4 5 6 5 4 5 4 3
2 4 3 3 3 3 4 3 3 3 0 3 5 4 4 5 3 3 3 3 3 3 4 3 4 3 3 5 6 5 4 4 3 3
2 4 3 3 3 3 4 3 3 3 0 3 5 4 4 5 3 3 3 3 4 3 4 3 4 4 4 5 6 5 4 5 3 3
2 4 3 3 3 3 4 3 3 3 0 3 5 4 4 5 4 3 3 3 3 3 4 3 4 4 3 5 6 6 4 5 3 3
2 4 3 3 3 3 4 3 3 3 0 3 5 4 4 5 4 3 3 4 4 3 4 3 4 3 4 5 6 5 4 4 3 3
2 4 3 3 4 3 4 3 3 3 0 4 5 5 4 5 4 3 3 4 4 3 4 3 4 4 4 5 6 6 4 4 4 3
2 4 3 3 3 3 4 3 3 3 0 3 5 4 4 5 4 3 3 3 3 3 4 3 4 3 4 6 6 5 4 4 3 3
2 4 3 3 3 3 3 3 3 3 0 4 5 5 4 5 3 3 3 3 3 3 4 3 4 4 4 5 6 5 4 4 3 3
2 4 3 3 3 3 3 3 3 3 0 4 5 5 4 4 3 3 3 3 3 4 3 3 4 4 4 5 6 5 4 4 3 3
2 4 3 3 3 3 3 3 3 4 0 4 5 5 4 4 4 3 3 3 3 3 3 3 4 4 4 5 6 5 4 4 4 3
2 4 3 3 3 3 3 3 3 4 0 3 5 5 4 4 3 3 3 3 3 3 3 3 4 4 4 5 6 5 4 4 3 3
2 4 3 3 3 3 3 3 3 4 0 4 6 5 5 4 4 3 3 3 3 3 4 3 4 4 4 5 6 6 5 4 4 3
2 4 3 3 4 3 4 3 3 3 0 3 5 4 4 5 3 3 3 3 3 3 4 3 4 4 4 5 6 5 4 4 3 3
2 4 3 3 3 3 4 3 3 3 0 4 6 5 4 5 4 3 3 3 3 3 4 3 4 4 4 6 6 6 4 4 4 3
2 4 3 3 3 3 4 3 3 3 0 4 5 5 5 6 4 3 3 3 3 3 4 3 4 4 4 5 6 6 5 6 4 3
2 4 3 3 3 3 4 3 3 4 0 4 6 5 5 5 4 3 3 3 3 3 4 3 4 4 4 6 7 6 5 6 4 3
2 4 3 3 3 3 3 3 3 3 0 3 5 4 4 5 3 3 3 3 3 3 4 3 4 4 4 5 5 5 4 5 3 3
2 4 3 3 4 3 4 3 3 3 0 3 5 5 4 4 3 3 3 3 3 3 4 3 4 3 4 5 5 5 4 4 3 3
2 4 3 3 3 3 3 3 3 3 0 3 5 5 4 4 3 3 3 3 3 3 4 3 4 3 4 5 5 5 4 4 3 3
2 4 3 3 3 3 3 3 3 3 0 3 5 4 4 4 3 3 3 3 3 3 4 3 4 3 3 5 5 5 4 4 3 3
2 4 3 3 3 3 4 3 3 3 0 3 5 4 4 4 3 3 3 3 3 3 4 3 4 3 3 5 5 5 4 4 3 3
2 4 3 3 3 3 4 3 3 3 0 3 5 4 4 4 3 3 3 3 3 3 4 3 4 4 4 5 5 5 4 4 3 3
2 4 3 3 3 3 3 3 3 3 0 3 5 4 4 5 4 3 3 3 3 3 4 3 4 4 4 5 5 5 4 4 4 3
2 4 3 3 3 3 4 3 3 3 0 3 4 4 4 5 4 3 3 3 3 3 4 3 4 4 4 5 5 5 4 5 4 3
2 4 3 3 3 3 4 3 3 3 0 3 4 4 4 5 3 3 3 3 3 3 4 3 4 3 4 5 5 5 4 4 3 3
2 4 3 3 3 3 4 3 3 3 0 3 5 4 4 5 3 3 3 3 3 4 4 3 4 3 3 5 5 5 4 4 3 3
2 4 3 3 3 3 4 3 3 3 0 3 4 4 4 5 4 3 3 3 3 3 4 3 4 3 3 5 5 5 4 4 4 3
2 4 3 3 3 3 4 3 3 3 0 3 4 4 4 5 4 3 3 3 3 3 4 3 4 4 4 5 5 5 4 4 4 3
2 4 3 3 4 3 4 3 3 3 0 3 4 4 4 5 4 3 3 4 4 4 5 3 4 4 4 4 5 5 5 5 4 4
2 4 3 3 4 4 4 4 4 4 0 3 4 4 4 5 4 3 3 4 4 4 5 4 4 4 4 5 5 5 4 5 4 3
2 4 3 3 3 3 4 3 3 3 0 3 4 4 4 5 4 3 3 3 3 3 4 3 4 4 4 5 5 5 4 5 4 3
2 4 3 3 4 3 4 3 3 3 0 3 4 4 4 4 4 3 3 3 3 3 4 3 4 4 3 5 5 5 4 5 4 3
2 4 3 3 3 3 4 3 3 3 0 3 4 4 4 5 4 3 3 4 3 4 4 3 4 4 3 5 5 5 4 5 4 4
2 4 3 3 3 3 4 3 3 3 0 3 5 4 4 5 4 4 3 4 4 4 4 3 4 4 4 5 5 5 4 5 4 4
2 4 3 3 4 3 4 3 3 3 0 4 5 5 5 6 5 4 4 4 4 3 5 3 4 4 4 5 6 6 4 6 5 4
2 4 3 3 4 3 4 3 3 3 0 3 5 4 4 5 4 4 3 4 4 4 5 4 4 4 4 5 5 5 4 5 4 4
2 4 3 3 4 3 4 3 3 3 0 3 5 4 4 5 4 4 4 4 4 4 5 4 4 4 4 5 6 5 4 5 4 4
2 4 3 3 4 3 4 3 3 3 0 3 5 4 4 5 4 4 3 3 4 4 5 3 4 4 3 5 5 5 4 5 4 4
2 4 3 3 4 3 4 4 3 3 0 3 6 5 4 5 4 4 3 4 4 4 5 4 4 4 4 6 6 5 4 5 4 4
2 4 3 3 4 3 4 3 3 3 0 4 5 5 5 5 4 4 3 4 4 4 5 3 4 4 4 5 6 5 5 5 4 4
2 4 3 4 4 4 5 4 4 4 0 3 5 4 4 6 5 4 4 4 4 4 5 4 5 4 4 6 6 5 4 5 5 4
2 4 3 3 4 3 4 3 3 3 0 3 5 4 4 5 4 4 4 4 4 4 4 3 4 4 4 5 5 5 4 5 4 4
2 4 3 3 4 3 4 4 4 4 0 4 5 4 5 6 4 4 4 4 4 4 5 4 4 4 4 5 5 5 4 6 4 4
2 4 3 3 4 4 4 4 4 4 0 4 5 4 4 5 4 4 4 4 4 4 4 4 4 4 4 5 6 5 4 5 4 4
2 4 3 3 4 4 4 4 3 4 0 3 5 4 4 5 4 4 4 4 4 4 4 4 4 4 4 5 6 5 4 5 4 4
2 4 3 3 4 3 4 4 4 4 0 3 5 4 4 5 4 4 4 4 4 4 5 4 4 4 4 5 6 6 4 5 4 4
2 4 3 3 4 3 4 3 3 3 0 3 5 4 4 5 4 4 3 4 4 4 5 3 4 4 4 5 6 5 4 5 4 4
2 4 3 3 4 3 4 4 4 4 0 4 5 5 5 5 4 4 3 4 4 4 5 4 4 4 4 5 6 6 5 5 4 4
2 4 3 3 4 3 4 3 4 4 0 4 5 5 5 5 4 4 3 4 4 4 5 4 4 4 4 5 6 6 5 6 5 4
2 4 3 3 4 4 5 4 4 4 0 4 5 5 4 5 5 4 4 4 4 4 5 4 4 4 4 5 6 5 4 5 4 4
2 4 3 3 4 3 4 3 4 4 0 4 5 5 4 5 4 4 3 3 4 4 4 4 4 4 4 5 6 5 4 5 4 4
2 4 3 3 3 3 4 3 3 3 0 3 5 5 4 5 4 4 3 3 4 4 4 3 4 4 4 5 6 5 4 5 4 4
2 4 3 3 3 3 4 3 3 4 0 4 5 5 5 5 4 4 3 3 4 4 4 3 4 4 4 5 6 5 4 5 4 4
2 4 3 3 3 3 4 3 3 4 0 3 5 5 4 5 4 3 3 3 4 4 4 3 4 4 4 5 6 5 4 5 4 3
2 4 3 3 4 3 4 3 3 3 0 3 5 4 4 5 4 4 3 3 4 4 4 3 4 4 4 5 6 5 4 5 4 3
2 4 3 3 3 3 4 3 3 4 0 3 5 5 4 5 4 3 3 4 4 4 4 3 4 4 4 5 6 5 4 5 4 3
2 4 3 3 3 3 4 3 3 3 0 3 5 4 4 5 4 3 3 3 3 4 4 3 4 4 3 5 5 5 4 5 4 3
2 4 3 3 3 3 4 3 3 4 0 3 5 4 4 5 4 3 3 3 3 4 4 3 4 4 3 5 5 5 4 5 4 3
2 4 3 3 4 4 4 3 3 4 0 4 6 5 5 6 5 4 3 3 4 4 4 3 4 4 4 5 6 6 4 6 5 4
2 4 3 3 4 3 4 3 3 3 0 4 6 5 4 5 4 4 3 3 4 4 4 3 4 4 4 5 6 6 4 5 4 4
2 4 3 3 4 4 4 4 4 4 0 4 6 6 5 6 4 4 3 3 4 4 4 4 5 4 4 6 6 6 5 5 4 4
2 4 3 3 4 3 4 4 4 4 0 4 5 5 5 5 4 4 3 3 4 4 4 4 4 4 4 5 6 6 4 5 4 4
2 4 3 3 4 3 4 3 3 4 0 3 5 4 4 5 4 4 3 3 4 4 4 3 4 4 4 5 6 5 4 5 4 3
2 4 3 3 4 3 4 3 3 4 0 3 5 4 4 5 4 3 3 3 4 4 4 3 4 4 3 5 5 5 4 5 4 3
2 4 3 3 3 3 4 3 3 3 0 3 5 4 4 5 3 3 3 3 3 4 4 3 4 4 3 5 5 5 3 4 3 3
2 4 2 3 3 3 4 3 3 3 0 3 5 4 4 5 3 3 3 3 3 4 4 3 4 4 3 5 5 5 3 4 3 3
2 4 2 3 4 3 4 3 3 3 0 3 5 4 3 5 4 3 3 3 4 4 4 3 4 4 3 5 5 5 3 4 3 3
2 4 2 3 3 3 3 3 3 3 0 3 4 4 4 4 3 3 3 3 3 4 4 3 4 4 4 4 5 5 4 4 3 3
2 4 3 3 4 4 4 3 3 3 0 3 4 4 4 5 4 4 3 3 4 4 4 3 5 4 3 5 5 5 4 4 4 3
2 4 2 2 3 3 3 3 3 3 0 3 5 4 4 4 3 3 3 3 3 3 3 3 4 4 3 5 5 5 4 4 3 3
2 4 2 3 3 3 4 3 4 4 0 3 5 4 4 4 3 3 3 3 3 4 3 3 4 4 3 5 5 5 4 4 3 3
2 4 2 3 3 3 3 3 3 3 0 3 5 4 4 4 3 3 3 3 3 4 4 3 4 4 3 5 5 5 4 4 3 3
2 4 2 2 3 3 3 3 3 3 0 3 5 4 4 4 3 3 2 3 3 3 3 3 4 3 3 4 5 5 3 4 3 3
2 4 2 2 3 3 3 3 3 3 0 3 4 4 3 4 3 3 2 3 3 3 3 3 4 3 3 4 5 5 3 4 3 3
2 4 3 3 4 3 3 3 3 3 0 3 5 5 4 5 4 3 3 3 3 3 3 3 4 4 3 5 6 5 3 4 3 3
2 4 3 3 3 3 4 3 3 3 0 3 5 4 4 4 4 3 3 3 3 4 4 3 4 4 3 6 6 5 3 4 4 3
2 4 2 3 3 3 4 3 3 3 0 3 5 4 4 4 3 3 3 3 3 4 4 3 4 4 3 5 5 5 4 4 3 3
2 4 2 3 3 3 3 3 3 3 0 3 5 4 4 5 3 3 3 3 3 3 4 3 4 4 4 5 5 5 4 4 3 3
2 4 3 3 3 3 3 3 3 3 0 3 5 5 4 4 3 3 3 3 3 3 4 3 4 4 3 5 5 5 3 4 3 3
2 4 2 3 3 3 3 3 3 3 0 3 5 4 4 4 3 3 3 3 3 3 4 3 4 4 3 5 5 5 3 4 3 3
2 4 2 3 3 3 3 3 3 3 0 3 5 5 4 4 3 3 3 3 3 3 4 3 4 3 3 5 5 5 3 4 3 3
2 4 2 3 3 3 3 3 3 3 0 3 5 4 4 4 3 3 3 3 3 3 3 3 4 3 3 5 5 5 4 4 3 3
2 4 3 3 3 3 3 3 3 3 0 3 5 5 4 5 3 3 3 3 3 3 4 3 4 4 3 5 5 5 3 4 3 3
2 4 2 3 3 3 3 3 3 3 0 3 5 5 4 5 3 3 3 3 3 3 4 3 4 4 3 5 6 5 3 4 3 3
2 4 3 3 3 3 4 3 3 3 0 3 6 5 4 5 3 3 3 3 3 3 3 3 4 4 3 5 6 6 4 4 3 3
2 4 3 3 3 3 3 3 3 3 0 3 6 5 4 5 4 3 3 3 3 3 3 3 4 4 3 6 6 5 3 5 3 3
2 4 3 3 4 3 4 3 3 3 0 3 6 5 4 5 4 3 3 3 4 4 4 3 4 4 3 6 6 5 4 5 3 3
2 4 3 3 3 3 4 3 3 3 0 4 6 5 5 5 3 3 3 3 3 4 4 3 4 4 4 6 6 6 4 5 3 3
2 4 2 3 3 3 3 3 3 3 0 3 5 5 5 5 3 3 3 3 3 3 3 3 4 4 3 6 6 5 4 5 3 3
2 4 3 3 3 3 4 3 3 3 0 3 5 5 4 5 3 3 3 3 3 3 4 3 4 4 3 5 6 5 3 4 3 3
2 4 3 3 3 3 4 3 3 3 0 3 6 5 4 5 4 3 3 3 3 4 4 3 4 4 4 6 6 5 4 5 4 3
2 4 3 3 3 3 4 4 4 3 0 3 6 5 5 5 4 3 3 3 3 3 4 4 5 4 4 6 6 5 4 5 4 3
2 4 3 3 4 3 4 3 3 3 0 3 5 5 4 5 4 3 3 3 4 3 4 3 4 4 4 6 6 5 4 5 4 3
2 4 3 3 3 3 4 3 3 3 0 3 6 5 5 6 4 3 3 3 3 3 4 3 4 4 4 6 7 6 4 5 4 3
2 4 3 3 4 3 4 3 3 3 0 3 6 5 4 5 4 3 3 3 3 3 4 3 4 4 4 6 6 5 4 5 4 3
2 4 3 3 3 3 4 3 3 3 0 3 6 5 5 5 4 3 3 3 3 3 4 3 4 4 3 6 6 5 4 5 4 3
2 4 3 3 3 3 4 3 3 3 0 3 6 5 4 5 4 3 3 3 4 3 4 3 4 4 3 6 7 6 4 5 4 3
2 4 3 3 3 3 4 3 3 3 0 3 6 5 5 5 4 3 3 3 3 3 4 3 4 4 3 6 6 5 4 5 3 3
2 4 3 3 3 3 4 3 3 3 0 3 6 5 5 5 4 3 3 3 3 3 4 3 4 4 4 6 6 6 4 5 4 3
2 4 3 3 4 4 4 4 4 3 0 4 6 5 5 6 4 3 3 3 4 4 4 4 4 4 4 6 6 5 4 5 4 3
2 4 3 3 4 3 4 3 4 3 0 4 6 5 5 6 4 4 3 3 3 4 4 4 5 4 4 6 7 6 4 6 4 4
2 4 3 3 4 3 4 3 3 3 0 4 6 5 5 6 4 4 3 4 4 4 4 3 4 4 4 6 7 6 5 6 4 4
2 4 3 3 4 3 4 3 3 3 0 4 6 5 5 6 4 4 4 4 4 4 4 3 4 4 4 6 7 6 4 5 4 4
2 4 3 3 3 3 4 3 3 3 0 3 6 5 4 5 4 3 3 3 3 3 4 3 4 4 4 6 6 5 4 5 4 3
2 4 2 3 3 3 3 3 3 3 0 3 5 5 5 5 4 3 3 3 3 3 4 3 4 4 3 5 6 5 4 5 4 3
2 4 2 3 3 3 4 3 3 3 0 3 5 5 4 5 4 3 3 3 3 3 3 3 4 4 3 5 6 5 4 5 4 3
2 4 3 3 3 3 4 3 3 3 0 4 6 5 5 6 4 3 3 3 3 3 4 3 4 4 3 5 6 5 4 5 4 3
2 4 3 3 3 3 4 3 3 3 0 3 6 5 4 6 4 3 3 3 3 3 4 3 4 4 3 6 6 5 4 5 4 3
2 4 3 3 3 3 4 3 3 3 0 3 5 5 5 6 4 3 3 3 3 3 4 3 4 4 3 6 6 5 4 5 4 3
2 4 3 3 3 3 4 3 3 3 0 3 5 5 5 6 4 3 3 3 3 3 4 3 4 4 3 6 6 5 4 5 4 3
2 4 3 3 3 3 4 3 3 3 0 4 6 6 5 6 4 3 3 3 4 3 4 3 4 4 4 6 6 5 4 5 4 3
2 4 3 3 3 3 4 3 3 3 0 3 5 5 4 5 4 3 3 3 4 4 4 3 4 4 3 5 6 5 3 5 4 3
2 4 3 3 4 3 4 3 3 3 0 3 5 5 4 6 4 4 3 4 4 3 4 3 4 4 4 5 6 6 4 5 4 4
2 4 3 3 3 3 4 3 3 3 0 3 5 5 4 6 4 4 3 4 4 3 4 3 4 4 3 5 6 5 4 5 4 3
2 4 3 3 3 3 4 3 3 3 0 3 5 5 4 6 4 4 3 4 4 3 4 3 4 4 3 5 6 5 4 5 4 3
2 4 3 3 3 3 4 3 3 3 0 3 5 5 4 6 4 3 3 3 3 3 4 3 4 4 3 5 6 5 4 5 4 3
2 4 3 3 3 3 4 3 3 3 0 3 5 5 4 6 4 3 3 3 3 3 4 3 4 4 3 6 7 6 4 5 4 3
2 4 3 3 3 3 3 3 3 3 0 3 5 5 4 5 4 3 3 3 3 3 4 3 4 4 3 5 6 5 4 5 4 3
2 4 3 3 3 3 3 3 3 3 0 3 5 5 5 5 4 3 3 3 3 3 4 3 4 3 3 5 6 5 4 5 4 3
2 4 3 3 3 3 3 3 3 3 0 3 5 5 4 6 4 3 3 3 3 3 4 3 4 4 4 5 6 5 4 5 4 3
2 4 3 3 3 3 4 3 3 3 0 3 5 5 5 6 4 3 3 3 3 3 4 3 4 4 4 5 6 5 5 5 4 3
2 4 3 3 3 3 4 3 3 3 0 3 5 5 5 5 4 3 3 3 3 4 4 3 4 4 4 5 6 5 4 5 4 3
2 4 3 3 3 3 4 3 3 3 0 3 5 5 5 6 4 3 3 3 3 3 4 3 4 4 4 5 6 5 4 5 4 3
2 4 3 3 3 3 4 3 3 3 0 3 5 4 4 5 4 3 3 3 3 4 4 3 4 4 4 5 5 5 4 5 4 3
2 4 3 3 3 3 4 3 3 3 0 3 5 5 4 5 4 3 3 3 4 3 4 3 4 4 4 5 5 5 4 5 4 3
2 4 3 3 3 3 4 3 4 4 0 3 5 5 4 5 4 3 3 3 3 3 4 3 4 4 4 5 5 5 4 5 4 3
2 4 3 3 3 3 4 3 3 4 0 3 5 5 5 5 4 4 3 3 3 3 4 3 4 4 4 5 6 5 4 5 4 4
2 4 3 3 3 3 4 3 4 4 0 3 5 5 5 6 4 4 3 3 4 4 4 3 4 4 4 5 5 5 4 5 4 4
2 4 3 3 3 3 4 3 4 4 0 3 5 5 5 5 4 4 3 3 4 3 4 3 5 4 4 5 6 5 5 6 4 4
2 4 3 3 3 3 4 3 4 4 0 3 5 5 5 5 4 4 3 4 4 4 4 3 4 4 4 5 6 5 5 5 4 4
2 4 3 3 3 3 4 3 4 4 0 3 5 5 5 5 4 3 3 4 4 4 4 3 5 4 4 5 6 5 4 5 4 3
2 4 3 3 3 3 4 3 4 3 0 3 5 5 5 5 4 3 3 3 4 3 4 3 5 4 4 5 5 5 4 5 4 3
2 4 3 3 3 3 4 3 4 3 0 3 5 5 4 5 4 3 3 3 4 4 4 3 5 4 4 5 6 5 4 5 4 3
2 4 3 3 3 3 4 4 4 3 0 4 5 5 5 6 4 3 3 3 4 4 4 4 5 4 4 5 6 5 4 5 4 3
2 4 3 3 3 3 4 3 4 4 0 3 5 5 4 5 4 4 3 3 4 4 4 4 5 4 4 5 5 5 4 5 4 4
2 4 3 3 3 3 4 3 4 4 0 3 5 5 4 5 4 3 3 3 3 4 4 4 5 5 4 5 6 5 4 5 4 3
2 4 3 3 3 3 4 3 4 4 0 3 5 5 5 6 4 4 3 3 4 4 5 4 5 4 4 5 6 6 4 5 4 4
2 4 3 3 3 3 4 3 4 3 0 3 5 5 4 5 3 3 3 3 4 4 6 3 5 4 4 5 6 5 4 5 3 3
2 4 3 2 3 3 4 3 4 4 0 3 5 5 5 5 3 3 3 4 4 4 4 4 5 4 4 5 6 5 4 5 4 3
2 4 3 3 3 4 4 3 4 4 0 3 5 4 4 5 4 3 3 4 4 4 4 4 5 4 4 5 6 5 4 5 4 3
2 4 3 2 3 3 4 3 4 3 0 3 5 5 4 5 3 3 3 3 4 4 4 3 5 4 4 5 5 5 5 5 4 3
2 4 3 3 3 3 4 4 4 3 0 3 5 5 4 5 4 3 3 3 4 4 4 4 5 4 4 5 7 6 5 6 4 3
2 4 3 2 3 3 4 3 4 3 0 3 5 5 4 5 3 3 3 3 4 4 4 3 5 4 4 5 6 5 4 5 4 3
2 4 3 3 3 3 4 3 4 3 0 3 5 5 4 5 3 3 3 3 4 4 4 3 5 4 4 5 6 5 4 5 3 3
2 4 3 3 3 3 4 4 4 4 0 3 6 5 5 5 4 3 3 3 4 4 4 4 5 4 4 5 6 5 4 6 4 3
2 4 3 3 3 3 4 3 4 4 0 4 6 5 5 5 4 3 3 3 4 4 4 4 5 5 4 5 6 6 4 5 4 3
2 4 3 3 3 3 4 3 4 4 0 3 5 5 5 5 4 3 3 3 4 4 4 3 5 5 4 5 6 6 5 5 4 3
2 4 3 3 4 3 4 3 4 3 0 3 5 5 4 5 4 3 3 4 4 4 4 3 5 4 3 5 6 5 4 5 4 3
2 4 3 3 4 3 4 3 4 4 0 3 5 5 4 5 4 3 3 4 4 4 5 4 5 4 4 5 6 5 4 5 4 3
2 4 3 3 4 3 4 3 4 4 0 3 6 5 5 5 4 4 3 4 4 4 4 4 5 4 4 6 7 6 4 5 4 3
2 4 3 3 3 3 4 3 4 4 0 3 6 5 5 5 4 3 3 3 4 4 4 3 5 4 4 5 6 6 4 5 4 3
2 4 3 3 4 3 4 3 4 4 0 3 6 5 5 5 4 3 3 3 4 4 4 3 5 4 4 5 6 6 4 5 4 3
2 4 3 3 4 3 4 3 4 4 0 3 6 5 4 5 4 3 3 3 4 4 4 3 5 4 4 5 6 6 4 5 4 3
2 4 3 3 4 3 4 3 3 3 0 3 6 5 4 5 4 3 3 3 4 4 4 3 4 4 4 5 6 6 4 5 4 3
2 4 3 3 4 3 4 4 4 4 0 4 6 5 5 6 4 4 4 4 4 4 4 4 5 4 4 6 7 6 4 5 4 4
2 4 3 3 4 3 4 4 4 3 0 3 6 5 5 5 4 3 3 4 4 4 4 4 5 4 4 5 6 6 4 5 4 3
2 4 3 3 3 3 4 3 3 3 0 3 5 5 5 6 4 3 3 3 4 3 4 3 4 4 3 5 6 5 4 5 4 3
2 4 3 3 3 3 4 3 4 4 0 4 6 5 5 5 4 3 3 3 4 4 4 3 4 4 4 5 6 6 4 5 4 3
2 4 3 3 4 3 4 3 3 3 0 3 5 5 4 5 4 4 3 4 4 4 4 3 4 4 4 5 6 6 4 5 4 3
2 4 3 3 3 3 4 3 3 3 0 4 6 5 5 5 4 3 3 3 4 4 4 3 4 4 3 5 6 6 4 5 4 3
2 4 3 3 3 3 3 3 3 3 0 4 6 6 5 6 4 3 3 3 4 4 4 3 4 4 4 6 6 6 5 5 4 3
2 4 3 3 3 3 3 3 3 3 0 4 6 5 5 6 4 3 3 3 4 4 4 3 4 4 3 5 6 6 4 6 4 3
2 4 3 3 3 3 4 3 3 3 0 3 5 5 4 5 4 3 3 3 4 4 4 3 4 4 3 5 6 5 4 5 4 3
2 4 3 3 4 3 4 3 3 4 0 3 5 5 4 5 4 3 3 3 4 4 4 3 5 4 3 5 6 5 4 5 4 3
2 4 3 3 3 3 3 3 3 3 0 3 5 5 4 5 4 3 3 3 4 3 4 3 4 4 3 5 6 5 4 5 4 3
2 4 3 3 3 3 3 3 3 3 0 3 5 5 4 5 4 3 3 3 4 4 4 3 4 4 3 5 6 5 4 5 4 3
2 4 3 3 4 3 4 4 3 3 0 3 6 5 4 5 4 4 3 4 4 4 4 4 5 4 3 6 6 5 4 5 4 4
2 4 3 3 3 3 4 3 3 3 0 3 5 5 4 6 4 3 3 3 4 4 4 3 4 4 3 5 6 5 4 5 4 3
2 4 2 3 3 3 4 3 3 3 0 3 5 4 4 5 4 3 3 3 4 3 4 3 4 4 4 5 6 5 4 5 4 3
2 4 2 3 3 3 4 3 3 3 0 3 5 5 4 5 3 3 3 3 4 3 4 3 4 4 4 5 6 6 4 5 3 3
2 4 2 3 3 3 3 3 3 3 0 3 5 4 4 5 4 3 3 3 3 3 4 3 4 4 3 5 5 5 4 5 3 3
2 4 2 3 3 3 4 3 3 3 0 3 5 4 4 5 3 3 3 3 3 4 5 3 4 4 3 5 5 5 4 5 3 3
2 4 3 3 3 3 3 3 3 4 0 3 5 5 4 5 3 3 3 3 3 3 5 3 4 4 3 5 6 5 4 5 3 3
2 4 2 2 3 3 3 3 3 3 0 3 4 4 4 5 3 3 3 3 3 3 4 3 4 3 3 4 5 5 4 5 3 3
2 4 2 3 3 3 4 3 3 3 0 3 5 4 4 5 3 3 3 3 4 3 4 3 4 4 3 5 6 5 4 5 3 3
2 4 3 3 4 3 4 3 3 4 0 3 5 4 4 5 4 3 3 3 4 4 5 3 4 4 3 5 6 5 4 5 4 3
2 4 2 3 3 3 4 3 3 3 0 3 5 4 4 5 3 3 3 3 3 3 4 3 4 4 3 5 5 5 4 5 3 3
2 4 2 3 3 3 3 3 3 3 0 3 5 4 4 4 3 3 3 3 3 3 4 3 4 4 3 5 6 5 4 4 3 3
2 4 2 3 3 3 3 3 3 3 0 3 4 4 4 4 3 3 3 3 3 3 4 3 4 3 3 5 5 5 4 5 3 3
2 4 2 3 3 3 3 3 3 3 0 3 4 4 4 5 3 3 3 3 3 3 4 3 4 3 3 5 5 5 4 5 4 3
2 4 2 3 3 3 3 3 3 3 0 3 5 4 4 5 3 3 3 3 3 3 4 3 4 3 3 6 6 5 4 5 3 3
2 4 2 3 3 3 4 3 3 3 0 3 5 4 4 5 3 3 3 3 3 3 4 3 4 3 3 6 6 5 4 5 4 3
2 4 3 3 3 3 4 3 3 3 0 3 5 5 5 5 4 3 3 3 4 3 4 3 4 4 4 6 6 5 4 5 4 3
2 4 2 3 3 3 4 3 3 3 0 3 5 4 4 5 3 3 3 3 3 3 4 3 4 4 3 6 6 5 4 5 3 3
2 4 3 3 3 4 5 3 3 3 0 3 5 4 4 5 3 3 3 3 3 4 8 3 4 4 3 6 6 5 4 5 3 3
2 4 3 3 3 3 4 3 3 3 0 3 5 4 4 5 3 3 3 3 3 3 5 3 4 4 3 6 6 5 4 5 3 3
2 4 2 3 3 3 4 3 3 3 0 3 5 4 4 5 3 3 3 3 3 3 5 3 4 4 3 6 6 5 4 5 3 3
2 4 2 3 3 3 4 3 3 3 0 3 5 5 4 5 3 3 3 3 3 3 5 3 4 4 3 6 6 5 4 5 3 3
2 4 3 3 3 3 4 3 3 4 0 4 6 5 6 5 4 3 3 3 3 3 5 3 4 4 4 6 7 6 5 5 4 3
2 4 2 3 3 3 4 3 3 3 0 4 5 5 4 4 3 3 3 3 3 3 5 3 4 4 3 6 6 5 4 5 3 3
2 4 2 3 3 3 4 3 3 3 0 4 5 5 4 5 3 3 3 3 3 3 5 3 4 4 3 6 6 5 4 5 3 3
2 4 2 3 3 3 4 3 3 3 0 3 5 5 4 5 3 3 3 3 3 3 5 3 4 4 3 6 6 5 4 4 3 3
2 4 2 3 3 3 4 3 3 3 0 3 5 4 4 5 3 3 3 3 3 3 5 3 4 4 3 6 6 5 4 4 3 3
2 4 3 3 3 3 4 3 3 3 0 3 5 4 4 5 3 3 3 3 3 3 5 3 4 4 3 6 6 5 4 5 3 3
2 4 3 3 4 4 5 4 4 4 0 4 6 5 5 6 5 4 4 4 4 4 5 4 5 5 4 7 7 6 4 6 5 4
2 4 3 3 3 3 4 3 4 4 0 3 5 4 4 5 3 3 3 3 4 4 5 3 4 4 4 6 6 5 4 5 4 3
2 4 3 3 3 3 4 3 3 3 0 3 5 4 4 5 3 3 3 3 4 3 5 3 4 4 3 6 6 5 4 5 3 3
2 4 3 3 3 3 4 3 3 3 0 3 5 5 4 5 3 3 3 3 4 3 5 3 4 4 3 6 6 5 4 5 3 3
2 4 3 3 3 3 4 3 3 3 0 3 5 5 5 5 3 3 3 3 4 4 5 3 4 4 4 6 6 5 4 5 4 3
2 4 3 3 4 4 4 3 3 3 0 3 6 5 5 5 3 3 3 3 4 4 6 4 4 4 4 6 6 5 5 5 4 3
2 4 3 3 4 3 4 4 4 4 0 4 6 6 5 5 4 4 3 3 4 4 5 4 5 4 5 6 6 6 4 5 4 4
2 4 3 3 3 3 4 3 3 3 0 3 5 4 4 5 4 3 3 3 4 3 5 3 4 4 4 6 6 5 4 5 4 3
2 4 3 3 3 3 4 3 3 3 0 3 5 5 4 5 3 3 3 3 4 4 5 3 4 4 3 6 6 5 4 5 3 3
2 4 3 3 3 3 4 3 3 3 0 3 5 5 4 5 3 3 3 3 4 3 5 3 4 4 3 6 6 5 4 5 4 3
2 4 3 3 3 3 4 3 3 3 0 3 5 5 4 5 3 3 3 3 4 4 5 3 4 4 3 6 6 5 4 5 3 3
2 4 3 3 3 3 4 3 3 3 0 3 5 5 4 5 3 3 3 3 4 4 5 3 4 4 3 6 6 5 4 5 3 3
2 4 3 3 3 3 4 3 3 3 0 3 5 5 4 5 3 3 3 3 4 4 5 3 4 4 3 5 6 5 4 5 4 3
2 4 3 3 3 3 4 3 3 3 0 3 6 5 4 5 4 3 3 3 4 3 5 3 4 4 3 6 6 5 4 5 4 3
2 4 2 3 3 3 4 3 3 3 0 3 5 5 5 6 4 3 3 3 4 3 5 3 4 3 3 5 6 5 4 5 4 3
2 4 2 3 3 3 3 3 3 3 0 3 5 5 4 5 3 3 3 3 4 4 5 3 4 3 3 5 6 5 4 4 3 3
2 4 2 3 3 3 4 3 3 3 0 3 5 5 4 5 3 3 3 3 4 3 5 3 4 4 3 6 6 5 4 4 3 3
2 4 3 3 4 3 4 3 3 3 0 3 5 5 4 5 3 3 3 3 4 4 5 3 4 3 3 6 6 5 3 4 3 3
2 4 2 3 3 3 4 3 3 3 0 3 5 5 4 4 3 3 3 3 4 4 5 3 4 3 3 5 6 5 4 4 3 3
2 4 2 3 3 3 3 3 3 3 0 3 5 5 4 5 3 3 3 3 4 3 4 3 4 3 3 5 6 5 4 4 3 3
2 4 3 3 3 3 3 3 3 3 0 3 5 5 4 4 3 3 3 3 4 3 4 3 4 3 3 5 6 5 4 4 3 3
2 4 2 3 3 3 4 3 3 3 0 3 5 5 4 4 3 3 3 3 4 3 4 3 4 3 3 5 6 5 4 4 3 3
2 4 3 3 3 3 4 3 3 3 0 3 5 5 4 5 3 3 3 3 4 3 4 3 4 3 3 5 6 5 4 4 3 3
2 4 3 3 4 3 4 3 3 3 0 3 6 5 5 5 4 3 3 3 4 3 4 3 4 3 4 6 6 6 4 5 4 3
2 4 3 3 3 3 4 3 3 3 0 3 5 5 4 5 3 3 3 3 4 3 4 3 4 3 3 5 6 5 4 4 3 3
2 4 3 3 3 3 4 3 3 3 0 3 5 5 4 5 3 3 3 3 4 3 4 3 4 4 3 5 6 5 4 4 3 3
2 4 3 3 3 3 4 3 3 3 0 3 5 5 5 5 3 3 3 3 4 4 4 3 4 4 3 5 6 5 4 5 3 3
2 4 2 3 4 3 4 3 3 3 0 3 5 5 4 5 3 3 3 3 4 3 4 3 4 4 3 5 6 5 4 4 3 3
2 4 3 3 4 3 4 3 3 3 0 3 5 5 4 5 4 4 3 3 4 4 4 4 4 4 3 5 6 5 4 5 4 4
2 4 3 3 4 3 4 4 4 4 0 3 5 5 4 5 4 4 3 4 4 4 4 4 5 4 4 6 6 5 4 4 4 3
2 4 3 3 3 3 4 3 3 3 0 3 5 5 4 5 4 3 3 3 4 4 4 3 4 4 3 5 6 5 4 5 3 3
2 4 3 3 3 3 4 3 3 3 0 3 5 5 4 5 3 3 3 3 4 4 4 3 4 4 4 5 6 5 4 5 3 3
2 4 3 3 4 3 4 3 4 4 0 4 6 6 5 5 4 4 3 3 4 4 4 3 5 4 4 5 6 5 5 5 4 3
2 4 3 3 4 3 4 3 3 3 0 3 5 5 5 5 3 3 3 3 4 4 4 3 4 4 4 5 6 5 4 5 3 3
2 4 2 3 3 3 4 3 3 3 0 3 5 5 4 5 3 3 3 3 4 3 5 3 4 3 3 5 6 5 4 5 3 3
2 4 3 3 3 3 4 3 3 3 0 3 5 5 4 5 3 3 3 3 4 4 5 3 4 4 4 5 6 5 4 5 3 3
2 4 3 3 3 3 4 3 3 3 0 3 6 5 4 5 3 3 3 3 4 3 4 3 4 4 4 6 6 5 4 5 3 3
2 4 2 3 3 3 3 3 3 3 0 3 5 5 4 5 3 3 3 3 4 3 4 3 4 4 4 5 6 5 4 5 3 3
2 4 3 3 3 3 4 3 3 4 0 3 6 5 4 5 4 3 3 3 4 3 4 3 4 4 4 6 6 5 4 5 4 3
2 4 3 3 4 3 4 3 3 4 0 4 6 5 4 5 4 4 4 4 4 4 4 4 4 4 4 5 6 5 4 5 4 4
2 4 3 3 3 3 4 3 3 3 0 3 5 5 4 5 4 3 3 3 4 3 4 3 4 4 4 5 6 5 4 5 4 3
2 4 3 3 3 3 4 3 3 3 0 3 5 4 4 5 3 3 3 3 4 3 4 3 4 4 4 5 5 5 4 5 3 3
2 4 3 3 3 3 4 3 3 4 0 3 5 4 4 5 4 3 3 3 4 3 4 3 4 4 4 5 6 5 4 5 4 3
2 4 3 3 3 3 4 3 3 4 0 3 5 5 4 5 4 3 3 3 4 4 4 3 4 4 4 5 5 5 4 5 4 3
2 4 3 3 3 3 4 3 3 4 0 4 5 5 5 5 4 3 3 3 4 3 4 3 4 4 4 5 5 5 4 5 4 3
2 4 3 4 4 4 5 4 4 4 0 4 6 6 5 5 4 4 3 3 5 4 5 4 4 4 4 5 6 6 5 5 4 4
2 4 3 3 3 3 4 3 3 4 0 4 5 5 5 5 4 3 3 3 3 3 4 3 4 4 4 5 6 6 5 5 4 3
2 4 3 3 3 3 4 3 3 3 0 3 5 5 5 5 4 3 3 4 4 3 4 3 4 4 4 5 6 5 4 5 4 3
2 4 3 3 3 3 4 3 3 3 0 3 5 5 4 5 4 3 3 3 3 3 4 3 4 4 4 5 5 5 4 5 4 3
2 4 3 3 3 3 4 3 3 3 0 3 5 5 4 5 4 3 3 3 3 3 4 3 4 4 4 5 5 5 4 5 4 3
2 4 3 3 3 3 3 3 3 4 0 3 5 4 4 5 3 3 3 3 4 3 4 3 4 4 4 5 5 5 4 5 4 3
2 4 3 3 3 3 3 3 3 4 0 3 5 5 4 5 4 3 3 3 4 3 4 3 4 4 4 5 6 5 4 5 4 3
2 4 3 3 3 4 4 3 3 4 0 3 5 5 4 5 4 3 3 3 3 4 5 3 4 4 4 5 5 5 4 5 4 3
2 4 3 3 3 3 4 3 3 3 0 4 5 5 4 5 4 3 3 3 3 4 4 3 4 4 4 5 6 5 4 5 4 3
2 4 3 3 3 3 4 3 3 3 0 4 5 5 4 5 4 3 3 3 4 4 4 3 4 4 4 5 5 5 4 5 4 3
2 4 3 3 3 3 4 3 4 4 0 4 6 6 4 5 4 3 3 3 4 4 4 3 4 4 4 6 7 6 4 5 4 3
2 4 3 3 3 3 4 3 3 4 0 4 5 5 4 5 4 4 3 4 4 4 4 3 4 4 4 5 6 5 4 5 4 4
2 4 3 3 3 3 4 3 3 3 0 4 5 5 4 5 4 3 3 3 3 4 4 3 4 4 4 5 6 5 4 5 4 3
2 4 2 3 3 3 4 3 3 3 0 3 5 4 4 5 3 3 3 3 3 4 4 3 4 4 4 5 5 5 4 4 3 3
2 4 2 3 3 3 4 3 3 3 0 3 5 4 4 4 3 3 3 3 4 4 4 3 4 4 4 5 5 5 4 4 3 3
2 4 3 3 3 3 4 3 4 4 0 4 5 5 4 5 4 3 3 3 4 4 4 3 5 4 4 5 6 5 4 5 4 3
2 4 3 3 3 4 4 3 3 4 0 4 5 5 4 5 4 3 3 3 4 4 4 3 4 4 4 5 6 5 4 5 4 3
2 4 3 3 3 4 4 3 3 4 0 3 5 4 4 5 4 3 4 4 4 4 5 3 4 4 4 5 6 5 5 5 4 3
2 4 3 3 3 3 4 3 3 4 0 3 5 4 4 5 4 3 3 3 4 4 4 3 4 4 4 5 5 5 4 5 4 3
2 4 3 3 3 4 4 3 4 4 0 4 5 5 5 5 4 4 3 3 4 4 4 3 5 4 4 5 5 5 4 5 4 3
2 4 3 3 3 3 4 3 3 3 0 3 5 5 4 5 4 3 3 3 4 4 4 3 4 4 3 5 5 5 4 4 4 3
2 4 3 3 3 4 4 3 4 4 0 3 5 4 4 5 4 3 3 3 4 4 4 3 5 4 4 5 5 5 4 4 4 3
2 4 3 3 3 3 4 3 3 4 0 3 4 4 4 5 4 3 3 3 4 4 4 3 4 4 4 5 5 5 4 4 4 3
2 4 3 3 3 4 4 3 3 4 0 3 5 5 4 4 3 3 3 3 4 4 4 3 4 4 4 5 5 5 4 4 3 3
2 4 3 3 3 3 4 3 4 4 0 3 5 4 4 4 3 3 3 3 4 4 4 3 4 4 4 5 5 5 4 4 3 3
2 4 3 3 3 3 4 3 3 4 0 3 5 4 4 4 4 3 3 4 4 4 4 3 4 4 4 5 5 5 4 4 4 3
2 4 3 3 3 3 4 3 4 4 0 3 5 4 4 4 3 3 3 3 4 4 4 3 5 4 4 5 5 5 4 4 4 3
2 4 3 3 3 4 4 3 4 4 0 3 5 4 4 4 4 4 3 4 4 4 4 3 5 4 4 5 5 5 4 5 4 3
2 4 3 3 3 4 4 3 4 4 0 4 5 5 4 4 4 3 3 3 4 4 5 3 4 4 4 5 5 4 3 4 4 3
2 4 3 3 3 3 4 3 4 3 0 3 5 4 4 5 3 3 3 3 4 4 4 3 4 4 4 5 5 5 4 4 3 3
2 4 3 3 3 3 4 3 3 3 0 3 5 4 4 5 3 3 3 3 4 4 5 3 4 4 4 5 5 5 4 4 3 3
2 4 3 3 3 3 4 3 3 3 0 3 4 4 3 4 3 3 3 3 4 4 4 3 4 4 4 5 5 4 3 4 3 3
2 4 3 3 3 3 4 3 3 3 0 3 4 4 4 4 3 3 3 3 4 4 4 3 4 4 4 5 5 5 4 4 3 3
2 4 3 3 3 3 4 3 3 3 0 3 5 4 4 4 3 3 3 3 4 4 5 3 4 4 4 5 6 5 4 4 3 3
2 4 3 3 3 3 4 3 3 3 0 3 5 4 4 4 3 3 3 3 3 4 4 3 4 4 4 5 5 5 4 4 4 3
2 4 3 3 3 3 4 3 3 3 0 3 4 3 3 4 3 3 3 3 4 4 4 3 4 4 3 5 5 4 3 4 3 3
2 4 3 3 3 3 4 3 4 3 0 4 5 5 5 4 3 3 3 3 4 4 5 4 4 4 4 5 5 5 4 4 3 3
2 4 3 3 4 3 4 3 3 4 0 3 5 4 4 4 4 3 3 3 4 4 5 3 4 4 4 5 5 5 3 4 4 3
2 4 3 3 4 4 4 4 4 4 0 4 5 5 4 5 4 4 3 3 4 4 5 4 5 5 4 6 6 6 4 5 4 4
2 4 3 3 4 3 4 3 3 3 0 3 5 4 4 4 4 3 3 3 4 4 4 3 4 4 4 5 5 5 4 4 3 3
2 4 3 3 4 3 4 3 3 3 0 3 5 4 4 4 4 3 3 3 4 4 4 3 4 4 4 6 6 5 4 4 3 3
2 4 3 3 4 3 4 3 3 3 0 3 5 5 4 4 3 3 3 3 4 4 4 3 4 4 4 5 5 4 4 4 3 3
2 4 3 3 4 3 4 3 3 4 0 3 5 4 4 4 3 3 3 3 4 4 4 3 4 4 4 5 5 5 4 4 3 3
2 4 3 3 4 4 4 3 3 3 0 3 5 4 4 4 4 3 3 3 4 4 5 4 4 4 3 5 5 5 3 4 4 3
2 4 3 3 4 4 4 3 3 3 0 3 5 4 4 4 4 3 3 4 4 4 5 4 4 4 4 5 5 5 3 4 3 3
2 4 2 2 3 3 4 4 3 3 0 3 6 5 5 5 3 3 3 3 4 4 4 3 4 4 3 5 6 5 4 4 3 3
2 4 2 2 3 3 4 3 3 3 0 3 6 5 5 5 3 3 3 3 4 3 4 3 4 4 3 5 6 5 4 4 3 3
2 4 2 3 3 3 4 3 3 3 0 4 6 5 4 5 3 3 3 3 3 3 4 3 4 4 3 5 6 5 4 4 3 3
2 4 2 2 3 3 4 3 3 3 0 3 6 5 4 5 3 3 3 3 4 4 4 3 4 4 3 5 6 5 3 4 3 3
2 4 2 2 3 3 4 3 3 3 0 3 5 5 4 5 3 3 3 3 3 3 4 3 4 4 3 5 6 5 4 4 3 3
2 4 2 2 3 3 4 3 3 3 0 3 5 5 4 5 3 3 3 3 3 3 4 3 4 4 3 5 6 5 4 4 3 3
2 4 2 2 3 3 4 3 3 3 0 3 6 5 4 5 3 3 3 3 3 3 5 3 4 4 3 5 6 5 4 4 3 3
2 4 2 2 3 3 3 3 3 3 0 3 5 5 4 5 3 3 3 3 3 3 4 3 4 4 3 5 6 5 4 4 3 3
2 4 2 3 3 3 3 3 3 3 0 4 6 6 5 5 3 3 3 3 3 3 4 3 4 4 3 5 6 5 4 4 3 3
2 4 2 2 3 3 3 3 3 3 0 3 5 5 5 5 3 3 3 3 3 3 4 3 4 4 3 5 6 5 4 4 3 3
2 4 2 2 3 3 3 4 4 3 0 3 5 5 4 5 3 3 3 3 3 3 4 3 5 4 3 5 6 5 3 4 3 3
2 4 2 2 3 3 4 3 3 3 0 3 5 5 4 5 3 3 3 3 3 3 4 3 4 4 3 5 6 5 4 4 3 3
2 4 2 2 3 3 3 3 3 3 0 3 5 4 4 5 3 3 3 3 3 3 4 3 4 4 3 5 6 5 4 4 3 3
2 4 2 3 3 3 4 3 3 3 0 3 5 5 4 5 3 3 3 3 4 3 4 3 4 4 3 5 6 5 4 5 4 3
2 4 2 2 3 3 3 3 3 3 0 4 6 5 5 5 3 3 3 3 3 3 4 3 4 4 3 5 6 5 4 5 3 3
2 4 2 3 3 3 4 3 3 3 0 3 6 5 5 5 3 3 3 3 3 3 4 3 4 4 3 5 6 5 4 5 4 3
2 4 2 3 3 3 4 3 3 3 0 3 5 5 5 5 3 3 3 3 3 3 4 3 4 4 3 5 6 5 4 5 3 3
2 4 2 2 3 3 3 3 3 3 0 4 5 5 4 5 3 3 3 3 3 3 4 3 4 4 3 5 6 5 4 4 3 3
2 4 2 3 3 3 4 3 3 3 0 4 7 6 5 5 4 3 3 3 3 3 4 3 4 4 3 6 7 6 4 5 4 3
2 4 2 3 3 3 3 3 3 3 0 3 5 5 4 4 3 3 3 3 3 3 4 3 4 4 3 5 5 5 4 4 3 3
2 4 2 3 3 3 3 3 3 3 0 3 5 4 4 4 3 3 3 3 3 3 4 3 4 4 3 5 5 5 4 5 3 3
2 4 2 3 3 3 3 3 3 3 0 3 5 5 4 5 3 3 3 3 3 3 4 3 4 3 3 5 6 5 4 5 3 3
2 4 2 3 3 3 3 3 3 3 0 3 5 5 4 5 3 3 3 3 3 3 4 3 4 3 3 5 6 5 4 5 4 3
2 4 2 2 3 3 3 3 3 3 0 3 5 4 4 5 3 3 3 3 3 3 4 3 4 3 3 5 5 5 4 5 3 3
2 4 2 2 3 3 3 3 3 3 0 3 5 4 4 4 3 3 3 3 3 3 4 3 4 3 3 5 5 5 4 4 3 3
2 4 2 2 3 3 3 3 3 3 0 3 5 4 4 4 3 3 3 3 3 3 4 3 4 3 3 5 5 5 4 4 3 3
2 4 2 3 3 3 3 3 3 3 0 3 5 4 4 5 3 3 3 3 3 3 4 3 4 3 3 5 5 5 4 5 3 3
2 4 3 3 3 3 4 3 3 3 0 3 5 4 4 5 3 3 3 3 3 3 4 3 4 3 3 5 6 5 4 5 4 3
2 4 2 3 3 3 3 3 3 3 0 3 5 4 4 5 3 3 3 3 3 3 4 3 4 4 3 5 5 5 4 5 3 3
2 4 2 3 3 3 3 3 3 3 0 3 5 4 4 5 3 3 3 3 3 3 4 3 4 3 3 5 5 5 4 5 3 3
2 4 3 3 3 3 3 3 3 3 0 3 5 4 4 5 3 3 3 3 3 3 4 3 4 3 3 5 5 5 4 5 4 3
2 4 3 3 3 3 3 3 3 3 0 3 5 5 4 5 3 3 3 3 3 3 4 3 4 3 3 5 5 5 4 5 4 3
2 4 2 2 3 3 4 3 3 3 0 3 4 4 4 5 3 3 3 3 3 3 5 3 3 3 3 5 5 5 4 4 3 3
2 4 2 3 3 3 4 3 3 3 0 3 5 4 4 5 4 3 3 3 3 3 4 3 4 4 3 5 5 5 4 5 4 3
2 4 2 3 3 3 4 3 3 3 0 3 5 4 4 5 3 3 3 3 3 3 5 3 4 3 3 5 5 5 4 5 4 3
2 4 3 3 3 3 4 3 3 3 0 3 5 4 4 5 3 3 3 3 4 3 4 3 4 4 3 5 5 5 4 5 4 3
2 4 3 3 3 3 4 3 3 3 0 3 5 4 4 5 3 3 3 3 4 3 4 3 4 4 3 5 5 5 4 5 4 3
2 4 2 3 3 3 4 3 3 3 0 3 5 4 4 5 3 3 3 3 3 3 4 3 4 4 3 5 5 5 4 5 3 3
2 4 3 3 3 3 4 3 3 3 0 3 4 4 4 5 4 3 3 3 3 3 4 3 4 4 3 5 5 5 4 5 4 3
2 4 3 3 3 3 4 3 3 3 0 3 5 4 4 5 3 3 3 3 4 3 4 3 4 4 3 5 5 5 4 4 3 3
2 4 3 3 4 3 4 3 3 3 0 3 5 4 4 5 4 3 3 3 4 4 4 3 4 4 3 5 5 5 4 5 4 3
2 4 3 3 3 3 4 3 4 3 0 4 5 5 4 5 4 3 3 3 4 4 4 3 4 4 3 5 5 5 4 5 4 3
2 4 3 3 4 3 4 3 3 3 0 4 5 5 5 5 4 4 3 3 4 4 5 3 4 4 3 5 6 6 4 5 4 4
2 4 2 3 3 3 4 3 3 3 0 3 4 4 4 5 3 3 3 3 3 3 4 3 3 3 3 5 5 5 3 4 3 3
2 4 2 3 3 3 4 3 3 3 0 3 4 4 3 5 3 3 3 3 3 3 4 3 3 3 3 5 5 5 3 4 3 3
2 4 2 2 3 3 4 3 3 3 0 3 4 4 4 5 3 3 3 3 3 3 4 3 3 3 3 5 5 4 3 4 3 3
2 4 2 3 3 3 3 3 3 3 0 3 4 4 4 5 3 3 3 3 3 3 4 3 3 3 3 4 5 4 4 4 3 3
2 4 2 3 3 3 3 3 3 3 0 3 4 4 4 5 3 3 2 3 3 3 4 3 3 3 3 4 5 4 4 4 3 3
2 4 3 3 3 3 4 3 4 4 0 4 5 5 5 5 4 3 3 3 3 3 4 3 4 4 4 5 5 5 4 4 3 3
2 4 3 3 3 3 4 3 3 3 0 3 5 4 4 5 3 3 3 3 4 3 4 3 4 3 3 5 5 5 4 4 3 3
2 4 2 2 3 3 3 3 3 3 0 3 4 4 4 5 3 3 2 3 4 3 4 3 3 3 3 4 5 4 4 4 3 3
2 4 2 3 3 3 4 3 3 3 0 3 4 4 4 5 3 3 3 3 3 3 4 3 4 3 3 4 5 4 4 5 3 3
2 4 2 3 3 3 4 3 3 3 0 3 4 4 4 5 3 3 3 3 3 3 4 3 4 3 3 4 4 4 4 4 3 3
2 4 2 3 3 3 4 3 3 3 0 3 4 4 4 5 3 3 3 3 3 3 4 3 3 3 3 4 5 5 3 4 3 3
2 4 2 2 3 3 4 3 3 3 0 3 4 3 3 4 3 3 3 3 3 3 4 3 4 3 3 5 5 4 3 4 3 3
2 4 2 2 3 3 3 3 3 3 0 3 4 4 3 4 3 3 3 3 3 3 4 3 3 3 3 4 5 4 3 4 3 3
2 4 2 2 3 3 3 3 3 3 0 3 4 4 3 4 3 3 2 2 3 3 4 3 3 3 3 4 4 4 3 4 3 3
2 4 2 3 3 3 3 3 3 3 0 3 4 4 4 4 3 3 2 3 3 3 4 3 4 3 3 4 4 4 4 4 3 3
2 4 2 2 3 3 4 3 3 3 0 3 4 4 4 4 3 3 2 2 3 3 4 3 3 3 3 4 5 4 4 4 3 3
2 4 2 2 3 3 3 3 3 3 0 3 4 4 4 4 3 3 2 3 3 3 4 3 3 3 3 4 4 4 4 4 3 3
2 4 2 3 3 3 3 3 3 3 0 3 4 4 3 4 3 3 3 3 3 3 4 3 4 3 3 4 4 4 4 4 3 3
2 4 2 2 3 3 3 3 3 3 0 3 4 4 3 4 3 3 2 3 3 3 3 3 3 3 3 4 4 5 4 4 3 3
2 4 2 3 3 3 3 3 3 3 0 3 4 4 4 5 3 3 3 3 3 3 4 3 4 4 3 4 4 4 4 4 3 3
2 4 2 2 3 3 3 3 3 3 0 3 4 4 3 4 3 3 2 2 3 3 3 3 3 3 3 4 4 4 3 4 3 3
2 4 2 2 3 3 3 3 3 3 0 3 4 4 3 4 3 3 2 2 3 3 3 3 3 3 3 4 5 5 3 4 3 3
2 4 2 2 3 3 3 3 3 3 0 3 4 4 3 4 3 3 2 3 3 3 3 3 3 3 3 4 5 5 4 4 3 3
2 4 2 2 3 3 3 3 3 3 0 3 4 4 3 4 3 3 3 3 3 3 3 3 3 3 3 5 5 5 3 4 3 3
2 4 2 2 3 3 3 3 3 3 0 3 4 4 3 4 3 3 2 2 3 3 3 3 3 3 3 4 5 5 4 4 3 3
2 4 2 2 3 3 3 3 3 3 0 3 4 4 3 4 3 3 2 2 3 3 4 3 3 3 3 4 5 5 3 4 3 3
2 4 2 2 3 2 3 3 3 3 0 3 4 4 4 4 3 3 2 2 3 3 4 3 3 3 3 4 5 5 4 4 3 3
2 4 2 2 3 2 3 2 2 2 0 3 4 4 4 4 3 3 2 2 3 3 3 2 3 3 2 4 5 5 4 4 3 3
2 4 2 2 3 3 3 3 3 3 0 3 5 5 4 4 3 3 2 2 3 3 3 3 3 3 3 4 6 6 4 4 3 3
2 4 2 2 3 2 3 3 3 3 0 3 4 4 4 4 3 3 2 2 3 3 3 3 3 3 3 4 5 5 4 4 3 3
2 4 2 2 3 3 3 3 3 3 0 3 4 4 3 4 3 3 2 3 3 3 3 3 3 3 3 4 5 5 4 4 3 3
2 4 2 2 3 2 3 3 3 3 0 3 4 4 4 4 3 3 2 2 3 3 3 3 3 3 3 4 5 5 4 4 3 3
2 4 3 3 3 3 3 3 3 3 0 3 4 4 4 4 3 3 3 3 3 3 3 3 4 3 3 4 4 5 4 4 3 3
2 4 2 2 3 2 3 2 3 3 0 3 4 4 3 4 3 3 2 2 3 3 3 3 3 3 3 4 4 4 4 4 3 3
2 4 2 2 3 2 3 2 3 3 0 3 4 4 4 4 3 3 2 2 3 3 3 2 3 3 2 4 4 4 4 4 3 3
2 4 2 2 2 2 3 2 2 2 0 2 4 4 4 4 3 3 2 2 3 2 3 2 3 3 2 4 5 4 4 4 3 2
2 4 2 2 3 2 3 2 2 2 0 2 4 4 4 4 3 3 2 3 3 3 3 2 3 3 2 4 5 5 4 4 3 3
2 4 2 2 2 2 3 2 3 2 0 3 5 5 4 4 3 3 2 2 3 3 3 2 3 3 2 4 5 5 4 4 3 3
2 4 2 2 3 2 3 2 2 3 0 3 4 4 3 4 3 3 3 3 3 3 3 2 3 3 2 4 5 5 4 4 3 3
2 4 2 2 3 2 3 3 3 3 0 3 4 4 3 4 3 3 2 3 3 3 3 2 3 3 2 5 5 5 4 4 3 3
2 4 2 2 3 3 3 3 3 3 0 3 5 4 3 4 3 3 3 3 3 3 3 3 4 3 2 4 5 5 3 4 3 3
2 4 2 2 3 2 3 3 3 3 0 3 4 4 3 4 3 3 2 3 3 3 3 2 3 3 2 4 5 5 4 4 3 3
2 4 2 2 3 2 3 2 3 3 0 3 5 4 4 4 3 3 2 3 3 3 3 2 3 3 2 4 5 5 4 4 3 3
2 4 2 2 3 2 3 2 2 2 0 2 4 4 3 4 3 3 2 3 3 3 3 2 3 3 2 4 5 5 4 4 3 3
2 4 2 2 3 2 3 2 3 3 0 3 4 4 3 4 3 3 2 3 3 3 3 2 3 3 2 4 5 5 3 4 3 3
2 4 2 2 3 2 3 3 3 3 0 3 5 5 4 4 3 3 2 3 3 3 3 2 3 3 2 4 5 5 4 4 3 3
2 4 2 2 3 3 3 3 3 3 0 2 4 4 4 4 3 3 3 3 3 3 3 2 3 3 2 4 5 4 4 4 3 3
2 4 2 2 3 3 3 3 3 3 0 2 4 4 3 4 3 3 3 3 3 3 3 3 3 3 2 4 4 4 3 4 3 3
2 4 2 2 3 3 3 3 3 3 0 2 4 4 4 4 3 3 3 3 3 3 3 3 3 3 2 4 5 5 4 4 3 3
2 4 2 2 2 2 3 3 3 3 0 3 4 4 4 4 3 3 2 3 3 3 3 2 3 3 2 4 4 4 4 4 3 3
2 4 2 2 2 2 3 3 3 2 0 3 4 4 3 4 3 3 2 3 3 3 3 2 3 3 2 4 4 4 3 4 3 2
2 4 2 2 3 2 3 3 3 3 0 2 4 4 4 4 3 3 2 3 3 3 3 2 3 3 2 4 4 4 3 4 3 3
2 4 2 2 3 3 3 3 3 3 0 2 4 4 4 4 3 3 2 3 3 3 4 3 3 3 2 4 4 4 3 4 3 3
2 4 2 2 3 3 3 3 3 3 0 3 4 4 4 4 3 3 2 3 3 3 4 2 3 3 2 4 4 5 4 4 3 3
2 4 2 2 3 3 3 3 3 3 0 3 4 4 4 4 3 3 2 3 3 3 3 3 3 3 2 4 4 5 4 4 3 3
2 4 2 2 3 2 3 3 3 3 0 2 4 4 4 4 3 3 3 3 3 3 3 2 3 3 2 4 4 5 4 4 3 3
2 4 2 2 3 3 3 3 3 3 0 3 4 4 3 4 3 3 3 3 3 3 3 3 3 3 3 4 4 5 4 4 3 3
2 4 2 2 3 3 3 3 3 3 0 3 4 4 4 4 3 3 3 3 3 3 3 3 3 3 2 4 5 5 4 5 3 3
2 4 2 2 3 2 3 3 3 3 0 2 4 4 4 4 3 3 3 3 3 3 3 3 3 3 2 4 5 5 4 4 3 3
2 4 2 2 3 2 3 3 3 3 0 2 4 4 4 4 3 3 3 3 3 3 3 3 3 3 2 4 4 5 3 4 3 3
2 4 2 2 3 2 3 3 3 3 0 2 4 4 4 4 3 3 3 3 3 3 3 3 3 3 2 4 5 5 3 4 3 3
2 4 2 2 3 2 3 3 3 2 0 2 4 4 4 4 3 3 2 3 3 3 3 3 3 3 2 4 5 5 3 4 3 3
2 4 2 2 3 2 3 3 3 2 0 2 4 4 4 5 3 3 2 3 3 3 3 3 3 3 2 4 5 5 4 4 3 3
2 4 2 2 3 3 3 3 3 2 0 2 4 4 4 4 3 3 3 3 3 3 4 3 3 3 2 4 5 5 4 5 3 3
2 4 2 2 3 3 3 3 3 3 0 2 4 4 4 4 3 3 3 3 4 4 3 3 3 3 2 4 5 5 3 4 3 3
2 4 2 2 3 3 3 3 3 3 0 3 5 4 4 4 3 3 3 3 3 3 3 3 3 3 3 4 5 5 4 4 3 3
2 4 2 2 3 3 3 3 3 3 0 3 5 4 4 4 3 3 3 3 4 3 3 3 4 3 3 5 5 5 4 4 3 3
2 4 3 3 3 3 3 3 3 3 0 3 4 4 4 5 3 3 3 3 4 4 4 3 4 3 3 5 5 5 4 4 3 3
2 4 2 2 3 3 4 3 3 3 0 3 5 5 4 4 3 3 3 3 3 4 4 3 3 3 3 5 5 5 4 4 3 3
2 4 2 2 3 3 4 3 3 3 0 3 5 4 4 4 3 3 2 3 3 3 4 3 4 3 3 5 5 5 4 4 3 3
2 4 2 2 3 3 3 3 3 3 0 3 4 4 4 4 3 3 2 3 3 3 4 3 3 3 3 4 5 5 4 4 3 3
2 4 2 2 3 3 4 3 3 3 0 3 5 5 4 5 3 3 3 3 3 4 4 3 4 3 3 5 6 5 4 4 3 3
2 4 2 2 3 3 4 3 3 3 0 3 5 5 4 5 3 3 2 3 3 3 4 3 3 3 3 5 5 5 4 4 3 3
2 4 2 2 3 3 4 3 3 3 0 3 4 4 4 4 3 3 3 3 4 3 4 3 3 3 3 4 5 5 3 4 3 3
2 4 2 2 3 3 4 3 3 3 0 3 4 4 4 4 3 3 3 3 4 3 4 3 4 3 3 4 5 5 4 4 3 3
2 4 2 2 3 3 4 3 3 3 0 3 4 4 4 4 3 3 3 3 3 3 4 3 3 3 3 4 5 5 4 4 3 3
2 4 2 2 3 3 3 3 3 2 0 3 4 4 4 4 3 3 2 3 3 3 4 3 3 3 3 4 5 5 4 4 3 3
2 4 2 2 3 3 3 3 3 2 0 3 4 4 4 4 3 3 2 3 3 3 4 3 3 3 3 4 5 5 3 4 3 3
2 4 2 2 3 3 3 3 3 3 0 3 5 5 4 4 3 3 2 3 3 3 4 3 3 3 3 4 5 5 3 4 3 3
2 4 2 2 3 3 4 3 3 3 0 3 5 5 4 5 3 3 2 3 3 3 4 3 3 3 3 4 5 5 4 4 3 3
2 4 2 2 3 3 4 3 3 3 0 3 5 4 4 4 3 3 2 3 3 3 4 3 3 3 3 4 5 5 3 4 3 3
2 4 2 2 3 3 4 3 3 3 0 3 4 4 4 4 3 3 2 3 3 3 4 3 3 3 3 4 5 4 3 4 3 3
2 4 2 2 3 3 4 3 3 3 0 3 4 4 3 4 3 3 2 3 3 3 4 3 3 3 3 4 5 4 3 4 3 3
2 4 2 2 3 3 4 3 3 3 0 3 4 4 4 4 3 3 2 3 3 3 4 3 3 3 3 4 5 4 3 4 3 3
2 4 2 2 3 3 4 3 3 3 0 3 4 4 4 4 3 3 2 3 3 3 4 3 3 3 3 4 5 4 4 4 3 3
2 4 2 2 3 3 4 3 3 3 0 3 5 5 4 5 3 3 3 3 4 4 4 3 4 3 3 5 5 5 4 4 3 3
2 4 2 2 3 3 4 3 3 3 0 3 5 5 4 4 3 3 2 3 3 3 4 3 4 3 3 4 5 4 4 4 3 3
2 4 2 2 3 3 4 3 3 3 0 3 4 4 4 5 4 3 3 3 4 4 4 3 3 3 3 4 5 4 3 5 4 3
2 4 2 2 3 3 4 3 3 3 0 3 4 4 3 4 3 3 2 3 3 3 4 3 3 3 3 5 5 4 3 4 3 3
2 4 2 2 3 3 4 3 3 3 0 3 4 4 4 4 3 3 2 3 4 4 4 3 4 3 3 4 5 4 4 4 3 3
2 4 2 2 3 3 4 3 3 3 0 3 4 4 4 4 3 3 3 3 4 4 4 3 4 4 3 5 5 5 3 4 3 3
2 4 2 2 3 3 4 3 3 3 0 3 4 4 4 4 3 3 2 3 4 3 4 3 4 3 3 4 5 4 3 4 3 3
2 4 2 2 3 3 4 3 3 3 0 3 5 4 4 4 3 3 3 3 4 4 4 3 4 3 3 5 5 5 3 4 3 3
2 4 2 2 3 3 4 3 3 3 0 3 5 4 4 5 3 3 2 3 3 3 4 3 4 3 3 5 6 5 3 4 3 3
2 4 2 2 3 3 4 3 3 2 0 3 4 4 4 4 3 3 2 3 3 3 4 3 3 3 3 4 5 4 4 4 3 3
2 4 2 2 3 3 4 3 3 3 0 3 4 4 4 4 3 3 3 3 3 3 4 3 4 3 3 4 5 5 4 4 3 3
2 4 2 2 3 3 4 3 3 2 0 3 5 5 4 4 3 3 2 3 3 3 4 3 3 3 3 5 5 5 4 4 3 3
2 4 2 2 3 3 4 3 3 2 0 3 5 5 4 4 3 3 2 3 3 3 5 3 3 3 3 5 5 5 4 4 3 3
2 4 2 2 3 3 4 3 3 3 0 3 5 5 4 4 3 3 2 3 3 3 4 3 3 3 3 5 5 5 4 4 3 3
2 4 2 2 3 3 3 3 3 3 0 3 5 5 4 5 3 3 3 3 3 3 4 3 4 3 3 5 5 5 4 4 3 3
2 4 2 2 3 3 3 3 3 2 0 3 5 4 4 4 3 3 2 3 3 3 4 3 3 3 3 5 5 4 4 4 3 3
2 4 2 2 3 3 3 3 3 3 0 3 5 4 4 4 3 3 3 3 3 3 4 3 3 3 3 5 5 5 4 5 3 3
2 4 2 2 3 3 3 3 3 3 0 3 5 5 4 4 3 3 2 3 3 3 4 3 3 3 3 5 6 5 4 4 3 3
2 4 2 2 3 3 3 3 3 2 0 3 5 4 4 4 3 3 2 3 3 3 4 3 3 3 3 5 6 5 4 4 3 3
2 4 2 2 3 3 3 3 3 3 0 3 5 4 4 4 3 3 2 3 3 3 4 3 4 3 3 5 5 5 4 5 3 3
2 4 2 3 3 3 4 3 3 3 0 3 5 5 4 4 3 3 3 3 3 3 4 3 4 3 3 5 6 5 5 5 3 3
2 4 2 2 3 3 4 3 3 3 0 3 5 5 4 4 3 3 2 3 3 3 5 3 3 3 3 5 5 5 5 5 3 3
2 4 2 2 3 3 3 3 3 2 0 3 5 4 4 4 3 3 2 2 3 3 4 3 3 3 3 5 5 5 4 4 3 3
2 4 2 2 3 3 4 3 3 2 0 3 5 4 4 4 3 3 2 2 3 4 4 3 3 3 3 5 5 5 4 4 3 3
2 4 2 2 3 3 4 3 3 2 0 3 5 4 4 4 3 3 2 2 3 3 4 3 3 3 3 5 5 5 4 4 3 3
2 4 2 2 3 3 3 3 3 3 0 3 5 5 4 4 3 3 2 2 3 4 4 3 4 3 3 5 6 5 4 4 3 3
2 4 2 2 3 3 3 3 3 2 0 3 5 4 4 4 3 3 2 2 3 3 4 3 3 3 3 5 6 5 4 4 3 3
2 4 2 2 3 3 4 3 3 3 0 3 5 4 4 4 3 3 2 3 3 3 4 3 4 3 3 5 6 5 4 4 3 3
2 4 2 2 3 3 4 3 3 3 0 3 5 4 4 4 3 3 2 3 3 3 4 3 3 3 3 5 5 5 4 4 3 3
2 4 2 2 3 3 4 3 3 3 0 3 5 5 4 4 3 3 2 2 3 3 4 3 3 3 3 5 5 5 4 4 3 3
2 4 2 2 3 3 4 3 3 3 0 3 5 4 4 4 3 3 2 3 3 3 4 3 4 3 3 5 5 5 4 4 3 3
2 4 2 2 3 3 4 3 3 3 0 3 5 4 4 5 3 3 3 3 3 3 4 3 4 3 3 5 6 5 4 5 3 3
2 4 3 3 3 3 4 3 3 3 0 3 5 5 4 4 3 3 3 3 3 4 4 3 4 3 3 5 6 5 5 5 3 3
2 4 2 2 3 3 4 3 3 3 0 3 4 4 4 5 3 3 3 3 3 4 4 3 4 3 3 5 5 5 4 5 3 3
2 4 2 2 3 3 4 3 3 3 0 3 4 4 4 5 3 3 3 3 3 3 4 3 3 3 3 5 5 5 4 5 3 3
2 4 2 2 3 3 3 3 3 3 0 3 4 4 4 4 3 3 2 3 3 3 4 3 3 3 3 5 5 5 4 4 3 3
2 4 2 2 3 3 4 3 3 3 0 3 4 4 4 4 3 3 2 3 3 4 4 3 3 3 3 5 5 5 4 5 3 3
2 4 2 2 3 3 3 3 3 2 0 3 5 4 4 4 3 3 2 3 3 3 4 3 4 3 3 5 5 5 4 4 3 3
2 4 2 2 3 3 4 3 3 3 0 3 5 4 4 4 3 3 3 3 3 3 4 3 3 3 3 5 5 5 4 5 3 3
2 4 2 2 3 3 3 3 3 3 0 3 4 5 4 4 3 3 2 3 3 3 4 3 3 3 2 4 5 5 4 4 3 3
2 4 2 2 3 3 3 3 3 3 0 3 4 4 4 4 3 3 3 3 3 4 4 3 3 3 3 4 4 4 4 4 3 3
2 4 2 2 3 3 3 3 3 3 0 3 5 5 4 4 3 3 3 3 3 4 4 3 3 3 3 4 5 4 4 4 3 3
2 4 2 2 3 3 3 3 3 3 0 3 5 5 4 4 3 3 2 3 3 3 4 3 3 3 3 4 5 5 4 4 3 3
2 4 2 2 3 3 3 3 3 3 0 3 4 4 4 4 3 3 2 3 3 3 4 3 3 3 3 4 5 4 4 4 3 3
2 4 2 2 3 3 3 3 3 2 0 3 4 4 4 4 3 3 2 3 3 3 4 3 3 3 3 4 5 4 4 4 3 3
2 4 2 2 3 3 3 3 3 2 0 3 4 4 4 4 3 3 2 3 3 3 4 3 3 3 3 4 5 5 4 4 3 3
2 4 2 2 3 3 3 3 3 2 0 2 4 4 4 4 3 3 2 3 3 3 4 3 3 3 2 4 4 4 3 4 3 3
2 4 2 2 3 3 3 3 3 3 0 3 4 4 4 4 3 3 3 3 3 4 4 3 4 3 2 4 4 4 4 5 3 3
2 4 2 2 3 3 3 2 2 2 0 3 4 4 4 4 3 3 2 2 3 3 3 2 3 3 2 4 4 4 4 4 3 3
2 4 2 2 3 3 3 3 2 2 0 2 4 4 3 4 3 3 2 2 3 3 4 3 3 3 2 4 4 4 3 4 3 3
2 4 2 2 3 3 4 3 3 2 0 3 4 4 4 4 3 3 3 3 3 4 4 3 3 3 2 4 4 4 4 5 3 3
2 4 2 2 3 3 3 3 3 2 0 3 4 4 4 4 3 3 3 3 3 3 4 3 4 3 2 5 5 4 4 5 3 3
2 4 2 2 3 3 3 3 3 2 0 3 4 4 4 4 3 3 2 3 3 3 4 3 3 3 2 4 4 4 4 4 3 3
2 4 2 2 3 3 3 3 3 2 0 3 4 4 4 4 3 3 2 2 3 3 3 3 3 3 2 4 4 4 4 4 3 3
2 4 2 2 3 3 3 3 3 3 0 3 5 5 4 4 3 3 2 2 3 3 4 3 3 3 2 4 4 4 4 4 3 3
2 4 2 2 3 3 3 3 3 3 0 3 4 4 4 5 3 3 3 3 3 3 4 3 3 3 3 4 4 4 4 5 4 3
2 4 2 2 3 3 3 3 3 3 0 3 4 4 4 4 3 3 2 3 3 3 3 3 3 3 2 4 4 4 3 4 3 3
2 4 2 2 3 3 3 3 3 3 0 3 4 4 4 4 3 3 3 3 3 3 4 3 4 3 3 4 4 4 3 4 3 3
2 4 2 2 3 3 3 3 3 3 0 3 4 4 4 4 3 3 2 2 3 3 3 3 3 3 2 4 4 4 3 4 3 3
2 4 2 2 3 3 3 3 2 2 0 3 4 4 4 4 3 3 2 3 3 3 3 3 3 3 2 4 4 4 4 4 3 3
2 4 2 2 3 3 3 3 3 3 0 3 4 4 3 4 3 3 2 2 3 3 3 3 3 3 2 4 4 4 3 4 3 3
2 4 2 2 3 3 3 3 3 3 0 3 4 4 4 4 3 3 2 2 3 3 3 3 3 3 2 4 4 4 3 4 3 3
2 4 2 2 3 3 3 3 3 3 0 3 4 4 4 4 3 3 2 2 3 3 3 3 3 3 3 4 4 4 4 5 3 3
2 4 2 2 3 3 3 3 3 3 0 3 4 4 4 5 3 3 3 3 3 3 3 3 3 3 3 5 5 5 4 5 4 3
2 4 3 2 3 3 3 3 3 3 0 3 4 4 4 5 3 3 3 3 3 3 3 3 3 3 3 4 5 4 4 5 3 3
2 4 2 2 3 3 3 3 3 3 0 3 4 4 4 4 3 3 3 3 3 3 4 3 3 3 3 4 5 4 3 4 3 3
2 4 2 2 3 3 3 3 3 3 0 3 5 4 4 4 3 3 3 3 3 3 4 3 3 3 3 5 5 5 4 4 3 3
2 4 2 2 3 3 3 3 3 3 0 3 5 4 4 4 3 3 3 3 4 3 3 3 3 3 3 5 5 5 4 5 3 3
2 4 2 2 3 3 3 3 3 3 0 3 5 5 4 4 3 3 3 3 3 3 3 3 3 3 3 5 5 5 4 4 3 3
2 4 2 2 3 3 3 3 3 3 0 3 5 5 5 5 3 3 3 3 3 3 3 3 3 3 3 5 6 5 4 5 3 3
2 4 2 2 3 3 3 3 3 3 0 3 5 5 4 5 4 3 3 3 3 3 3 3 3 3 3 5 5 5 4 5 4 3
2 4 2 2 3 3 3 3 3 3 0 3 5 5 5 5 3 3 3 3 3 3 3 3 3 3 3 5 5 5 4 5 3 3
2 4 2 2 3 3 3 3 3 3 0 3 5 5 4 5 3 3 3 3 3 3 3 3 3 3 3 5 5 5 4 5 3 3
2 4 2 2 3 3 3 3 3 3 0 3 5 5 4 5 3 3 3 3 3 3 3 3 3 3 3 5 5 5 4 5 3 3
2 4 2 2 3 3 3 3 3 3 0 3 5 5 4 5 3 3 3 3 3 3 3 3 3 3 3 5 5 5 4 5 3 3
2 4 2 2 3 3 3 3 3 3 0 3 5 5 4 5 3 3 3 3 3 3 3 3 3 3 3 5 6 6 4 5 4 3
2 4 2 2 3 2 3 3 3 2 0 3 5 5 4 5 3 3 3 3 3 3 3 3 3 3 3 5 5 5 4 5 3 3
2 4 2 2 3 2 3 3 2 2 0 3 5 4 4 5 3 3 3 3 3 3 3 3 3 3 3 5 5 5 4 5 3 3
2 4 2 2 3 3 3 3 2 2 0 3 5 4 4 5 3 3 3 3 3 3 3 3 3 3 3 4 5 5 4 5 3 3
2 4 2 2 3 3 3 3 2 3 0 3 5 5 4 5 3 3 3 3 3 3 3 3 3 3 3 5 5 5 4 5 3 3
2 4 2 2 3 2 3 3 3 3 0 3 5 5 4 5 3 3 3 3 3 3 3 3 3 3 3 5 5 5 4 4 3 3
2 4 2 2 3 2 3 3 2 3 0 3 5 4 4 5 3 3 2 2 3 3 3 3 3 3 3 5 5 5 4 5 3 3
2 4 2 2 3 3 3 3 3 3 0 3 5 5 4 5 3 3 3 3 3 3 3 3 3 3 3 5 5 5 4 5 3 3
2 4 2 2 3 3 3 3 3 3 0 3 5 4 4 5 3 3 3 3 3 3 3 3 3 3 3 5 5 5 4 5 3 3
2 4 2 2 3 2 3 2 2 2 0 3 4 4 4 5 3 3 2 2 3 2 3 2 3 3 3 4 5 5 3 4 3 3
2 4 2 2 3 2 3 3 3 3 0 3 5 4 4 5 3 3 3 2 3 3 3 3 3 3 3 4 5 5 4 4 3 3
2 4 2 2 3 2 3 2 2 2 0 3 5 4 4 5 3 3 2 2 3 2 3 2 3 3 3 4 5 5 3 4 3 3
2 4 2 2 2 2 3 2 2 2 0 3 5 4 4 5 3 3 2 2 2 2 3 2 3 3 2 4 5 5 4 4 3 3
2 4 2 2 3 2 3 2 2 2 0 3 4 4 4 5 3 3 2 2 2 2 3 2 3 3 2 4 5 5 3 4 3 3
2 4 2 2 3 2 3 2 2 3 0 3 5 4 4 5 3 3 2 3 2 2 3 2 3 3 3 4 5 5 3 4 3 3
2 4 2 2 3 2 3 3 3 3 0 3 5 4 4 5 3 3 2 3 2 2 3 3 3 3 3 5 5 5 3 5 3 3
2 4 2 2 3 2 3 3 3 3 0 3 4 4 4 5 3 3 2 2 2 2 3 3 3 3 3 5 5 5 3 5 3 3
2 4 2 2 3 2 3 2 2 2 0 3 4 4 4 5 3 3 2 3 2 2 3 3 3 3 3 4 4 5 3 4 3 3
2 4 2 2 3 3 3 3 3 3 0 3 4 4 4 5 4 3 3 3 3 3 3 3 3 3 3 4 5 5 3 5 4 3
2 4 2 2 2 2 3 2 2 2 0 3 4 4 4 4 3 3 2 2 2 2 3 3 3 3 2 4 4 4 3 4 3 3
2 4 2 2 2 2 3 2 2 2 0 2 4 4 3 4 3 3 2 2 2 2 3 2 3 3 2 4 4 4 3 4 3 3
2 4 2 2 3 2 3 3 2 2 0 3 4 4 4 5 3 3 2 2 2 3 3 2 3 3 2 4 5 5 4 4 3 3
2 4 2 2 2 2 3 2 2 2 0 2 4 4 4 4 3 2 2 2 2 2 2 2 3 3 2 4 4 4 3 4 3 3
2 4 2 2 3 2 3 3 3 3 0 3 4 4 3 4 3 3 2 2 2 2 3 2 3 3 2 4 4 4 3 4 3 3
2 4 2 2 3 2 3 2 3 3 0 3 4 4 3 4 3 3 2 2 2 3 3 2 3 3 3 4 4 4 3 4 3 3
2 4 2 2 3 3 3 3 3 3 0 3 4 4 3 4 3 3 2 2 3 3 3 3 3 3 3 4 4 4 3 4 3 3
2 4 2 2 3 2 3 2 3 3 0 3 4 4 3 4 3 3 2 2 3 2 3 3 3 3 3 4 4 4 3 4 3 3
2 4 2 2 3 2 3 2 3 3 0 2 4 4 3 4 3 3 2 3 3 2 3 2 3 3 3 4 4 4 3 4 3 3
2 4 2 2 3 2 3 3 3 3 0 3 4 4 3 4 3 3 2 2 3 2 3 2 3 3 3 4 4 4 3 4 3 3
2 4 2 2 3 2 3 3 3 3 0 3 5 5 5 5 3 3 2 2 3 3 3 2 3 3 3 5 6 5 4 4 3 3
2 4 2 2 3 3 3 3 3 3 0 3 4 4 4 4 3 3 3 3 3 3 3 3 4 3 3 5 5 5 3 4 3 3
2 4 2 2 3 2 3 3 3 3 0 3 4 4 4 4 3 3 3 3 3 3 3 3 4 3 3 5 5 5 3 4 3 3
2 4 2 2 3 2 3 2 3 3 0 3 4 4 4 4 3 3 2 3 3 3 3 2 3 3 3 4 5 4 3 4 3 3
2 4 2 2 3 2 3 2 3 3 0 3 4 4 4 4 3 3 2 3 3 3 3 3 3 3 3 5 5 5 3 4 3 3
2 4 2 2 3 2 3 3 3 3 0 3 4 4 4 4 3 3 2 3 3 3 3 3 3 3 3 4 5 4 4 4 3 3
2 4 2 2 3 2 3 3 3 3 0 3 4 4 4 4 3 3 2 3 3 3 3 3 3 3 3 4 5 4 4 4 3 3
2 4 2 2 3 2 3 3 3 3 0 3 5 5 4 4 3 3 2 3 3 3 3 3 3 3 3 4 5 4 4 4 3 3
2 4 2 2 3 2 3 3 3 3 0 3 5 4 4 4 3 3 2 2 3 3 3 3 4 3 3 4 5 4 3 4 3 3
2 4 2 2 3 2 3 3 3 3 0 3 5 4 4 4 3 3 2 3 3 3 3 3 4 3 3 5 5 5 4 4 3 3
2 4 2 2 3 2 3 3 3 3 0 3 5 5 4 4 3 3 2 3 3 3 3 3 4 3 3 5 6 5 4 4 3 3
2 4 2 2 3 2 3 3 3 3 0 3 5 4 4 5 3 3 2 3 3 3 3 3 4 3 3 5 5 5 3 4 3 3
2 4 2 2 2 2 3 3 3 3 0 3 5 4 4 5 3 3 2 2 3 3 3 3 4 3 3 5 5 5 3 4 3 3
2 4 2 2 3 2 3 3 3 3 0 3 5 4 4 5 3 3 3 3 3 3 3 3 4 3 3 5 5 5 3 4 3 3
2 4 2 2 2 2 3 3 3 3 0 3 5 4 4 4 3 3 2 2 3 3 3 3 3 3 3 5 6 5 3 4 3 3
2 4 2 2 3 2 3 3 3 3 0 3 5 4 4 4 3 3 2 3 3 3 3 3 3 3 3 5 5 5 4 4 3 3
2 4 2 2 2 2 3 3 3 3 0 3 5 4 4 4 3 3 2 2 3 3 3 2 4 3 3 5 5 5 3 4 3 3
2 4 2 2 3 2 3 3 3 3 0 3 5 5 4 5 3 3 2 3 3 3 3 3 3 3 3 5 6 5 3 4 3 3
2 4 2 2 2 2 3 3 3 3 0 3 5 5 5 4 3 3 2 2 3 3 3 3 3 3 3 5 5 5 4 4 3 3
2 4 2 2 2 2 3 3 3 3 0 3 5 5 5 4 3 3 2 2 3 3 3 3 3 3 3 5 5 5 4 4 3 3
2 4 2 2 3 2 3 3 3 3 0 4 6 5 5 5 3 3 2 2 3 3 3 3 4 3 3 5 6 5 4 4 3 3
2 4 2 2 2 2 3 2 3 3 0 3 5 4 4 4 3 2 2 2 3 3 3 2 3 3 3 5 5 5 3 4 3 2
2 4 2 2 2 2 3 3 3 3 0 3 5 4 4 4 3 3 2 2 3 3 3 3 3 3 3 5 5 5 4 4 3 3
2 4 2 2 2 2 3 3 3 3 0 3 5 4 4 4 3 2 2 2 3 3 3 2 3 3 3 5 5 5 3 4 3 2
2 4 2 2 2 2 3 2 3 3 0 3 5 5 4 4 3 2 2 2 2 3 3 2 3 3 3 4 5 5 3 4 3 2
2 4 2 2 2 2 3 3 3 3 0 3 5 4 4 4 3 2 2 2 2 3 3 2 3 3 3 4 5 5 3 4 3 2
2 4 2 2 2 2 3 3 3 3 0 3 5 5 4 4 3 2 2 2 2 3 3 3 3 3 3 5 5 5 3 4 3 2
2 4 2 2 2 2 3 3 3 3 0 3 5 5 4 5 3 2 2 2 3 3 3 3 3 3 3 4 5 5 4 4 3 3
2 4 2 2 2 2 3 2 3 3 0 3 4 4 4 4 3 3 2 2 3 3 3 2 3 3 3 4 5 5 3 4 3 3
2 4 2 2 2 2 3 2 3 3 0 3 4 4 4 4 3 3 2 2 3 3 3 3 3 3 3 4 5 4 3 4 3 3
2 4 2 2 2 2 3 2 3 3 0 3 4 4 4 4 3 2 2 2 2 3 3 2 3 3 3 4 5 4 3 4 3 2
2 4 2 2 2 2 3 2 3 3 0 3 4 4 4 4 3 2 2 2 2 3 3 2 3 3 3 4 4 4 3 4 3 2
2 4 2 2 2 2 3 2 3 3 0 3 4 4 3 4 3 2 2 2 2 3 3 2 3 3 3 4 4 4 3 4 3 2
2 4 2 2 2 2 3 2 3 3 0 3 5 4 3 4 3 3 2 2 2 2 3 2 3 3 3 4 5 5 3 4 3 2
2 4 2 2 2 2 3 2 2 3 0 3 4 4 4 4 3 2 2 2 2 2 3 2 3 3 3 4 5 5 3 3 3 2
2 4 2 2 2 2 3 2 3 3 0 3 4 4 4 4 3 2 2 3 2 3 3 2 3 3 3 4 4 5 4 3 3 2
2 4 2 2 2 2 3 2 2 2 0 3 5 4 4 4 3 3 2 2 3 2 3 2 3 3 3 4 5 4 4 3 3 3
2 4 2 2 2 2 3 2 2 2 0 3 4 4 3 4 3 2 2 2 2 3 3 2 3 3 2 3 4 4 3 3 3 3
2 4 2 2 2 2 3 2 2 2 0 2 4 4 3 4 3 2 2 2 2 2 3 2 3 2 2 4 4 4 3 3 3 2
2 4 2 2 2 2 3 2 2 2 0 2 4 4 3 4 3 3 2 3 3 2 3 2 3 3 2 3 4 4 3 3 3 3
2 4 2 2 2 2 3 2 2 3 0 3 4 4 4 4 3 3 2 3 2 3 3 2 3 3 3 3 4 4 3 3 3 3
2 4 2 2 2 2 3 2 2 2 0 3 4 4 3 4 3 3 2 2 2 3 3 2 3 3 2 3 4 4 3 4 3 3
2 4 2 2 2 2 3 2 2 2 0 3 4 4 3 4 3 2 2 2 2 2 3 2 3 2 2 3 4 4 3 3 3 2
2 4 2 2 3 2 3 3 3 3 0 3 4 4 3 4 3 3 2 2 3 3 3 3 3 3 3 4 4 4 3 4 3 3
2 4 2 2 2 2 3 2 2 3 0 3 4 4 4 4 3 3 2 3 2 3 3 2 3 3 3 4 4 4 3 3 3 3
2 4 2 2 3 2 3 2 2 3 0 3 4 3 3 4 3 3 3 3 3 3 3 2 3 3 2 3 4 4 3 3 3 3
2 4 2 2 3 2 3 2 2 3 0 3 4 4 3 4 3 3 2 3 3 3 4 3 3 3 2 4 4 4 3 4 3 3
2 4 2 2 2 3 3 2 2 3 0 3 4 4 4 4 3 3 2 3 3 3 3 3 3 3 2 4 4 4 4 4 3 3
2 4 2 2 2 2 3 2 2 3 0 3 4 4 3 4 3 3 2 3 3 2 3 2 3 3 2 3 4 4 3 4 3 3
2 4 2 2 2 2 3 2 2 3 0 3 4 4 4 4 3 3 2 2 3 3 3 2 3 3 3 3 4 4 3 4 3 3
2 4 2 2 2 2 3 2 2 3 0 2 4 3 3 4 3 3 2 2 3 3 3 2 3 3 2 3 4 4 3 3 3 3
2 4 2 2 2 3 3 2 2 3 0 3 4 4 3 4 3 3 2 2 3 3 3 2 3 3 3 4 4 4 3 4 3 3
2 4 2 2 2 2 3 2 2 3 0 3 4 4 3 4 3 3 2 2 3 3 3 2 3 3 3 4 4 4 3 4 3 3
2 4 2 2 2 2 3 2 2 3 0 2 4 3 3 4 3 3 2 2 3 3 3 2 3 3 2 4 4 4 3 4 3 3
2 4 2 2 2 2 3 2 2 3 0 3 4 4 3 4 3 3 2 2 3 3 3 2 3 3 2 3 4 4 3 4 3 3
2 4 2 2 3 2 3 2 2 3 0 2 3 4 3 4 3 3 3 3 3 3 3 2 3 3 2 4 4 4 3 4 3 3
2 4 2 2 2 2 3 2 2 3 0 2 3 3 3 4 3 3 2 2 3 3 3 2 3 3 2 4 4 4 3 4 3 3
2 4 2 2 3 3 3 2 3 3 0 2 4 3 3 4 3 3 3 3 3 3 3 3 3 3 2 4 4 4 3 4 3 3
2 4 2 2 3 3 3 2 2 3 0 2 4 3 3 4 3 3 3 3 3 3 3 3 3 3 3 4 4 4 3 4 3 3
2 4 2 2 3 3 3 2 2 3 0 3 4 4 4 4 3 3 2 3 3 3 3 3 3 3 2 4 4 4 3 4 3 3
2 4 2 2 3 3 3 3 3 3 0 3 3 3 3 4 3 3 2 3 3 3 3 3 3 3 3 4 4 4 3 4 3 3
2 4 2 2 3 3 3 3 3 3 0 2 4 3 3 4 3 3 2 3 3 3 3 3 3 3 2 4 4 4 3 4 3 3
2 4 3 3 3 3 3 3 3 3 0 3 4 4 4 5 4 3 3 3 3 3 4 3 4 4 3 4 5 5 4 4 4 3
2 4 2 2 3 3 3 3 3 3 0 2 3 3 3 4 3 3 2 2 3 3 3 3 3 3 3 4 4 4 3 4 3 3
2 4 2 2 3 3 3 3 3 3 0 3 4 4 3 4 3 3 2 2 3 3 3 3 3 3 3 4 4 4 3 4 3 3
2 4 2 3 3 3 3 3 3 3 0 3 4 4 4 4 4 3 3 3 3 3 3 3 3 3 3 4 5 5 4 5 4 3
2 4 2 2 3 3 3 3 3 3 0 3 4 4 4 4 3 3 3 3 3 3 3 3 3 3 3 4 5 4 4 4 3 3
2 4 3 3 3 3 3 3 3 3 0 3 4 4 4 4 4 3 3 3 3 3 3 3 3 3 3 4 5 4 3 4 4 3
2 4 2 2 3 3 3 3 3 3 0 3 4 4 4 4 3 3 3 3 3 3 3 3 3 3 3 4 4 4 4 4 3 3
2 4 2 2 3 3 4 3 3 3 0 3 4 4 4 4 3 3 3 3 3 3 4 3 3 3 3 5 5 5 4 4 3 3
2 4 2 3 3 3 3 3 3 3 0 3 4 4 4 5 3 3 3 3 3 3 4 3 3 3 3 4 5 4 3 4 3 3
2 4 3 3 3 3 4 3 3 3 0 3 4 4 4 5 4 3 3 3 4 3 4 3 4 4 3 5 5 5 3 5 4 3
2 4 2 2 3 3 3 3 3 3 0 3 4 4 3 4 3 3 3 3 3 3 3 3 3 3 3 4 5 4 3 4 3 3
2 4 2 2 3 3 3 3 3 3 0 3 4 4 4 4 3 3 3 3 4 3 3 3 3 3 3 4 5 5 4 4 3 3
2 4 2 2 3 3 3 3 3 3 0 3 4 4 4 4 3 3 3 3 3 3 3 3 3 3 3 4 5 5 4 4 3 3
2 4 2 2 3 3 3 3 3 3 0 3 4 4 4 4 3 3 3 3 3 3 3 3 3 3 3 4 5 5 4 4 3 3
2 4 2 2 3 3 3 3 3 3 0 3 4 4 4 4 3 3 3 3 3 3 3 3 3 3 3 4 5 5 4 4 3 3
2 4 2 2 3 3 3 3 3 3 0 3 4 4 4 4 3 3 3 3 3 3 3 3 3 3 3 4 5 5 4 4 3 3
2 4 2 2 3 3 4 3 3 3 0 3 4 4 4 5 4 3 3 3 3 3 4 3 4 4 3 4 5 5 4 5 4 3
2 4 3 3 3 3 4 3 3 3 0 3 5 5 4 5 3 3 3 3 3 3 4 3 3 3 3 5 6 6 4 4 3 3
2 4 3 3 3 3 4 3 3 3 0 3 5 5 4 5 3 3 3 3 3 3 4 3 4 3 3 5 5 5 4 5 4 3
2 4 3 3 3 3 4 3 3 3 0 3 5 5 4 5 4 3 3 3 3 3 4 3 4 4 3 5 5 5 4 5 4 4
2 4 2 2 3 3 4 3 3 3 0 3 5 4 4 5 3 3 3 3 3 3 4 3 3 3 3 5 5 5 4 5 4 3
2 4 2 2 3 3 4 3 3 3 0 3 5 5 4 5 3 3 3 3 3 3 4 3 4 3 3 5 5 5 4 5 4 3
2 4 2 2 3 3 4 3 3 3 0 3 5 5 4 5 3 3 3 3 3 3 4 3 4 3 3 4 5 5 4 5 4 3
2 4 2 2 3 3 3 3 3 3 0 3 5 5 4 5 3 3 3 3 3 3 3 3 4 3 3 6 5 5 4 5 4 3
2 4 2 2 3 3 3 3 3 3 0 3 5 5 4 5 3 3 3 3 3 3 3 3 4 3 3 5 5 5 4 5 3 3
2 4 2 2 3 3 4 3 3 3 0 3 5 5 4 5 3 3 3 3 3 3 4 3 4 4 3 5 5 5 4 5 4 3
2 4 2 2 3 3 4 3 3 3 0 4 5 6 5 5 3 3 3 3 3 3 4 3 4 4 3 5 6 6 5 5 4 3
2 4 3 3 3 3 4 3 3 3 0 3 5 5 5 6 4 3 3 3 3 3 4 3 4 4 3 5 6 6 5 5 4 4
2 4 3 3 3 3 4 3 3 3 0 3 5 5 4 5 4 3 3 3 4 3 4 3 4 4 3 5 6 5 4 5 4 3
2 4 2 3 3 3 4 3 3 3 0 3 5 5 4 5 3 3 3 3 3 3 4 3 4 4 3 5 5 5 4 5 4 3
2 4 2 3 3 3 4 3 3 3 0 3 5 5 4 5 3 3 3 3 3 3 4 3 4 4 3 5 5 5 4 5 4 3
2 4 2 2 3 3 4 3 3 3 0 3 5 5 4 5 3 3 3 3 3 3 4 3 4 4 3 5 6 6 4 5 3 3
2 4 3 3 3 3 4 3 3 3 0 3 5 5 4 5 3 3 3 3 3 3 5 3 4 4 3 5 6 5 4 5 3 3
2 4 2 2 3 3 4 3 3 3 0 3 5 5 4 5 3 3 3 3 3 3 4 3 4 4 3 5 6 6 4 5 3 3
2 4 2 2 3 3 4 3 3 3 0 3 5 5 4 5 3 3 3 3 3 3 4 3 4 4 3 5 6 5 5 5 3 3
2 4 2 2 3 3 4 3 3 3 0 3 5 5 4 5 3 3 3 3 3 3 4 3 4 4 3 5 6 5 4 5 3 3
2 4 2 2 3 3 4 3 3 3 0 3 5 5 4 5 3 3 3 3 3 3 4 3 4 4 3 5 6 6 4 5 3 3
2 4 2 2 3 3 4 3 3 3 0 3 5 5 5 6 4 3 3 3 3 3 4 3 4 4 3 5 6 5 4 5 4 3
2 4 2 2 3 3 4 3 3 3 0 3 5 5 4 5 4 3 3 3 3 3 4 3 5 4 3 5 6 5 4 5 3 3
2 4 3 3 3 3 4 3 3 3 0 3 5 5 4 5 4 3 3 3 4 4 5 4 4 4 3 5 6 5 4 5 4 3
2 4 2 3 3 3 4 3 3 3 0 3 5 5 4 5 3 3 3 3 3 3 4 3 4 4 3 5 6 5 4 5 3 3
2 4 2 3 3 3 4 3 3 3 0 3 5 5 4 5 4 3 3 3 3 3 4 3 4 4 3 5 5 5 4 5 4 3
2 4 2 3 3 3 4 3 3 3 0 3 5 5 4 5 4 3 3 3 4 4 5 3 4 4 3 5 6 6 4 5 4 3
2 4 3 3 3 3 4 3 3 3 0 3 5 5 5 5 4 3 3 3 3 3 5 3 4 4 3 5 6 6 4 5 4 3
2 4 3 3 3 3 4 3 3 3 0 3 5 4 5 5 4 3 3 3 3 4 5 3 4 4 3 5 6 5 4 5 4 3
2 4 3 3 3 3 4 3 3 3 0 3 5 4 4 5 4 3 3 3 3 3 4 4 4 3 3 5 5 5 4 5 4 4
2 4 2 3 3 3 4 3 3 3 0 4 5 5 5 5 3 3 3 3 3 4 4 3 4 4 3 5 5 5 5 5 3 3
2 4 2 3 3 3 4 4 3 3 0 4 5 5 5 5 3 3 3 3 3 4 4 4 4 4 4 5 6 6 5 5 3 3
2 4 2 3 3 3 4 3 3 3 0 3 5 4 5 5 3 3 3 3 3 4 4 4 4 4 3 5 6 6 4 5 3 3
2 4 2 3 3 3 4 3 3 3 0 3 5 5 5 5 4 3 3 3 4 4 5 4 4 4 3 5 6 5 4 5 3 3
2 4 3 3 4 4 4 4 3 3 0 3 5 5 5 5 4 4 3 3 4 4 5 4 4 4 4 5 6 6 4 5 4 3
2 4 3 3 3 3 4 3 3 3 0 3 5 5 5 5 4 3 3 3 4 4 5 4 4 4 4 5 6 6 4 5 3 3
2 4 3 3 3 3 4 3 3 3 0 4 5 5 5 5 4 3 3 3 4 4 5 4 4 4 3 5 6 6 5 5 3 3
2 4 3 3 3 3 4 3 3 3 0 3 5 5 5 5 4 3 3 3 4 4 5 4 4 4 3 5 6 6 4 4 3 3
2 4 2 3 3 3 4 3 3 3 0 4 5 5 5 5 3 3 3 3 3 4 5 4 4 4 3 5 6 6 4 4 3 3
2 4 3 3 3 3 4 3 3 3 0 3 5 5 5 5 4 3 3 3 3 4 5 4 4 4 3 5 6 6 4 5 4 3
2 4 3 3 3 3 4 3 3 3 0 3 5 5 5 5 3 3 3 3 3 4 5 4 4 4 3 5 6 6 4 4 3 3
2 4 3 3 3 3 4 4 3 3 0 4 6 5 5 5 4 3 3 3 4 4 5 4 4 4 3 5 6 7 5 5 3 3
2 4 3 3 3 3 4 3 3 3 0 4 5 5 5 5 3 3 3 3 3 4 5 4 4 4 3 5 6 6 4 4 3 3
2 4 3 3 3 3 4 3 3 3 0 3 5 5 4 5 4 3 3 3 3 4 5 3 4 4 3 5 6 6 4 5 3 3
2 4 3 3 4 3 4 3 3 3 0 3 5 5 5 6 4 3 3 3 4 4 5 4 4 4 4 5 6 6 4 5 4 3
2 4 3 3 4 3 4 3 3 3 0 3 5 5 4 5 4 3 3 3 4 4 5 3 4 4 3 5 6 6 4 5 4 3
2 4 3 3 3 4 4 3 3 3 0 3 5 5 4 5 4 3 3 3 4 4 5 3 4 4 3 5 6 6 4 5 3 3
2 4 3 3 3 3 4 3 3 3 0 3 5 5 4 5 4 3 3 3 4 4 5 3 4 4 3 5 6 5 4 4 3 3
2 4 3 3 3 3 4 3 3 3 0 3 5 5 5 5 4 3 3 3 4 4 5 3 4 4 3 5 6 6 4 5 3 3
2 4 3 3 3 3 4 3 3 3 0 4 6 5 5 5 3 3 3 3 4 4 5 3 4 4 4 5 6 6 4 4 3 3
2 4 3 3 4 3 4 4 3 3 0 4 5 5 4 5 3 3 3 3 4 4 5 3 4 4 4 6 6 6 4 4 3 3
2 4 3 3 3 3 4 3 3 3 0 3 6 5 4 5 4 3 3 3 3 4 5 3 4 4 4 6 6 6 4 5 3 3
2 4 3 3 3 3 4 3 3 3 0 3 5 5 5 5 4 3 3 3 3 4 5 4 4 4 3 5 6 6 5 5 4 3
2 4 3 3 3 3 4 3 3 3 0 3 5 5 4 5 4 3 3 3 4 4 5 4 4 4 4 6 6 6 4 5 4 3
2 4 3 3 4 3 4 3 3 3 0 3 5 5 4 5 4 3 3 3 4 4 4 3 4 4 3 5 6 6 4 5 3 3
2 4 3 3 3 3 4 3 3 3 0 3 5 5 4 5 3 3 3 3 3 4 4 3 4 4 3 5 6 5 4 5 3 3
2 4 3 3 3 3 4 3 3 3 0 3 5 5 4 5 3 3 3 3 3 4 5 3 4 4 3 5 6 5 4 5 3 3
2 4 3 3 3 3 4 3 3 3 0 4 5 5 5 5 3 3 3 3 3 4 4 3 4 4 4 5 6 5 4 5 3 3
2 4 3 3 3 3 4 4 4 4 0 4 6 5 5 6 4 3 3 3 3 4 4 3 4 4 4 6 6 6 5 5 4 3
2 4 3 3 3 3 4 3 3 3 0 4 5 5 5 5 4 3 3 3 3 3 4 3 4 4 4 5 6 6 5 5 3 3
2 4 3 3 4 3 4 3 3 3 0 3 5 5 5 5 4 3 3 3 4 4 4 3 4 3 3 5 6 5 4 5 3 3
2 4 3 3 3 3 4 3 3 3 0 3 5 5 4 6 4 3 3 3 3 3 4 3 4 3 3 5 6 5 4 5 3 3
2 4 3 3 3 3 4 3 3 3 0 3 5 5 4 5 3 3 3 3 3 4 4 3 4 3 3 5 5 5 4 5 3 3
2 4 3 3 3 3 4 3 3 3 0 3 5 5 4 5 3 3 3 3 3 4 4 3 4 3 4 5 5 5 4 5 3 3
2 4 3 3 3 3 4 3 3 3 0 3 5 5 4 5 4 3 3 3 3 3 5 3 4 3 3 5 6 6 4 5 3 3
2 4 3 3 3 3 3 3 3 3 0 4 5 5 4 5 4 3 3 3 3 3 4 3 4 4 4 5 6 5 4 5 4 3
2 4 3 3 3 3 4 3 3 3 0 4 6 6 5 5 4 3 3 3 3 3 4 3 4 3 4 5 6 5 5 5 3 3
2 4 3 3 3 3 4 3 3 3 0 3 5 5 4 5 4 3 3 3 3 3 4 3 4 3 4 5 6 5 4 5 4 3
2 4 3 3 3 3 4 3 3 3 0 3 5 5 5 5 4 3 3 3 3 3 4 3 5 3 3 5 6 5 5 5 3 3
2 4 3 3 3 3 4 3 4 3 0 4 6 6 5 6 4 4 3 3 3 3 4 3 5 4 4 6 6 6 5 6 4 3
2 4 3 3 3 3 4 3 3 3 0 3 5 5 4 5 4 3 3 3 3 3 4 3 4 4 4 5 6 5 4 5 4 3
2 4 3 3 3 3 3 3 3 3 0 3 5 5 5 6 4 3 3 3 3 3 4 3 4 3 3 5 5 5 4 5 4 3
2 4 2 2 3 3 3 3 3 3 0 4 5 5 4 5 3 3 3 3 3 3 4 3 4 3 3 5 6 5 4 5 3 3
2 4 2 2 3 3 3 3 3 3 0 3 5 5 4 5 3 3 3 3 3 3 4 3 4 3 3 5 5 5 4 5 3 3
2 4 2 2 3 3 3 3 3 3 0 3 5 5 4 5 3 3 3 3 3 4 4 3 4 3 3 5 5 5 4 5 3 3
2 4 2 2 3 3 3 3 3 3 0 3 5 5 4 5 3 3 3 3 3 3 4 3 4 3 3 5 5 5 4 5 3 3
2 4 2 2 3 3 4 3 3 3 0 3 6 6 5 5 3 3 3 3 3 3 4 3 4 3 4 5 6 6 5 5 3 3
2 4 2 2 3 3 3 3 3 3 0 3 5 5 4 5 3 3 3 3 3 3 4 3 4 3 4 5 5 5 4 5 3 3
2 4 2 2 3 3 3 3 3 3 0 4 5 5 5 5 4 3 3 3 3 3 4 3 4 4 4 4 5 5 5 5 3 3
2 4 2 2 3 3 3 3 3 3 0 4 5 5 5 5 4 3 3 3 3 3 4 3 4 3 3 4 5 5 5 5 4 3
2 4 3 2 3 3 3 3 3 3 0 3 5 5 4 5 4 3 3 3 3 3 4 3 4 3 3 4 5 5 4 5 4 3
2 4 2 2 3 3 3 3 3 3 0 3 5 5 4 5 3 3 3 3 3 3 4 3 4 4 3 5 5 5 4 5 3 3
2 4 2 2 3 3 3 3 3 3 0 3 5 5 4 5 3 3 3 3 3 3 4 3 4 4 3 5 5 5 4 5 3 3
2 4 2 2 3 3 3 3 3 3 0 3 5 5 4 5 3 3 3 3 3 3 4 3 4 3 3 5 5 5 4 5 3 3
2 4 2 2 3 3 4 3 3 3 0 3 5 5 5 6 4 3 3 3 3 3 4 3 4 3 3 5 6 5 4 5 4 3
2 4 2 2 3 3 3 3 3 3 0 3 5 5 4 4 3 3 3 3 3 3 4 3 4 3 3 5 5 5 4 4 3 3
2 4 2 2 3 3 3 3 3 3 0 3 5 5 4 5 3 3 3 3 3 3 4 3 4 3 3 5 5 5 4 5 3 3
2 4 2 3 3 3 3 3 3 3 0 3 5 5 4 5 3 3 3 3 3 3 4 3 4 4 4 5 5 5 4 5 3 3
2 4 2 2 3 3 4 3 3 3 0 3 5 5 5 5 3 3 3 3 3 3 4 3 4 4 3 5 5 5 4 5 3 3
2 4 2 2 3 3 4 3 3 3 0 3 5 5 4 4 3 3 3 3 3 3 4 3 4 4 3 5 5 5 4 4 3 3
2 4 3 2 3 3 3 3 3 3 0 3 5 5 4 4 3 3 3 3 3 3 4 3 4 4 3 5 5 5 4 4 3 3
2 4 2 2 3 3 3 3 3 3 0 3 5 5 4 4 3 3 3 3 3 3 4 3 4 4 3 5 5 5 4 4 3 3
2 4 2 2 3 3 4 3 3 3 0 3 5 5 4 4 3 3 3 3 3 3 5 3 4 4 3 5 5 5 4 4 3 3
2 4 2 2 3 3 3 3 3 3 0 3 5 5 4 4 3 3 2 3 3 3 4 3 4 4 3 5 5 5 4 4 3 3
2 4 2 2 3 3 3 3 3 3 0 3 4 4 4 4 3 3 2 3 3 3 4 3 4 3 3 5 5 5 4 4 3 3
2 4 2 2 3 3 3 3 3 3 0 3 4 4 4 4 3 3 2 3 3 3 4 3 4 3 3 5 5 5 4 4 3 3
2 4 2 2 3 3 3 3 4 3 0 3 4 4 4 4 3 2 2 2 3 3 4 3 6 4 3 5 5 5 4 4 3 2
2 4 2 2 3 3 3 3 3 3 0 3 5 5 4 4 3 3 2 2 3 3 4 3 4 4 3 5 6 5 4 4 3 3
2 4 2 2 3 2 3 3 3 3 0 3 4 4 4 4 3 2 2 2 3 3 3 3 3 3 3 5 5 5 4 4 3 2
2 4 2 2 3 2 3 3 3 3 0 3 5 5 4 4 3 2 2 2 3 3 3 3 3 3 3 5 5 5 4 4 3 2
2 4 2 2 3 2 3 3 3 3 0 3 4 4 4 4 3 2 2 2 3 3 3 3 4 3 3 4 5 5 4 4 3 2
2 4 2 2 3 2 3 3 3 3 0 3 4 4 4 4 3 2 2 2 3 3 3 3 4 3 3 5 5 5 4 4 3 2
2 4 2 2 3 3 3 3 3 3 0 3 4 4 4 4 3 3 2 3 3 3 3 3 4 3 3 5 5 5 4 4 3 3
2 4 3 3 3 3 4 3 3 3 0 3 5 4 4 5 4 3 3 3 3 3 4 3 4 4 3 5 5 5 3 4 4 3
2 4 2 2 3 3 3 3 3 3 0 3 5 4 4 5 3 3 2 3 3 3 3 3 4 3 3 5 5 5 3 4 3 3
2 4 2 2 3 3 3 3 3 3 0 3 5 4 4 4 3 3 2 3 3 3 3 3 4 3 3 5 5 5 3 4 3 3
2 4 2 2 3 3 3 3 3 3 0 3 4 4 4 4 3 3 3 3 3 3 4 3 4 3 3 5 5 4 3 4 3 3
2 4 2 2 3 3 3 3 3 3 0 3 4 4 4 4 3 3 3 3 3 3 3 3 4 3 3 5 5 4 3 4 3 3
2 4 2 2 3 3 3 3 3 3 0 3 5 5 4 4 3 3 2 3 3 3 3 3 4 4 3 5 5 5 3 4 3 3
2 4 2 2 3 3 3 3 3 3 0 3 5 5 5 5 3 3 2 3 3 3 3 3 4 3 3 5 6 5 4 4 3 3
2 4 2 2 3 3 3 3 3 3 0 3 5 4 4 5 3 3 2 3 3 3 3 3 4 3 3 5 6 5 4 4 3 3
2 4 2 2 3 3 3 3 3 3 0 3 5 4 5 5 3 3 3 3 3 3 3 3 4 3 3 5 5 5 3 4 3 3
2 4 2 2 3 3 3 3 3 3 0 3 5 4 4 5 3 3 2 3 3 3 4 3 3 3 3 5 5 5 3 4 3 3
2 4 2 2 3 3 3 2 3 3 0 3 4 4 4 4 3 3 3 3 3 3 3 2 3 3 3 4 5 5 3 4 3 3
2 4 2 2 3 3 3 2 3 3 0 3 4 4 4 4 3 3 3 3 3 3 3 2 3 3 3 4 5 5 3 4 3 3
2 4 2 2 3 3 3 3 3 3 0 3 4 4 4 4 3 3 3 3 3 3 3 3 4 3 3 4 5 5 3 4 3 3
2 4 2 2 3 3 3 3 3 3 0 3 5 5 5 6 4 3 3 3 3 3 3 3 3 3 3 5 5 5 4 5 4 4
2 4 2 2 3 3 3 2 2 3 0 3 5 4 4 5 3 3 3 3 3 3 3 2 3 3 3 4 5 5 4 4 3 3
2 4 2 3 3 3 3 3 3 3 0 3 5 4 4 5 4 3 3 3 3 3 3 3 3 3 3 5 5 5 4 4 4 3
2 4 2 2 3 2 3 2 3 3 0 3 5 5 5 5 3 3 3 3 3 3 3 2 3 3 3 5 5 5 4 4 3 3
2 4 2 2 3 3 3 2 3 3 0 3 5 4 5 5 3 3 2 3 3 3 3 2 3 3 3 5 5 5 4 4 3 3
2 4 2 2 3 2 3 2 3 3 0 3 5 4 5 5 3 3 2 3 3 3 3 2 3 3 3 5 5 5 4 4 3 3
2 4 2 2 3 2 3 2 3 3 0 3 5 5 5 5 3 3 2 3 3 3 3 2 3 3 3 5 5 5 4 5 3 3
2 4 2 2 3 3 3 2 3 3 0 3 5 4 4 5 3 3 3 3 3 3 3 2 3 3 3 5 5 5 4 4 3 3
3 0 2 2 3 3 3 2 3 3 0 3 5 4 4 5 3 3 3 3 3 3 3 2 3 3 3 5 5 5 4 4 3 3
2 3 9 9 10 9 10 8 7 7 0 7 9 8 8 10 12 11 11 11 10 9 11 9 9 8 7 10 11 9 8 10 11 11
2 3 9 9 11 9 10 9 8 8 0 7 9 8 9 11 12 11 11 11 10 10 11 9 9 8 8 10 11 9 8 11 11 11
2 3 9 9 10 9 11 8 8 7 0 7 9 8 8 10 11 11 11 11 10 10 11 9 9 8 7 10 11 9 7 10 11 11
2 3 9 9 11 9 11 9 8 8 0 7 9 8 9 10 12 11 11 12 10 10 12 9 9 9 8 10 12 10 8 11 11 11
2 3 9 9 10 9 10 9 8 8 0 7 9 8 8 10 11 11 11 11 10 10 11 9 9 8 8 10 12 9 8 10 11 11
2 3 10 10 12 10 11 9 9 8 0 8 10 8 9 12 13 12 12 13 12 11 12 10 10 9 8 11 13 10 8 12 12 12
2 3 8 8 9 8 10 7 7 6 0 6 8 6 7 9 9 9 9 10 9 9 10 8 7 7 6 8 10 8 6 9 9 10
2 3 8 8 9 8 10 8 7 7 0 6 8 6 7 9 10 9 9 10 9 9 10 8 8 7 6 8 10 8 6 9 10 10
2 3 10 10 12 10 11 9 8 8 0 7 10 8 8 10 11 11 12 13 11 10 11 9 9 8 7 10 13 10 8 10 11 11
2 3 6 7 8 7 9 7 6 6 0 5 7 6 6 8 8 8 8 9 8 8 10 7 7 6 6 7 8 7 6 8 8 9
2 3 7 7 8 8 9 7 6 6 0 6 7 6 7 8 9 9 8 9 9 8 10 8 7 7 6 8 9 7 6 8 9 9
2 3 7 7 8 7 9 7 6 6 0 5 7 6 6 7 8 8 8 9 8 8 10 7 7 6 6 7 8 7 6 7 8 9
2 3 6 7 8 7 9 7 6 6 0 6 7 6 6 8 8 8 8 9 9 9 10 7 7 7 6 7 8 7 6 8 8 9
2 3 6 7 8 7 9 7 6 6 0 6 7 6 6 7 8 8 8 9 8 8 9 7 7 7 6 7 8 7 6 7 8 9
2 3 6 6 7 7 8 6 6 6 0 5 6 5 6 7 8 7 7 9 8 8 9 7 7 6 6 7 8 6 5 7 7 8
2 3 6 6 7 7 8 6 5 5 0 5 6 5 5 7 7 7 7 8 7 7 9 6 6 6 5 6 7 6 5 6 7 8
2 3 6 6 7 7 8 6 5 5 0 5 6 5 6 7 7 7 7 8 7 7 9 6 6 6 5 7 8 6 5 7 8 9
2 3 6 6 7 7 8 7 6 5 0 5 6 5 6 7 7 7 7 8 7 7 9 7 6 6 5 7 7 6 5 7 7 8
2 3 6 6 7 6 8 6 5 5 0 5 6 5 6 7 8 8 7 7 7 7 9 6 6 6 5 7 8 6 5 7 7 8
2 3 5 5 6 6 8 6 5 5 0 4 5 4 5 6 6 6 6 7 7 7 8 6 6 5 5 6 6 5 4 6 7 8
2 3 6 6 7 6 8 6 5 5 0 4 6 5 5 6 7 6 7 8 7 7 9 6 6 6 5 6 7 6 4 6 7 8
2 3 6 6 6 6 8 6 5 5 0 4 6 5 5 6 7 6 7 7 7 7 9 6 6 6 5 6 7 6 5 6 7 8
2 3 5 5 6 6 7 5 5 5 0 4 5 5 5 6 6 6 6 7 7 7 8 6 6 5 5 6 6 5 4 5 6 8
2 3 5 5 6 6 7 5 5 5 0 4 6 5 5 6 6 6 6 7 7 7 7 6 6 5 5 6 7 6 5 6 7 8
2 3 5 5 6 6 7 5 5 4 0 4 5 4 5 6 6 6 6 7 6 6 7 5 5 5 4 5 7 5 4 5 7 7
2 3 5 5 6 6 7 5 5 4 0 4 5 4 5 5 6 6 6 7 7 6 7 5 5 5 4 5 7 5 4 5 6 7
2 3 5 5 6 6 8 5 5 5 0 4 5 4 5 6 7 7 6 7 7 7 9 6 5 5 5 6 7 5 4 6 7 8
2 3 5 6 6 6 7 5 5 5 0 4 5 4 5 5 6 6 6 7 7 7 8 6 5 5 4 5 7 5 4 5 7 7
2 3 5 5 6 6 8 5 5 5 0 4 5 4 5 5 6 6 6 7 7 7 9 6 6 5 5 6 7 5 4 5 7 8
2 3 4 5 6 5 7 5 4 4 0 4 5 4 4 5 7 6 5 7 6 6 7 5 5 5 4 5 6 5 4 5 6 7
2 3 5 5 6 6 7 5 5 4 0 4 5 4 4 5 6 6 6 7 7 7 8 6 5 5 4 5 7 5 4 5 7 7
2 3 4 4 5 5 6 5 4 4 0 4 5 4 4 5 6 6 6 6 6 6 7 5 5 5 4 5 6 5 4 5 6 7
2 3 5 5 6 5 7 5 5 5 0 4 5 5 5 5 6 6 6 6 6 6 7 5 5 5 4 5 6 5 4 5 6 8
2 3 5 5 6 5 7 5 4 4 0 4 5 4 4 5 6 7 6 7 6 6 7 5 5 5 4 5 6 5 4 5 6 7
2 3 5 5 6 5 6 5 4 4 0 4 5 4 5 5 7 7 6 7 6 6 7 5 5 5 4 5 6 5 4 6 7 8
2 3 5 5 5 5 6 4 4 4 0 4 5 4 4 5 6 6 6 6 6 5 7 5 5 4 4 5 6 5 4 5 6 7
2 3 4 5 6 5 6 5 4 4 0 4 5 4 4 5 6 6 6 6 6 6 7 5 5 4 4 5 6 5 4 5 6 7
2 3 5 5 5 5 7 5 4 4 0 4 5 4 4 5 6 6 6 6 6 6 8 6 5 4 4 5 7 5 4 5 6 7
2 3 4 5 5 5 6 5 4 4 0 4 5 4 4 5 6 6 6 6 6 6 7 5 5 4 4 5 6 5 4 5 6 7
2 3 4 4 5 5 6 5 4 4 0 4 5 4 4 5 6 6 6 6 6 6 7 5 5 4 4 5 7 5 4 5 6 7
2 3 4 4 5 5 6 4 4 4 0 4 5 4 4 5 6 6 5 6 6 6 7 5 5 4 4 5 6 5 4 5 6 7
2 3 5 5 6 5 6 5 4 4 0 4 5 5 5 6 7 7 6 6 6 6 7 5 5 5 4 6 7 5 5 6 7 8
2 3 5 5 5 5 6 5 4 4 0 4 5 4 4 5 6 6 6 6 6 6 7 5 5 4 4 5 6 5 4 5 6 7
2 3 5 5 6 5 7 5 4 4 0 4 5 4 4 5 6 6 6 6 6 6 7 5 5 5 4 5 7 5 4 5 6 7
2 3 4 4 5 5 6 4 4 4 0 3 4 4 4 5 6 6 5 6 5 5 7 5 5 4 4 5 6 5 4 5 5 6
2 3 4 4 5 5 6 4 4 4 0 3 5 4 4 5 6 6 5 6 5 5 6 5 5 4 4 5 6 5 4 5 6 6
2 3 5 5 6 5 6 5 4 4 0 4 5 4 5 6 7 6 6 6 6 6 7 6 5 5 4 5 7 5 4 6 7 8
2 3 5 5 6 5 6 5 4 4 0 4 5 4 5 6 6 6 6 6 6 6 7 5 5 5 4 5 7 5 4 5 6 7
2 3 5 5 6 5 6 5 4 4 0 4 5 4 5 6 6 7 6 6 6 6 7 5 5 5 4 5 7 5 4 5 6 8
2 3 5 5 6 5 6 5 4 4 0 4 5 4 5 6 7 7 6 6 6 6 7 5 5 5 4 5 7 5 4 5 6 8
2 3 5 5 6 5 6 5 4 4 0 4 5 4 4 6 6 7 6 7 6 6 7 5 5 5 4 5 7 5 4 5 6 7
2 3 4 5 6 5 6 4 4 4 0 4 5 4 4 5 6 7 5 6 7 6 7 5 5 4 4 5 6 5 4 5 6 7
2 3 4 5 6 5 6 5 4 4 0 4 5 4 5 6 6 7 5 6 6 6 7 5 5 4 4 5 6 5 4 5 6 8
2 3 5 5 6 6 7 6 5 5 0 4 6 5 6 7 8 8 6 7 7 6 7 6 6 5 5 6 7 6 5 6 7 9
2 3 5 6 6 6 7 5 5 5 0 4 5 5 5 6 8 8 7 7 7 7 8 6 5 5 4 6 7 6 5 6 7 9
2 3 5 5 6 5 6 5 4 4 0 4 5 4 5 6 6 6 6 6 6 6 7 5 5 5 4 5 6 5 4 6 6 8
2 3 4 5 6 5 6 5 4 4 0 4 5 4 5 6 6 6 5 6 6 6 7 5 5 5 4 5 6 5 4 5 6 8
2 3 5 5 6 5 6 5 4 4 0 4 5 4 5 6 7 7 6 6 7 6 7 5 5 5 4 5 6 5 4 6 6 7
2 3 4 5 6 5 6 5 4 4 0 4 5 4 4 6 7 7 5 6 6 6 6 5 5 5 4 5 6 5 4 5 6 7
2 3 4 5 6 5 6 4 4 4 0 4 5 4 4 6 7 6 5 6 6 6 7 5 5 4 4 5 6 5 4 5 6 7
2 3 4 4 6 5 6 4 4 4 0 4 5 4 4 5 6 6 5 5 6 6 7 5 5 4 4 5 6 4 4 5 6 7
2 3 4 4 6 5 6 4 4 4 0 3 5 4 4 5 6 6 5 6 6 6 6 5 5 4 4 5 6 4 4 5 5 6
2 3 4 5 6 5 6 5 4 4 0 4 5 4 4 5 6 6 5 6 6 6 7 5 5 4 4 5 6 5 4 5 6 7
2 3 4 5 6 5 6 5 4 4 0 4 5 4 5 6 7 7 5 6 6 6 7 5 5 4 4 5 6 5 4 5 6 7
2 3 5 5 6 6 7 5 5 5 0 4 5 5 5 6 7 7 5 6 7 6 7 6 5 5 4 5 6 5 5 6 6 7
2 3 5 5 6 5 6 5 4 4 0 4 5 5 5 6 7 7 5 6 7 6 7 5 5 5 4 5 6 5 5 6 6 7
2 3 4 5 6 5 6 5 4 4 0 4 5 4 5 6 6 6 5 6 7 6 7 5 5 5 4 5 6 5 4 5 6 7
2 3 4 5 6 5 6 5 4 4 0 4 5 4 5 6 7 7 5 6 7 6 7 5 5 5 4 5 6 5 4 5 6 7
2 3 4 5 6 5 6 5 4 4 0 4 5 4 5 6 6 6 5 6 6 6 7 5 5 5 4 5 6 5 4 5 6 7
2 3 4 5 6 5 6 5 4 4 0 4 5 4 4 6 6 6 5 5 6 6 7 5 5 4 4 5 5 5 4 5 6 7
2 3 5 5 6 5 6 5 4 4 0 4 5 4 5 6 7 7 6 6 7 6 7 5 5 5 4 5 6 5 4 6 6 8
2 3 4 4 6 5 6 5 4 4 0 3 5 4 4 5 6 6 5 6 6 6 7 5 5 4 4 5 6 5 4 5 6 7
2 3 4 5 6 5 6 5 4 4 0 3 5 4 4 6 7 7 5 6 7 6 7 5 5 5 4 5 6 5 4 5 6 7
2 3 4 5 6 5 6 5 5 4 0 4 5 4 4 5 6 6 5 6 7 6 7 5 5 5 4 5 6 5 4 6 6 7
2 3 4 4 6 5 6 5 4 4 0 3 4 4 4 5 6 6 6 6 6 6 7 5 5 4 4 5 6 4 4 5 6 7
2 3 4 4 5 4 6 4 4 4 0 3 4 4 4 5 6 6 5 6 6 6 7 5 5 4 4 4 5 4 4 5 5 7
2 3 5 5 6 5 6 5 5 5 0 3 4 4 5 6 7 7 6 7 7 6 7 5 5 5 4 5 6 5 4 6 7 7
2 3 4 4 6 5 6 5 4 4 0 3 4 4 4 5 6 6 5 6 7 6 7 5 5 5 4 5 5 4 4 5 6 7
2 3 4 4 5 5 6 5 4 4 0 3 4 4 4 5 6 6 5 6 6 6 7 5 5 4 4 5 5 4 4 5 6 7
2 3 4 4 5 5 6 5 4 4 0 3 4 4 4 5 6 6 5 6 6 6 7 5 5 5 4 5 5 4 4 5 6 6
2 3 4 5 5 5 6 5 4 4 0 4 5 4 4 5 6 6 5 6 6 6 7 5 5 5 4 5 5 5 4 5 6 7
2 3 4 5 6 5 6 5 4 4 0 4 5 4 4 5 6 6 5 6 6 6 7 5 5 5 4 5 6 5 4 5 6 6
2 3 4 4 5 5 6 5 4 4 0 4 4 4 4 5 6 6 5 6 6 6 7 5 5 4 4 5 5 4 4 5 5 6
2 3 4 4 5 5 6 5 4 4 0 3 4 4 4 5 6 6 5 6 6 6 7 5 5 4 4 5 5 4 4 5 5 6
2 3 4 4 5 5 6 5 4 4 0 3 4 4 4 5 6 6 5 6 6 6 7 5 5 4 4 5 5 4 4 5 5 7
2 3 5 5 6 6 6 5 5 5 0 4 5 5 5 6 7 7 6 6 6 7 8 6 5 5 5 5 6 5 5 6 7 8
2 3 4 5 6 5 6 5 4 4 0 4 4 4 4 5 7 6 5 6 6 6 7 5 5 5 4 5 6 5 4 5 6 7
2 3 4 5 6 5 6 5 4 4 0 4 5 4 4 5 6 6 5 6 6 6 7 5 5 5 4 5 6 5 4 5 6 7
2 3 5 5 6 5 6 5 5 5 0 4 5 4 5 5 6 6 6 7 6 6 7 5 5 5 4 5 6 5 4 5 6 7
2 3 4 5 6 5 6 5 4 4 0 4 5 4 5 5 6 6 5 6 6 6 7 5 5 5 4 5 6 5 4 5 6 7
2 3 5 5 6 6 6 5 4 4 0 4 5 4 5 5 6 6 5 6 6 6 7 5 5 5 4 5 6 5 4 5 6 7
2 3 4 5 6 5 6 5 4 4 0 4 5 4 4 6 6 6 5 6 6 6 7 5 5 5 4 5 6 5 4 5 6 7
2 3 4 4 5 5 6 4 4 4 0 3 5 4 4 5 6 6 5 6 6 6 7 5 5 4 4 5 6 5 4 5 6 7
2 3 4 4 5 5 6 4 4 4 0 3 5 4 4 5 6 6 5 6 6 6 7 5 5 4 4 5 6 4 4 5 6 7
2 3 4 4 5 5 6 5 4 4 0 3 5 4 4 5 6 6 5 6 5 6 7 5 5 4 4 5 6 5 4 5 6 7
2 3 5 5 5 5 6 5 4 4 0 4 5 4 5 5 7 6 5 6 6 6 7 5 5 4 4 5 6 5 4 5 7 7
2 3 5 5 6 5 6 5 4 4 0 4 5 4 5 5 7 6 5 6 6 6 7 5 5 5 4 5 6 5 4 6 6 8
2 3 5 5 6 5 6 5 5 5 0 4 5 5 5 6 7 6 6 7 6 6 7 5 5 5 5 6 7 6 5 6 7 8
2 3 5 5 6 5 6 5 4 4 0 4 5 4 5 6 6 6 6 7 6 6 7 5 5 5 4 6 6 5 4 6 6 7
2 3 4 5 6 5 6 5 4 4 0 4 5 4 5 6 7 6 5 6 6 6 7 5 5 5 4 5 6 5 4 5 6 7
2 3 4 5 6 5 6 5 4 4 0 4 5 4 5 6 7 6 5 6 6 6 7 5 5 5 4 5 6 5 4 6 6 7
2 3 4 5 6 5 6 5 4 4 0 4 5 4 4 6 6 6 5 6 6 6 7 5 5 5 4 5 6 5 4 6 6 7
2 3 4 4 6 5 6 5 4 4 0 4 5 4 4 5 6 6 5 6 6 6 7 5 5 5 4 5 6 5 4 5 6 7
2 3 4 5 6 5 6 5 4 4 0 4 5 4 4 5 6 6 5 6 6 6 7 5 5 4 4 5 6 5 4 5 6 7
2 3 4 5 6 5 6 5 5 4 0 4 5 4 5 6 6 6 5 6 6 6 7 5 5 5 4 5 6 5 4 5 6 7
2 3 4 5 6 5 6 5 4 4 0 4 5 4 5 5 6 6 5 5 6 6 7 5 5 5 4 5 6 5 4 5 6 7
2 3 4 4 5 5 6 4 4 4 0 3 5 4 4 5 6 6 5 5 5 5 6 5 4 4 4 5 6 5 4 5 6 7
2 3 4 4 6 5 6 5 4 4 0 3 5 4 4 5 6 6 5 5 6 5 7 5 5 4 4 5 6 5 4 5 6 7
2 3 5 5 6 5 7 5 5 4 0 4 6 4 5 6 7 7 6 6 6 6 7 5 5 5 4 6 7 5 4 6 7 7
2 3 5 5 6 5 6 5 4 4 0 4 5 4 5 6 6 6 5 6 6 6 7 5 5 5 4 5 7 5 4 6 6 7
2 3 4 5 6 6 7 5 4 4 0 4 5 4 5 6 6 6 5 6 6 6 7 5 5 5 4 5 6 5 4 6 6 7
2 3 4 4 6 5 6 5 4 4 0 4 5 4 4 5 6 6 5 6 6 6 7 5 5 4 4 5 6 5 4 5 6 7
2 3 4 4 6 5 6 5 4 4 0 4 5 4 4 5 6 6 5 6 6 6 7 5 5 4 4 5 6 5 4 5 6 7
2 3 5 5 6 5 6 5 5 4 0 4 5 4 5 6 6 6 5 6 6 6 7 5 5 5 4 5 6 5 4 6 7 7
2 3 4 5 6 5 6 5 4 4 0 4 5 4 4 5 6 6 5 6 6 6 6 5 5 4 4 5 6 5 4 5 6 6
2 3 4 5 6 5 6 5 4 4 0 4 5 4 4 5 6 6 5 6 6 5 6 5 5 4 4 5 6 5 4 5 6 6
2 3 4 5 6 5 6 5 4 4 0 4 5 4 4 5 6 6 5 6 6 5 6 5 5 4 4 5 6 5 4 5 6 6
2 3 4 4 6 5 6 4 4 4 0 4 5 4 4 5 6 6 5 6 6 5 7 5 5 4 4 5 6 5 4 5 6 6
2 3 4 4 5 5 6 5 4 4 0 3 5 4 4 5 6 6 5 6 6 5 6 5 5 4 4 5 6 4 4 5 6 6
2 3 4 5 6 5 6 5 4 4 0 3 5 4 4 5 6 5 5 6 6 5 7 5 5 4 4 5 6 5 4 5 6 6
2 3 4 5 6 5 6 5 4 4 0 4 5 4 4 5 6 6 5 6 6 5 7 5 5 4 4 5 6 5 4 5 6 7
2 3 4 4 6 5 6 5 4 4 0 3 5 4 4 5 6 6 5 6 6 6 7 5 5 4 4 5 6 5 4 5 6 6
2 3 4 4 6 5 6 4 4 4 0 3 5 4 4 5 6 6 5 6 6 5 6 5 5 5 4 5 6 5 4 5 6 6
2 3 5 5 6 5 6 5 4 4 0 4 5 4 4 5 6 6 6 6 6 5 7 5 5 4 4 5 6 5 4 5 6 7
2 3 4 5 6 5 6 5 4 4 0 4 5 4 4 5 6 6 5 6 6 6 7 5 5 5 4 5 6 5 4 5 6 6
2 3 5 5 6 5 6 5 4 4 0 4 6 5 5 5 6 6 5 6 6 6 7 5 5 5 4 5 6 5 4 5 6 7
2 3 4 4 6 5 6 4 4 4 0 3 4 4 4 5 6 5 4 5 5 5 7 5 4 4 4 4 5 4 4 4 6 6
2 3 4 4 6 5 7 5 4 4 0 3 4 3 4 5 6 5 5 6 6 5 7 5 4 4 4 5 5 4 3 4 5 6
2 3 4 4 5 5 6 4 4 4 0 3 4 3 4 4 5 6 4 6 5 5 7 5 4 4 4 4 5 4 3 4 5 6
2 3 4 4 5 4 6 4 4 4 0 3 4 3 4 4 5 6 4 5 5 5 7 5 4 4 3 4 5 4 3 4 5 6
2 3 4 4 5 4 6 4 4 4 0 3 4 3 4 4 5 5 4 5 5 5 7 5 4 4 3 4 5 4 3 4 5 6
2 3 4 5 6 5 6 5 4 4 0 4 5 4 4 5 5 6 5 6 6 6 7 5 5 5 4 5 6 4 4 4 5 6
2 3 4 4 6 4 6 4 4 4 0 3 4 4 4 4 6 6 4 6 6 6 7 5 4 4 4 4 5 4 4 4 5 6
2 3 4 4 5 4 6 4 4 4 0 3 4 3 4 4 6 6 5 6 5 5 7 5 4 4 4 4 5 4 3 4 5 6
2 3 4 4 5 4 5 4 4 3 0 3 4 3 4 4 6 6 5 5 5 5 7 5 4 4 3 4 5 4 3 4 5 6
2 3 4 4 5 4 6 4 4 3 0 3 4 3 3 4 6 6 4 5 5 5 6 5 4 4 3 4 5 4 3 4 5 6
2 3 4 4 5 4 5 4 4 3 0 3 4 3 3 4 6 6 5 5 5 5 6 4 4 4 3 4 5 4 3 4 5 6
2 3 4 4 5 4 5 4 3 3 0 3 4 3 3 4 6 6 5 5 5 5 6 4 4 4 3 4 4 4 3 4 5 6
2 3 3 4 5 4 5 4 3 3 0 3 3 3 3 4 5 5 4 5 5 5 6 4 4 3 3 4 4 3 3 4 5 5
2 3 3 4 5 4 5 4 3 3 0 3 3 3 3 4 5 5 4 5 5 5 6 4 4 3 3 3 4 3 3 4 5 5
2 3 3 4 5 4 5 4 3 3 0 2 3 3 3 4 6 6 4 5 5 5 6 4 4 3 3 3 4 3 3 4 5 5
2 3 3 4 5 4 5 4 4 3 0 3 3 3 3 4 6 6 4 5 6 5 6 4 4 4 3 4 4 3 3 4 5 5
2 3 3 4 5 4 5 4 3 3 0 2 3 3 3 4 6 6 4 5 5 5 6 4 4 3 3 3 4 3 3 4 5 5
2 3 3 3 5 4 5 4 3 3 0 3 3 3 3 4 6 6 4 5 5 5 6 4 4 4 3 4 4 3 3 4 5 5
2 3 3 3 5 4 5 4 3 3 0 3 3 3 3 4 6 6 4 4 5 5 6 4 4 4 3 4 4 3 3 4 5 5
2 3 3 3 5 4 5 4 3 3 0 3 3 3 3 4 5 5 4 5 5 5 6 4 4 4 3 4 5 3 3 4 5 5
2 3 3 4 5 4 5 4 3 3 0 3 3 3 3 4 6 5 4 5 5 5 6 5 4 4 3 4 4 3 3 4 5 5
2 3 4 4 5 4 6 4 3 3 0 3 4 3 3 4 6 6 4 5 5 5 6 5 4 4 3 4 5 3 3 4 5 6
2 3 4 4 5 4 5 4 3 3 0 3 4 3 3 4 6 6 4 5 5 5 6 5 4 4 3 4 4 3 3 4 5 5
2 3 3 4 5 4 5 4 3 3 0 3 3 3 3 4 6 5 4 5 5 5 6 4 4 3 3 4 4 3 3 4 5 5
2 3 3 4 5 4 6 4 3 3 0 3 3 3 3 4 6 6 4 5 5 5 6 4 4 4 3 4 4 3 3 4 5 5
2 3 3 4 5 4 5 4 3 3 0 3 4 3 3 4 6 6 4 5 5 6 7 5 4 4 3 4 4 3 3 4 5 6
2 3 4 4 5 4 5 4 4 4 0 3 4 4 4 5 6 6 4 5 5 5 6 4 4 4 3 4 5 4 4 4 5 5
2 3 3 3 5 4 5 4 3 3 0 3 3 3 3 4 6 6 4 5 5 5 6 4 4 3 3 4 4 3 3 4 5 5
2 3 4 4 5 4 6 4 3 3 0 3 4 3 3 4 6 6 4 5 5 5 6 4 4 4 3 4 4 4 3 4 5 5
2 3 4 4 5 4 6 4 3 3 0 3 4 3 3 4 6 6 4 5 5 5 6 4 4 4 3 4 4 4 3 4 5 5
2 3 4 4 5 4 5 4 3 3 0 3 4 3 3 4 6 5 4 5 5 5 6 4 4 4 3 4 5 4 3 4 5 6
2 3 4 4 5 4 6 4 3 3 0 3 4 3 3 4 6 6 4 5 5 5 6 4 4 4 3 4 5 4 3 4 5 5
2 3 4 4 5 4 6 4 4 4 0 3 4 3 4 5 6 6 4 5 5 6 6 4 4 4 3 4 5 4 3 4 5 6
2 3 4 4 5 5 7 5 4 4 0 3 4 3 4 5 7 6 5 5 5 6 7 5 5 4 4 4 5 4 4 5 6 6
2 3 3 4 5 4 6 4 3 3 0 3 4 3 4 4 7 6 4 5 5 5 6 4 4 3 3 4 5 4 3 4 5 5
2 3 4 4 5 4 6 4 3 3 0 3 4 3 4 5 6 6 5 5 5 5 7 4 4 4 3 4 5 4 3 5 5 6
2 3 4 4 5 4 6 4 3 3 0 3 4 3 4 5 6 6 4 5 5 5 6 4 4 4 3 4 5 4 3 5 5 5
2 3 4 4 5 5 6 4 4 4 0 3 4 3 4 5 6 6 5 5 5 5 7 5 4 4 3 4 5 4 4 4 5 6
2 3 4 4 5 5 7 4 4 4 0 3 4 3 4 5 6 6 5 5 5 5 7 5 4 4 3 4 5 4 3 5 5 6
2 3 4 4 5 5 7 4 4 4 0 3 4 3 4 5 6 6 4 5 5 5 7 5 4 4 3 4 5 4 3 5 5 6
2 3 4 4 5 5 6 4 4 4 0 3 4 3 4 5 6 6 4 5 5 5 6 5 4 4 3 4 5 4 3 4 5 6
2 3 4 4 5 5 6 4 4 4 0 3 4 4 4 5 6 6 5 5 5 5 7 4 4 4 3 4 5 4 4 5 5 6
2 3 4 4 5 5 7 4 4 4 0 3 4 4 4 5 6 6 5 5 5 6 7 5 4 4 4 4 5 4 4 5 6 6
2 3 4 5 5 5 7 4 4 4 0 3 4 3 4 5 6 6 5 6 5 5 7 5 4 4 3 4 5 4 4 5 5 6
2 3 4 4 5 5 7 4 4 4 0 3 4 3 4 5 6 6 5 5 5 5 7 5 4 4 3 4 5 4 3 5 5 5
2 3 4 4 5 5 7 4 4 3 0 3 4 3 4 5 6 5 4 5 5 5 7 5 4 4 3 4 5 4 3 5 5 5
2 3 4 4 5 5 7 4 4 4 0 3 4 3 4 5 6 5 4 5 5 5 7 5 4 4 3 4 5 4 3 5 5 5
2 3 3 4 5 5 6 4 3 3 0 3 4 3 3 4 5 5 4 5 5 5 7 5 4 4 3 4 5 4 3 4 5 5
2 3 4 4 5 5 6 4 3 3 0 3 4 3 4 5 5 5 4 5 5 5 7 5 4 4 3 4 5 4 4 5 5 6
2 3 4 4 5 5 7 4 4 4 0 3 4 3 4 5 5 5 4 5 5 5 7 5 4 4 3 4 5 4 3 5 5 5
2 3 4 4 5 5 7 5 4 4 0 3 4 4 4 5 5 5 4 5 6 6 8 5 4 4 4 4 5 4 4 5 5 5
2 3 4 4 5 5 6 4 4 4 0 3 4 3 4 5 5 5 4 5 5 5 7 5 4 4 3 4 5 4 3 5 5 5
2 3 4 4 5 5 7 5 4 4 0 3 4 3 4 5 5 5 4 5 5 5 8 5 4 4 3 4 5 4 3 5 5 5
2 3 4 4 5 5 6 4 4 4 0 3 4 3 4 5 5 5 4 5 5 5 7 5 4 4 3 4 5 4 4 5 5 5
2 3 4 4 5 5 6 5 4 4 0 3 4 4 4 5 5 5 4 5 5 5 7 5 4 4 3 4 5 4 4 5 5 5
2 3 4 4 5 5 6 4 4 4 0 3 4 3 4 5 6 5 5 5 5 5 7 5 4 4 3 4 5 4 3 5 5 6
2 3 4 4 5 5 6 4 4 4 0 3 4 3 4 5 5 5 5 5 5 5 7 5 4 4 3 4 5 4 4 5 5 5
2 3 4 4 5 5 6 4 4 4 0 3 4 4 4 5 5 5 5 5 5 6 7 5 4 4 4 4 5 4 4 5 5 6
2 3 4 5 6 5 7 5 4 4 0 4 5 4 5 5 7 6 5 5 5 6 8 5 5 4 4 5 6 5 5 6 6 6
2 3 4 4 5 5 7 5 4 4 0 3 4 4 4 5 6 6 5 5 5 6 7 5 5 4 4 4 5 5 4 5 5 6
2 3 4 4 5 5 6 5 4 4 0 3 4 4 4 5 5 5 5 5 5 6 7 5 4 4 4 4 5 4 4 5 5 5
2 3 4 4 6 5 6 5 4 4 0 3 4 4 4 5 5 5 4 5 5 6 7 5 5 4 4 4 5 4 4 5 5 5
2 3 4 4 5 5 6 4 4 4 0 3 4 3 4 5 5 6 5 5 5 6 7 5 4 4 4 4 5 4 4 5 5 6
2 3 4 4 5 5 6 5 4 4 0 3 4 3 4 4 5 5 5 5 5 6 7 5 4 4 3 4 5 4 4 5 5 6
2 3 4 4 5 5 6 5 4 4 0 3 4 3 4 4 5 6 4 5 5 6 7 5 4 4 3 4 5 4 3 4 5 5
2 3 4 4 5 5 6 4 4 4 0 3 4 3 4 4 5 5 4 5 5 5 7 5 4 4 3 4 5 4 3 5 5 5
2 3 4 5 5 5 6 5 4 4 0 3 4 4 4 5 6 6 5 5 5 6 7 5 4 4 4 5 5 4 4 5 5 6
2 3 4 4 5 5 6 4 4 4 0 3 4 3 4 4 5 5 4 5 5 5 7 5 4 4 3 4 5 4 3 5 5 6
2 3 4 4 5 5 6 5 4 4 0 3 4 4 4 5 5 5 4 5 5 6 7 5 4 4 3 4 5 4 4 5 5 6
2 3 4 4 5 5 6 5 4 4 0 3 4 4 4 5 6 6 5 5 5 6 7 5 4 4 4 4 5 4 4 5 6 6
2 3 4 4 5 5 6 5 4 4 0 3 4 4 4 5 5 5 4 5 5 6 7 5 4 4 4 4 5 4 4 5 5 6
2 3 4 4 6 5 6 5 4 4 0 3 4 4 4 5 5 6 5 5 5 6 7 5 4 4 4 5 5 4 4 5 5 6
2 3 4 4 5 5 6 5 4 4 0 3 4 3 4 5 6 5 4 5 5 6 7 5 4 4 3 4 5 4 3 5 5 6
2 3 4 4 5 5 6 5 4 4 0 3 4 4 4 5 6 6 5 5 5 6 7 6 5 4 4 5 5 4 4 5 5 6
2 3 4 4 5 5 6 5 4 4 0 3 4 4 4 5 6 6 5 6 5 6 7 5 5 4 4 4 5 4 4 5 5 6
2 3 4 4 6 5 6 5 4 4 0 4 5 4 4 5 6 6 5 6 5 6 7 5 5 4 4 5 5 4 4 5 5 6
2 3 4 4 6 5 6 5 4 4 0 4 5 4 4 5 6 6 5 6 5 6 7 5 4 4 4 5 5 5 4 5 5 6
2 3 4 4 5 5 6 5 4 4 0 3 4 4 4 5 6 6 5 6 5 6 7 5 4 4 4 4 5 4 4 5 5 6
2 3 4 4 5 5 6 4 4 4 0 3 4 4 4 4 5 6 5 6 5 6 7 5 4 4 4 4 5 4 4 5 5 6
2 3 4 4 5 5 6 5 4 4 0 3 5 4 4 5 6 6 5 6 5 6 7 5 4 4 4 4 5 4 4 5 5 6
2 3 4 4 5 5 6 5 4 4 0 3 4 3 4 4 5 6 5 6 5 6 7 5 4 4 4 4 5 4 3 5 5 6
2 3 4 4 6 5 7 5 4 4 0 3 4 4 4 5 6 6 5 6 6 6 8 6 5 4 4 5 5 4 4 5 6 6
2 3 4 4 6 5 6 5 4 4 0 3 4 4 4 4 6 6 5 6 6 7 8 6 5 4 4 5 5 4 3 4 5 6
2 3 4 4 6 5 6 5 4 4 0 3 4 4 4 4 6 6 5 6 6 6 7 6 5 4 4 5 5 4 3 4 5 6
2 3 4 4 6 5 6 5 5 4 0 3 4 4 4 5 6 6 5 6 6 7 8 6 5 5 4 5 5 4 4 4 5 6
2 3 4 4 6 5 7 5 4 4 0 4 5 4 4 5 7 7 5 6 6 7 8 6 5 5 4 5 5 5 4 5 7 7
2 3 5 5 6 6 7 6 5 4 0 4 5 4 4 5 6 7 6 7 7 8 9 7 6 5 4 5 6 5 4 5 6 6
2 3 4 4 6 6 8 5 4 4 0 4 4 4 4 5 6 6 5 6 6 7 8 6 5 5 4 5 5 4 4 5 6 6
2 3 4 4 6 5 6 5 5 4 0 4 4 4 4 5 6 6 5 6 6 7 8 6 5 5 4 5 5 4 4 4 6 6
2 3 4 5 6 5 6 5 5 4 0 4 4 4 4 5 6 6 5 7 6 7 8 6 5 5 4 5 5 4 4 5 6 6
2 3 4 5 6 6 7 5 4 4 0 4 5 4 4 5 6 6 6 7 6 7 8 6 5 5 4 5 5 4 4 4 6 6
2 3 4 4 6 5 6 5 4 4 0 4 4 4 4 5 6 6 5 7 6 7 8 6 5 5 4 5 5 4 4 5 6 6
2 3 4 4 6 6 7 5 5 4 0 4 4 4 4 5 6 7 5 7 6 7 8 6 6 5 4 5 5 4 4 5 6 6
2 3 4 5 6 6 7 5 4 4 0 3 4 4 4 5 6 6 5 7 6 7 8 6 5 5 4 5 5 4 4 5 6 6
2 3 4 4 6 6 7 5 4 4 0 3 4 4 4 5 6 6 5 7 6 7 8 6 5 5 4 5 5 4 4 5 6 6
2 3 4 5 6 6 7 5 5 4 0 4 5 4 4 5 6 6 6 7 7 7 8 6 6 5 4 5 5 4 4 5 6 6
2 3 4 4 6 6 7 5 5 4 0 4 5 4 4 5 6 6 6 7 7 7 8 6 6 5 4 5 5 4 4 5 6 6
2 3 5 5 6 6 7 5 5 4 0 4 5 4 4 6 8 8 6 8 7 7 8 6 6 5 4 5 6 5 4 5 7 7
2 3 5 5 6 6 7 6 5 4 0 4 5 4 4 5 7 7 6 7 7 7 8 6 6 5 4 5 6 4 4 5 6 6
2 3 4 5 6 6 7 5 5 4 0 4 5 4 4 5 7 6 6 7 7 8 9 6 6 5 4 5 6 4 4 5 6 6
2 3 5 5 6 6 8 5 5 4 0 4 5 4 4 5 7 7 6 7 8 8 9 6 6 5 4 5 6 4 4 5 6 6
2 3 5 5 6 6 8 5 5 4 0 4 5 4 4 5 7 7 6 8 7 8 9 6 6 5 4 5 6 5 4 5 6 6
2 3 5 5 7 6 7 5 5 4 0 4 5 4 4 5 7 7 6 8 7 8 9 6 6 5 4 5 6 4 4 5 6 6
2 3 5 5 7 6 8 5 5 4 0 4 5 4 4 5 7 7 6 8 8 8 9 6 6 5 4 5 6 5 4 5 6 6
2 3 5 5 7 6 8 6 5 5 0 4 5 4 4 5 7 7 6 7 8 8 9 6 6 6 5 5 6 5 4 5 6 7
2 3 5 5 7 6 8 6 5 4 0 4 5 4 4 5 7 7 6 7 8 8 9 7 6 5 4 5 6 5 4 5 6 7
2 3 5 5 7 7 8 6 5 4 0 4 5 4 4 5 7 7 6 7 7 9 10 7 6 5 4 5 6 5 4 5 6 7
2 3 5 5 7 6 8 6 5 4 0 4 5 4 4 5 7 7 6 7 7 8 10 7 6 5 4 5 6 5 4 5 7 7
2 3 5 5 7 7 8 6 5 4 0 4 4 4 4 5 7 7 6 8 9 9 10 7 6 5 4 5 6 4 4 5 6 7
2 3 6 7 9 7 10 7 5 5 0 4 5 4 5 7 9 9 7 8 9 9 11 8 6 6 5 6 6 5 4 5 7 8
2 3 5 5 7 6 8 6 5 4 0 4 4 4 4 6 7 8 6 8 8 8 10 7 6 5 4 5 6 4 4 5 6 7
2 3 5 5 7 6 8 6 5 4 0 4 5 4 4 5 7 7 6 7 7 8 10 6 6 5 4 5 6 5 4 5 6 7
2 3 5 5 7 6 9 6 6 5 0 4 5 4 4 6 8 7 6 7 8 8 10 7 7 6 4 5 6 5 4 5 7 7
2 3 5 6 7 7 9 6 5 4 0 4 4 4 4 6 8 7 6 8 8 9 9 7 6 5 4 5 6 5 4 5 7 7
2 3 5 5 7 7 8 6 5 4 0 4 5 4 4 5 7 7 6 7 8 9 10 7 6 5 4 5 6 4 4 5 6 7
2 3 5 5 7 7 8 6 5 5 0 4 5 4 4 5 7 7 6 7 8 9 10 7 6 5 4 5 6 5 4 5 6 7
2 3 5 6 7 7 9 6 5 5 0 4 5 4 5 6 8 8 6 8 9 10 10 7 6 6 5 6 7 5 4 5 7 7
2 3 5 5 7 7 9 6 5 5 0 4 5 4 4 6 7 7 6 7 8 9 10 7 6 5 4 5 7 5 4 5 6 7
2 3 5 5 7 7 9 6 5 4 0 4 5 4 4 6 8 8 6 7 8 9 10 7 6 5 4 5 7 5 4 5 6 7
2 3 5 6 7 7 9 6 5 5 0 4 5 5 5 6 8 8 6 8 8 9 10 7 6 6 5 5 7 5 4 5 6 7
2 3 5 5 7 7 9 6 5 5 0 4 5 4 5 6 8 8 6 8 8 9 10 7 6 6 4 5 7 5 4 6 7 8
2 3 5 6 7 7 9 6 5 5 0 4 5 4 4 6 8 8 6 8 8 9 10 7 6 6 4 5 7 5 4 5 7 7
2 3 5 5 7 7 9 6 5 4 0 4 5 4 4 6 8 8 6 7 8 9 10 7 6 5 4 5 7 5 4 5 7 7
2 3 4 5 8 7 9 6 5 4 0 4 5 4 4 6 8 8 5 7 9 9 10 7 6 5 4 5 7 5 4 5 7 7
2 3 4 5 7 7 8 6 5 4 0 4 5 4 4 5 8 8 5 7 8 9 10 7 6 5 4 5 7 5 4 5 7 7
2 3 5 6 7 7 9 6 5 5 0 4 5 4 5 6 8 8 6 8 8 9 11 8 6 5 5 5 7 5 4 6 7 8
2 3 5 5 7 7 9 6 5 5 0 4 5 5 5 6 8 8 6 8 8 9 11 8 6 5 4 5 7 5 4 5 7 7
2 3 5 5 7 7 9 6 5 4 0 4 5 4 4 5 8 8 6 8 8 9 10 7 6 5 4 5 7 5 4 5 7 8
2 3 4 6 7 7 9 6 5 4 0 4 5 4 5 5 8 8 6 7 8 9 11 8 6 5 4 5 7 5 4 5 6 7
2 3 5 6 7 7 8 6 5 5 0 4 5 4 5 6 8 8 6 8 8 8 10 7 6 6 5 6 7 5 4 6 7 7
2 3 5 5 7 6 8 6 5 4 0 4 5 4 4 5 8 8 6 7 7 8 10 7 6 5 4 5 7 5 4 5 6 7
2 3 4 5 6 7 10 7 5 4 0 4 5 4 4 5 7 7 6 7 7 10 11 8 6 5 4 5 7 5 4 5 6 7
2 3 4 5 6 7 9 6 5 4 0 4 5 4 4 5 8 7 5 7 7 8 10 7 6 5 4 5 7 5 4 5 6 7
2 3 4 5 7 7 9 6 5 5 0 4 5 4 5 6 7 7 6 7 8 9 10 7 6 5 4 5 7 5 4 5 7 7
2 3 5 5 7 7 9 6 5 5 0 4 5 4 5 6 8 8 6 7 8 9 9 7 6 5 4 5 7 5 4 6 7 7
2 3 4 5 7 7 9 6 5 4 0 4 5 4 4 5 7 7 5 7 8 8 9 7 6 5 4 5 7 5 4 5 7 7
2 3 5 5 7 7 9 6 5 5 0 4 5 4 4 6 8 7 6 7 8 8 10 7 6 5 4 5 7 5 4 5 7 7
2 3 5 6 8 7 9 7 5 5 0 4 6 4 5 7 9 8 6 8 8 9 10 8 7 6 5 6 7 5 4 6 7 7
2 3 4 5 6 7 8 6 5 4 0 4 6 4 4 5 7 7 5 7 7 9 10 7 6 5 4 5 7 5 4 5 6 7
2 3 5 5 6 7 8 6 5 5 0 4 6 4 5 6 8 7 6 7 7 9 10 7 6 6 5 6 7 5 4 5 7 7
2 3 4 5 6 7 8 6 5 5 0 4 5 4 4 5 8 7 5 7 7 9 9 7 6 6 4 5 7 5 4 6 7 7
2 3 5 5 6 7 8 6 5 5 0 4 5 4 5 5 7 7 6 7 7 9 10 7 6 5 4 5 7 5 4 5 6 7
2 3 4 5 7 7 8 6 5 4 0 4 5 4 4 6 7 7 5 7 7 9 10 7 6 5 4 5 7 5 4 6 6 7
2 3 4 5 6 6 8 6 5 5 0 4 5 4 4 5 7 7 6 8 7 8 9 7 6 6 5 5 7 5 4 5 6 7
2 3 4 5 6 6 8 6 5 4 0 4 5 4 4 5 7 7 6 7 7 8 9 6 6 5 4 5 7 5 4 5 6 7
2 3 4 5 6 6 8 6 5 4 0 4 5 4 4 5 7 7 6 7 7 8 10 8 6 5 4 5 7 5 4 5 6 7
2 3 5 5 7 7 11 7 5 4 0 4 5 5 5 5 7 7 6 8 8 9 9 7 6 5 4 5 7 5 4 5 6 7
2 3 5 5 6 6 8 6 5 5 0 4 6 5 5 5 7 7 6 8 7 8 9 7 6 5 4 5 7 5 4 6 6 6
2 3 5 5 6 6 8 6 5 4 0 4 6 4 5 6 7 7 6 7 7 8 9 7 6 5 4 5 8 5 5 7 7 7
2 3 5 5 7 6 8 6 5 4 0 4 5 4 4 6 7 7 6 8 8 8 9 7 6 5 4 5 7 5 4 6 6 7
2 3 5 5 7 6 8 6 5 5 0 4 6 4 4 5 7 7 6 8 7 8 9 6 6 5 4 5 7 5 4 5 6 7
2 3 5 5 7 7 9 6 5 4 0 4 6 4 4 6 7 7 6 8 8 9 9 7 6 5 4 5 7 5 4 5 6 7
2 3 5 5 7 7 8 6 5 5 0 4 5 4 5 6 7 6 6 8 7 8 9 6 6 6 4 5 7 5 4 5 6 7
2 3 5 5 6 6 8 6 5 5 0 4 5 4 5 6 7 7 6 7 7 8 9 7 6 6 4 5 7 5 4 6 6 7
2 3 5 6 7 7 8 6 5 5 0 4 6 5 5 7 8 7 7 8 8 9 9 7 6 5 4 5 8 5 5 7 7 7
2 3 5 6 7 7 9 6 5 5 0 4 6 5 5 7 8 7 6 8 8 8 9 7 6 6 5 6 9 6 4 6 7 8
2 3 5 6 7 7 9 6 5 5 0 4 6 5 5 6 8 7 6 8 8 9 10 7 6 6 5 6 8 5 5 6 7 7
2 3 5 6 7 7 9 6 5 5 0 4 6 5 5 6 8 7 7 8 8 9 10 7 6 6 5 6 8 5 5 6 7 7
2 3 5 6 7 7 8 6 5 5 0 4 6 5 5 6 7 7 6 8 8 9 10 7 6 6 4 6 8 5 4 6 7 7
2 3 5 6 7 7 9 6 5 5 0 4 6 4 5 6 7 7 6 8 8 8 10 7 6 6 4 6 8 5 4 6 7 7
2 3 5 6 7 6 8 6 5 5 0 4 6 5 5 6 8 7 6 8 9 8 10 7 7 6 5 6 8 5 5 6 7 7
2 3 5 6 7 6 8 6 5 5 0 4 6 4 5 7 8 7 7 8 8 8 9 7 6 6 4 6 8 5 5 6 7 8
2 3 5 6 7 6 8 6 5 5 0 4 6 4 5 6 8 7 7 8 8 8 9 7 6 6 4 6 8 5 4 6 7 8
2 3 5 6 7 6 8 6 5 5 0 4 6 4 5 6 8 7 6 8 8 8 9 7 6 5 4 5 8 5 4 6 7 8
2 3 5 6 7 6 8 6 5 5 0 4 7 4 5 7 8 8 6 8 8 8 9 7 6 6 4 6 9 5 4 6 7 8
2 3 5 6 7 7 8 6 5 5 0 4 6 4 5 6 8 7 6 8 8 8 9 7 7 6 4 6 8 5 4 6 7 8
2 3 5 6 7 6 9 6 5 5 0 4 6 4 5 7 9 8 7 8 9 8 10 7 6 6 5 6 8 6 5 7 7 8
2 3 5 6 7 6 8 6 5 5 0 4 6 5 5 6 8 7 6 8 8 8 9 7 6 5 4 5 8 5 5 6 7 8
2 3 5 5 7 6 9 6 5 5 0 4 5 4 5 6 8 8 6 8 8 8 9 7 6 5 4 5 8 5 4 6 7 8
2 3 5 5 7 6 8 6 5 5 0 4 6 4 5 6 8 7 6 8 8 8 9 6 6 5 4 5 8 5 4 6 7 8
2 3 5 6 7 6 8 6 5 5 0 4 6 4 5 6 8 8 6 8 8 8 9 7 6 5 4 5 8 5 5 6 7 8
2 3 5 6 8 7 9 6 5 5 0 4 6 5 6 7 9 8 7 9 9 9 9 7 7 6 5 6 9 6 5 7 8 8
2 3 5 6 8 7 9 6 5 5 0 4 6 5 5 6 7 7 7 8 8 8 9 7 6 6 5 6 8 5 5 6 7 8
2 3 5 6 8 7 9 6 5 5 0 4 6 5 5 6 8 7 7 8 9 8 9 7 6 6 5 6 8 5 5 6 7 8
2 3 6 6 8 7 10 7 6 6 0 5 6 5 6 7 9 9 7 9 10 11 11 8 7 7 6 7 8 6 6 7 8 9
2 3 5 6 7 7 8 7 5 5 0 4 6 4 5 6 8 7 7 8 9 9 9 8 7 6 5 6 8 6 5 6 7 8
2 3 5 6 7 7 9 6 5 5 0 4 6 5 5 6 8 8 6 8 9 9 10 7 6 6 5 6 9 6 5 6 7 8
2 3 5 6 7 7 9 6 5 5 0 4 6 4 5 6 8 8 6 7 9 9 10 7 6 6 5 6 8 6 5 6 8 9
2 3 5 6 7 7 9 6 5 5 0 4 6 4 5 6 8 8 6 7 8 9 9 7 6 6 5 6 8 6 5 6 8 8
2 3 6 6 8 8 9 7 6 6 0 5 7 6 6 7 8 9 7 8 9 10 11 8 7 6 5 6 9 7 6 7 8 9
2 3 5 6 7 7 9 7 6 5 0 5 6 5 6 7 8 8 6 8 9 9 10 8 7 6 5 6 8 6 5 7 8 8
2 3 5 6 8 8 9 7 6 5 0 5 6 5 5 6 7 7 6 8 9 9 10 8 6 6 5 6 9 6 5 6 7 8
2 3 5 5 7 7 9 6 5 5 0 4 6 4 5 6 8 8 6 8 8 9 10 8 6 6 5 6 8 5 4 6 7 8
2 3 5 6 7 7 9 6 5 5 0 4 6 4 5 6 8 8 6 8 9 8 10 7 6 6 5 6 8 6 5 6 8 8
2 3 5 6 8 7 9 7 5 5 0 5 6 5 6 6 8 8 7 8 9 8 10 8 6 6 5 6 8 6 5 6 8 8
2 3 5 5 7 7 9 6 5 5 0 4 6 5 5 6 7 7 6 7 8 8 10 8 6 6 5 6 8 5 5 6 7 8
2 3 5 6 7 7 9 6 5 5 0 4 6 5 5 6 7 8 6 8 8 9 10 7 6 6 5 6 8 5 5 6 7 8
2 3 5 5 7 7 11 7 5 5 0 5 6 5 5 6 7 8 6 8 9 9 10 8 6 6 5 6 8 6 5 6 7 8
2 3 5 5 7 7 10 7 6 5 0 4 6 5 5 6 7 8 6 8 9 9 10 8 6 6 5 6 8 6 5 6 7 8
2 3 5 6 8 8 9 7 5 5 0 5 6 5 5 6 8 8 6 8 9 10 10 8 6 6 5 6 8 6 5 6 8 8
2 3 5 6 8 8 10 7 6 5 0 5 6 5 5 6 8 8 6 8 9 10 10 8 7 6 5 6 8 6 5 6 7 8
2 3 6 6 8 8 10 7 6 5 0 5 7 5 6 6 8 9 7 8 9 9 10 8 7 6 5 6 8 6 5 7 8 8
2 3 5 6 8 8 10 7 6 5 0 5 7 5 5 6 8 8 6 8 9 9 10 8 7 6 5 6 10 6 5 6 7 8
2 3 5 6 8 8 10 7 6 5 0 5 6 5 5 6 8 8 6 8 9 9 11 8 7 6 5 6 8 6 5 6 7 8
2 3 6 6 8 8 10 7 6 5 0 5 6 5 5 6 7 8 7 9 9 10 11 8 7 6 5 6 8 6 5 6 7 8
2 3 5 6 8 8 10 8 6 5 0 5 6 5 5 6 7 8 6 8 9 10 11 9 7 6 5 6 8 6 5 6 7 8
2 3 6 6 8 9 10 8 6 5 0 5 6 5 5 6 8 8 7 8 10 11 12 9 7 6 5 6 8 6 5 6 7 8
2 3 5 6 8 8 10 7 6 5 0 5 6 5 5 6 8 8 7 8 9 10 11 8 7 6 5 6 8 6 5 6 8 9
2 3 5 6 8 8 10 7 6 5 0 5 6 5 5 6 7 8 7 8 9 10 11 8 7 6 5 6 8 6 5 6 7 8
2 3 6 6 8 8 10 8 6 6 0 5 7 5 5 6 8 8 7 9 9 10 11 9 7 7 6 7 9 7 5 7 8 8
2 3 6 7 9 9 11 8 6 6 0 5 7 5 5 6 8 8 7 8 9 11 12 9 7 7 6 7 9 6 5 6 7 8
2 3 6 6 8 8 10 7 6 6 0 5 7 5 5 6 8 8 7 8 9 10 11 9 7 7 5 6 8 6 5 6 8 9
2 3 6 6 8 8 11 8 6 6 0 5 7 5 5 7 8 8 7 8 10 10 12 9 7 7 6 7 8 6 5 7 8 9
2 3 6 6 8 8 11 8 6 6 0 5 7 6 6 6 8 8 8 9 9 10 11 9 8 7 6 7 9 7 5 7 8 9
2 3 5 6 8 8 10 7 6 5 0 5 7 5 5 6 8 8 7 8 9 10 11 8 7 6 5 6 9 6 5 6 7 8
2 3 6 6 9 9 11 8 6 6 0 5 7 5 6 7 8 8 7 8 10 11 12 9 8 7 6 7 8 6 5 7 8 9
2 3 5 6 8 8 10 7 6 6 0 5 7 5 5 6 7 7 7 8 10 10 11 8 7 6 5 6 9 6 5 6 7 9
2 3 6 6 8 8 10 7 6 5 0 5 6 5 5 6 8 8 7 8 9 10 12 8 7 6 5 6 8 6 5 6 7 9
2 3 5 6 8 7 9 7 6 5 0 5 6 5 5 6 7 8 7 8 9 10 11 8 7 6 5 6 8 6 5 6 7 9
2 3 6 6 9 8 10 7 6 6 0 5 6 5 5 6 7 8 7 9 10 10 12 8 7 7 5 7 9 6 5 6 7 9
2 3 5 6 7 7 9 7 6 5 0 4 6 5 5 6 7 7 7 8 9 9 10 8 7 6 5 6 8 5 4 6 7 9
2 3 6 6 8 7 9 7 6 6 0 5 6 5 5 6 8 8 7 9 9 9 10 8 7 6 5 6 8 6 5 6 7 9
2 3 5 6 9 7 9 7 6 5 0 5 6 5 5 6 7 8 7 8 9 10 11 8 7 6 5 6 8 6 5 6 7 9
2 3 6 7 8 8 9 7 6 6 0 5 7 5 6 7 8 9 7 9 9 9 10 8 8 7 5 6 9 7 6 7 8 10
2 3 6 6 8 8 9 7 6 5 0 4 6 5 5 6 7 8 7 9 9 10 11 8 7 6 5 6 8 6 5 6 7 9
2 3 5 6 8 7 9 6 6 5 0 5 7 5 5 6 7 8 7 8 9 9 10 7 7 6 5 6 8 6 5 6 8 9
2 3 5 6 7 7 8 6 5 5 0 4 6 4 5 6 7 8 6 7 8 9 10 7 6 6 5 5 7 5 4 6 7 9
2 3 5 6 7 7 8 6 5 5 0 4 6 4 5 6 7 8 6 7 8 9 10 7 6 6 5 5 8 5 4 6 7 9
2 3 5 5 7 7 9 6 5 5 0 4 6 4 5 6 7 8 6 7 8 9 10 7 6 5 4 5 7 5 4 6 7 9
2 3 5 5 7 7 8 6 5 5 0 4 6 4 4 5 7 8 6 7 8 9 10 7 6 5 4 5 7 5 4 6 7 8
2 3 5 6 7 7 10 7 5 5 0 4 6 5 5 6 7 8 6 8 9 9 11 8 6 6 5 6 8 6 5 6 7 9
2 3 5 6 8 7 9 7 5 5 0 5 6 5 5 6 7 7 6 8 10 11 12 8 6 6 5 6 9 6 5 6 7 9
2 3 5 6 7 6 8 6 5 5 0 4 6 4 5 5 7 7 6 8 8 8 10 7 6 6 4 5 8 5 4 6 7 9
2 3 5 6 7 6 8 6 5 5 0 4 6 4 5 5 7 7 6 7 9 8 10 7 7 6 5 5 8 5 4 6 7 9
2 3 5 6 7 6 8 6 5 5 0 4 6 4 4 5 7 7 6 7 8 8 9 7 6 5 4 5 8 5 4 6 7 9
2 3 5 6 7 6 8 6 5 5 0 4 6 4 5 5 7 7 6 8 8 8 9 7 6 5 4 5 8 5 4 6 7 9
2 3 5 5 7 6 8 6 5 5 0 4 6 4 4 5 7 7 6 8 8 8 9 7 6 5 4 5 7 5 4 5 6 8
2 3 5 5 6 6 8 6 5 4 0 4 5 4 4 5 7 7 6 7 8 8 9 6 5 5 4 5 7 5 4 5 6 8
2 3 4 5 7 6 8 5 4 4 0 3 5 4 4 5 7 7 6 7 8 7 8 6 5 5 4 5 7 5 4 5 6 8
2 3 5 5 7 6 9 6 5 4 0 4 6 4 4 5 7 7 6 7 8 8 9 7 6 5 4 5 7 5 4 5 6 8
2 3 5 5 7 6 8 6 5 5 0 4 5 4 4 5 7 7 6 7 8 9 9 8 6 6 4 5 7 5 4 5 7 8
2 3 5 6 7 7 9 6 5 5 0 4 6 4 4 5 7 7 6 7 8 9 9 7 6 5 4 5 7 5 4 5 7 8
2 3 5 5 8 7 10 6 5 4 0 4 6 4 4 5 7 7 6 7 10 9 10 8 5 5 4 5 7 5 4 5 7 8
2 3 5 5 7 6 9 6 5 4 0 4 5 4 4 5 7 7 6 7 8 9 9 7 5 5 4 5 7 5 4 5 6 8
2 3 5 5 7 7 8 6 5 4 0 4 6 4 4 5 7 7 6 7 8 9 9 7 6 5 4 5 7 5 4 5 6 7
2 3 5 5 7 7 8 6 5 5 0 4 5 4 4 5 7 7 6 7 8 9 10 8 6 5 4 5 7 5 4 5 6 7
2 3 5 5 7 7 9 6 5 5 0 4 6 4 4 5 7 7 6 7 8 9 10 7 6 5 4 5 7 5 4 5 7 7
2 3 5 5 7 6 9 6 5 5 0 4 6 4 4 5 7 7 5 7 8 9 9 7 6 5 4 5 7 5 4 5 6 7
2 3 5 5 7 6 8 6 5 4 0 4 5 4 4 5 7 7 6 7 8 9 9 7 5 5 4 5 7 5 4 5 6 7
2 3 4 5 7 6 8 5 5 5 0 4 5 4 4 5 7 7 6 7 8 8 9 7 6 5 4 5 7 5 4 5 6 7
2 3 5 5 8 6 8 6 5 5 0 4 5 4 4 5 7 7 6 7 8 9 9 7 6 5 4 5 7 5 4 5 6 8
2 3 5 6 7 7 9 6 5 5 0 4 6 4 4 5 7 7 6 8 8 9 9 7 6 6 5 5 7 5 4 5 6 7
2 3 4 5 7 6 9 6 5 4 0 3 5 4 4 5 6 6 5 7 8 9 9 7 6 5 4 5 6 4 4 5 6 7
2 3 4 5 7 6 9 6 5 4 0 3 5 4 4 5 6 6 6 7 8 9 9 7 6 5 4 5 6 4 4 5 6 7
2 3 4 5 7 6 9 6 5 4 0 3 5 4 4 5 6 6 6 7 8 9 9 7 6 5 4 5 6 4 4 5 6 7
2 3 5 6 7 6 9 6 5 5 0 4 5 4 4 5 7 7 6 8 8 9 9 7 6 6 4 5 7 5 4 5 7 8
2 3 4 5 7 6 9 6 5 4 0 4 5 4 4 5 6 6 5 7 8 9 9 7 6 5 4 5 6 4 4 5 6 7
2 3 5 6 7 7 9 6 5 5 0 4 5 4 4 5 6 6 6 8 8 9 9 8 6 5 5 5 6 5 4 5 6 8
2 3 4 5 7 6 9 6 5 5 0 4 5 4 4 5 6 6 5 7 8 9 9 7 6 5 4 5 6 5 4 5 6 7
2 3 4 5 6 6 8 5 4 4 0 3 5 3 4 4 6 6 5 7 8 9 9 7 5 5 4 4 6 4 3 4 5 6
2 3 4 5 6 6 8 5 4 4 0 3 5 4 4 5 6 6 5 6 8 9 9 7 5 5 4 4 6 4 3 4 5 6
2 3 4 5 6 6 9 6 5 4 0 4 5 4 4 5 6 6 5 7 8 9 10 7 5 5 4 5 6 4 4 5 6 6
2 3 4 5 6 6 9 6 4 4 0 3 5 4 4 5 6 6 5 7 7 8 9 7 5 5 4 5 6 4 4 5 6 7
2 3 4 5 6 6 8 5 4 4 0 3 5 3 4 5 6 6 5 7 7 8 9 7 5 5 4 4 6 4 3 5 6 6
2 3 4 5 6 6 8 5 4 4 0 3 5 4 4 5 6 6 5 7 8 9 9 7 5 5 4 5 6 4 3 5 6 6
2 3 4 5 7 7 8 6 4 4 0 3 5 4 4 5 7 7 6 7 8 9 9 7 5 5 4 5 6 5 4 5 6 7
2 3 4 5 6 6 8 6 5 5 0 4 5 4 4 5 7 7 5 7 8 9 9 7 6 6 4 5 7 5 4 5 6 7
2 3 4 5 6 6 8 6 4 4 0 3 5 4 4 5 7 6 5 7 7 9 9 6 5 5 4 5 7 5 4 5 6 6
2 3 4 5 6 6 8 6 4 4 0 3 5 4 4 5 6 6 5 7 7 9 9 6 5 5 4 5 6 5 4 5 6 6
2 3 4 5 6 6 8 5 4 4 0 3 5 4 4 5 7 6 5 7 7 9 9 6 5 5 4 5 6 4 4 5 6 7
2 3 4 5 7 6 8 5 4 4 0 4 5 4 4 5 6 6 5 7 8 8 10 7 5 5 4 5 6 4 4 5 6 6
2 3 4 5 6 6 7 5 4 4 0 3 5 4 4 5 6 6 5 7 7 8 8 6 5 5 4 5 6 4 3 5 5 6
2 3 4 5 6 5 7 5 4 4 0 3 5 4 4 5 6 6 5 7 8 8 8 6 5 5 4 5 6 4 3 5 5 6
2 3 5 5 6 6 7 6 4 4 0 3 5 4 4 5 6 6 6 7 7 8 9 7 5 5 4 5 6 4 4 5 7 9
2 3 5 5 7 6 7 6 4 4 0 4 5 4 4 5 7 7 6 7 8 8 8 6 5 5 4 5 6 5 4 5 6 7
2 3 4 5 7 6 8 6 4 4 0 4 5 4 4 5 6 6 5 7 8 8 10 6 5 5 4 5 6 5 4 5 6 7
2 3 4 5 6 6 8 6 4 4 0 4 5 4 4 5 6 6 5 6 7 8 9 6 5 5 4 5 6 5 4 5 6 6
2 3 5 5 7 6 7 6 5 5 0 4 5 4 4 5 7 7 6 7 8 8 9 6 6 5 4 5 7 5 4 6 7 7
2 3 5 5 7 6 8 6 5 5 0 4 6 5 5 5 6 6 6 7 8 8 9 7 6 5 4 5 7 5 4 5 6 7
2 3 5 5 7 7 9 7 6 6 0 5 6 5 5 6 6 7 6 7 8 9 10 7 7 6 5 6 7 6 5 7 7 7
2 3 4 5 6 6 8 6 4 4 0 4 5 4 4 5 6 6 6 7 8 8 9 6 5 5 4 5 6 5 4 6 6 7
2 3 4 5 6 6 7 6 4 4 0 4 5 4 4 5 6 6 6 7 8 7 9 6 5 5 4 5 6 5 4 5 6 7
2 3 5 5 6 6 8 6 5 5 0 4 5 4 5 5 7 7 6 7 7 8 9 6 6 5 4 5 7 5 4 6 7 7
2 3 5 5 6 6 7 6 5 5 0 4 5 4 5 5 7 7 6 7 7 7 10 7 6 5 5 6 7 5 4 6 7 7
2 3 4 5 6 6 7 6 5 4 0 4 5 4 4 5 6 6 6 7 7 7 9 6 6 5 4 5 7 5 4 6 6 7
2 3 5 5 6 6 7 6 5 5 0 4 5 4 5 5 6 6 6 7 7 7 9 6 6 5 5 6 7 5 4 6 6 7
2 3 4 5 6 5 7 5 5 4 0 4 5 4 4 5 6 6 6 7 7 7 8 6 5 5 4 5 6 5 4 5 6 7
2 3 4 5 6 5 7 5 5 4 0 4 5 4 4 5 6 6 6 7 7 7 9 6 6 5 4 5 7 5 4 5 6 7
2 3 5 5 7 6 7 6 5 4 0 4 6 4 5 6 6 6 6 7 8 8 9 6 6 5 5 5 7 5 4 6 6 7
2 3 5 5 7 6 7 6 5 5 0 4 5 5 5 5 6 6 6 7 8 8 8 6 6 5 4 5 7 5 5 6 7 7
2 3 5 5 6 5 7 5 5 4 0 4 5 4 5 5 6 6 6 7 7 7 8 6 5 5 4 5 7 5 4 6 6 8
2 3 4 4 6 5 7 5 4 4 0 3 5 4 4 5 6 6 6 7 7 7 8 6 5 5 4 5 6 4 4 5 6 7
2 3 4 4 6 5 7 5 4 4 0 3 4 3 4 5 6 5 5 6 7 6 8 6 5 5 4 5 6 4 3 5 6 7
2 3 4 4 6 5 7 5 4 4 0 3 5 3 4 5 6 6 5 6 7 7 8 6 5 5 4 5 7 4 3 5 6 7
2 3 4 4 6 5 7 5 4 4 0 3 5 3 4 5 6 6 6 7 7 7 9 6 5 5 4 5 6 4 3 5 6 7
2 3 4 4 6 5 7 5 4 4 0 3 4 3 4 5 6 6 6 7 7 7 8 6 5 5 4 5 6 4 4 5 6 7
2 3 4 4 6 5 7 5 5 4 0 3 4 3 4 5 6 6 6 7 7 6 8 6 6 5 4 5 6 4 4 5 7 7
2 3 4 5 6 5 7 5 4 4 0 3 5 4 4 5 6 6 6 7 7 7 7 6 5 5 4 5 6 4 4 5 7 7
2 3 4 4 6 5 7 5 4 4 0 3 5 4 4 5 7 6 6 7 7 6 8 6 5 5 4 5 6 4 4 5 7 7
2 3 4 4 6 5 7 5 4 4 0 3 4 4 4 5 7 6 6 7 7 6 8 6 5 5 4 5 6 4 4 5 7 8
2 3 4 4 6 5 7 5 4 4 0 3 4 4 4 5 6 6 5 6 6 6 8 6 5 5 4 5 6 4 4 5 6 7
2 3 4 4 6 5 7 5 4 4 0 4 5 4 4 5 7 7 5 6 8 7 8 5 5 5 4 5 6 5 4 5 7 9
2 3 4 4 6 5 7 5 4 4 0 3 4 4 4 5 6 6 5 6 7 7 8 5 5 4 4 5 6 4 4 5 6 7
2 3 5 5 6 6 8 5 4 4 0 4 5 4 5 5 6 6 6 7 7 7 9 6 5 5 4 5 6 5 4 5 6 7
2 3 4 5 6 5 7 5 5 4 0 4 4 4 4 5 6 6 5 7 7 7 8 5 6 5 4 5 6 4 4 5 6 7
2 3 4 4 5 5 7 5 4 4 0 3 4 3 4 5 6 6 5 6 6 6 7 5 5 4 4 4 5 4 3 5 6 7
2 3 4 4 6 5 7 5 4 4 0 3 4 4 4 5 7 6 5 6 6 7 8 5 5 4 4 4 5 4 4 5 6 7
2 3 4 4 5 5 7 5 4 4 0 3 4 4 4 5 6 6 5 6 6 7 8 5 5 4 4 4 6 4 4 5 6 7
2 3 4 4 5 5 7 5 4 4 0 3 4 3 4 5 6 6 5 7 6 7 7 5 5 4 3 4 5 4 3 5 6 7
2 3 4 5 5 5 7 5 5 4 0 3 4 4 4 6 7 7 6 7 6 7 8 5 5 5 4 5 6 4 4 5 6 7
2 3 4 4 5 5 7 5 4 4 0 3 4 3 4 5 6 6 5 6 6 6 8 5 4 4 3 4 5 4 3 5 6 7
2 3 4 4 5 5 7 5 4 4 0 3 4 3 4 5 6 6 5 6 6 6 7 5 4 4 3 4 5 4 3 5 6 6
2 3 4 4 5 5 7 5 4 4 0 3 4 3 4 5 6 6 5 6 6 6 7 5 4 4 3 4 5 4 3 5 5 6
2 3 4 4 5 5 7 5 4 4 0 3 4 3 4 5 6 6 5 6 6 6 7 5 4 4 3 4 5 4 3 4 5 6
2 3 4 4 5 5 7 5 4 4 0 3 4 3 4 4 6 6 5 5 6 6 7 5 4 4 3 4 5 4 3 4 5 6
2 3 4 4 5 5 7 5 4 4 0 3 4 3 4 4 6 6 5 6 6 6 7 5 4 4 3 4 5 4 3 4 5 6
2 3 4 4 5 5 7 5 4 4 0 3 4 3 4 4 6 5 5 6 6 6 7 5 4 4 3 4 5 4 4 4 5 6
2 3 4 4 5 5 7 5 4 4 0 3 4 4 4 4 6 6 5 6 6 6 7 5 4 4 3 4 5 4 4 4 5 6
2 3 4 4 5 5 6 4 4 4 0 3 4 3 4 4 5 5 5 6 6 5 7 5 4 4 3 4 5 4 3 4 5 5
2 3 4 4 5 5 6 4 4 4 0 3 4 4 4 5 6 6 5 6 6 5 7 5 5 4 4 5 6 4 4 4 5 6
2 3 4 4 5 5 6 4 4 4 0 3 4 3 4 4 5 6 5 6 5 5 7 5 5 4 3 4 5 4 3 4 5 5
2 3 4 4 5 4 6 4 4 4 0 3 4 3 4 4 5 6 5 5 5 5 7 5 5 4 3 4 5 4 3 4 5 5
2 3 4 4 5 4 6 4 4 4 0 3 4 3 4 5 6 6 5 6 5 5 7 5 5 4 4 4 5 4 3 4 5 6
2 3 4 4 5 5 6 5 4 4 0 3 4 3 4 5 6 6 5 6 6 5 7 5 5 4 3 4 5 4 3 4 5 6
2 3 4 4 5 5 6 5 4 4 0 3 4 4 4 5 5 5 5 6 5 5 7 5 5 4 4 4 6 4 4 4 5 6
2 3 4 4 5 5 6 4 4 4 0 3 4 4 4 5 6 6 5 6 6 5 7 5 5 4 3 4 5 4 4 4 5 6
2 3 4 4 5 5 6 4 4 4 0 3 4 3 4 5 6 6 5 6 5 5 7 5 5 4 3 4 6 4 3 4 5 6
2 3 4 4 5 5 6 4 4 4 0 3 4 3 4 4 5 5 5 6 6 5 7 5 5 4 3 4 6 4 3 4 5 5
2 3 4 4 5 5 6 4 4 4 0 3 4 3 4 4 5 6 5 6 6 5 7 5 4 4 3 4 6 4 3 4 5 6
2 3 4 4 5 5 7 4 4 4 0 3 4 3 4 5 6 6 5 6 6 5 7 5 4 4 3 4 6 4 3 4 5 6
2 3 4 4 5 5 7 4 4 4 0 3 4 3 4 5 5 6 5 5 5 5 7 5 5 4 3 4 6 4 3 4 5 6
2 3 4 4 5 5 6 4 4 4 0 3 4 4 4 5 5 6 4 5 5 5 7 5 4 4 3 4 6 4 4 4 5 6
2 3 4 4 5 6 7 5 4 4 0 4 5 4 5 6 6 6 5 5 5 6 7 6 5 5 4 5 6 5 4 5 6 6
2 3 4 4 6 5 7 5 4 4 0 3 5 4 4 5 6 6 5 6 6 6 7 5 5 5 4 5 7 5 4 5 6 7
2 3 4 4 5 5 7 5 4 4 0 3 4 3 4 5 6 6 5 6 6 6 7 5 5 4 4 5 6 4 3 4 5 6
2 3 4 4 6 5 7 5 4 4 0 3 5 3 4 5 6 6 5 6 5 6 7 5 5 4 4 4 6 4 3 4 5 6
2 3 4 4 6 5 7 5 4 4 0 3 4 4 4 5 6 6 5 6 6 6 7 5 5 5 4 5 6 4 3 4 5 6
2 3 4 4 5 5 7 5 4 4 0 3 4 3 4 4 6 5 5 5 5 6 7 5 5 4 4 4 5 4 3 4 5 6
2 3 4 4 5 5 7 5 4 4 0 3 4 3 4 4 6 6 5 6 5 6 7 5 5 4 4 4 6 4 3 4 5 6
2 3 4 4 5 5 7 5 4 4 0 3 4 3 4 4 6 6 5 5 5 6 7 5 4 4 3 4 6 4 3 4 5 6
2 3 4 4 5 5 7 5 4 4 0 3 5 4 4 5 6 6 5 6 5 6 8 6 5 4 4 4 6 4 4 5 5 6
2 3 4 4 5 5 7 5 4 4 0 3 4 3 4 4 6 5 5 6 5 6 6 5 4 4 3 4 6 4 3 4 5 6
2 3 4 4 5 5 7 5 4 4 0 3 4 3 4 4 6 6 5 6 6 6 7 5 4 4 3 4 6 4 3 4 5 6
2 3 4 4 6 5 7 5 4 4 0 3 5 4 4 5 6 6 5 6 6 6 8 5 5 4 4 5 6 5 4 5 6 6
2 3 4 4 6 5 7 5 4 4 0 3 5 4 4 5 6 6 5 6 6 6 7 5 5 4 4 5 6 4 4 5 5 6
2 3 4 4 6 5 7 5 4 4 0 3 5 4 4 5 6 6 5 6 6 6 7 5 5 4 4 5 6 5 4 5 6 6
2 3 4 4 6 5 7 5 4 4 0 3 5 4 4 5 6 6 5 6 6 6 7 5 5 4 4 5 6 4 4 5 6 6
2 3 4 4 6 5 7 5 4 4 0 3 5 4 4 5 6 6 5 6 6 6 7 5 4 4 4 5 6 4 4 5 6 6
2 3 4 4 6 5 7 5 4 4 0 3 4 3 4 5 6 5 5 6 6 6 7 5 4 4 3 4 6 4 3 5 6 6
2 3 4 4 6 5 7 5 4 4 0 3 5 3 4 5 6 6 5 6 6 6 7 5 4 4 3 4 6 4 3 5 5 6
2 3 4 5 6 5 7 5 4 4 0 3 5 3 4 5 6 6 5 7 6 6 7 5 4 4 3 4 6 4 3 5 5 6
2 3 4 4 5 5 6 5 4 4 0 3 5 4 4 5 6 6 5 6 6 6 7 5 4 4 3 4 6 4 4 5 6 6
2 3 4 4 6 6 7 5 4 4 0 3 4 3 4 5 6 6 5 6 6 6 7 5 4 4 4 4 6 4 3 5 5 6
2 3 4 5 6 6 7 5 4 4 0 4 5 4 4 4 6 5 5 6 6 7 7 5 5 4 4 5 6 5 4 4 5 6
2 3 4 4 6 6 7 5 4 4 0 4 5 4 4 5 6 5 5 7 7 7 7 5 5 4 4 5 6 5 4 5 5 5
2 3 5 5 6 6 7 6 5 5 0 4 5 4 5 5 7 6 5 7 7 7 8 6 5 5 4 5 7 5 4 5 6 6
2 3 4 4 6 5 7 5 4 4 0 3 5 4 4 5 6 6 5 6 6 6 7 5 5 4 4 5 6 4 4 5 5 6
2 3 4 4 6 5 7 5 4 4 0 3 5 4 4 5 6 6 5 6 6 6 7 5 5 4 4 4 6 4 3 5 5 6
2 3 4 5 6 5 7 5 4 4 0 4 5 4 4 5 6 6 5 6 6 6 8 5 5 4 4 5 6 4 4 5 5 6
2 3 4 4 6 5 7 5 4 4 0 3 5 4 4 5 6 6 5 6 7 7 8 5 5 4 4 5 6 4 4 5 5 6
2 3 4 5 6 7 8 5 4 4 0 4 5 4 4 5 6 6 5 6 8 8 9 6 5 5 4 5 6 5 4 5 5 6
2 3 4 4 6 5 7 5 4 4 0 3 4 3 4 5 6 6 5 6 7 6 8 5 5 4 3 4 6 4 3 4 5 6
2 3 4 4 6 5 7 5 4 4 0 3 4 3 4 5 6 6 5 6 7 6 7 5 4 4 3 4 5 4 3 4 5 6
2 3 4 4 6 5 7 5 4 4 0 3 4 3 4 4 6 5 5 6 7 7 8 5 4 4 3 4 6 4 3 4 5 5
2 3 4 5 6 6 9 5 4 4 0 4 5 4 4 5 6 6 5 6 7 7 8 6 5 5 4 5 6 4 4 5 5 5
2 3 4 5 6 5 7 5 4 4 0 4 5 4 4 5 6 6 5 6 7 7 8 6 5 4 4 5 6 4 4 5 5 5
2 3 4 5 6 5 6 5 4 4 0 3 4 3 4 5 6 5 5 6 7 7 8 5 5 4 4 4 5 4 3 4 5 5
2 3 4 5 6 5 7 5 4 4 0 3 5 4 4 5 6 5 5 6 7 6 8 5 5 4 4 5 6 4 4 4 5 5
2 3 4 5 6 6 7 5 4 4 0 4 4 4 4 5 6 6 5 6 7 7 8 5 5 4 4 5 6 4 4 5 5 6
2 3 4 4 6 5 7 5 4 4 0 3 4 3 4 4 5 5 5 6 7 7 8 5 5 4 3 4 5 4 3 4 5 5
2 3 4 5 6 5 7 5 4 4 0 3 4 3 4 4 6 6 5 6 7 7 8 6 5 4 4 4 5 4 3 4 5 6
2 3 4 4 6 5 6 5 4 4 0 3 4 4 4 4 5 5 4 5 7 7 8 6 5 4 4 4 5 4 4 4 5 5
2 3 4 4 6 5 7 5 4 4 0 3 4 3 4 4 5 5 5 5 7 7 8 6 5 5 4 4 5 4 3 4 5 5
2 3 4 5 6 5 7 5 4 4 0 3 4 3 4 4 5 5 4 5 7 7 8 5 5 4 4 4 5 4 3 4 5 5
2 3 4 4 6 5 6 5 4 4 0 3 4 3 3 4 5 5 4 5 7 7 8 5 5 4 4 4 5 4 3 4 5 5
2 3 4 5 6 5 7 5 4 4 0 3 4 3 4 4 5 5 5 6 7 7 8 6 5 4 4 4 5 4 3 5 5 6
2 3 4 5 6 5 7 5 4 4 0 3 4 3 4 4 5 5 4 6 7 7 8 5 5 4 4 4 5 4 3 4 5 5
2 3 4 5 6 5 6 5 4 4 0 3 4 3 3 4 5 6 4 6 7 6 8 5 5 4 4 4 5 4 3 4 5 6
2 3 4 5 6 5 7 5 4 4 0 3 4 3 3 4 5 5 5 6 7 7 8 5 5 4 4 4 5 4 3 4 5 5
2 3 4 4 6 5 7 5 4 4 0 3 4 3 3 4 5 5 4 5 7 7 8 5 5 4 4 4 5 4 3 4 5 5
2 3 4 5 6 6 7 5 4 4 0 3 4 3 3 4 5 5 5 6 7 7 8 6 5 5 4 4 5 4 3 4 5 6
2 3 4 5 6 5 6 5 4 4 0 4 4 4 4 4 5 5 4 5 7 7 7 5 5 4 4 4 5 4 3 4 5 5
2 3 4 4 6 5 6 5 4 4 0 3 4 4 4 4 5 5 4 5 7 7 7 5 5 4 3 4 5 4 4 4 5 6
2 3 4 5 6 5 6 5 4 4 0 3 4 3 4 5 6 6 6 6 7 6 7 5 5 4 4 5 6 4 3 5 6 7
2 3 4 4 6 5 6 5 4 4 0 3 4 3 3 4 5 5 5 6 7 7 8 5 5 4 4 4 5 4 3 4 5 5
2 3 4 4 6 5 7 5 4 4 0 3 4 3 3 4 5 5 5 5 7 7 7 5 4 4 3 4 5 4 3 4 5 6
2 3 4 5 6 5 7 5 4 4 0 3 4 3 4 4 5 5 5 6 7 7 7 5 5 4 4 5 5 4 3 4 5 5
2 3 4 5 6 5 6 5 4 4 0 3 4 3 3 4 5 5 5 6 6 7 7 5 4 4 3 4 5 4 3 4 5 5
2 3 5 5 6 5 6 5 4 4 0 3 4 4 4 5 6 6 6 7 7 7 7 5 5 4 4 5 5 4 4 4 5 6
2 3 4 5 6 5 6 5 4 4 0 3 4 3 4 4 5 6 5 6 6 7 7 5 4 4 4 4 5 4 3 4 5 6
2 3 4 5 6 5 7 5 4 4 0 3 4 4 4 4 5 6 5 6 7 7 7 5 5 5 4 5 5 4 4 4 5 6
2 3 4 5 6 5 7 5 4 4 0 3 4 4 4 4 5 5 5 6 6 7 7 5 5 4 4 4 5 4 3 4 5 6
2 3 4 5 6 5 6 5 4 4 0 3 4 4 4 4 5 6 5 6 6 6 7 6 5 5 4 5 5 4 4 5 6 6
2 3 4 4 6 5 6 5 4 4 0 3 4 3 4 4 5 5 5 6 6 6 7 5 5 4 3 4 5 4 3 4 5 6
2 3 4 5 6 5 6 5 4 4 0 3 4 4 4 4 5 5 5 6 6 6 8 5 5 4 4 4 5 4 4 4 5 5
2 3 4 4 6 5 6 4 4 4 0 3 4 3 3 4 5 5 5 6 6 6 7 5 4 4 3 4 5 4 3 4 5 5
2 3 4 5 6 5 6 5 4 4 0 3 4 3 3 4 5 5 5 6 6 6 7 5 4 4 3 4 5 4 3 4 5 5
2 3 4 5 6 5 6 5 4 4 0 3 4 3 3 4 5 5 5 6 6 6 7 5 4 4 3 4 5 4 3 4 5 5
2 3 4 4 6 5 6 4 4 4 0 3 4 3 4 4 5 5 5 6 7 6 7 5 4 4 3 4 5 4 3 4 5 5
2 3 4 5 6 5 6 5 4 4 0 3 4 4 4 4 5 5 5 6 6 7 7 5 5 4 4 4 5 4 3 4 5 5
2 3 4 4 6 5 6 4 4 4 0 3 4 3 4 4 5 6 5 6 6 6 7 5 5 4 3 4 5 4 3 4 5 5
2 3 4 4 6 5 6 5 4 4 0 3 4 3 3 4 5 5 5 6 6 6 7 5 4 4 3 4 5 4 3 4 5 5
2 3 4 4 6 5 6 4 4 3 0 3 4 3 3 4 5 5 5 6 6 6 7 5 4 4 3 4 5 4 3 4 5 5
2 3 4 4 5 5 6 4 4 3 0 3 4 3 3 4 5 5 5 6 6 6 7 5 4 4 3 4 5 4 3 4 5 6
2 3 4 4 6 5 6 4 4 4 0 3 4 3 3 4 5 5 5 6 6 6 7 5 5 4 3 4 5 4 3 4 5 6
2 3 4 4 5 5 6 4 4 4 0 3 4 3 4 4 5 5 5 6 6 6 7 5 4 4 3 4 5 4 3 4 5 5
2 3 4 4 5 5 6 4 4 4 0 3 4 3 3 4 5 6 5 6 6 6 6 5 4 4 3 4 5 4 3 4 5 5
2 3 4 4 5 4 6 4 4 3 0 3 4 3 3 4 5 5 5 6 6 6 7 5 4 4 3 4 5 4 3 4 4 5
2 3 4 4 5 5 6 5 4 4 0 3 4 3 4 4 5 5 5 6 6 6 7 5 4 4 3 4 5 4 3 4 4 5
2 3 4 4 5 5 6 5 4 4 0 3 4 3 4 5 5 5 5 6 6 6 7 5 5 4 4 5 5 4 3 4 5 5
2 3 4 4 6 5 6 4 4 3 0 3 4 3 4 4 5 5 5 6 6 6 7 5 4 4 3 4 5 4 3 4 4 5
2 3 4 5 6 5 7 5 4 4 0 3 4 3 4 4 5 5 5 7 6 6 7 5 5 4 3 4 5 4 3 4 5 5
2 3 4 4 5 4 6 4 4 4 0 3 4 3 4 4 5 5 5 6 5 5 6 5 5 4 4 4 5 4 3 4 5 5
2 3 4 4 6 5 6 5 4 4 0 3 4 3 4 4 5 5 5 6 6 5 7 5 5 4 3 4 5 4 3 4 5 5
2 3 4 4 5 5 5 4 4 3 0 3 4 3 3 4 5 5 4 6 5 5 6 4 4 4 3 4 4 3 3 4 4 5
2 3 3 3 5 4 6 4 3 3 0 3 4 3 3 4 5 4 4 5 5 5 6 5 4 4 3 4 4 3 3 4 4 5
2 3 3 3 5 4 6 4 3 3 0 3 3 3 3 4 5 4 4 5 5 5 7 5 4 4 3 4 4 3 3 4 4 5
2 3 3 4 5 4 6 5 3 3 0 3 4 3 3 4 5 4 4 5 5 5 6 5 4 4 3 4 4 3 3 4 4 5
2 3 3 4 5 4 6 5 3 3 0 3 3 3 3 4 5 4 4 5 5 5 6 5 4 4 3 4 4 3 3 4 5 5
2 3 3 4 5 4 6 5 4 3 0 3 3 3 3 4 5 4 4 5 6 5 7 5 4 4 3 4 4 3 3 4 4 4
2 3 3 4 5 4 6 5 3 3 0 3 4 3 3 4 5 5 4 5 6 5 7 5 4 4 3 4 5 4 3 4 4 5
2 3 3 4 5 4 6 5 4 3 0 3 4 3 3 4 5 5 4 5 6 6 7 5 4 4 3 4 5 4 3 4 5 5
2 3 4 4 5 4 6 5 3 3 0 3 4 3 3 4 5 5 4 6 6 6 7 5 4 4 3 4 5 4 3 4 5 5
2 3 4 4 5 5 6 5 4 3 0 3 4 3 3 4 6 5 5 6 6 6 7 5 4 4 3 4 5 4 3 4 5 5
2 3 4 4 5 5 6 5 4 3 0 3 4 3 3 4 5 5 4 5 6 6 8 5 4 4 3 4 5 4 3 4 5 5
2 3 4 4 6 5 7 5 4 3 0 3 4 3 3 4 5 5 4 5 6 6 8 5 4 4 3 4 5 4 3 4 5 5
2 3 4 4 5 4 6 5 4 4 0 3 4 3 3 4 5 5 4 5 6 6 7 5 4 4 3 4 5 4 3 4 5 6
2 3 4 4 6 5 7 5 4 4 0 3 4 3 4 5 6 5 5 6 6 7 8 5 5 4 4 4 5 4 3 5 5 6
2 3 4 4 5 4 6 5 4 4 0 3 4 3 3 4 6 5 4 5 6 6 7 5 4 4 3 4 5 4 3 4 5 6
2 3 4 4 6 5 6 5 4 4 0 3 4 3 3 4 5 5 5 6 6 6 8 5 4 4 3 4 5 4 3 4 5 5
2 3 4 4 5 5 6 5 4 4 0 3 4 3 3 4 5 5 4 5 6 6 8 5 4 4 3 4 5 4 3 4 5 6
2 3 4 4 6 5 6 5 4 4 0 3 4 3 3 4 5 5 5 6 7 6 8 5 5 4 4 5 5 4 3 4 5 6
2 3 4 4 5 5 6 5 4 4 0 3 4 3 3 4 5 5 5 5 6 6 8 5 4 4 3 4 5 4 3 4 5 6
2 3 4 5 5 4 6 5 4 4 0 3 4 3 3 4 5 5 5 6 6 6 8 5 4 4 3 4 5 4 3 4 5 5
2 3 4 4 5 5 6 5 4 3 0 3 4 3 3 4 5 5 5 6 6 6 8 5 4 4 3 4 5 4 3 4 5 5
2 3 4 4 5 5 7 5 4 3 0 3 4 3 3 4 5 5 5 6 6 6 8 6 4 4 3 4 5 4 3 4 5 5
2 3 4 4 5 5 6 5 4 4 0 3 4 3 3 4 5 5 5 6 6 6 8 5 4 4 3 4 5 4 3 4 5 6
2 3 4 4 5 5 7 5 4 3 0 3 4 3 4 4 5 5 5 6 6 6 8 5 4 4 3 4 5 4 3 5 5 6
2 3 4 4 6 5 7 5 4 3 0 3 4 3 3 5 6 6 5 6 7 6 8 5 4 4 3 4 5 4 3 4 5 6
2 3 4 4 6 5 6 5 4 4 0 3 4 3 3 4 6 5 5 6 7 6 8 5 4 4 3 4 5 4 3 4 5 6
2 3 4 4 5 5 6 5 3 3 0 3 4 3 3 4 6 5 5 6 6 6 8 5 4 4 3 4 5 4 3 4 5 6
2 3 4 4 5 5 6 5 4 3 0 3 4 3 3 4 5 5 5 6 6 6 8 5 4 4 3 4 5 4 3 4 5 5
2 3 4 4 5 5 6 5 4 3 0 3 4 4 4 4 5 5 5 6 6 6 8 5 4 4 3 4 5 4 3 4 5 5
2 3 4 4 5 4 6 4 4 3 0 3 3 3 3 4 5 5 5 6 6 6 8 5 4 4 3 4 5 4 3 4 5 5
2 3 4 4 5 5 6 5 4 4 0 3 4 3 3 4 5 5 5 6 7 6 7 5 4 4 3 4 5 4 3 4 5 5
2 3 4 4 5 5 6 4 4 4 0 3 3 3 4 5 5 5 5 6 6 6 7 5 4 4 3 4 5 4 3 5 5 5
2 3 4 4 5 5 7 5 4 4 0 3 4 3 4 5 5 5 5 6 6 6 7 5 4 4 3 4 6 4 3 5 5 6
2 3 4 4 5 5 6 4 4 3 0 3 4 3 3 4 5 5 5 6 6 6 7 5 4 4 3 4 5 4 3 4 5 5
2 3 4 4 5 5 6 4 4 3 0 3 4 3 3 4 5 5 5 6 6 6 8 5 4 4 3 4 5 4 3 4 5 5
2 3 4 4 5 5 6 5 4 4 0 3 3 3 3 4 5 5 5 7 7 6 7 5 5 4 3 4 5 4 3 4 5 5
2 3 4 4 5 5 6 4 4 3 0 3 4 3 3 4 6 5 5 6 6 6 7 5 4 4 3 4 5 4 3 4 5 5
2 3 4 4 5 5 6 4 4 3 0 3 4 3 3 4 5 5 5 6 6 6 7 5 4 4 3 4 5 4 3 4 5 5
2 3 4 4 5 5 6 4 4 4 0 3 4 3 3 4 5 5 5 6 6 6 6 4 4 4 3 4 5 4 3 4 5 5
2 3 4 4 5 5 6 4 4 4 0 3 4 3 4 5 5 5 5 6 6 6 7 5 4 4 3 4 5 4 3 4 5 5
2 3 4 4 5 5 6 4 4 4 0 3 4 3 4 5 6 6 5 6 6 6 6 4 4 4 3 4 5 4 3 4 5 5
2 3 5 5 6 5 7 5 4 4 0 4 4 4 5 6 6 6 5 6 7 7 8 6 5 4 4 5 5 4 4 5 6 6
2 3 4 4 5 5 6 4 4 3 0 3 4 3 3 4 5 5 5 6 6 5 6 5 4 4 3 4 5 4 3 4 5 5
2 3 4 4 5 5 6 4 4 3 0 3 4 3 3 4 5 5 5 6 6 6 7 5 4 4 3 4 5 4 3 4 5 5
2 3 4 4 5 5 6 4 3 3 0 3 4 3 3 4 5 5 5 6 6 6 6 4 4 4 3 4 5 4 3 4 4 4
2 3 4 4 5 4 5 4 4 3 0 3 4 3 3 4 5 5 5 6 6 5 6 4 4 4 3 4 5 3 3 4 5 5
2 3 4 4 5 4 6 4 3 3 0 3 4 3 3 4 5 5 5 6 6 5 6 4 4 4 3 4 5 4 3 4 4 5
2 3 4 5 5 5 6 4 4 3 0 3 4 3 3 4 5 5 5 6 6 5 6 5 4 4 3 4 5 4 3 4 5 5
2 3 4 4 5 5 6 4 4 3 0 3 4 3 4 4 5 5 5 5 5 6 6 5 4 4 3 4 5 4 4 4 5 5
2 3 4 4 5 4 6 4 3 3 0 3 4 3 3 4 5 5 4 5 5 5 6 5 4 4 3 4 5 4 3 4 5 5
2 3 4 4 5 5 6 4 4 4 0 3 4 3 4 4 5 5 5 5 6 6 6 4 4 4 3 4 5 4 3 4 5 6
2 3 4 4 5 5 6 4 3 3 0 3 4 3 3 4 5 5 4 5 5 5 6 4 4 4 3 4 5 4 3 5 5 5
2 3 4 4 5 4 6 4 3 3 0 3 4 3 3 4 5 5 4 5 5 5 6 4 4 3 3 4 5 4 3 4 5 5
2 3 4 4 5 4 6 4 3 3 0 3 4 3 3 4 5 5 5 6 5 6 6 4 4 4 3 4 4 3 3 4 5 5
2 3 4 4 5 4 5 4 3 3 0 3 4 3 3 4 5 5 4 5 5 5 6 4 4 3 3 4 4 3 3 4 5 5
2 3 4 4 6 5 6 4 3 3 0 3 4 3 3 4 5 5 5 5 6 6 6 4 4 4 3 4 5 4 3 4 5 5
2 3 4 4 5 4 5 4 3 3 0 3 4 3 3 4 5 5 4 5 5 5 6 4 4 3 3 4 4 3 3 4 5 5
2 3 4 4 5 4 5 4 3 3 0 3 4 3 3 4 5 5 4 5 5 5 6 4 4 4 3 4 5 4 3 4 5 5
2 3 3 4 5 4 5 4 3 3 0 3 4 3 3 4 5 5 4 5 5 5 5 4 4 4 3 4 5 3 3 4 5 5
2 3 3 4 5 4 5 3 3 3 0 3 4 3 3 4 4 5 4 5 5 5 5 4 4 3 3 3 5 3 3 4 4 5
2 3 3 4 5 4 6 4 3 3 0 3 4 3 3 4 5 5 4 5 5 5 5 4 4 3 3 4 5 4 3 4 5 5
2 3 3 4 5 4 5 4 3 3 0 3 4 3 3 4 5 5 4 5 5 5 6 4 4 4 3 4 4 3 3 4 5 5
2 3 4 4 5 4 5 4 3 3 0 3 4 3 3 4 5 5 4 5 5 5 6 4 4 4 3 4 5 3 3 4 5 5
2 3 3 4 5 4 5 4 3 3 0 3 4 3 3 4 5 5 4 5 5 5 5 4 4 3 3 4 4 3 3 4 5 5
2 3 3 4 5 4 5 4 3 3 0 3 4 3 3 4 5 5 4 5 5 5 5 4 4 3 3 4 4 3 3 4 5 5
2 3 3 3 5 4 5 4 3 3 0 3 3 3 3 4 5 5 4 5 5 5 5 4 3 3 3 3 4 3 3 4 4 5
2 3 3 3 4 4 5 4 3 3 0 3 3 3 3 4 5 5 4 5 5 5 6 4 4 3 3 3 4 3 3 3 4 5
2 3 3 4 5 4 5 4 3 3 0 3 3 3 3 4 4 5 4 5 5 5 6 4 4 3 3 3 4 3 3 3 4 5
2 3 3 4 5 4 5 4 3 3 0 3 4 3 3 4 5 5 4 5 5 5 6 4 4 3 3 4 5 3 3 4 4 5
2 3 4 5 5 5 6 5 3 3 0 3 4 3 4 4 5 5 4 5 6 6 7 6 4 4 3 4 5 4 3 4 5 5
2 3 3 3 4 4 5 3 3 3 0 2 3 2 3 3 4 4 4 5 5 5 5 4 3 3 3 3 5 3 2 3 4 5
2 3 3 3 4 4 5 3 3 3 0 2 3 2 3 3 4 4 4 5 5 5 5 4 3 3 3 3 4 3 2 3 4 5
2 3 3 3 4 4 5 3 3 3 0 2 3 3 3 4 5 4 4 5 5 4 5 4 3 3 2 3 5 3 3 4 4 5
2 3 3 3 4 4 4 3 3 3 0 2 3 3 3 4 5 5 4 5 5 5 5 4 3 3 3 3 5 3 3 4 5 5
2 3 3 3 4 4 5 3 3 3 0 3 4 3 3 4 5 5 4 5 5 5 5 4 3 3 3 3 5 3 3 4 5 5
2 3 3 3 4 4 5 4 3 3 0 2 4 3 3 4 5 5 4 5 5 5 5 4 3 3 3 3 5 3 3 4 5 5
2 3 3 3 4 4 5 4 3 3 0 3 4 3 4 4 6 5 4 5 5 5 6 4 4 3 3 3 5 3 3 4 6 6
2 3 3 3 4 4 4 3 3 3 0 2 3 3 3 4 5 5 4 5 4 5 5 4 3 3 2 3 5 3 3 4 4 5
2 3 3 3 4 4 4 3 3 3 0 3 4 3 3 4 5 5 4 5 4 5 5 4 3 3 3 3 5 3 3 4 4 5
2 3 3 3 4 4 4 3 3 3 0 2 3 3 3 4 5 5 4 5 5 5 5 4 3 3 3 3 5 3 3 4 4 5
2 3 3 3 4 4 5 3 3 3 0 2 3 3 3 4 6 5 4 5 5 5 5 4 3 3 3 3 5 3 3 4 5 5
2 3 3 3 4 4 5 3 3 3 0 3 4 3 3 4 6 6 4 5 5 5 5 4 3 3 3 3 5 3 3 4 5 5
2 3 3 4 4 4 5 3 3 3 0 3 4 3 3 5 6 6 5 6 5 5 5 4 3 3 3 3 5 4 3 4 5 6
2 3 3 4 5 4 5 4 3 3 0 3 4 3 3 5 6 6 4 5 6 5 6 4 4 4 3 4 5 4 3 4 5 5
2 3 3 4 5 4 5 4 4 4 0 3 4 3 3 5 6 6 4 5 6 5 6 4 4 4 3 4 5 4 3 4 5 5
2 3 4 4 5 4 5 4 3 3 0 3 4 3 3 5 6 6 5 6 5 5 5 4 4 3 3 4 7 4 3 4 5 6
2 3 4 4 5 4 5 4 3 3 0 3 4 3 3 5 6 6 5 6 5 5 6 4 4 3 3 4 6 4 3 4 5 6
2 3 4 4 5 4 5 4 3 3 0 3 4 3 4 5 6 6 5 6 5 5 5 4 4 3 3 4 7 4 4 5 5 6
2 3 4 4 5 4 5 4 3 3 0 3 4 3 4 5 6 6 5 6 5 5 6 4 4 4 3 4 6 4 4 4 5 6
2 3 4 4 4 4 5 4 3 3 0 3 4 3 4 5 7 6 5 6 5 5 5 4 4 3 3 4 6 4 3 4 5 5
2 3 4 4 5 4 5 4 3 3 0 3 4 3 3 5 6 6 5 6 5 5 6 4 4 3 3 4 6 4 3 4 5 5
2 3 4 4 5 4 5 4 3 3 0 3 4 3 3 5 6 6 5 6 5 5 6 4 4 3 3 4 6 4 3 4 5 5
2 3 4 4 5 4 5 4 3 3 0 3 5 3 4 5 6 6 5 6 6 5 6 4 4 4 3 4 6 4 3 5 5 6
2 3 4 4 5 5 6 4 3 3 0 3 5 3 4 5 6 6 5 6 6 5 6 4 4 4 3 4 7 4 3 4 5 6
2 3 4 4 5 5 6 4 3 3 0 3 5 3 4 5 6 6 5 5 5 5 6 4 4 3 3 4 7 4 3 4 5 6
2 3 4 4 5 5 5 4 4 4 0 3 5 3 4 5 6 6 5 5 5 5 6 4 4 4 3 4 7 4 3 5 5 6
2 3 4 4 5 4 5 4 3 3 0 3 5 3 4 5 6 6 5 6 5 5 6 4 4 4 3 4 7 4 3 5 5 5
2 3 4 4 5 4 5 4 3 3 0 3 5 3 4 5 6 6 5 6 5 5 6 4 4 3 3 4 6 4 4 5 5 6
2 3 4 4 5 4 6 4 3 3 0 3 4 3 4 5 7 7 5 6 5 5 6 4 4 3 3 4 6 4 3 5 5 6
2 3 4 4 5 4 5 4 3 3 0 3 4 3 3 5 6 6 5 6 5 5 6 4 4 4 3 4 6 4 3 5 5 6
2 3 4 4 5 4 5 4 3 3 0 3 4 3 4 5 6 7 5 6 5 5 6 4 4 3 3 4 6 4 3 4 5 6
2 3 4 4 5 4 5 4 3 3 0 3 4 3 3 4 6 6 5 6 5 5 6 4 4 3 3 4 6 4 3 4 5 5
2 3 4 4 5 5 6 4 4 4 0 3 5 3 4 4 6 6 5 6 6 6 6 5 4 4 3 4 6 4 3 4 5 5
2 3 4 4 5 5 5 4 3 3 0 3 5 3 4 4 6 6 5 6 5 5 6 4 4 4 3 4 6 4 3 4 5 5
2 3 4 4 5 5 6 4 4 4 0 3 5 3 4 5 6 6 5 6 5 5 6 4 4 4 3 4 7 4 3 4 5 5
2 3 4 4 5 4 5 4 3 4 0 3 5 3 4 5 6 6 5 6 5 5 6 4 4 4 3 4 7 4 3 4 5 5
2 3 4 4 5 4 5 4 3 3 0 3 5 3 4 5 6 6 5 6 5 5 6 4 4 4 3 4 7 4 4 4 5 5
2 3 4 4 5 4 5 4 4 4 0 3 5 3 4 4 6 6 5 6 5 5 6 4 4 4 3 4 6 4 4 4 5 5
2 3 4 4 5 5 5 4 4 4 0 3 5 3 4 4 6 6 5 6 6 5 6 4 4 4 3 4 6 4 3 5 5 5
2 3 4 4 5 5 5 4 3 3 0 3 5 3 3 4 5 6 5 6 5 5 6 4 4 4 3 4 6 4 3 4 5 5
2 3 4 4 5 4 5 4 3 3 0 3 5 3 4 4 6 6 5 6 5 5 6 4 4 4 3 4 7 4 3 4 5 5
2 3 4 4 5 4 6 4 3 3 0 3 5 3 3 4 5 6 4 5 5 5 6 4 4 4 3 4 6 4 3 4 4 5
2 3 4 4 5 4 6 4 3 3 0 3 4 3 3 4 5 5 4 5 5 5 6 4 4 4 3 4 6 4 3 4 4 5
2 3 4 4 5 4 6 4 3 3 0 3 5 3 3 4 6 6 5 6 5 5 6 4 4 3 3 4 9 5 3 4 4 5
2 3 3 4 5 4 5 4 3 3 0 3 4 3 3 4 5 5 4 5 5 5 6 4 3 3 3 4 5 4 3 4 4 5
2 3 3 4 5 4 5 4 3 3 0 3 4 3 3 4 5 5 4 5 5 4 6 4 3 3 3 4 5 4 3 4 4 5
2 3 3 3 5 4 5 3 3 3 0 3 4 3 3 4 5 5 4 5 5 5 6 4 3 3 3 3 5 3 3 4 4 4
2 3 3 3 5 4 5 4 3 3 0 3 4 3 3 4 5 5 4 5 5 5 6 4 3 3 3 3 5 4 3 4 4 5
2 3 3 3 5 4 5 4 3 3 0 3 4 3 3 4 5 5 4 5 5 5 6 4 3 3 3 3 5 3 3 4 4 4
2 3 3 3 5 4 5 4 3 3 0 3 4 3 3 4 6 6 4 5 5 5 6 4 3 3 3 4 5 4 3 4 4 5
2 3 3 3 4 4 5 3 3 3 0 3 4 3 3 4 5 5 4 5 5 4 5 4 3 3 3 3 5 3 3 4 4 4
2 3 4 4 5 4 5 4 3 3 0 3 3 3 3 4 5 5 5 6 5 5 6 4 4 3 3 3 4 3 3 4 4 5
2 3 3 3 4 4 5 4 3 3 0 3 3 3 3 4 5 5 4 5 5 5 6 4 3 3 3 3 4 3 3 4 4 4
2 3 3 4 5 4 5 4 3 3 0 3 4 3 3 4 5 5 4 5 5 5 5 5 4 4 3 4 5 4 3 4 4 4
2 3 3 3 5 4 5 4 3 3 0 3 3 3 3 4 5 5 4 5 5 4 6 4 4 3 3 3 5 3 3 4 4 4
2 3 3 3 5 4 5 4 3 3 0 2 3 3 3 4 5 5 4 5 5 5 5 4 4 3 3 3 5 3 3 4 4 4
2 3 3 4 5 4 5 4 3 3 0 3 3 3 3 4 6 6 4 5 5 5 6 4 4 3 3 4 5 4 3 4 4 5
2 3 3 4 4 4 5 4 3 3 0 3 3 3 3 4 4 4 4 5 5 4 5 4 3 3 3 3 4 3 3 3 4 4
2 3 3 4 5 4 5 4 3 3 0 3 4 3 3 3 4 4 4 5 5 5 6 4 3 3 3 3 5 3 3 3 4 4
2 3 3 3 4 4 5 3 3 3 0 2 3 3 3 3 4 4 4 5 5 4 5 4 3 3 3 3 4 3 3 3 4 4
2 3 4 4 5 4 6 4 3 3 0 3 4 3 3 3 4 4 4 6 5 5 5 4 3 3 3 3 5 3 3 3 4 4
2 3 3 3 4 4 5 3 3 3 0 2 3 2 2 3 4 4 4 5 4 4 5 4 3 3 2 3 4 3 2 3 4 4
2 3 3 3 4 4 5 3 3 3 0 2 3 3 3 3 5 5 4 6 5 4 5 4 4 3 3 3 4 3 3 3 4 4
2 3 3 3 4 4 5 3 3 3 0 2 3 2 3 3 4 4 4 5 4 4 5 4 3 3 3 3 4 3 2 3 4 4
2 3 3 3 4 4 5 3 3 3 0 2 3 2 2 3 4 4 4 5 4 4 5 4 3 3 2 3 4 3 2 3 4 4
2 3 3 3 4 4 5 3 3 3 0 3 3 3 2 3 5 5 4 5 5 5 5 4 3 3 3 3 4 3 2 3 4 4
2 3 3 3 4 4 5 4 3 3 0 3 3 3 3 3 4 4 4 5 4 5 5 4 4 3 3 3 4 3 3 3 3 3
2 3 3 3 4 4 5 3 3 3 0 3 3 3 3 3 4 3 4 5 4 4 6 4 4 3 3 3 4 3 3 3 4 4
2 3 3 3 4 3 5 3 3 3 0 2 3 2 2 3 4 3 4 5 4 4 5 3 3 3 2 3 4 3 2 3 4 4
2 3 3 3 4 4 5 3 3 3 0 3 3 3 3 3 4 4 4 5 5 4 6 4 3 3 3 3 4 3 3 3 4 4
2 3 3 3 4 3 4 3 3 3 0 2 3 2 2 3 4 3 3 4 4 5 5 3 3 3 2 3 4 3 2 3 4 4
2 3 3 3 4 3 5 3 3 3 0 2 3 2 2 3 4 3 3 4 4 4 5 3 3 3 2 3 4 3 2 3 4 4
2 3 3 3 4 4 4 3 3 3 0 2 3 2 3 3 4 4 4 5 5 4 5 4 3 3 3 3 4 3 2 3 4 4
2 3 3 3 4 4 5 4 3 3 0 3 3 3 3 3 4 4 4 5 5 5 6 4 3 3 3 3 4 3 3 4 4 4
2 3 3 3 4 4 5 3 3 3 0 2 3 2 3 3 4 4 4 5 4 4 5 4 3 3 3 3 4 3 2 3 4 4
2 3 3 3 4 4 4 4 3 3 0 3 3 3 3 3 4 4 4 5 4 4 5 4 3 3 3 4 4 3 3 4 4 4
2 3 3 3 4 4 4 3 3 3 0 3 3 3 3 3 4 4 4 5 4 4 5 4 3 3 3 3 4 3 3 3 4 4
2 3 3 3 4 4 4 3 3 3 0 2 3 3 3 3 4 4 4 5 4 4 5 3 3 3 3 3 4 3 3 4 4 4
2 3 3 3 4 4 4 3 3 3 0 3 3 3 3 3 4 4 4 4 4 4 5 4 3 3 3 3 4 3 3 4 4 4
2 3 3 3 4 4 5 3 3 3 0 3 3 3 3 3 5 4 4 4 4 5 5 4 3 3 3 3 4 3 3 4 5 5
2 3 3 3 4 4 4 3 3 3 0 2 3 2 3 3 4 4 4 5 4 4 6 4 3 3 3 3 4 3 3 4 4 4
2 3 3 3 4 4 6 3 3 3 0 2 3 3 3 4 5 5 4 5 4 4 7 4 4 3 3 4 4 3 3 4 4 5
2 3 3 3 4 4 5 3 3 3 0 2 3 3 3 3 4 4 4 5 4 4 5 4 3 3 3 3 4 3 3 4 4 4
2 3 3 4 4 4 5 4 3 3 0 2 3 3 3 3 5 5 4 5 5 4 5 4 4 3 3 3 4 3 3 4 4 5
2 3 3 3 4 4 5 3 3 3 0 3 3 3 3 4 5 5 4 5 4 5 6 4 4 3 3 3 4 3 3 4 5 5
2 3 3 3 4 5 6 4 3 3 0 3 3 3 3 4 5 5 4 5 5 5 6 4 4 4 3 4 4 3 3 4 5 5
2 3 3 3 4 4 5 3 3 3 0 3 3 3 3 4 5 5 4 5 4 5 6 4 3 3 3 3 4 3 3 4 4 5
2 3 3 3 4 4 5 3 3 3 0 3 4 3 3 4 6 5 4 5 4 5 5 4 3 3 3 3 4 3 3 4 5 5
2 3 3 3 4 4 5 4 3 3 0 3 4 3 3 4 5 5 4 5 5 5 5 4 4 3 3 4 4 3 3 4 5 5
2 3 3 3 4 4 5 4 3 3 0 3 4 3 3 4 5 5 4 5 5 5 6 4 4 3 3 4 4 3 3 4 5 5
2 3 3 3 4 4 5 4 3 3 0 3 3 3 3 4 5 5 4 5 5 5 6 4 4 3 3 4 4 3 3 4 5 5
2 3 3 4 4 4 6 4 3 3 0 3 3 3 3 4 5 5 4 5 5 5 6 4 4 3 3 4 4 3 3 4 5 5
2 3 4 4 5 4 6 4 3 3 0 3 4 3 3 4 5 5 4 5 5 5 6 5 4 3 3 4 4 3 3 4 5 5
2 3 3 3 4 4 5 4 3 3 0 3 4 3 3 4 5 5 4 5 5 5 6 4 4 3 3 4 5 3 3 4 4 5
2 3 3 3 4 4 5 4 3 3 0 3 4 3 3 4 5 5 4 5 5 5 6 4 4 3 3 3 4 3 3 4 4 5
2 3 3 3 4 4 5 4 3 3 0 3 3 3 3 4 5 5 4 5 5 5 6 4 4 3 3 3 4 3 3 4 5 5
2 3 3 3 4 4 5 4 3 3 0 3 4 3 3 4 5 5 4 5 5 5 6 4 4 3 3 4 5 3 3 4 4 5
2 3 4 4 4 4 6 4 3 3 0 3 4 3 3 4 5 5 4 5 5 5 6 4 4 4 3 4 5 4 3 4 5 5
2 3 4 4 4 4 6 4 4 4 0 3 4 4 4 4 5 5 4 5 5 5 6 5 4 4 3 4 5 4 4 4 5 5
2 3 3 3 4 4 5 4 3 3 0 3 4 3 3 4 5 5 4 5 5 5 6 4 4 4 3 4 5 4 3 4 5 5
2 3 3 3 4 4 6 4 3 3 0 3 4 3 3 4 5 5 4 5 5 5 6 4 4 3 3 4 5 3 3 4 4 5
2 3 3 3 4 4 6 4 3 3 0 3 4 3 3 4 5 5 4 5 4 5 6 4 4 3 3 3 5 3 3 4 4 5
2 3 3 3 4 4 5 4 3 3 0 3 4 3 3 4 5 5 4 5 5 5 6 4 4 3 3 4 5 3 3 4 4 5
2 3 3 3 4 4 5 4 3 3 0 3 4 3 3 4 5 5 4 5 4 5 6 4 4 4 3 4 5 3 3 4 5 5
2 3 3 3 4 4 5 4 3 3 0 3 4 3 3 4 5 5 4 5 5 5 6 4 4 3 3 4 5 4 3 4 5 5
2 3 3 3 4 4 5 4 3 3 0 3 4 3 3 4 5 5 4 5 5 5 6 4 4 3 3 4 5 3 3 4 5 5
2 3 4 4 5 5 6 4 4 4 0 3 4 3 3 4 5 5 5 6 6 5 6 5 5 4 3 4 5 4 3 4 5 5
2 3 3 3 4 4 6 4 3 3 0 3 4 3 3 4 6 5 4 5 5 5 6 4 4 4 3 4 5 4 3 4 5 6
2 3 3 3 4 4 5 4 3 3 0 3 4 3 3 4 5 4 4 5 5 5 6 4 4 3 3 3 4 3 3 4 4 4
2 3 3 3 4 4 6 4 3 3 0 2 4 3 3 4 5 5 4 5 5 5 7 4 4 4 3 3 4 3 3 3 4 4
2 3 3 3 4 4 5 4 3 3 0 3 4 3 3 4 5 4 4 5 5 5 6 4 4 3 3 3 4 3 3 3 4 4
2 3 3 4 4 4 6 4 4 3 0 3 4 3 3 4 5 4 4 5 5 5 6 4 4 4 3 4 5 4 3 4 4 5
2 3 3 3 4 4 5 4 3 3 0 2 4 3 3 4 5 5 4 5 5 5 5 4 4 4 3 3 5 3 3 4 5 5
2 3 3 3 4 4 5 4 3 3 0 2 4 3 3 4 5 4 4 5 5 5 5 4 4 3 3 3 4 3 3 4 4 5
2 3 3 3 4 4 5 4 3 3 0 2 3 3 3 4 5 4 4 5 5 5 5 4 4 3 3 3 4 3 3 4 4 4
2 3 3 3 4 4 5 4 3 3 0 3 4 3 3 3 5 4 4 5 5 5 5 4 4 4 3 4 4 3 3 3 4 5
2 3 3 3 4 4 5 4 3 3 0 2 3 3 3 3 4 4 4 5 5 5 5 4 4 3 3 3 5 3 2 3 4 4
2 3 3 3 4 4 5 4 3 3 0 2 3 3 3 3 4 4 4 4 5 5 5 4 4 3 3 3 4 3 3 3 4 5
2 3 3 3 4 4 5 4 3 3 0 3 3 3 3 3 4 4 4 5 5 5 5 4 4 3 3 3 4 3 3 4 4 5
2 3 3 3 4 4 5 4 3 3 0 2 3 3 3 3 4 4 4 5 5 5 5 4 4 3 3 3 5 3 3 4 4 4
2 3 3 3 4 4 5 4 3 3 0 3 4 3 3 4 4 4 4 5 5 5 5 4 4 3 3 3 5 3 3 4 4 4
2 3 3 3 4 4 6 4 4 4 0 3 4 3 3 4 5 4 4 5 5 5 6 4 4 4 3 4 5 4 3 4 5 4
2 3 3 3 4 4 5 3 3 3 0 2 3 2 3 3 5 4 4 5 5 4 5 4 4 3 3 3 5 3 3 4 5 5
2 3 3 3 4 4 5 4 3 3 0 2 3 3 3 3 4 4 4 4 4 4 5 4 4 3 3 3 5 3 3 3 4 4
2 3 3 3 4 4 5 3 3 3 0 2 4 3 3 3 4 4 3 4 4 4 5 4 4 3 3 3 4 3 3 3 4 4
2 3 3 3 4 4 5 3 3 3 0 2 3 3 3 3 4 3 3 4 4 4 5 4 4 3 3 3 4 3 3 3 4 4
2 3 3 3 4 4 5 4 3 3 0 3 3 3 3 3 4 4 4 4 5 5 5 4 4 3 3 3 4 3 3 3 4 4
2 3 3 3 4 4 5 3 3 3 0 2 3 3 3 3 4 3 3 4 4 4 5 4 3 3 2 3 4 3 3 3 4 4
2 3 3 3 4 4 5 3 3 3 0 2 3 2 3 3 4 4 3 4 4 4 6 4 4 3 2 3 4 3 2 3 4 4
2 3 3 3 4 4 5 3 3 3 0 3 3 3 3 3 4 4 4 4 5 4 5 4 4 3 3 3 5 3 3 3 4 4
2 3 3 3 4 4 5 4 3 3 0 2 3 2 3 3 4 4 3 4 5 5 5 4 3 3 2 3 4 3 2 3 4 4
2 3 3 3 4 4 5 3 3 3 0 2 3 2 3 3 4 4 3 4 5 4 5 4 3 3 2 3 4 3 2 3 4 4
2 3 3 3 4 4 5 4 3 3 0 2 3 2 3 3 4 4 4 4 5 4 5 4 4 3 3 3 5 3 2 3 4 4
2 3 3 3 4 3 5 3 3 3 0 2 3 2 3 3 4 4 3 4 4 4 4 4 4 3 2 3 4 3 2 3 4 4
2 3 3 3 4 4 5 4 3 3 0 2 3 2 3 3 4 4 3 4 5 4 5 4 4 4 3 3 4 3 2 3 4 4
2 3 2 3 4 3 5 3 3 3 0 2 3 2 2 3 4 3 3 4 4 4 5 3 3 3 2 3 4 3 2 3 4 4
2 3 2 3 4 3 5 3 3 3 0 2 3 2 2 3 4 3 3 4 4 4 5 3 3 3 2 3 4 3 2 3 4 4
2 3 2 3 4 3 6 3 3 3 0 2 3 2 3 3 4 4 3 4 4 4 5 4 3 3 2 3 4 3 2 3 4 4
2 3 3 3 4 3 5 3 3 3 0 3 3 3 3 3 4 4 3 4 4 4 5 3 3 3 3 3 4 3 3 3 4 4
2 3 3 3 4 3 5 3 3 3 0 3 4 3 3 4 4 4 4 4 4 4 5 4 4 3 3 3 5 3 3 4 4 5
2 3 3 3 4 3 5 3 3 3 0 3 4 3 3 3 4 4 3 4 4 4 5 4 4 3 3 3 5 3 3 3 4 4
2 3 3 3 4 3 5 4 3 3 0 2 3 3 3 3 4 4 3 4 4 4 5 4 3 3 3 3 5 3 3 3 4 4
2 3 3 3 4 3 5 3 3 3 0 3 4 3 3 4 4 4 4 4 4 4 5 4 4 3 3 4 5 3 3 4 4 4
2 3 3 3 4 4 5 4 3 3 0 3 4 3 3 4 4 4 3 4 4 4 6 4 3 3 3 3 5 3 3 4 4 4
2 3 3 3 4 3 5 3 3 3 0 2 3 2 3 3 4 4 3 4 4 4 5 3 3 3 2 3 4 3 2 3 4 4
2 3 3 3 4 3 5 3 3 3 0 2 3 2 3 3 4 4 3 4 4 4 5 4 3 3 2 3 4 3 3 3 4 4
2 3 3 3 4 4 5 4 3 3 0 3 4 3 3 3 4 4 4 4 4 4 5 4 3 3 3 3 5 3 3 3 4 4
2 3 3 3 4 3 5 3 3 3 0 2 4 3 3 3 4 4 3 4 4 4 5 4 3 3 2 3 4 3 3 3 4 4
2 3 3 3 4 4 6 4 3 3 0 2 3 3 3 3 4 4 3 4 4 4 6 4 3 3 2 3 4 3 3 3 4 4
2 3 3 3 4 4 5 4 3 3 0 3 3 3 3 3 4 4 4 5 4 4 5 4 4 3 3 3 5 3 3 3 4 4
2 3 3 3 4 4 5 3 3 3 0 2 3 2 3 3 4 4 4 4 4 4 5 4 3 3 3 3 5 3 2 3 4 4
2 3 3 3 4 3 5 3 3 3 0 2 3 3 3 3 4 4 4 4 4 4 5 4 3 3 3 3 5 3 3 3 4 5
2 3 3 3 4 4 5 4 3 3 0 3 4 3 3 3 4 4 4 5 4 4 5 4 4 3 3 3 5 3 3 3 4 4
2 3 3 3 4 4 5 4 3 3 0 3 4 3 3 4 4 4 4 5 4 4 5 4 3 3 3 3 5 3 3 4 4 5
2 3 3 3 4 4 5 4 3 3 0 3 4 3 3 4 4 4 4 5 4 4 5 4 4 3 3 4 5 4 3 4 4 5
2 3 3 4 4 4 5 4 3 3 0 3 4 3 3 4 5 4 4 5 4 5 5 4 4 3 3 4 5 4 3 4 5 5
2 3 3 3 4 4 5 4 3 3 0 3 4 3 3 4 5 4 4 5 4 4 5 4 4 3 3 4 5 4 3 4 5 5
2 3 3 4 4 4 7 4 3 3 0 3 4 3 3 4 4 4 4 5 4 4 6 4 4 3 3 4 5 4 3 4 5 5
2 3 3 3 4 4 6 4 3 3 0 3 4 3 3 4 4 4 4 5 5 4 5 4 4 3 3 4 5 4 3 4 4 5
2 3 3 4 4 4 6 4 3 3 0 3 4 3 3 4 4 4 4 5 5 4 5 4 4 3 3 4 5 4 3 4 4 5
2 3 3 3 4 4 6 4 3 3 0 3 4 3 3 4 4 4 4 5 5 4 6 4 4 3 3 4 5 4 3 4 4 5
2 3 3 3 4 4 6 4 3 3 0 3 4 3 3 4 4 4 4 5 5 5 5 4 4 3 3 3 5 4 3 4 4 5
2 3 3 4 4 4 6 4 3 3 0 3 4 3 3 4 4 4 4 5 5 5 5 4 4 3 3 4 5 4 3 4 4 5
2 3 3 4 4 4 6 4 3 3 0 3 4 3 3 4 4 4 4 5 5 5 6 4 4 3 3 4 5 4 3 4 4 5
2 3 3 4 4 4 6 4 3 3 0 3 4 3 3 4 5 4 4 5 5 5 5 4 4 3 3 4 5 4 3 4 5 5
2 3 4 4 5 4 6 4 3 3 0 3 4 3 3 4 5 5 5 6 5 5 6 4 4 4 3 4 6 4 3 4 5 5
2 3 3 3 4 4 6 4 3 3 0 3 4 3 3 4 5 4 4 5 5 4 5 4 3 3 3 3 5 4 3 4 5 5
2 3 3 3 4 4 5 4 3 3 0 3 4 3 3 3 4 4 4 5 4 5 5 4 3 3 3 3 5 3 3 3 4 5
2 3 3 3 4 4 5 3 3 3 0 3 4 3 3 3 4 4 4 4 4 4 6 4 3 3 3 3 5 3 3 3 4 5
2 3 3 3 4 4 5 4 3 3 0 3 4 3 3 3 4 4 4 4 4 5 5 4 3 3 3 3 5 3 3 3 4 5
2 3 3 3 4 4 5 4 3 3 0 3 4 3 3 3 4 4 4 4 5 5 5 4 3 3 3 3 5 3 3 4 4 5
2 3 3 3 4 4 5 4 3 3 0 3 4 3 3 3 4 4 4 4 4 5 5 4 3 3 3 3 5 3 3 4 4 5
2 3 3 3 4 4 5 3 3 3 0 2 4 3 3 3 4 4 4 4 4 4 5 4 3 3 3 3 5 3 2 3 4 4
2 3 3 3 4 4 5 4 3 3 0 3 4 3 3 3 4 4 4 4 4 4 5 4 3 3 3 3 5 3 3 3 4 4
2 3 3 3 4 4 6 4 3 3 0 3 4 3 3 3 4 4 4 4 4 5 5 4 3 3 3 3 5 3 3 3 4 5
2 3 3 3 4 4 6 4 3 3 0 2 4 3 3 4 4 4 4 4 5 5 5 4 3 3 3 3 5 3 3 3 4 5
2 3 3 3 4 4 6 4 3 3 0 2 3 2 3 3 4 4 4 5 4 5 5 4 3 3 3 3 5 3 3 3 4 5
2 3 3 3 4 4 5 3 3 3 0 2 3 2 3 3 4 4 3 4 5 4 5 4 3 3 2 3 4 3 2 3 4 4
2 3 3 3 4 4 5 3 3 3 0 2 3 3 3 3 4 4 3 4 4 5 5 4 3 3 2 3 4 3 3 3 4 4
2 3 3 3 4 4 5 3 3 3 0 2 3 3 3 4 4 4 4 5 5 5 5 4 3 3 3 3 4 3 3 3 4 4
2 3 3 3 4 4 5 3 3 3 0 2 3 3 3 4 4 4 4 4 5 5 5 4 4 3 3 3 4 3 3 4 4 4
2 3 3 3 4 4 5 3 3 3 0 2 3 2 3 3 4 4 3 4 4 4 5 4 3 3 2 3 4 3 2 3 4 4
2 3 3 3 4 4 5 3 3 3 0 2 3 3 3 4 5 4 3 4 4 4 5 4 3 3 3 3 4 3 3 4 4 4
2 3 2 3 4 3 5 3 3 3 0 2 3 2 2 3 4 4 3 4 4 4 5 4 3 3 2 3 3 3 2 3 3 3
2 3 3 3 4 4 5 3 3 3 0 2 3 3 3 3 4 4 3 4 5 4 5 3 3 3 2 3 4 3 3 3 3 3
2 3 3 3 4 4 5 3 3 3 0 2 3 3 3 3 4 4 3 4 4 4 5 3 3 3 2 3 4 3 3 3 4 4
2 3 3 3 4 4 4 3 3 3 0 2 3 3 3 3 4 4 3 4 4 4 4 3 3 3 2 3 4 3 3 3 3 4
2 3 3 3 4 3 4 3 3 3 0 2 3 2 3 3 4 4 3 4 4 4 5 3 3 3 2 3 4 3 3 3 3 4
2 3 3 3 4 4 4 3 3 3 0 2 3 2 3 3 4 4 3 4 4 4 5 4 3 3 2 3 4 3 3 3 4 4
2 3 3 3 4 4 4 3 3 3 0 2 3 3 3 4 4 4 3 4 4 5 5 3 3 3 2 3 4 3 3 3 4 4
2 3 3 3 4 4 4 3 3 3 0 2 3 3 3 4 5 4 4 4 4 4 5 4 3 3 3 3 4 3 3 3 4 4
2 3 3 3 4 4 4 3 3 3 0 2 3 3 3 4 5 5 3 4 5 5 5 4 3 3 3 3 4 3 3 3 4 4
2 3 3 3 4 4 4 3 3 3 0 2 3 3 3 4 5 4 3 4 4 5 5 4 3 3 3 3 4 3 3 3 4 4
2 3 3 3 4 4 4 3 3 3 0 2 3 3 3 4 4 4 3 4 4 4 5 4 3 3 3 3 4 3 3 3 4 4
2 3 3 3 4 4 5 4 3 3 0 2 3 3 3 4 4 4 3 4 4 5 5 4 3 3 3 3 4 3 3 3 4 4
2 3 3 3 4 4 5 4 3 3 0 3 3 3 3 4 4 4 3 4 4 4 5 4 3 3 3 3 4 3 3 3 4 4
2 3 3 3 4 4 5 4 3 3 0 3 3 3 3 4 5 5 3 4 5 5 5 4 3 3 3 3 5 3 3 4 4 4
2 3 3 3 4 4 5 3 3 3 0 2 3 3 3 4 4 4 3 4 4 5 5 4 3 3 3 3 4 3 3 3 4 4
2 3 3 3 4 4 4 3 3 3 0 3 3 3 3 4 4 4 3 4 5 5 5 4 3 3 3 3 4 3 3 3 4 4
2 3 3 3 4 4 4 3 3 3 0 3 4 3 3 4 4 4 3 4 4 4 6 4 3 3 3 3 4 3 3 3 4 4
2 3 3 3 4 4 5 4 3 3 0 2 3 3 3 4 4 4 3 4 5 5 5 4 3 3 3 3 5 3 3 3 4 4
2 3 3 3 5 4 5 4 3 3 0 3 4 3 3 4 5 5 4 4 5 4 5 4 3 3 3 3 5 3 3 3 4 5
2 3 3 3 4 4 5 4 3 3 0 2 4 3 3 4 5 5 4 4 5 5 5 4 3 3 3 3 5 3 3 4 4 5
2 3 3 3 4 4 5 4 3 3 0 2 3 3 3 4 5 5 4 4 5 5 6 4 3 3 3 3 5 3 3 4 4 5
2 3 3 3 4 4 5 4 3 3 0 3 4 3 3 4 5 5 4 4 5 4 5 4 3 3 3 3 5 3 3 3 4 5
2 3 3 4 5 4 5 4 3 3 0 3 4 3 3 4 5 5 4 4 5 5 5 4 4 3 3 4 5 4 3 4 4 5
2 3 3 4 4 4 5 4 3 3 0 3 4 3 3 4 5 5 4 4 5 5 5 4 3 3 3 3 5 3 3 4 4 5
2 3 3 3 4 4 5 4 3 3 0 3 4 3 3 4 5 5 4 4 5 4 5 4 3 3 3 4 5 4 3 4 4 5
2 3 3 3 4 4 5 4 3 3 0 3 4 3 3 4 5 5 4 4 5 5 5 4 4 4 3 4 5 4 3 4 4 5
2 3 3 4 4 4 5 4 3 3 0 3 4 3 3 4 5 5 4 4 5 5 5 4 3 3 3 3 5 3 3 4 4 5
2 3 3 3 4 4 5 4 3 3 0 3 4 3 3 4 5 5 4 4 5 5 5 4 3 3 3 3 5 3 3 4 4 5
2 3 3 4 4 4 5 4 3 3 0 3 4 3 3 4 5 5 4 5 5 5 5 4 4 3 3 4 6 4 3 4 5 5
2 3 4 4 4 4 5 4 4 4 0 3 4 3 3 4 5 5 4 5 5 5 6 4 4 4 3 4 6 4 3 4 5 5
2 3 3 4 4 4 5 4 3 3 0 3 4 3 3 4 5 5 4 4 5 5 5 4 4 4 3 4 6 4 3 4 4 5
2 3 3 4 5 4 5 4 3 3 0 3 4 3 3 4 5 5 4 5 5 5 5 4 4 3 3 4 6 4 3 4 4 5
2 3 3 3 5 4 5 4 3 3 0 3 4 3 3 4 5 5 4 4 5 5 6 4 3 3 3 4 6 4 3 4 4 5
2 3 3 3 4 4 5 4 3 3 0 3 4 3 3 4 5 4 4 5 5 5 6 4 3 3 3 4 6 4 3 4 4 5
2 3 3 3 4 4 5 4 3 3 0 3 4 3 3 3 4 4 4 4 5 5 5 4 3 3 3 3 6 3 3 3 4 5
2 3 3 3 4 4 5 4 3 3 0 3 4 3 3 3 4 5 4 4 6 5 5 4 3 3 3 3 6 3 3 3 4 5
2 3 3 4 5 4 5 4 3 4 0 3 4 3 3 4 5 5 4 5 6 5 6 4 4 4 3 4 6 4 3 4 5 6
2 3 3 3 4 4 5 3 3 3 0 3 4 3 3 3 4 4 4 4 5 4 5 4 3 3 3 3 5 3 3 3 4 5
2 3 3 3 4 4 5 3 3 3 0 3 3 3 3 3 4 4 4 4 5 4 5 4 3 3 3 3 5 3 3 3 4 5
2 3 3 3 4 4 5 3 3 3 0 2 3 2 3 3 4 4 4 4 5 4 5 3 3 3 3 3 5 3 2 3 4 5
2 3 3 3 4 4 5 3 3 3 0 3 4 3 3 3 5 5 4 4 5 4 5 4 3 3 3 3 5 3 3 3 4 5
2 3 3 3 4 4 5 3 3 3 0 3 4 3 3 3 5 5 4 4 5 4 5 4 3 3 3 3 5 3 3 3 4 5
2 3 4 4 4 4 5 4 3 3 0 3 4 3 3 4 5 5 4 5 5 5 5 4 4 3 3 4 5 4 3 4 5 6
2 3 3 3 4 4 5 3 3 3 0 3 4 3 3 3 4 5 4 4 5 5 5 4 3 3 3 3 5 3 3 3 4 5
2 3 3 3 4 4 5 3 3 3 0 3 4 3 3 3 4 5 4 4 5 4 5 4 3 3 3 3 5 3 3 3 4 5
2 3 3 3 4 4 5 3 3 3 0 3 4 3 3 3 4 4 4 4 5 4 5 4 3 3 3 3 5 3 3 3 4 5
2 3 3 3 4 4 5 3 3 3 0 3 4 3 3 3 5 4 4 4 5 4 5 4 3 3 3 3 5 3 3 4 4 5
2 3 3 3 4 4 4 3 3 3 0 3 4 3 3 3 5 4 4 4 5 4 5 4 3 3 3 3 5 3 3 4 5 5
2 3 3 3 4 4 5 3 3 3 0 3 4 3 3 3 4 5 4 4 5 4 5 4 3 3 3 3 5 3 3 3 4 5
2 3 3 3 4 4 4 3 3 3 0 3 4 3 3 4 4 4 4 5 5 4 5 4 3 3 3 3 5 3 3 3 4 4
2 3 3 3 4 4 4 4 3 3 0 3 4 3 3 4 4 4 4 4 5 4 5 4 3 3 3 3 5 3 3 3 4 4
2 3 3 3 4 4 4 3 3 3 0 3 4 3 3 3 4 4 4 4 5 4 5 4 3 3 3 3 5 3 3 3 4 4
2 3 3 3 4 4 4 3 3 3 0 3 4 3 3 3 4 4 4 4 5 4 5 4 4 3 3 3 5 3 3 3 4 5
2 3 3 3 4 4 5 4 3 3 0 3 4 3 3 4 5 4 4 4 5 5 5 4 4 4 3 3 5 3 3 4 4 5
2 3 3 3 4 4 4 3 3 3 0 3 3 3 3 4 4 4 4 4 5 4 5 4 3 3 3 3 5 3 3 3 4 4
2 3 3 3 4 4 4 3 3 3 0 3 3 3 3 4 4 5 4 5 5 4 5 4 4 3 3 3 4 3 3 3 4 4
2 3 3 3 4 4 4 3 3 3 0 3 3 3 3 4 4 4 4 4 4 4 5 4 3 3 3 3 4 3 3 3 4 4
2 3 4 4 4 5 5 4 4 4 0 3 4 3 4 4 5 5 4 5 5 4 5 4 4 4 3 3 5 4 4 4 4 5
2 3 3 3 4 4 4 3 3 3 0 2 3 3 3 3 4 4 3 4 4 4 5 3 3 3 3 3 4 3 3 3 4 4
2 3 3 3 4 4 4 3 3 3 0 2 3 2 3 3 4 4 3 4 4 4 5 3 3 3 3 3 4 3 2 3 4 4
2 3 3 3 4 3 4 3 3 3 0 2 3 2 3 3 4 4 3 4 4 4 4 3 3 3 2 3 4 3 2 3 4 4
2 3 3 3 4 3 4 3 3 3 0 2 3 2 3 3 4 4 3 4 4 4 4 3 3 3 2 3 4 3 2 3 4 4
2 3 3 3 3 3 4 3 2 3 0 2 3 2 3 3 4 4 3 4 4 4 5 3 3 3 2 3 4 3 2 3 4 4
2 3 3 3 4 4 4 3 3 3 0 2 3 3 3 3 4 4 3 4 4 4 5 3 3 3 3 3 4 3 3 3 4 4
2 3 3 3 4 4 4 3 3 3 0 3 4 3 3 4 4 4 3 4 4 4 5 3 3 3 3 4 6 4 3 4 4 4
2 3 3 3 4 3 4 3 3 3 0 3 4 3 3 3 4 4 3 4 4 4 5 3 3 3 3 3 4 3 3 3 4 4
2 3 3 3 4 3 4 3 3 3 0 3 4 3 3 4 4 4 3 4 4 4 5 3 3 3 3 3 4 3 3 4 4 4
2 3 3 3 4 3 4 3 3 3 0 3 3 3 3 4 4 4 3 4 4 4 4 3 3 3 3 3 4 3 3 3 4 4
2 3 3 3 4 4 4 3 3 3 0 2 3 3 3 4 4 4 3 4 4 4 5 3 3 3 3 3 4 3 3 4 4 4
2 3 3 3 4 4 4 3 3 3 0 3 3 3 3 4 5 4 3 4 4 5 5 4 3 3 3 3 4 3 3 3 4 4
2 3 3 3 4 3 4 3 3 3 0 2 3 3 3 3 4 4 3 4 4 4 5 3 3 3 3 3 4 3 3 3 4 4
2 3 3 3 3 3 4 3 3 3 0 2 3 3 3 3 4 4 3 3 4 4 4 3 3 3 3 3 4 3 3 3 4 4
2 3 3 3 3 3 4 3 3 3 0 2 3 3 3 3 4 4 3 4 4 4 6 4 3 3 2 3 4 3 3 3 4 4
2 3 3 3 3 3 4 3 3 3 0 2 3 2 3 3 4 4 3 4 4 4 4 3 3 3 2 3 5 3 2 3 4 4
2 3 3 3 4 4 4 3 3 3 0 2 4 3 3 3 4 4 3 4 4 5 5 3 3 3 3 4 5 3 3 4 5 4
2 3 3 3 4 4 4 3 3 3 0 2 4 3 3 3 4 4 3 4 4 4 5 3 3 3 2 3 5 3 3 3 4 4
2 3 3 3 4 4 4 3 3 3 0 3 4 3 3 3 4 4 3 4 4 4 4 3 3 3 3 3 5 3 3 3 4 4
2 3 3 3 4 4 4 3 3 3 0 3 4 3 3 3 4 4 4 4 4 4 5 3 3 3 2 3 5 3 3 3 4 4
2 3 3 3 4 3 4 3 3 3 0 2 4 2 3 3 4 4 3 4 4 4 4 3 3 3 2 3 5 3 2 3 4 4
2 3 3 3 4 3 4 3 3 3 0 2 3 2 3 3 4 4 3 4 4 4 5 3 3 3 2 3 5 3 2 3 4 4
2 3 3 3 4 4 4 3 3 3 0 3 4 3 3 3 4 4 4 4 4 4 5 4 3 3 3 3 5 3 3 3 4 4
2 3 3 3 4 4 5 3 3 3 0 2 4 2 3 3 4 4 3 4 4 4 5 3 3 3 3 3 5 3 2 4 4 4
2 3 3 3 4 3 4 3 3 3 0 2 4 2 3 3 5 5 3 4 4 4 5 4 3 3 2 3 5 3 2 3 4 4
2 3 3 3 4 3 4 3 3 3 0 2 4 3 3 3 5 5 4 4 4 4 5 3 3 3 2 3 5 3 2 4 5 4
2 3 3 3 4 3 4 3 3 3 0 2 4 3 3 3 4 4 3 4 4 4 5 3 3 3 2 3 5 3 2 3 4 5
3 0 3 3 4 3 4 3 3 3 0 2 4 3 3 3 4 4 3 4 4 4 5 3 3 3 2 3 5 3 2 3 4 5
2 2 3 3 4 3 4 4 4 4 0 4 6 5 4 5 4 4 4 4 4 4 5 4 4 4 4 6 7 5 4 5 4 4
2 2 3 3 4 3 4 4 4 4 0 4 6 5 4 5 4 4 4 4 5 4 6 4 5 4 4 6 6 5 4 5 4 4
2 2 3 3 4 3 4 4 4 4 0 4 6 5 4 5 4 4 4 4 4 4 5 4 4 4 4 6 6 5 4 5 4 4
2 2 3 3 4 4 4 4 4 4 0 4 6 5 4 5 4 4 4 4 4 4 5 4 5 4 4 6 6 5 4 5 4 4
2 2 3 3 4 4 4 4 4 4 0 4 6 5 4 5 4 4 4 4 4 4 5 4 4 4 4 6 7 5 4 5 4 4
2 2 3 3 4 4 4 4 3 4 0 4 6 4 4 5 4 4 4 4 4 4 5 4 4 4 4 6 7 6 5 5 4 4
2 2 3 3 4 4 4 4 4 4 0 4 6 4 4 5 4 4 4 4 5 4 5 4 4 4 4 6 7 5 4 5 4 4
2 2 3 3 4 3 4 3 3 3 0 3 5 4 4 5 4 3 3 4 4 4 4 3 4 4 4 5 6 5 4 5 4 4
2 2 3 3 4 3 4 3 3 4 0 3 5 4 4 5 4 3 3 4 4 4 4 3 4 4 4 5 6 5 4 5 4 4
2 2 3 3 4 3 4 3 3 4 0 4 5 4 4 5 4 4 4 4 4 4 5 3 4 4 4 6 6 5 4 5 4 4
2 2 3 3 4 3 4 3 3 3 0 3 5 4 4 4 4 3 3 4 4 4 4 4 4 4 3 5 6 5 4 5 4 4
2 2 3 3 4 3 4 3 3 3 0 3 5 4 4 5 4 4 3 4 4 4 5 3 4 4 3 5 6 5 4 5 4 4
2 2 3 3 4 3 4 3 3 4 0 3 5 4 4 4 4 3 3 4 4 4 4 4 4 4 4 6 6 5 4 4 4 3
2 2 3 3 5 4 5 4 4 4 0 4 6 5 4 5 4 4 4 4 4 4 5 4 4 5 4 6 6 5 4 5 4 4
2 2 3 3 4 4 4 4 4 4 0 4 6 4 4 5 4 4 4 4 4 4 5 4 4 4 4 6 6 5 4 5 4 4
2 2 4 4 4 4 4 4 4 4 0 4 7 5 5 6 5 4 4 4 4 5 5 5 5 5 4 6 7 6 5 6 5 5
2 2 3 3 4 4 4 4 4 4 0 4 6 4 4 5 4 4 4 4 4 4 5 4 5 5 4 6 7 5 4 5 4 4
2 2 3 3 4 4 4 4 4 4 0 3 6 4 4 5 4 4 4 4 4 4 5 4 4 4 4 6 7 5 4 5 4 4
2 2 3 3 4 4 5 4 4 4 0 3 5 4 4 5 4 4 4 4 4 4 5 4 5 5 4 6 6 5 4 5 4 4
2 2 3 3 4 3 4 3 3 4 0 4 6 4 4 5 4 4 4 4 4 4 5 4 4 4 4 5 6 5 4 5 4 4
2 2 3 3 4 3 4 4 4 4 0 4 5 4 4 5 4 4 4 4 4 4 5 4 4 4 4 5 6 5 4 5 4 4
2 2 3 3 4 4 4 4 4 4 0 4 5 4 4 5 4 4 3 4 4 4 5 4 4 4 4 5 6 5 3 4 4 4
2 2 3 3 4 3 4 4 4 4 0 4 5 4 4 5 4 4 4 4 4 4 5 4 4 4 4 6 7 5 4 5 4 4
2 2 3 3 4 3 4 4 4 4 0 3 5 4 4 5 4 4 4 4 4 4 5 4 5 5 4 6 7 5 4 5 4 4
2 2 3 3 4 3 4 3 4 4 0 4 5 4 4 5 4 4 4 4 4 4 5 4 4 4 4 6 7 5 4 5 4 4
2 2 3 3 4 3 4 3 4 4 0 4 5 4 4 5 4 4 3 4 4 4 5 4 4 4 4 6 7 5 4 5 4 4
2 2 3 3 4 3 4 3 4 4 0 4 5 4 4 5 4 4 3 4 4 4 5 4 4 4 4 6 6 5 4 5 4 4
2 2 3 3 4 3 4 3 3 4 0 4 6 5 4 5 4 4 3 4 4 4 5 4 4 4 4 6 7 5 4 5 4 4
2 2 3 3 4 3 4 3 3 4 0 4 6 4 4 5 4 4 3 4 4 4 5 4 4 4 4 6 7 5 4 5 4 4
2 2 3 3 4 3 4 4 4 4 0 4 6 4 4 5 4 4 4 4 4 4 5 4 4 4 4 6 7 5 4 5 4 4
2 2 3 3 4 3 4 3 3 4 0 4 6 4 4 5 4 4 3 4 4 4 5 4 4 4 4 6 7 5 4 5 4 4
2 2 3 3 4 3 4 3 4 4 0 4 6 4 4 5 4 4 3 4 4 4 5 4 4 4 4 6 7 5 4 5 4 4
2 2 3 3 4 3 4 3 3 4 0 4 6 4 4 5 4 4 3 4 4 4 4 4 4 4 4 6 7 5 4 4 4 3
2 2 3 3 4 3 4 4 4 4 0 4 6 5 4 5 4 4 4 4 4 4 5 4 4 4 4 6 7 5 4 4 4 4
2 2 3 3 4 3 4 3 4 4 0 4 6 5 5 5 4 4 4 4 4 4 5 4 5 5 4 6 7 5 5 5 4 4
2 2 3 3 4 4 4 4 4 4 0 4 6 4 5 6 4 4 4 4 4 4 5 4 4 5 4 6 7 5 4 5 4 4
2 2 4 4 5 4 5 4 4 4 0 4 6 5 4 5 5 4 4 5 5 5 5 5 5 5 5 6 7 6 4 5 4 4
2 2 3 3 4 4 4 4 4 4 0 4 6 4 4 5 4 4 4 4 5 4 5 4 5 4 4 6 7 5 4 5 4 4
2 2 3 3 4 3 4 4 4 4 0 4 6 4 4 5 4 4 4 4 4 4 5 4 4 4 4 6 7 5 4 5 4 4
2 2 3 3 4 3 4 4 4 4 0 4 6 4 4 5 4 4 4 4 4 4 5 4 4 4 4 6 7 6 4 5 4 4
2 2 3 3 4 4 4 4 4 4 0 4 6 5 4 5 4 4 4 4 4 4 5 4 5 5 4 6 7 5 4 5 4 4
2 2 3 3 4 4 5 4 4 4 0 4 6 5 5 6 5 4 4 4 5 4 5 4 5 5 4 6 7 6 5 5 5 4
2 2 3 3 5 4 5 5 5 4 0 4 6 5 5 5 4 4 4 4 6 5 6 5 5 5 5 6 7 5 4 4 4 4
2 2 3 3 4 4 4 4 4 4 0 4 6 5 4 5 4 4 4 4 4 4 5 4 5 4 4 6 7 6 4 5 4 4
2 2 3 3 4 3 4 4 4 3 0 4 5 4 4 5 4 4 4 4 4 4 5 4 5 4 4 6 6 5 4 4 4 4
2 2 3 3 4 4 4 4 4 3 0 4 5 4 4 5 4 4 4 4 5 4 5 4 5 4 4 6 7 5 4 4 4 4
2 2 3 3 4 4 4 4 4 3 0 4 6 4 4 5 4 4 4 4 4 4 5 4 5 4 4 6 6 5 4 4 4 4
2 2 3 3 4 4 4 4 4 4 0 5 6 4 4 5 4 4 4 4 4 4 5 4 5 4 4 6 6 5 4 4 4 4
2 2 3 3 4 4 4 4 4 3 0 4 5 4 4 5 4 4 4 4 4 4 5 4 5 4 4 6 6 5 4 5 4 4
2 2 3 3 4 4 4 4 4 3 0 4 6 4 4 5 4 4 4 4 4 4 5 4 5 4 4 6 7 5 4 5 4 4
2 2 3 3 4 4 4 4 4 3 0 4 5 4 4 5 4 4 4 4 5 4 5 4 5 4 4 6 7 5 4 5 4 4
2 2 3 3 4 4 4 4 4 3 0 4 5 4 4 5 4 4 4 4 5 4 5 4 5 4 4 6 6 5 4 5 4 4
2 2 3 3 4 4 5 4 4 3 0 3 5 4 4 5 4 4 4 4 5 4 5 4 5 4 4 6 7 5 4 5 4 4
2 2 3 3 4 4 5 4 4 3 0 4 5 4 4 5 4 4 4 4 5 4 5 4 5 4 4 6 6 5 4 5 4 4
2 2 3 3 4 4 5 4 4 3 0 4 6 5 4 5 4 4 4 4 5 4 5 4 5 4 4 6 7 5 4 5 4 4
2 2 3 3 4 4 5 4 4 3 0 3 5 4 4 5 4 4 4 4 5 4 5 4 5 4 4 5 6 5 3 4 4 4
2 2 4 4 5 4 5 4 4 3 0 4 6 4 4 5 4 4 4 4 5 5 5 4 5 5 4 5 7 5 4 5 4 4
2 2 4 4 5 4 5 4 4 4 0 3 6 4 4 5 5 4 4 5 5 4 5 4 5 5 4 6 7 6 4 5 5 4
2 2 4 4 5 4 5 4 4 4 0 4 5 4 4 5 4 4 4 5 5 5 5 4 5 5 4 6 7 5 4 5 5 4
2 2 4 4 5 4 5 4 4 4 0 3 5 4 4 5 5 4 4 5 5 5 5 4 5 5 4 5 6 5 3 5 5 4
2 2 4 4 5 4 5 4 4 4 0 4 5 4 4 6 5 4 4 5 5 5 5 4 5 4 4 5 6 5 4 5 4 4
2 2 4 4 5 4 5 4 4 4 0 4 6 5 5 6 5 5 4 5 5 5 6 4 5 5 4 6 7 5 4 5 5 5
2 2 4 4 5 4 5 4 4 4 0 4 6 5 5 6 5 5 5 5 5 5 5 5 5 5 4 6 7 6 4 5 5 5
2 2 4 4 5 4 5 4 4 4 0 4 5 4 4 6 5 5 5 5 6 5 6 4 5 5 4 6 6 5 4 5 5 5
2 2 4 4 5 5 5 4 4 4 0 4 6 5 5 7 5 5 5 5 6 5 6 5 5 5 4 6 6 6 4 5 5 5
2 2 4 4 5 4 5 4 4 4 0 3 5 4 4 5 4 4 4 5 5 5 6 4 5 4 4 5 6 5 4 5 4 4
2 2 3 4 5 4 5 4 4 4 0 3 5 4 4 5 4 4 4 4 5 4 5 4 4 4 4 5 6 5 4 5 4 4
2 2 4 4 5 4 5 4 4 3 0 4 5 4 4 5 4 4 4 4 5 4 5 4 4 4 4 5 6 5 4 5 4 4
2 2 4 4 5 4 5 4 4 4 0 4 6 4 4 5 4 4 4 4 5 5 6 4 5 4 4 6 6 5 4 5 4 4
2 2 3 4 5 4 5 4 4 3 0 3 5 4 4 5 4 4 4 4 5 5 6 4 4 4 4 6 6 5 4 5 4 4
2 2 4 4 6 5 5 5 5 4 0 4 6 4 5 6 5 5 5 5 6 6 6 5 6 5 5 6 7 5 4 5 5 5
2 2 3 4 4 4 4 3 3 3 0 3 5 4 4 6 5 4 4 4 5 4 5 4 4 4 3 5 6 5 4 5 4 4
2 2 4 4 5 4 5 4 4 3 0 3 5 4 4 6 4 4 4 4 5 4 5 4 4 4 3 6 6 5 4 5 4 4
2 2 4 4 5 4 5 4 4 3 0 3 5 4 4 5 5 4 4 5 5 5 5 4 4 4 4 6 7 5 4 5 4 4
2 2 4 4 5 4 5 4 4 3 0 4 6 5 5 6 5 4 4 4 5 5 5 4 4 4 4 6 7 5 5 6 5 4
2 2 4 4 5 4 5 4 4 4 0 4 6 5 5 6 5 4 4 4 5 5 5 4 5 4 4 6 7 5 4 5 5 4
2 2 4 4 5 4 5 4 4 4 0 4 6 4 5 6 5 5 4 5 5 5 6 5 5 5 4 6 7 5 4 6 5 5
2 2 4 4 5 4 5 4 4 4 0 4 5 4 5 6 5 4 4 4 5 5 5 4 5 5 4 6 6 5 4 5 5 4
2 2 4 4 4 4 4 4 4 4 0 4 5 4 4 6 5 4 4 4 5 4 5 4 5 5 4 6 6 5 4 5 4 4
2 2 4 4 5 4 4 4 4 4 0 4 5 4 4 6 5 5 4 4 5 5 5 4 5 5 4 6 6 5 4 5 5 4
2 2 4 4 4 4 4 4 4 4 0 4 5 4 4 5 4 4 4 4 5 4 5 4 5 4 4 6 6 5 4 5 4 4
2 2 4 4 5 4 4 4 4 4 0 4 5 4 4 6 5 4 4 5 5 4 5 4 5 5 4 6 6 5 4 5 5 4
2 2 4 4 5 4 4 4 4 4 0 4 6 4 5 6 5 4 4 5 5 4 5 4 5 5 4 6 7 5 4 5 4 4
2 2 3 4 4 4 4 4 4 4 0 4 5 4 4 5 4 4 4 4 5 4 5 4 5 4 4 6 6 5 4 5 4 4
2 2 4 4 4 4 4 4 4 4 0 4 5 4 5 6 4 4 4 4 5 4 5 4 5 4 4 6 6 5 4 5 4 4
2 2 3 4 4 4 4 4 4 4 0 4 5 4 4 5 4 4 4 4 5 4 5 4 5 4 4 6 6 5 4 5 4 4
2 2 3 3 4 3 4 4 4 4 0 4 5 4 4 5 4 4 4 4 4 4 5 4 5 4 4 6 6 5 4 5 4 4
2 2 4 4 4 4 4 4 4 4 0 4 6 4 4 5 5 4 4 4 4 4 5 4 5 4 4 6 6 5 4 5 4 4
2 2 3 3 4 4 4 4 4 4 0 4 5 4 4 5 4 4 4 4 4 4 5 4 5 4 4 6 6 5 4 5 4 4
2 2 3 3 4 3 4 4 4 4 0 4 5 4 4 6 4 4 4 4 4 4 5 4 5 4 4 6 6 4 4 5 4 4
2 2 3 3 4 4 4 4 4 4 0 4 5 4 4 5 4 4 4 4 4 4 5 4 4 4 4 5 6 5 4 5 4 4
2 2 3 3 4 4 4 4 4 4 0 4 5 4 4 5 4 4 4 4 4 4 5 4 5 4 4 6 6 5 4 5 4 4
2 2 3 3 4 4 4 3 4 4 0 4 5 4 4 5 4 4 4 4 4 4 4 4 4 4 4 6 6 5 4 5 4 4
2 2 3 3 4 4 4 4 4 3 0 4 5 4 4 5 4 4 4 4 4 4 5 4 5 4 4 6 6 5 4 5 4 4
2 2 3 3 4 4 4 3 4 3 0 4 5 4 4 5 4 4 4 4 4 4 5 4 5 4 4 6 6 5 4 5 4 4
2 2 3 3 4 3 4 3 4 3 0 4 5 4 4 5 4 4 4 4 4 4 4 4 4 4 4 6 6 5 4 5 4 4
2 2 3 3 4 3 4 3 4 3 0 4 5 4 4 5 4 4 4 4 4 4 4 4 5 4 4 6 6 5 4 5 4 4
2 2 3 3 4 4 4 4 4 4 0 4 5 4 4 5 4 4 4 4 5 4 5 4 5 4 4 6 6 5 4 5 4 4
2 2 3 3 4 3 4 4 4 4 0 4 5 4 4 5 4 4 4 4 4 5 5 4 5 4 4 5 6 4 3 5 4 4
2 2 3 3 4 3 4 3 3 3 0 3 5 4 4 5 4 4 3 4 4 3 4 4 4 4 4 5 6 4 3 4 4 4
2 2 3 3 4 3 4 3 3 3 0 4 5 4 4 4 4 3 3 4 4 4 4 4 4 4 4 5 6 4 4 4 4 3
2 2 3 3 4 3 4 3 3 3 0 3 5 4 4 5 4 3 3 4 4 3 4 3 4 4 4 5 6 4 4 4 4 3
2 2 3 3 4 3 4 3 3 3 0 3 5 4 4 5 4 4 3 4 4 4 4 4 4 4 4 5 5 4 3 5 4 4
2 2 3 3 4 3 4 3 4 5 0 4 5 4 4 5 4 4 3 4 4 3 4 4 5 5 5 7 6 4 3 4 4 4
2 2 3 3 4 3 3 3 3 3 0 3 4 3 3 4 4 4 3 4 4 3 4 3 4 3 3 5 5 4 3 4 4 4
2 2 3 3 4 3 4 3 3 3 0 3 5 3 4 5 4 4 3 4 4 4 4 3 4 4 3 5 5 4 3 4 4 4
2 2 3 3 5 4 4 4 4 3 0 3 6 4 4 6 5 4 4 5 5 4 5 4 5 4 4 6 7 6 4 5 5 4
2 2 3 3 4 3 4 3 3 3 0 3 5 3 4 5 4 4 3 4 4 4 4 3 4 4 3 5 5 4 3 4 4 4
2 2 3 3 4 3 4 3 3 3 0 3 5 3 3 5 4 4 4 4 4 4 4 4 4 4 3 5 5 4 3 4 4 4
2 2 3 3 4 3 4 3 3 3 0 3 5 4 4 5 4 4 4 4 4 4 4 4 4 4 4 5 5 4 3 4 4 4
2 2 3 3 4 3 4 3 3 3 0 3 5 4 4 5 4 4 3 4 4 4 4 4 4 4 4 5 6 5 4 4 4 4
2 2 3 3 4 3 4 3 4 4 0 4 5 5 4 5 4 4 4 4 4 4 4 4 4 4 4 6 6 5 4 4 4 4
2 2 4 3 4 3 4 3 4 3 0 4 5 4 4 5 4 4 4 4 4 4 5 4 4 4 4 6 6 5 4 5 4 4
2 2 3 3 4 4 4 3 3 3 0 4 5 4 4 5 4 4 4 4 4 4 5 4 4 4 4 5 6 5 4 5 4 4
2 2 3 3 4 3 4 3 3 3 0 3 5 4 4 5 4 4 4 4 4 4 4 4 4 4 3 5 6 5 3 5 4 4
2 2 4 4 5 4 4 3 4 4 0 4 5 4 4 6 5 5 4 4 4 4 5 4 4 4 4 5 6 5 4 5 5 5
2 2 3 3 4 3 4 3 3 3 0 4 5 4 4 5 4 4 4 4 4 4 5 4 4 4 4 6 6 5 4 5 4 4
2 2 3 3 4 4 4 4 4 3 0 4 6 4 4 6 5 4 4 4 4 4 5 4 5 4 4 6 7 5 4 5 5 4
2 2 3 3 4 4 4 3 4 3 0 3 5 4 4 5 4 4 4 4 4 4 5 4 4 4 4 5 6 5 4 5 4 4
2 2 3 3 4 3 4 3 4 3 0 4 5 4 4 5 4 4 4 4 4 4 5 4 4 4 4 6 6 5 4 5 4 4
2 2 3 3 4 3 4 3 4 3 0 4 5 4 4 5 4 4 4 4 4 4 5 4 4 4 3 6 7 5 4 5 4 4
2 2 3 3 4 3 4 3 4 3 0 3 5 4 4 5 4 4 4 4 4 4 4 4 5 4 4 5 6 5 4 5 4 4
2 2 3 3 4 4 4 3 4 3 0 4 6 4 4 5 4 4 4 4 4 4 4 4 4 4 4 6 7 5 4 5 4 4
2 2 3 3 4 4 4 3 4 3 0 4 6 4 4 5 4 4 4 5 4 4 5 4 4 4 4 6 7 5 4 5 4 4
2 2 3 3 4 4 4 3 4 4 0 4 6 4 4 5 4 4 4 5 4 4 5 4 5 4 4 6 7 5 4 5 4 4
2 2 3 3 4 4 4 4 4 4 0 4 6 4 4 5 4 4 4 4 4 4 5 4 5 4 4 6 7 6 4 5 4 4
2 2 3 3 4 4 4 4 4 4 0 4 6 4 4 5 4 4 4 4 4 4 5 4 5 4 4 6 7 5 4 5 4 4
2 2 3 3 4 4 4 4 4 3 0 4 6 4 4 5 4 4 4 4 4 4 5 4 5 4 4 6 7 5 4 5 4 4
2 2 3 3 4 4 4 4 4 3 0 4 6 4 4 5 4 4 4 4 4 4 5 4 5 4 4 6 7 6 4 5 4 4
2 2 3 3 4 4 4 4 4 3 0 4 6 4 4 5 4 4 4 4 4 4 5 4 5 4 4 6 7 6 4 5 4 4
2 2 3 3 4 4 5 4 4 3 0 4 6 5 4 6 5 4 4 4 4 4 5 4 5 4 4 6 7 5 4 5 4 4
2 2 3 3 4 4 4 4 4 3 0 4 6 4 4 6 5 4 4 4 4 4 5 4 4 4 4 6 7 5 4 5 4 4
2 2 3 3 4 4 5 4 4 4 0 4 6 4 4 6 5 5 4 4 4 4 5 4 5 4 4 6 7 6 4 5 5 4
2 2 3 3 4 4 4 4 4 4 0 4 6 4 4 5 4 4 4 4 4 4 5 4 5 4 4 6 7 5 4 5 4 4
2 2 3 3 4 4 4 4 4 3 0 4 6 4 4 6 4 4 4 4 4 4 5 4 4 4 4 6 7 6 4 5 4 4
2 2 3 3 4 4 5 4 4 4 0 4 6 5 4 5 4 4 4 4 4 4 5 4 4 4 4 6 7 5 4 5 4 4
2 2 3 3 4 4 5 4 4 4 0 4 6 5 4 5 4 4 4 4 4 4 5 4 4 4 4 6 7 5 4 5 4 4
2 2 3 3 4 4 5 4 4 4 0 4 6 4 4 6 4 4 4 4 4 4 5 4 4 4 4 6 7 6 4 5 4 4
2 2 3 3 4 4 5 4 4 4 0 4 6 4 5 6 5 4 4 4 4 4 5 4 4 4 4 6 7 6 4 5 4 4
2 2 3 3 4 4 5 4 4 4 0 4 6 5 4 6 4 4 4 4 4 4 5 4 4 4 4 6 7 5 4 5 4 4
2 2 3 3 4 4 5 4 4 4 0 4 6 4 4 6 4 4 4 4 4 4 5 4 4 4 4 6 7 5 4 5 4 4
2 2 4 4 5 4 5 4 4 4 0 4 6 5 5 6 5 5 4 5 4 4 5 4 5 4 4 6 7 6 5 6 5 5
2 2 3 3 4 4 5 4 4 4 0 4 6 5 5 6 5 4 4 4 4 4 5 4 5 5 4 6 7 6 4 5 4 4
2 2 3 3 4 4 5 4 4 4 0 4 6 4 5 6 5 4 4 5 4 4 5 4 5 4 4 6 6 5 4 5 5 4
2 2 3 3 4 4 5 4 4 4 0 4 6 5 5 6 5 4 4 4 4 4 6 5 5 5 4 6 7 6 5 5 5 4
2 2 3 3 4 4 5 4 4 4 0 4 6 4 4 6 4 4 4 4 4 4 5 4 5 4 4 6 6 5 4 5 4 4
2 2 3 3 4 4 5 4 4 4 0 4 6 4 4 5 4 4 4 4 4 4 5 4 5 4 4 6 6 5 4 5 4 4
2 2 3 3 4 4 5 4 4 4 0 4 6 4 4 6 4 4 4 4 4 4 5 4 5 4 4 6 7 5 4 5 4 4
2 2 3 3 4 4 5 4 4 4 0 4 6 5 5 6 5 4 4 5 5 4 5 4 5 4 4 6 7 5 5 5 4 4
2 2 3 3 4 4 5 4 4 4 0 5 6 5 5 5 4 4 4 4 4 4 5 4 5 4 4 6 7 5 5 5 4 4
2 2 4 4 4 4 5 4 4 4 0 4 6 5 4 6 5 4 5 5 5 4 6 5 5 5 4 6 6 5 5 5 5 4
2 2 4 3 4 4 5 4 4 4 0 4 6 5 5 6 4 4 4 5 4 4 5 4 5 5 4 6 6 5 5 5 4 4
2 2 4 4 4 4 5 4 4 4 0 4 6 5 4 6 5 4 4 4 4 4 5 4 5 4 4 6 6 5 5 6 5 4
2 2 4 3 4 4 5 4 4 4 0 4 6 4 4 6 5 4 4 5 4 4 5 4 5 5 4 6 6 5 4 5 5 4
2 2 4 4 4 4 5 4 4 4 0 4 6 5 4 6 5 5 4 5 4 4 5 5 5 5 4 6 7 6 5 6 5 5
2 2 4 3 4 4 5 4 4 4 0 4 6 5 5 6 5 4 4 4 4 4 5 4 5 5 4 6 7 6 5 6 5 4
2 2 4 4 5 4 5 4 5 4 0 5 6 5 5 6 5 5 4 5 5 4 5 5 5 5 4 7 8 6 5 6 5 5
2 2 4 4 4 4 5 4 5 5 0 5 7 5 5 6 5 5 4 5 4 4 5 4 5 5 5 7 7 6 4 6 5 5
2 2 4 4 4 4 5 4 4 4 0 5 6 5 5 6 5 4 4 5 4 4 5 4 5 5 5 7 7 6 4 5 5 4
2 2 4 4 4 4 5 4 5 4 0 4 6 5 5 6 5 5 4 5 4 4 5 4 5 5 5 7 7 6 4 5 5 4
2 2 4 4 4 4 5 4 5 5 0 5 6 5 5 6 5 4 4 5 4 5 5 4 5 5 5 7 7 6 4 5 5 4
2 2 4 4 4 4 5 4 5 4 0 5 6 5 5 6 5 5 4 5 5 5 6 5 6 5 5 7 7 6 5 6 5 5
2 2 4 4 4 4 5 4 5 5 0 5 7 5 5 6 5 5 4 5 5 5 5 5 5 5 5 7 8 6 5 6 5 5
2 2 4 4 5 4 5 5 5 5 0 5 7 6 5 6 5 5 5 5 5 5 5 5 6 5 6 7 8 7 5 6 5 5
2 2 4 4 5 5 6 5 5 5 0 5 7 6 5 6 5 5 5 5 5 5 5 5 6 5 5 8 8 7 5 6 5 5
2 2 4 4 4 4 5 4 5 5 0 5 7 5 5 6 5 5 4 5 5 5 5 5 6 5 5 7 8 6 5 6 5 5
2 2 4 4 4 4 5 4 5 4 0 5 7 5 5 6 5 5 4 5 5 5 5 5 6 5 5 7 7 6 5 6 5 5
2 2 4 4 4 4 5 4 5 4 0 5 7 5 5 6 5 5 4 5 5 5 5 5 6 5 5 7 7 6 4 6 5 5
2 2 4 4 5 4 5 4 5 4 0 5 7 5 5 6 5 5 5 5 5 5 6 5 6 5 5 7 7 6 5 6 5 5
2 2 4 4 5 4 5 4 5 4 0 5 7 5 5 6 5 5 5 5 5 5 5 5 6 5 5 7 7 6 5 6 5 5
2 2 4 4 4 4 5 4 5 4 0 4 7 5 5 6 5 4 4 5 5 5 5 5 6 5 5 7 7 6 4 5 5 4
2 2 4 4 4 4 5 4 5 4 0 5 7 5 5 6 5 4 4 5 5 5 6 5 6 5 5 7 8 6 5 5 5 5
2 2 4 4 5 4 5 4 5 5 0 5 7 5 5 6 5 5 4 5 5 5 6 4 6 6 5 7 8 6 5 6 5 5
2 2 4 4 4 4 5 4 5 5 0 5 7 5 5 6 5 5 5 5 5 5 5 4 6 5 4 7 7 6 4 6 5 5
2 2 4 4 4 4 5 4 5 5 0 5 7 5 5 6 5 5 5 5 5 5 5 5 6 5 5 7 8 6 4 5 5 5
2 2 4 4 4 4 5 4 5 4 0 5 7 5 5 6 5 5 5 5 5 5 5 5 6 5 5 7 8 6 4 6 5 5
2 2 4 4 5 4 5 4 5 5 0 5 8 6 6 7 6 5 5 5 5 5 6 5 6 6 5 7 8 7 5 6 6 5
2 2 4 4 5 4 5 4 5 4 0 5 7 5 5 6 5 5 5 5 5 5 6 5 6 5 5 7 8 7 5 6 5 5
2 2 4 4 5 4 5 5 5 5 0 5 7 5 5 6 5 5 5 5 5 5 6 5 6 6 5 7 8 6 4 6 5 5
2 2 4 4 4 4 5 5 5 5 0 5 7 5 5 7 5 5 5 6 5 5 6 5 6 6 5 7 8 6 4 6 5 5
2 2 4 4 4 4 5 4 5 4 0 5 7 5 5 6 5 5 4 5 5 5 6 5 6 5 5 7 8 6 4 6 5 5
2 2 4 4 4 4 5 4 4 4 0 5 8 6 5 6 5 5 4 5 5 4 5 4 5 5 5 7 8 7 5 5 5 5
2 2 4 4 4 4 5 4 4 4 0 5 8 6 6 6 5 5 5 5 5 5 6 4 5 5 5 7 8 6 5 6 5 5
2 2 4 4 4 4 5 4 4 4 0 5 7 5 5 6 5 5 4 5 5 5 6 4 5 5 5 7 8 6 4 6 5 5
2 2 4 4 5 4 5 4 5 4 0 6 8 6 6 7 5 5 5 5 5 5 6 5 6 5 5 8 9 7 5 6 5 5
2 2 4 4 5 4 5 4 5 4 0 5 9 6 6 7 5 5 5 5 5 5 6 5 6 5 5 8 9 7 5 6 5 5
2 2 5 5 5 5 5 5 5 5 0 6 10 7 6 7 6 6 5 6 5 5 6 5 6 6 6 9 10 7 5 6 6 6
2 2 4 4 5 4 5 4 5 4 0 5 9 6 6 6 5 5 5 5 5 5 6 5 6 5 5 8 9 7 5 6 5 5
2 2 4 4 5 4 5 4 5 5 0 5 9 6 6 6 5 5 5 5 5 5 6 5 6 6 5 8 9 7 5 6 5 5
2 2 4 4 5 4 5 5 4 4 0 5 9 6 6 7 6 5 5 5 5 6 6 5 6 5 5 8 9 7 5 6 6 5
2 2 4 4 5 5 5 5 5 5 0 6 10 7 6 7 6 6 5 5 5 5 6 5 6 7 6 9 10 7 5 6 6 5
2 2 4 4 5 4 5 5 5 5 0 5 9 6 6 6 5 5 5 5 5 5 6 5 6 6 5 8 9 7 5 6 5 5
2 2 4 4 5 5 6 5 5 4 0 6 9 6 6 7 5 5 5 5 5 5 6 5 6 6 5 8 10 7 6 6 6 5
2 2 4 4 5 4 5 5 5 4 0 5 9 6 6 7 5 5 5 5 5 5 6 5 6 6 5 8 9 7 5 6 5 5
2 2 4 4 5 4 5 5 5 4 0 5 9 6 6 6 5 5 5 5 5 5 6 5 6 6 5 8 9 7 5 6 5 5
2 2 4 4 5 4 5 5 5 4 0 5 9 6 6 6 5 5 5 5 5 5 6 5 6 6 5 8 9 7 5 6 5 5
2 2 4 4 5 4 5 5 5 4 0 5 8 6 6 7 6 5 5 5 5 5 6 5 6 6 5 8 9 7 5 6 6 5
2 2 4 4 5 4 5 5 5 4 0 5 10 7 6 7 5 5 5 5 5 5 6 5 6 6 5 9 10 8 5 6 5 5
2 2 4 4 5 4 6 5 5 5 0 5 9 6 6 7 6 5 5 5 6 5 6 5 6 5 5 8 9 7 5 6 6 5
2 2 4 4 5 4 5 5 5 4 0 5 9 6 6 7 5 5 5 5 5 5 6 5 6 6 5 8 9 7 5 6 5 5
2 2 4 4 5 4 5 5 5 4 0 5 9 6 6 7 6 5 5 5 5 5 6 5 6 5 5 8 10 7 5 6 5 5
2 2 4 4 5 4 5 5 5 4 0 5 9 6 6 7 6 5 5 5 5 5 6 5 6 6 5 9 10 7 5 7 6 5
2 2 4 4 5 4 5 5 5 4 0 5 9 6 6 7 6 5 5 5 5 4 6 5 6 6 5 8 9 7 5 6 5 5
2 2 4 4 5 4 5 5 5 4 0 5 8 6 6 7 5 5 5 5 5 5 6 5 6 5 5 8 9 7 5 6 5 5
2 2 4 4 5 4 5 5 5 5 0 5 9 6 6 7 6 5 5 5 5 5 6 5 6 6 5 8 10 8 5 6 6 5
2 2 4 4 5 4 5 5 5 4 0 5 8 6 6 7 5 5 5 5 5 4 5 5 6 5 5 8 9 7 5 6 5 5
2 2 4 4 5 4 5 5 5 4 0 5 8 5 6 7 5 5 5 5 5 5 5 5 6 5 5 8 9 7 5 6 5 5
2 2 4 4 5 4 5 5 5 5 0 5 9 6 6 7 6 5 5 5 5 5 6 5 6 6 5 8 9 7 5 7 5 5
2 2 4 4 5 4 5 5 5 5 0 5 8 6 6 7 5 5 5 5 5 5 5 5 6 6 5 8 9 7 5 6 5 5
2 2 4 4 5 4 5 5 5 4 0 5 8 5 5 7 5 5 5 5 5 5 6 5 6 6 5 8 9 7 5 6 5 5
2 2 4 4 5 4 5 5 5 4 0 5 8 6 5 7 6 5 5 5 5 5 6 5 6 6 5 8 9 7 5 6 5 5
2 2 4 4 5 4 5 5 5 4 0 5 8 5 5 7 5 5 5 5 5 5 6 5 6 5 4 8 9 7 5 6 5 5
2 2 4 4 5 4 5 5 5 5 0 5 8 5 5 6 5 5 5 5 5 4 6 5 6 6 5 8 8 7 5 6 5 5
2 2 4 4 5 4 5 5 5 5 0 5 7 5 5 6 5 5 5 5 5 5 6 5 6 5 4 7 8 6 5 6 5 5
2 2 4 4 5 4 5 4 5 4 0 5 6 5 5 6 5 5 4 5 5 4 6 5 6 5 4 7 7 6 4 6 5 4
2 2 4 4 5 4 5 5 5 5 0 5 7 5 5 6 5 5 5 5 5 5 6 5 6 5 4 7 8 6 5 6 5 5
2 2 4 4 5 4 5 5 5 4 0 5 7 5 5 6 5 5 5 5 5 4 6 5 6 5 4 7 8 6 4 6 5 5
2 2 4 4 5 4 5 4 5 4 0 5 7 5 5 6 5 5 5 5 5 4 6 5 6 5 4 7 7 6 4 6 5 5
2 2 4 4 6 5 6 5 6 5 0 5 7 5 6 7 6 6 5 5 5 5 6 5 7 7 6 8 8 7 5 7 6 6
2 2 4 4 5 4 5 4 5 5 0 5 7 5 5 7 5 5 4 5 5 5 6 5 6 5 4 7 8 6 5 6 5 5
2 2 4 4 5 4 5 5 5 5 0 5 7 5 6 7 5 5 5 5 5 5 6 5 6 5 5 8 9 7 5 6 5 5
2 2 4 4 5 4 5 4 5 5 0 5 7 5 5 7 5 5 4 5 5 5 6 5 6 5 4 7 8 7 5 6 5 5
2 2 4 4 5 4 5 4 5 5 0 5 7 5 6 7 5 5 5 5 5 5 6 5 6 5 5 7 8 6 5 6 5 5
2 2 4 4 5 4 5 4 5 5 0 5 7 5 5 7 5 5 5 5 5 5 6 5 6 5 5 7 8 6 5 6 5 5
2 2 4 4 5 5 5 5 5 5 0 5 7 5 6 8 6 5 5 5 5 5 6 5 6 5 5 7 8 7 5 6 5 5
2 2 4 4 5 6 6 5 5 5 0 5 8 6 6 7 5 5 5 5 5 6 6 5 6 5 5 8 9 7 6 6 5 5
2 2 4 4 5 5 6 5 5 5 0 6 7 6 6 7 6 5 5 5 6 6 6 5 6 5 5 7 8 7 5 6 5 5
2 2 5 5 5 5 5 4 5 5 0 5 7 5 5 7 6 6 6 6 6 5 6 5 6 5 5 7 8 6 5 7 6 6
2 2 4 4 5 5 5 5 5 5 0 5 8 7 6 8 6 5 5 5 5 5 6 5 6 5 5 8 9 7 6 7 5 5
2 2 4 4 5 5 6 5 5 5 0 6 8 6 6 8 6 6 5 6 5 5 6 5 6 6 5 8 9 7 6 8 6 6
2 2 4 4 5 5 6 5 5 5 0 6 8 6 6 8 6 5 5 6 6 5 6 5 6 5 5 8 10 7 6 7 6 5
2 2 5 5 5 5 6 5 5 5 0 6 8 6 6 7 6 6 5 6 6 5 7 5 6 6 6 8 9 7 6 7 6 6
2 2 4 4 5 5 6 5 5 5 0 5 8 6 6 7 6 5 5 6 6 5 7 5 6 6 5 8 8 7 6 7 6 5
2 2 5 5 6 5 6 5 5 5 0 6 8 6 6 7 6 6 5 6 6 6 7 5 6 6 6 8 9 7 6 7 6 5
2 2 5 5 5 5 6 5 5 5 0 6 8 6 6 7 6 6 6 6 6 6 7 5 7 6 6 8 9 7 6 7 6 6
2 2 5 5 6 5 6 5 5 5 0 6 8 6 6 8 6 6 6 6 6 6 7 6 7 6 6 9 9 7 6 7 6 6
2 2 5 5 5 5 6 5 5 5 0 6 8 6 6 7 6 5 5 6 6 6 6 5 7 6 6 9 9 7 6 7 6 5
2 2 5 5 5 5 6 5 5 5 0 5 8 6 6 7 6 5 5 6 6 6 7 5 7 6 6 8 9 7 6 7 6 5
2 2 5 5 5 5 6 5 5 5 0 5 8 6 6 7 6 5 5 6 6 6 6 5 7 6 6 9 9 7 6 7 6 5
2 2 5 4 5 5 6 5 5 5 0 6 8 6 6 7 6 5 5 6 5 6 7 5 7 6 6 9 9 7 6 7 6 5
2 2 5 5 6 5 7 5 6 5 0 5 8 6 6 8 6 6 6 6 6 6 7 5 7 6 6 9 9 7 6 8 6 6
2 2 5 5 6 5 6 5 5 5 0 6 8 6 6 8 6 6 6 6 6 6 7 5 7 6 6 9 9 7 6 7 6 6
2 2 5 5 5 5 6 5 5 5 0 5 8 7 6 8 6 6 6 6 6 6 6 5 6 6 6 8 9 7 6 8 6 6
2 2 5 5 6 6 7 6 6 6 0 6 9 7 6 8 6 6 6 6 6 7 7 6 7 6 6 9 9 7 6 8 6 6
2 2 5 5 5 5 6 5 5 5 0 5 8 6 6 8 6 6 5 6 6 6 6 5 6 6 5 8 9 7 6 7 6 5
2 2 5 5 5 5 6 6 5 5 0 6 8 7 6 8 6 6 6 6 6 6 6 5 6 6 6 9 9 7 7 8 6 6
2 2 5 5 6 5 6 5 5 5 0 6 8 7 6 8 6 6 6 6 6 6 7 5 7 6 6 9 10 8 6 8 6 6
2 2 5 5 5 5 6 5 5 5 0 5 8 6 6 8 6 5 5 6 6 6 7 5 7 6 5 8 9 7 6 7 6 5
2 2 5 5 5 5 6 5 5 5 0 5 8 6 6 7 6 6 5 6 6 6 6 5 6 6 6 8 9 7 6 7 6 5
2 2 5 5 5 5 6 5 5 5 0 5 8 6 6 8 6 6 5 6 6 6 6 5 6 6 5 8 9 7 6 7 6 5
2 2 5 5 6 5 6 6 6 5 0 5 8 6 6 8 6 6 5 6 6 6 6 6 7 6 5 8 9 7 6 7 6 6
2 2 5 5 6 5 6 5 5 5 0 5 8 6 6 8 6 6 5 6 6 6 7 5 6 6 5 8 9 7 6 7 6 5
2 2 5 5 6 6 6 6 5 5 0 6 8 6 7 8 6 6 6 6 6 6 7 5 7 6 6 8 9 8 7 8 6 6
2 2 5 5 6 5 6 5 5 5 0 6 9 7 6 7 6 5 5 6 6 6 6 5 7 6 5 9 9 7 6 7 6 5
2 2 5 5 5 5 6 5 5 5 0 5 8 6 6 7 6 5 5 6 5 6 6 5 6 6 5 8 9 7 6 7 6 5
2 2 5 5 5 5 6 5 5 5 0 5 8 6 6 7 6 6 6 6 5 6 7 5 7 6 5 9 9 7 6 7 6 6
2 2 4 4 5 5 6 5 5 4 0 5 8 6 6 7 6 5 5 6 5 6 7 5 7 6 5 9 10 8 6 7 6 5
2 2 4 4 5 5 6 5 5 5 0 5 7 6 5 7 5 5 5 6 5 5 6 5 6 6 5 7 8 6 5 6 5 5
2 2 4 4 6 5 6 5 5 5 0 4 7 6 5 7 5 5 5 6 6 6 7 5 6 7 5 7 8 6 5 6 5 5
2 2 4 4 6 5 6 5 5 4 0 5 7 6 6 7 5 5 5 5 5 6 7 5 6 6 5 7 8 7 5 6 5 5
2 2 4 4 5 5 6 5 5 5 0 5 8 6 6 7 5 5 5 6 5 5 7 5 6 6 5 7 8 6 5 6 5 5
2 2 4 4 5 5 6 5 5 5 0 5 8 7 5 7 5 5 5 5 5 5 6 5 6 7 6 8 10 7 5 6 5 5
2 2 4 4 5 5 6 5 5 5 0 4 7 6 5 7 5 5 5 6 5 5 7 5 6 6 5 7 8 6 5 6 5 5
2 2 4 4 5 5 6 5 6 5 0 5 8 6 6 7 5 5 5 5 5 5 7 5 7 7 6 8 8 6 6 7 5 5
2 2 4 4 5 5 6 5 5 5 0 5 7 6 5 7 5 5 5 5 5 5 7 5 6 7 6 7 8 6 5 6 5 5
2 2 4 4 6 5 6 5 5 5 0 5 8 6 5 7 5 5 5 5 6 6 7 5 6 7 6 7 8 6 5 6 5 5
2 2 4 4 6 5 6 5 5 5 0 5 8 6 5 7 5 5 5 5 6 5 7 5 7 7 6 7 8 6 5 6 5 5
2 2 4 4 5 5 6 5 5 5 0 5 7 5 5 7 5 5 5 5 6 5 7 5 7 7 6 8 8 6 5 6 5 5
2 2 4 4 6 5 6 5 6 5 0 5 8 5 6 7 6 6 5 5 6 6 7 5 7 7 6 8 8 6 5 7 6 6
2 2 4 4 6 5 6 5 5 5 0 4 7 5 5 6 5 5 5 6 6 6 7 5 6 7 6 7 8 6 5 6 5 5
2 2 4 4 5 5 6 5 5 5 0 4 7 5 5 6 5 5 5 5 5 5 6 5 6 7 6 7 8 6 5 6 5 5
2 2 4 4 5 5 6 5 5 5 0 5 8 5 5 7 5 5 5 5 5 5 6 5 7 7 6 7 8 6 6 7 5 5
2 2 4 4 5 5 6 5 5 5 0 4 7 5 5 6 5 5 5 5 5 5 6 5 7 7 6 7 7 6 4 6 5 5
2 2 4 4 5 5 6 5 5 5 0 5 7 5 5 6 5 5 5 5 5 6 7 5 7 7 6 7 8 6 4 6 5 5
2 2 4 4 5 5 6 5 5 5 0 5 8 5 5 6 5 5 5 5 5 5 6 5 7 7 6 7 8 6 4 6 5 5
2 2 4 4 5 5 5 5 5 5 0 4 7 5 5 6 5 5 5 5 5 5 6 5 6 7 6 7 7 6 4 5 5 5
2 2 4 4 5 5 6 5 5 5 0 5 7 5 5 7 5 5 5 5 5 5 6 5 6 7 6 7 7 6 4 6 5 5
2 2 4 4 5 5 6 5 5 5 0 5 7 5 5 7 6 5 5 5 5 6 6 5 7 7 6 7 7 6 5 6 5 5
2 2 4 4 5 5 6 5 6 5 0 5 7 5 5 7 5 5 5 5 5 5 6 5 7 7 6 8 8 6 5 6 5 5
2 2 4 4 5 5 5 5 5 5 0 5 7 5 5 6 5 4 4 5 5 6 6 5 6 7 6 7 7 5 4 6 5 5
2 2 4 4 5 5 5 5 5 5 0 5 7 5 5 6 5 5 5 5 5 5 6 5 7 7 6 7 7 6 5 6 5 5
2 2 4 4 5 4 6 5 6 5 0 5 7 5 5 6 5 5 4 5 5 6 6 5 7 7 6 8 8 6 5 6 5 5
2 2 4 4 5 4 5 5 5 5 0 4 7 5 5 6 5 5 4 5 5 5 6 5 7 7 6 7 8 6 4 6 5 5
2 2 4 4 5 5 5 5 5 5 0 5 7 5 5 6 5 5 5 5 5 5 6 5 6 7 6 7 8 6 5 6 5 5
2 2 4 4 5 5 6 5 6 5 0 5 8 6 6 7 5 5 5 5 5 5 7 6 7 7 6 9 10 8 5 6 5 5
2 2 4 4 5 4 5 5 5 5 0 4 6 5 5 6 5 5 4 4 5 5 6 5 6 6 5 7 7 6 4 6 5 5
2 2 3 4 5 4 5 5 5 5 0 4 6 5 5 6 5 4 4 4 5 5 6 5 6 6 5 7 7 6 4 6 5 5
2 2 4 4 5 4 5 5 5 5 0 4 6 4 5 6 5 5 4 4 5 5 6 5 6 6 5 7 7 6 4 6 5 5
2 2 3 4 5 4 5 5 5 4 0 4 6 5 5 6 5 4 4 4 5 5 5 5 6 6 5 7 7 6 4 5 5 4
2 2 4 4 5 4 5 5 5 5 0 5 6 5 6 6 5 5 4 5 5 5 6 5 7 6 6 7 7 6 5 6 5 5
2 2 3 3 5 4 5 5 5 4 0 4 6 5 5 6 5 4 4 4 5 5 6 5 6 6 5 6 7 6 4 5 5 4
2 2 4 4 5 4 5 5 4 4 0 4 7 6 5 6 5 4 4 4 5 5 6 5 6 5 4 6 7 6 5 6 5 4
2 2 4 4 5 4 5 4 4 4 0 4 7 5 5 6 5 5 4 4 5 5 6 5 6 5 4 6 7 6 5 6 5 4
2 2 4 4 5 4 5 5 5 4 0 5 6 6 5 6 5 4 4 4 6 5 6 5 6 5 4 7 7 6 4 5 5 4
2 2 4 4 5 4 5 4 4 4 0 5 7 5 5 6 5 4 4 4 5 5 5 5 6 5 4 6 8 6 4 5 5 4
2 2 4 4 5 4 5 4 4 4 0 4 6 5 5 6 5 4 4 4 5 5 5 5 6 5 4 6 7 6 4 5 5 4
2 2 4 4 5 4 5 5 6 5 0 5 7 5 5 6 5 5 4 4 5 5 5 5 7 7 6 7 8 6 5 6 5 4
2 2 4 4 5 5 5 5 5 5 0 5 7 5 6 7 5 5 4 5 5 5 6 5 7 6 5 7 8 6 5 6 5 5
2 2 4 4 4 4 5 4 5 4 0 4 7 5 6 7 5 5 4 4 5 5 5 5 6 5 4 7 8 6 5 6 5 5
2 2 4 4 5 4 5 4 5 4 0 5 7 5 5 7 5 5 4 5 5 5 5 4 6 5 4 7 8 6 4 6 5 5
2 2 4 4 5 4 5 4 5 4 0 5 8 6 6 7 5 5 4 4 5 5 6 4 6 5 4 8 9 7 5 6 5 5
2 2 4 4 5 4 5 4 5 4 0 4 7 5 5 6 5 5 4 4 5 5 5 4 6 5 4 7 8 6 5 6 5 5
2 2 4 4 5 4 5 4 5 4 0 4 7 5 5 6 5 5 4 5 5 5 5 4 6 5 4 7 8 6 4 6 5 5
2 2 4 4 4 4 5 4 5 4 0 5 7 5 5 6 5 5 4 4 5 4 5 4 6 6 5 8 8 6 5 6 5 5
2 2 4 4 4 4 4 4 5 4 0 4 7 5 5 6 5 5 4 5 4 4 5 4 6 5 4 7 8 6 5 6 5 5
2 2 4 4 4 4 4 4 5 4 0 4 7 5 5 6 5 4 4 4 4 4 5 4 6 5 4 7 8 6 5 6 5 4
2 2 3 3 4 4 4 4 4 4 0 4 7 5 5 6 5 4 4 4 5 4 5 4 5 5 4 7 8 6 5 5 5 4
2 2 3 3 5 4 4 4 4 4 0 5 7 5 5 6 5 4 4 4 5 4 5 4 6 5 4 7 8 6 5 6 5 4
2 2 4 4 4 4 5 4 5 4 0 4 7 5 5 6 5 4 4 4 4 4 5 5 6 5 4 7 8 6 4 5 5 4
2 2 4 4 4 4 5 4 5 4 0 5 7 5 5 6 5 5 4 4 5 4 6 4 6 5 4 7 8 6 5 5 5 4
2 2 3 4 4 4 5 4 5 4 0 5 7 5 5 6 5 5 4 4 5 4 6 5 6 5 4 7 7 6 4 5 5 4
2 2 3 3 4 4 4 4 5 4 0 5 7 5 6 6 5 4 4 4 4 4 5 4 6 5 4 7 8 6 5 5 4 4
2 2 4 4 4 4 5 4 5 4 0 5 7 6 6 6 5 4 4 4 5 4 5 4 6 5 4 7 8 6 5 6 5 4
2 2 4 4 4 4 5 4 5 4 0 5 7 5 5 6 5 4 4 4 4 4 5 5 6 5 4 7 8 6 5 5 5 4
2 2 4 4 5 4 5 4 5 4 0 5 7 5 5 6 5 4 4 5 5 5 5 5 6 5 5 7 8 6 4 5 5 4
2 2 3 3 4 4 5 4 5 4 0 5 7 5 6 6 5 4 4 4 4 4 5 4 6 5 5 7 8 6 4 5 5 4
2 2 3 3 4 4 5 4 5 4 0 5 7 5 5 6 5 4 4 4 4 4 5 4 6 5 4 7 7 6 5 5 5 4
2 2 4 4 5 4 5 5 5 5 0 5 8 6 7 7 5 5 4 4 5 5 5 5 7 7 5 8 9 7 5 6 5 5
2 2 3 3 4 4 5 4 5 4 0 5 8 5 6 7 5 4 4 4 4 4 5 4 6 5 4 7 8 7 5 6 5 4
2 2 4 4 5 4 5 4 5 4 0 5 7 6 6 6 5 5 4 4 5 4 5 4 6 6 5 8 8 6 5 6 5 4
2 2 3 3 4 4 4 4 5 4 0 5 7 6 6 6 5 4 4 4 5 4 5 4 6 5 5 8 8 6 5 6 5 4
2 2 4 4 5 4 5 5 5 5 0 5 8 6 6 6 5 5 4 4 5 4 5 5 7 6 5 8 9 7 5 6 5 4
2 2 4 3 4 4 5 4 5 4 0 5 8 6 6 7 5 5 4 4 4 4 5 4 6 5 5 7 9 7 5 6 5 5
2 2 4 3 4 4 5 4 5 4 0 4 7 5 5 6 5 5 4 4 4 4 5 4 6 5 4 7 8 6 5 5 5 4
2 2 3 3 4 4 5 5 5 6 0 5 7 5 5 6 5 4 4 4 4 4 5 5 7 7 6 8 8 6 5 5 5 4
2 2 3 3 4 4 5 4 4 4 0 4 7 5 5 6 5 5 4 4 4 4 5 4 5 5 4 7 8 6 4 5 5 5
2 2 3 3 4 4 5 4 4 4 0 4 7 5 6 6 5 4 4 4 4 4 5 4 6 5 5 7 8 6 4 5 5 4
2 2 3 3 4 4 5 4 4 4 0 4 7 5 5 6 4 4 4 4 4 4 5 4 5 5 4 7 8 6 4 5 4 4
2 2 3 3 4 4 5 4 4 4 0 4 7 5 5 6 5 4 4 4 5 4 5 4 5 5 4 7 8 6 4 5 4 4
2 2 3 3 4 4 5 4 4 4 0 4 7 5 5 6 5 4 4 4 5 4 5 5 5 5 5 7 8 7 5 5 4 4
2 2 4 4 4 4 5 4 4 4 0 4 7 5 5 6 5 4 4 4 5 4 5 4 5 5 4 7 8 6 4 5 4 4
2 2 3 3 4 4 5 4 5 4 0 5 7 5 5 6 5 4 4 4 5 4 5 4 5 5 5 8 8 7 5 5 4 4
2 2 3 3 4 4 5 4 4 4 0 4 7 5 5 6 4 4 4 4 5 4 5 4 5 5 4 7 8 6 5 5 4 4
2 2 4 4 4 4 5 4 4 4 0 4 7 5 5 6 5 4 4 5 5 4 5 4 5 5 5 7 8 6 5 5 5 4
2 2 3 3 4 4 5 4 4 4 0 4 7 5 5 6 5 4 4 4 5 4 5 5 5 5 5 7 8 6 5 5 5 4
2 2 4 4 5 4 5 4 4 4 0 4 7 5 5 6 5 4 4 4 5 5 5 4 5 5 5 8 8 6 5 5 5 4
2 2 4 4 5 4 5 4 5 4 0 5 7 5 5 6 5 5 5 5 5 5 6 5 5 5 5 8 8 7 5 6 5 5
2 2 4 4 5 5 6 5 5 5 0 5 8 5 6 7 5 5 5 5 5 5 6 5 6 6 5 8 8 7 5 6 5 5
2 2 4 4 5 5 5 4 5 5 0 5 8 5 6 7 6 5 4 5 5 5 7 5 6 6 5 8 9 7 5 6 5 5
2 2 4 4 5 4 5 4 4 4 0 4 7 5 5 6 5 4 4 5 5 5 6 5 5 5 4 7 8 6 5 5 5 4
2 2 4 4 5 4 5 4 4 4 0 5 7 5 5 6 5 5 4 5 5 5 6 5 5 5 5 7 8 6 5 6 5 4
2 2 4 4 5 4 5 4 4 4 0 5 7 5 5 6 5 4 4 5 5 5 6 4 5 5 4 7 8 6 5 5 5 4
2 2 4 4 5 4 5 4 4 4 0 5 8 5 5 6 5 5 4 5 5 5 6 5 6 5 5 7 8 7 5 5 5 4
2 2 4 4 5 4 5 5 5 4 0 5 8 5 5 6 5 5 5 5 5 5 6 5 5 5 5 8 9 7 5 6 5 5
2 2 4 4 5 4 5 4 4 4 0 5 7 5 5 6 5 5 4 5 5 5 6 5 5 5 5 7 8 6 5 6 5 4
2 2 4 4 5 5 6 5 5 5 0 6 9 6 6 6 5 5 5 5 6 5 6 5 6 6 5 8 8 7 5 5 5 5
2 2 4 4 5 4 5 4 4 4 0 5 7 5 5 6 5 5 5 6 5 5 6 4 5 5 5 7 8 6 5 6 5 5
2 2 4 4 5 4 5 4 4 4 0 5 7 5 5 6 5 4 4 5 5 4 6 5 5 5 5 7 8 6 5 5 5 4
2 2 4 4 5 4 5 4 4 4 0 5 7 5 5 6 5 5 4 5 5 5 6 4 5 5 5 7 8 6 5 5 5 4
2 2 4 4 5 4 5 4 4 4 0 5 7 5 5 6 5 5 4 5 5 5 6 4 5 5 4 7 8 6 5 5 5 4
2 2 4 4 5 4 5 4 4 4 0 5 8 6 6 7 5 5 5 5 5 5 6 4 5 5 5 7 9 7 6 6 5 5
2 2 4 4 5 4 5 4 4 4 0 4 7 5 4 6 5 4 4 5 5 5 6 4 5 5 4 6 7 6 4 5 5 4
2 2 4 4 5 4 5 4 5 5 0 5 7 5 5 6 5 4 4 5 5 4 6 5 6 6 5 7 7 6 5 5 5 4
2 2 4 4 5 4 5 4 4 4 0 5 7 5 5 6 5 4 4 5 5 5 6 4 5 5 4 7 8 6 5 5 5 4
2 2 4 4 5 4 5 4 4 4 0 5 7 5 5 6 5 5 4 5 5 5 6 5 5 5 4 6 7 6 5 6 5 5
2 2 4 4 5 4 5 4 5 4 0 5 8 5 5 6 5 5 5 5 5 5 6 5 5 5 4 7 8 7 5 6 5 5
2 2 4 4 5 4 5 4 5 4 0 5 7 5 5 6 5 5 5 5 5 5 6 5 6 5 5 6 7 6 4 5 5 4
2 2 4 4 5 4 5 4 5 4 0 5 7 5 5 5 5 4 4 5 5 5 6 5 5 5 5 7 8 6 5 5 5 4
2 2 4 4 5 4 5 4 5 4 0 5 7 5 4 6 5 4 4 5 5 4 6 5 5 5 4 6 7 6 4 5 5 4
2 2 4 4 5 4 5 4 5 4 0 5 7 5 5 6 5 5 5 5 5 5 6 5 5 5 5 6 7 6 4 6 5 5
2 2 4 4 5 5 6 5 5 5 0 5 7 5 5 6 6 5 5 5 5 5 6 5 6 5 5 7 8 7 5 6 5 5
2 2 4 4 6 5 6 5 5 5 0 5 7 5 5 6 5 5 5 6 6 5 6 5 6 5 5 7 7 6 4 6 5 5
2 2 4 4 5 4 6 5 5 4 0 5 7 5 5 6 5 5 5 5 5 5 6 5 5 5 5 7 8 6 5 7 5 5
2 2 4 4 5 4 6 5 5 5 0 5 6 4 5 6 5 5 4 5 5 5 6 5 6 5 5 6 7 6 4 5 5 4
2 2 4 4 5 4 6 4 5 4 0 4 6 4 4 6 5 5 4 5 5 5 6 5 5 5 5 6 7 6 4 5 5 5
2 2 4 4 5 4 5 5 5 4 0 5 7 5 5 6 5 4 4 5 5 4 6 5 6 5 4 6 7 6 4 5 5 4
2 2 4 4 5 4 5 4 5 4 0 5 7 5 5 6 5 4 4 5 5 5 6 5 5 5 4 6 7 6 4 5 5 4
2 2 4 4 5 4 5 4 5 4 0 4 6 4 5 6 5 5 5 5 5 5 6 5 5 5 4 6 7 6 4 6 5 5
2 2 4 4 5 4 5 5 5 4 0 5 7 5 5 6 5 5 4 5 5 5 6 5 6 5 5 6 7 6 4 5 5 4
2 2 4 4 5 4 5 4 5 4 0 4 6 4 5 6 5 4 4 5 5 5 6 5 5 5 5 6 7 6 4 5 5 4
2 2 4 4 5 4 5 4 5 5 0 4 6 5 5 6 5 4 4 5 5 5 5 5 5 5 5 6 7 6 4 5 5 4
2 2 4 4 5 4 5 5 5 4 0 5 7 5 5 6 5 4 4 5 5 5 6 5 6 5 5 7 8 6 4 5 5 4
2 2 4 4 5 4 5 4 5 5 0 4 7 5 5 6 5 5 4 5 5 5 6 5 6 6 5 8 8 6 4 6 5 5
2 2 4 4 5 4 5 5 5 5 0 5 7 5 5 6 5 5 4 5 5 5 6 5 6 5 5 7 8 6 4 5 5 5
2 2 4 4 5 4 5 5 5 5 0 4 7 5 5 6 5 5 4 5 5 5 6 5 6 5 5 7 8 6 4 6 5 5
2 2 5 4 5 5 6 5 6 5 0 5 7 5 5 7 6 5 5 5 6 5 6 5 7 6 6 8 9 7 5 7 6 5
2 2 4 4 5 4 6 5 5 5 0 5 7 5 5 6 5 5 5 5 5 5 6 5 6 6 5 8 8 6 4 6 5 5
2 2 4 4 5 4 6 5 5 5 0 5 7 5 5 6 5 5 4 5 5 5 6 5 6 6 5 8 9 7 5 6 5 5
2 2 4 4 5 4 5 5 5 5 0 5 7 5 5 6 5 5 4 5 5 5 6 5 6 6 5 7 8 6 4 5 5 5
2 2 4 4 5 4 6 5 5 5 0 5 7 5 5 6 5 5 5 5 5 5 6 6 6 6 5 8 8 6 5 6 5 5
2 2 4 4 5 4 5 5 5 5 0 4 7 5 5 6 5 5 5 5 5 5 6 5 6 6 5 8 8 6 5 6 5 5
2 2 4 4 5 4 5 5 5 5 0 5 7 5 5 6 5 5 5 5 5 5 6 5 6 6 5 7 8 6 4 5 5 5
2 2 4 4 5 4 5 5 5 5 0 4 7 5 5 6 5 4 4 5 5 5 6 5 6 5 5 7 8 6 4 5 5 4
2 2 4 4 5 4 5 5 5 5 0 5 7 5 5 6 5 4 4 5 5 5 6 5 6 6 5 8 8 6 4 5 5 4
2 2 4 4 5 4 6 5 5 5 0 5 7 5 5 6 5 5 5 5 5 5 6 5 6 6 5 8 8 6 4 6 5 5
2 2 4 4 5 4 6 5 5 5 0 5 7 5 5 6 5 5 5 5 5 5 6 5 6 6 5 8 8 6 4 5 5 5
2 2 4 4 5 4 6 5 5 5 0 5 7 5 5 6 5 5 5 5 5 5 6 5 6 5 5 8 8 6 4 6 5 5
2 2 4 4 5 5 6 5 5 5 0 5 8 6 6 6 5 5 5 5 5 5 6 5 6 6 5 8 9 6 5 6 5 5
2 2 5 5 5 5 6 6 6 6 0 6 8 6 6 7 6 5 5 6 6 6 7 6 7 7 6 9 9 7 5 7 6 5
2 2 4 4 4 4 5 5 5 5 0 4 7 5 5 6 5 4 4 5 5 5 6 5 6 5 5 7 8 6 4 5 5 5
2 2 4 4 4 4 6 5 5 5 0 5 8 5 5 6 5 4 4 5 5 5 6 5 6 6 5 8 9 6 5 6 5 4
2 2 4 4 4 4 5 5 5 4 0 4 7 5 5 6 5 4 4 5 5 5 6 5 6 5 5 7 8 6 4 5 5 4
2 2 4 4 4 5 5 5 5 5 0 5 7 6 5 6 5 4 5 5 5 5 6 5 6 6 5 8 9 6 5 5 5 4
2 2 4 4 5 5 6 5 5 5 0 5 8 5 5 6 5 5 5 5 5 5 6 5 6 6 5 8 8 6 4 5 5 5
2 2 4 4 5 5 6 5 5 5 0 5 8 6 5 6 5 5 4 5 5 5 6 6 6 6 5 8 9 6 4 5 5 4
2 2 4 4 4 4 5 5 5 4 0 5 7 5 5 5 4 4 4 5 5 5 6 5 6 5 5 8 8 6 4 5 4 4
2 2 4 4 4 4 6 5 5 4 0 4 8 5 5 5 4 4 4 5 4 4 6 5 6 5 5 8 8 6 4 5 4 4
2 2 4 4 4 5 6 5 5 5 0 5 7 5 5 5 4 4 4 5 5 5 6 5 6 5 5 8 8 6 4 5 4 4
2 2 4 4 4 4 6 5 5 4 0 5 8 5 5 6 5 4 4 5 5 4 6 5 6 5 5 8 8 6 4 5 4 4
2 2 4 4 4 4 5 5 5 5 0 5 8 6 5 6 5 4 4 5 4 5 6 5 6 6 5 8 9 7 5 5 5 4
2 2 3 3 4 4 6 5 5 5 0 5 7 5 5 5 4 4 4 5 4 4 6 5 6 6 5 7 8 6 4 5 4 4
2 2 4 4 4 4 5 5 5 5 0 5 7 5 5 5 4 4 4 5 5 5 6 5 7 6 5 7 8 6 4 5 4 4
2 2 3 3 4 4 5 4 4 4 0 4 7 6 5 6 4 4 4 4 4 4 6 5 6 5 5 7 7 6 4 5 4 4
2 2 4 4 4 4 5 5 5 5 0 5 7 5 5 6 5 4 4 5 4 5 6 5 7 6 5 7 8 6 5 5 5 4
2 2 3 3 4 4 5 4 4 4 0 4 7 5 5 5 4 4 4 5 5 4 5 5 6 5 4 6 7 6 4 5 4 4
2 2 3 4 4 4 5 4 4 4 0 4 7 5 4 5 4 4 4 5 5 5 6 5 6 5 5 6 7 6 4 5 4 4
2 2 3 3 4 4 5 4 4 4 0 4 7 5 4 5 4 4 4 4 4 4 5 5 6 5 4 6 7 6 4 4 4 4
2 2 3 3 4 4 5 4 5 4 0 4 6 5 4 5 4 4 4 4 5 5 6 5 6 6 5 6 7 6 4 5 4 4
2 2 3 3 4 4 5 4 5 4 0 4 7 5 4 5 4 4 4 4 5 5 6 5 6 5 4 6 7 6 4 5 4 4
2 2 3 3 4 4 6 4 5 4 0 4 7 5 4 5 4 4 4 4 5 5 6 5 6 5 4 7 7 6 4 4 4 4
2 2 3 4 4 4 5 4 5 4 0 4 6 5 4 5 4 4 4 5 5 5 6 5 6 5 5 6 7 6 4 5 4 4
2 2 3 3 5 5 5 4 5 4 0 5 7 5 5 5 4 4 4 4 5 5 6 5 6 6 5 7 8 6 4 5 4 4
2 2 4 4 5 4 5 4 5 4 0 4 6 5 4 5 5 4 4 5 5 5 6 4 6 5 4 6 6 5 4 5 4 4
2 2 4 4 5 5 6 5 6 5 0 4 7 5 5 6 5 4 4 5 5 5 6 5 7 6 5 7 7 6 4 5 5 4
2 2 4 4 5 4 5 4 5 5 0 5 7 5 4 5 4 4 4 5 5 5 6 5 6 6 5 7 7 6 4 5 4 4
2 2 4 3 5 4 5 4 5 4 0 4 7 5 4 5 4 4 4 4 5 5 6 4 6 5 4 7 7 6 4 4 4 4
2 2 3 3 4 4 5 4 5 4 0 4 6 5 4 5 4 4 4 4 5 5 6 4 6 5 4 6 7 6 4 4 4 4
2 2 3 3 5 4 5 4 5 4 0 4 7 5 4 6 5 4 4 4 5 5 6 5 6 5 4 6 7 6 4 5 4 4
2 2 4 4 5 4 5 4 5 4 0 4 6 5 4 5 4 4 4 4 5 5 6 5 6 5 4 6 7 6 4 5 4 4
2 2 3 3 4 4 5 4 4 4 0 4 6 5 4 5 4 4 4 4 5 5 6 4 5 5 4 6 7 6 4 4 4 4
2 2 3 3 4 4 5 4 4 4 0 4 7 5 4 5 4 4 4 4 5 5 6 4 5 5 5 6 7 6 4 5 4 4
2 2 4 4 5 4 5 4 5 4 0 4 7 5 5 6 5 4 4 5 5 5 6 4 6 5 4 6 8 6 4 5 5 4
2 2 3 3 4 4 5 4 4 4 0 4 6 5 4 5 4 4 4 5 5 5 6 4 5 5 4 6 7 6 4 5 4 4
2 2 3 3 4 4 5 4 4 4 0 4 6 4 4 5 4 4 4 4 5 5 6 4 5 5 4 6 7 6 4 5 4 4
2 2 3 3 4 4 5 4 4 4 0 4 6 5 5 5 4 4 4 4 5 5 6 4 5 5 4 6 7 6 4 5 4 4
2 2 3 3 4 4 5 4 4 4 0 4 6 4 4 5 4 4 4 4 5 5 6 4 5 5 4 6 7 5 4 4 4 4
2 2 3 3 4 4 5 4 4 4 0 4 6 4 4 5 4 4 4 4 5 5 6 4 6 5 4 6 7 5 4 5 4 4
2 2 3 3 5 4 5 4 5 4 0 5 7 5 4 5 4 4 4 4 5 5 6 4 6 5 4 7 8 6 5 5 4 4
2 2 3 3 5 4 6 4 5 4 0 4 6 5 5 5 5 4 4 4 5 5 6 4 6 5 4 7 8 6 4 5 4 4
2 2 4 4 5 4 5 4 4 4 0 4 6 5 5 6 5 5 4 5 5 5 6 4 5 5 4 6 7 5 4 6 5 5
2 2 3 3 5 4 5 4 4 4 0 4 7 6 5 6 4 4 4 4 5 5 6 4 5 5 4 6 7 6 4 5 4 4
2 2 4 4 5 4 5 4 4 4 0 4 7 5 5 5 4 4 4 5 5 5 6 4 5 5 4 7 7 6 4 5 4 4
2 2 3 3 4 4 5 4 4 4 0 4 6 4 4 5 4 4 4 4 5 5 6 4 4 4 4 6 7 5 4 5 4 4
2 2 3 3 4 4 5 4 4 4 0 4 6 4 4 5 4 4 4 4 5 5 6 4 4 4 4 6 7 5 4 5 4 4
2 2 4 4 4 4 5 5 5 4 0 4 6 4 5 5 4 4 4 5 5 4 6 5 6 5 4 7 7 6 4 5 5 4
2 2 4 4 5 4 5 4 5 4 0 5 6 5 5 6 5 5 4 5 5 5 6 5 6 5 4 7 7 5 4 5 5 5
2 2 4 4 4 4 6 5 5 4 0 4 6 5 5 6 5 4 4 5 5 5 7 5 6 6 5 7 7 6 5 5 5 4
2 2 4 4 4 4 5 5 5 4 0 5 7 5 5 6 5 4 4 5 5 4 6 5 6 6 4 7 7 6 5 5 5 4
2 2 4 4 4 4 5 4 5 4 0 4 6 4 5 5 4 4 4 5 5 4 5 4 6 5 4 6 7 6 4 5 4 4
2 2 3 3 4 4 5 4 5 4 0 4 6 4 4 5 4 4 4 5 5 4 5 4 6 5 4 6 7 5 4 5 4 4
2 2 3 3 4 4 4 4 5 4 0 4 6 4 4 5 4 4 4 5 4 4 5 4 6 5 4 6 7 5 4 5 4 4
2 2 3 3 4 4 4 4 5 4 0 4 6 4 4 5 4 4 4 5 4 4 5 4 6 6 4 6 7 5 4 5 4 4
2 2 3 3 4 4 4 4 5 4 0 4 6 4 4 6 4 4 4 5 4 4 5 4 6 6 4 6 7 5 4 5 4 4
2 2 3 4 4 4 4 4 5 4 0 4 6 4 4 5 4 4 4 5 4 4 5 4 6 5 4 6 7 5 4 5 4 4
2 2 3 4 4 4 4 4 5 4 0 4 6 4 4 5 4 4 4 5 4 4 5 4 6 5 4 6 7 5 4 5 4 4
2 2 3 4 4 4 4 4 5 4 0 4 6 4 4 5 4 4 4 5 5 4 5 4 6 5 4 6 7 5 4 5 4 4
2 2 3 4 4 4 5 4 5 4 0 4 6 4 5 5 4 4 4 5 5 4 5 4 6 6 4 7 7 5 4 5 4 4
2 2 3 4 4 4 4 4 5 4 0 4 6 4 4 6 4 4 4 5 4 4 5 4 6 5 4 7 7 6 4 5 4 4
2 2 4 4 4 4 4 4 5 4 0 4 6 4 4 5 4 4 4 5 5 4 5 5 6 6 4 6 7 6 4 5 4 4
2 2 4 4 4 4 4 4 5 4 0 4 6 5 4 5 4 4 4 5 5 4 5 5 6 6 5 7 7 6 4 5 4 4
2 2 4 4 5 4 5 4 5 4 0 4 6 5 4 5 5 5 5 5 5 5 5 5 6 6 4 7 8 6 5 5 5 4
2 2 4 4 4 4 5 4 5 4 0 4 6 4 4 6 5 4 4 5 5 4 5 4 6 5 4 7 7 6 4 5 5 4
2 2 4 4 4 4 4 4 5 4 0 4 6 4 4 5 4 4 4 5 5 4 5 4 6 5 4 6 7 5 4 5 4 4
2 2 3 4 4 4 4 4 4 4 0 4 6 4 4 5 4 4 4 5 5 4 5 4 5 5 4 6 7 6 4 5 4 4
2 2 4 4 4 4 5 4 4 4 0 4 6 4 4 6 5 4 4 5 5 4 5 4 5 5 4 7 7 6 4 5 5 4
2 2 4 4 5 4 5 4 4 4 0 4 6 5 5 6 5 4 4 5 5 4 5 5 5 5 5 6 7 5 5 6 4 4
2 2 4 4 5 4 5 4 4 4 0 4 6 4 4 5 4 4 4 5 5 4 5 4 6 5 4 6 7 5 4 5 4 4
2 2 4 4 5 4 5 4 4 4 0 4 6 4 4 5 4 4 4 5 5 5 5 4 5 5 4 7 6 5 4 5 4 4
2 2 4 4 5 4 5 4 5 4 0 4 6 5 4 6 5 5 5 5 5 4 6 5 6 6 5 7 7 5 4 5 5 5
2 2 4 4 5 5 5 4 4 4 0 4 6 4 4 6 5 4 4 5 5 4 5 5 5 5 4 6 6 5 4 5 5 4
2 2 4 4 4 4 5 4 4 4 0 4 6 4 4 5 4 4 4 5 5 4 5 4 5 5 4 6 6 5 4 5 4 4
2 2 4 4 4 4 5 4 4 4 0 4 6 4 4 6 4 4 4 5 5 4 5 4 5 5 4 6 6 5 5 5 4 4
2 2 4 4 5 4 5 4 4 4 0 4 6 4 4 5 4 4 4 5 5 4 5 4 5 5 4 6 6 5 4 5 4 4
2 2 4 4 5 4 5 4 4 4 0 5 6 5 5 6 5 4 4 5 5 4 6 4 5 5 5 6 6 5 4 5 5 4
2 2 3 4 4 4 5 4 4 4 0 4 6 4 4 5 4 4 4 5 4 4 6 4 5 5 5 5 6 5 4 5 4 4
2 2 4 4 4 4 5 4 4 4 0 4 6 4 4 5 4 4 4 5 4 4 5 4 5 5 4 5 6 5 4 5 4 4
2 2 4 4 4 4 5 4 4 4 0 4 6 4 4 5 4 4 4 5 5 5 6 4 5 5 4 6 6 5 4 5 4 4
2 2 4 4 4 4 5 4 4 4 0 4 6 5 4 5 4 4 4 5 5 5 6 5 5 5 4 6 6 6 4 5 4 4
2 2 4 4 4 4 5 4 4 4 0 4 6 5 4 5 4 4 4 5 5 4 7 5 5 5 4 6 6 5 4 5 4 4
2 2 4 4 4 4 5 4 4 4 0 4 6 4 4 5 4 4 4 5 5 4 6 4 5 5 4 6 6 5 4 5 4 4
2 2 4 4 5 4 5 4 4 4 0 4 6 4 4 5 4 4 4 5 5 4 6 4 5 5 4 6 6 5 4 5 4 4
2 2 4 4 4 4 5 4 4 4 0 4 6 4 4 5 4 4 4 5 5 4 6 4 5 5 4 6 6 5 4 5 4 4
2 2 4 4 5 4 5 4 4 4 0 4 6 4 4 5 4 4 4 5 5 5 6 4 5 5 4 6 6 5 4 5 4 4
2 2 4 4 5 5 5 4 4 4 0 4 6 5 4 5 5 5 5 5 5 5 6 5 6 6 5 7 7 5 4 5 5 5
2 2 4 4 5 4 5 4 4 4 0 4 6 4 4 5 4 4 4 5 5 5 6 5 5 5 5 6 6 5 4 5 4 4
2 2 4 4 5 4 5 4 4 4 0 4 6 4 4 5 4 4 4 5 5 5 6 4 5 5 4 6 7 5 4 5 4 4
2 2 4 4 5 4 5 4 4 4 0 4 6 5 5 5 5 5 5 5 5 5 6 5 5 5 5 6 6 5 4 5 5 5
2 2 4 4 4 4 5 4 4 4 0 4 6 5 4 5 4 4 4 5 5 4 6 4 6 5 4 6 6 5 4 5 4 4
2 2 4 4 5 4 5 4 4 4 0 4 6 4 4 5 5 4 5 5 5 5 6 4 5 5 4 6 7 5 4 5 5 4
2 2 4 4 5 4 5 4 4 4 0 4 6 5 4 5 5 4 5 5 5 5 6 4 5 5 4 6 7 5 4 5 5 4
2 2 4 4 4 4 5 4 4 4 0 4 7 5 4 5 4 4 4 5 5 5 6 4 5 5 4 6 7 5 4 5 4 4
2 2 4 4 5 4 5 4 4 4 0 4 6 5 4 5 5 4 4 5 5 5 6 4 5 5 4 6 7 5 4 5 5 4
2 2 4 4 5 4 6 4 4 5 0 4 6 5 4 6 5 5 5 5 5 5 6 5 5 5 5 6 7 5 4 5 5 5
2 2 4 4 5 5 5 4 4 4 0 4 7 5 5 6 5 5 5 5 5 5 7 5 5 5 4 6 7 5 4 6 5 5
2 2 4 4 4 4 5 4 4 4 0 4 7 5 4 5 5 4 4 5 5 5 6 4 6 5 4 7 8 6 4 5 4 4
2 2 4 4 4 4 5 4 4 4 0 4 6 5 4 5 4 4 4 5 5 4 6 4 5 5 4 7 7 6 4 5 4 4
2 2 4 4 4 4 5 4 4 4 0 4 6 5 4 5 5 4 4 5 5 4 6 4 5 5 4 6 7 5 4 5 5 5
2 2 4 4 4 4 5 4 4 4 0 4 6 5 4 5 5 4 4 5 4 5 6 4 5 5 4 7 7 5 4 5 5 4
2 2 4 4 4 4 5 4 4 4 0 4 6 5 4 5 4 4 4 5 4 4 6 4 5 5 4 6 7 5 4 5 4 4
2 2 4 4 4 4 5 4 4 4 0 4 6 5 4 5 4 4 4 5 4 4 6 4 5 5 4 6 7 5 4 5 4 4
2 2 4 4 4 4 5 4 4 4 0 4 6 4 4 5 4 4 4 5 5 4 6 4 5 5 4 6 7 5 4 5 4 4
2 2 3 3 4 4 5 4 4 4 0 4 6 5 5 6 5 4 4 5 4 4 6 4 5 5 4 7 7 5 4 5 5 4
2 2 4 4 4 4 5 4 4 4 0 4 6 4 4 5 5 4 4 5 5 4 6 4 5 5 4 7 8 6 4 5 5 4
2 2 4 4 4 4 5 4 4 4 0 4 6 4 4 5 5 4 4 5 5 4 6 5 5 5 4 6 7 5 4 5 5 4
2 2 4 4 5 4 5 4 4 4 0 4 6 4 4 6 5 4 4 5 5 5 6 5 5 5 4 6 7 5 4 5 5 5
2 2 4 4 5 4 5 5 5 4 0 4 7 5 5 6 5 5 5 5 5 5 6 5 6 5 5 7 7 6 4 5 5 5
2 2 4 4 4 4 5 4 4 4 0 4 6 5 5 6 5 4 4 5 5 5 6 4 6 5 5 6 7 6 4 5 5 5
2 2 4 4 4 4 5 4 4 4 0 4 6 5 5 6 5 5 5 5 5 5 6 4 6 5 5 7 7 6 5 6 5 5
2 2 4 4 5 4 5 4 4 4 0 4 6 5 4 6 5 5 4 5 5 5 6 4 5 5 5 6 7 5 4 5 5 5
2 2 4 4 4 4 5 4 4 4 0 4 6 5 4 6 5 5 4 5 5 5 6 4 6 5 5 7 7 6 4 5 5 5
2 2 4 4 5 4 5 4 4 4 0 4 6 5 5 6 5 5 4 5 5 5 6 4 5 5 4 7 7 6 4 5 5 5
2 2 4 4 4 4 5 4 4 4 0 4 6 5 5 6 5 4 4 5 5 5 6 4 5 5 4 6 7 6 4 5 5 4
2 2 4 4 4 4 5 4 4 4 0 4 6 5 5 6 5 4 4 5 5 5 6 4 5 5 4 7 7 6 4 5 5 4
2 2 4 4 4 4 5 4 4 4 0 4 7 5 6 6 5 5 4 5 5 5 6 4 5 5 5 7 8 6 5 5 5 5
2 2 4 4 4 4 5 4 4 4 0 4 6 4 4 6 5 5 5 5 5 5 6 5 5 5 4 7 7 6 4 5 5 5
2 2 4 4 5 4 5 4 4 4 0 4 6 5 4 5 5 5 5 5 5 5 6 5 5 5 4 7 7 6 4 5 5 5
2 2 3 3 4 4 5 4 4 4 0 4 6 5 5 6 4 4 4 5 5 5 6 4 5 5 4 7 7 6 4 5 4 4
2 2 3 3 4 4 5 4 4 4 0 4 6 5 5 6 5 4 4 5 5 5 6 4 5 5 4 7 7 6 4 5 4 4
2 2 4 4 5 4 5 4 4 4 0 4 6 5 4 6 5 4 4 5 5 5 6 5 5 5 4 6 7 6 4 5 5 4
2 2 3 3 5 5 6 4 4 4 0 4 6 5 4 6 4 4 4 5 5 5 6 5 5 5 5 6 7 6 4 5 4 4
2 2 3 3 4 4 5 4 4 4 0 4 6 5 4 6 4 4 4 4 5 5 6 4 5 5 5 6 7 6 4 5 4 4
2 2 4 4 5 5 6 5 5 5 0 5 8 5 5 6 5 5 5 5 5 5 6 5 6 6 5 8 8 7 5 6 5 5
2 2 3 3 5 4 5 4 4 4 0 4 5 4 4 6 4 4 4 4 5 5 6 4 5 4 4 6 7 6 4 5 5 4
2 2 3 3 4 4 5 4 4 4 0 4 6 4 4 5 4 4 4 4 5 5 5 4 5 4 4 6 7 5 4 5 4 4
2 2 3 3 4 4 5 4 4 4 0 4 6 4 4 5 4 4 4 5 5 5 6 4 5 5 4 6 7 5 4 5 4 4
2 2 4 4 4 5 6 4 4 4 0 4 6 5 4 6 5 4 4 4 5 5 6 4 5 5 4 6 7 6 4 6 5 4
2 2 3 4 4 4 5 4 4 4 0 4 6 5 5 5 4 4 4 4 5 5 6 5 5 5 4 6 7 6 4 5 4 4
2 2 3 4 4 4 5 4 4 4 0 4 6 5 4 5 4 4 4 4 5 5 6 4 5 4 4 6 7 6 4 5 4 4
2 2 3 4 5 4 5 4 4 4 0 4 6 5 4 6 5 4 4 4 5 5 6 4 5 5 4 6 7 6 4 5 4 4
2 2 3 4 5 4 5 4 4 4 0 4 6 5 5 5 4 4 4 5 5 5 6 4 5 5 4 6 7 6 4 5 4 4
2 2 3 3 4 4 5 4 4 4 0 4 6 5 4 5 4 4 4 4 5 5 6 4 5 4 4 6 7 5 4 5 4 4
2 2 3 3 4 4 5 4 4 4 0 4 6 5 4 5 4 4 4 4 5 5 6 4 4 4 4 6 7 5 4 5 4 4
2 2 3 3 4 4 5 4 4 4 0 4 6 5 4 5 4 4 4 4 4 5 6 4 4 4 4 6 6 5 4 5 4 4
2 2 3 3 4 4 5 4 4 4 0 4 6 5 5 5 4 4 4 4 5 5 5 4 4 4 4 6 7 6 4 5 4 4
2 2 3 3 4 4 5 4 4 4 0 4 6 5 4 5 4 4 4 4 4 5 5 4 5 4 4 6 6 5 4 5 4 4
2 2 3 3 4 4 4 4 4 4 0 4 6 5 4 5 4 4 4 4 4 4 5 4 5 5 4 6 6 5 4 5 4 4
2 2 3 4 4 4 4 4 4 4 0 4 6 5 4 5 4 4 4 4 4 4 5 4 5 5 4 6 7 5 4 5 4 4
2 2 3 3 4 4 4 4 4 4 0 4 6 4 4 5 4 4 4 4 4 4 5 4 4 4 4 6 6 5 4 5 4 4
2 2 3 3 4 4 4 4 4 4 0 4 6 4 4 5 4 4 4 4 4 4 5 4 4 4 4 6 6 5 4 5 4 4
2 2 3 3 4 4 4 4 4 4 0 4 6 5 4 5 4 4 4 4 4 4 5 4 5 4 4 7 7 5 4 5 4 4
2 2 3 3 4 4 4 4 4 4 0 4 5 4 4 5 4 4 4 4 4 4 5 4 4 4 4 6 6 5 4 5 4 4
2 2 3 3 4 4 4 4 4 4 0 4 5 4 4 5 4 4 4 4 4 4 5 4 4 4 4 6 6 5 4 5 4 4
2 2 3 3 4 4 4 3 4 3 0 4 5 4 4 5 4 4 4 4 4 4 5 4 4 4 4 5 6 5 4 5 4 4
2 2 3 3 4 4 4 3 4 3 0 4 5 4 4 5 4 4 4 4 4 4 5 4 4 4 4 5 6 5 4 5 4 4
2 2 3 3 4 4 4 3 4 4 0 4 5 4 4 5 4 4 4 4 4 4 5 4 4 4 4 5 6 5 4 5 4 4
2 2 3 3 4 4 4 4 4 4 0 4 5 4 4 5 4 4 4 4 5 4 5 4 5 4 4 6 6 5 4 5 4 4
2 2 3 3 4 3 5 4 4 4 0 4 5 4 4 5 4 4 4 4 4 4 5 4 5 5 4 6 6 5 4 5 4 4
2 2 3 3 4 4 5 4 4 4 0 4 5 4 4 5 4 4 4 4 4 4 5 4 4 4 4 6 6 5 4 5 4 4
2 2 3 3 4 3 4 4 4 4 0 4 6 5 4 5 4 4 4 4 4 4 6 4 4 4 4 6 7 6 4 5 4 4
2 2 3 3 4 4 4 4 4 4 0 4 6 4 4 5 4 4 4 4 5 4 5 4 4 4 4 6 6 5 4 5 4 4
2 2 3 3 4 4 4 4 4 3 0 4 5 4 4 5 4 4 4 4 4 4 5 4 4 4 4 5 6 5 4 5 4 4
2 2 3 3 4 4 4 4 4 4 0 4 5 4 4 5 4 4 4 4 4 4 5 4 5 4 4 5 6 6 4 5 4 4
2 2 3 3 4 4 5 4 4 4 0 4 6 5 4 5 4 4 4 4 4 4 5 4 5 5 4 6 7 6 4 4 4 4
2 2 3 3 4 3 4 4 4 4 0 4 5 4 4 5 4 4 4 4 4 4 5 4 4 4 4 5 6 5 4 5 4 4
2 2 3 3 4 3 5 4 4 4 0 4 5 4 4 5 4 4 4 4 4 4 5 4 4 4 4 5 6 5 4 5 4 4
2 2 3 3 4 3 4 4 4 4 0 4 5 4 4 4 4 4 4 4 4 4 4 4 4 4 4 5 6 5 4 4 4 3
2 2 3 3 4 3 4 4 4 4 0 4 5 4 4 4 4 3 3 4 4 4 4 3 4 4 4 5 6 5 4 4 4 3
2 2 3 3 4 3 5 4 4 4 0 4 5 5 4 5 4 4 4 4 4 4 5 4 4 4 4 5 6 5 4 4 4 4
2 2 4 4 5 4 5 4 4 4 0 4 5 5 4 5 5 4 4 5 5 5 5 4 5 5 4 5 6 5 4 5 5 4
2 2 3 3 4 3 4 4 4 3 0 4 5 4 4 5 4 4 4 4 4 4 5 4 4 4 4 5 6 5 4 5 4 4
2 2 3 3 4 3 4 4 4 4 0 4 5 4 4 5 4 4 4 4 4 4 5 4 5 4 4 5 6 5 4 5 4 4
2 2 3 3 4 3 4 4 4 4 0 4 5 4 4 5 4 4 4 4 4 4 4 4 4 4 4 5 6 5 4 5 4 4
2 2 3 3 4 3 4 4 4 3 0 4 5 4 4 5 4 4 4 4 4 4 4 4 4 4 4 5 6 5 4 5 4 4
2 2 3 3 4 3 5 4 4 4 0 4 5 4 4 6 5 4 4 4 4 4 5 4 5 5 4 5 6 5 4 5 5 4
2 2 3 4 5 4 5 4 4 4 0 4 6 4 5 6 5 4 4 4 5 5 5 4 5 5 4 6 6 5 4 5 5 4
2 2 3 3 4 4 5 4 4 4 0 4 5 4 4 5 4 4 4 4 4 4 5 4 5 5 4 5 6 5 4 5 4 4
2 2 3 3 4 4 5 4 4 4 0 4 5 4 4 5 4 4 4 4 4 4 5 4 5 4 4 5 6 5 4 5 4 4
2 2 3 3 4 4 5 4 4 4 0 4 6 4 4 5 4 4 4 4 4 4 5 4 5 4 4 6 7 5 4 5 4 4
2 2 3 3 4 4 5 4 4 4 0 4 5 4 4 5 4 4 4 4 4 4 5 4 5 4 4 5 6 5 4 5 4 4
2 2 3 3 4 4 5 4 4 4 0 4 5 4 4 5 4 4 4 4 5 4 5 4 5 4 4 5 6 5 4 5 4 4
2 2 3 3 4 4 5 4 4 4 0 4 6 4 4 5 4 4 4 4 5 4 5 4 5 4 4 5 6 5 4 5 4 4
2 2 3 3 4 4 5 4 4 4 0 4 5 4 4 5 4 4 4 4 4 4 5 4 5 5 4 5 6 5 4 5 4 4
2 2 3 3 4 4 5 4 4 4 0 4 5 4 4 5 4 4 4 4 5 4 5 4 5 5 4 6 6 5 4 5 4 4
2 2 3 3 4 4 5 4 4 4 0 4 5 4 4 5 4 4 4 4 5 4 5 4 5 5 4 6 6 5 4 5 4 4
2 2 4 4 5 4 5 4 4 4 0 4 5 4 4 5 4 4 4 4 5 4 5 4 5 5 4 5 6 5 4 5 4 4
2 2 4 4 5 4 5 5 4 5 0 4 5 4 4 6 5 5 4 4 5 4 5 5 5 6 5 6 6 5 4 5 5 4
2 2 3 3 4 4 5 4 4 4 0 4 5 4 4 5 4 4 4 4 5 4 5 4 5 5 4 5 6 5 4 5 4 4
2 2 4 4 4 4 5 4 5 4 0 4 6 5 5 6 4 4 4 4 4 4 5 4 5 5 5 6 6 5 4 5 4 4
2 2 3 3 4 4 5 4 4 4 0 4 6 4 4 5 4 4 4 4 4 4 5 4 5 5 4 6 6 5 4 5 4 4
2 2 3 3 5 4 5 4 4 4 0 4 5 4 4 5 4 4 4 4 5 5 5 4 5 5 4 6 6 5 4 5 4 4
2 2 3 3 4 4 5 4 4 4 0 4 5 4 4 6 4 4 4 4 5 4 5 4 5 5 5 6 6 5 4 5 4 4
2 2 3 3 4 4 5 4 4 4 0 4 5 4 4 5 4 4 4 4 4 4 5 4 5 5 4 5 6 5 4 5 4 4
2 2 3 3 4 4 5 4 4 4 0 4 5 4 4 5 4 4 4 4 4 4 5 4 5 5 4 5 6 5 4 5 4 4
2 2 3 3 4 4 5 4 4 4 0 4 5 4 4 5 4 4 4 4 5 4 5 4 5 5 4 5 6 5 4 5 4 4
2 2 4 3 5 4 5 4 4 4 0 4 6 4 4 6 5 5 4 4 5 5 5 4 5 5 4 6 6 5 4 5 5 5
2 2 4 4 4 4 5 4 4 4 0 4 6 4 4 6 5 4 4 4 5 4 5 4 5 5 5 6 6 5 4 5 5 4
2 2 4 4 4 4 5 4 4 4 0 4 6 4 4 6 5 4 4 5 5 5 5 4 5 5 5 6 7 6 5 6 5 4
2 2 3 3 4 4 5 4 4 4 0 4 5 4 4 5 4 4 4 4 5 5 5 4 5 6 5 6 6 5 4 5 4 4
2 2 3 3 4 4 5 4 4 4 0 4 6 4 4 5 4 4 4 4 5 5 5 4 5 5 5 6 6 5 4 5 4 4
2 2 3 3 4 4 5 4 4 4 0 4 5 4 4 5 4 4 4 4 5 5 5 4 5 5 5 6 6 5 4 5 4 4
2 2 3 3 4 4 4 4 4 4 0 4 6 4 4 5 4 4 4 4 5 5 5 4 5 5 5 6 6 5 4 5 4 4
2 2 3 3 4 4 4 4 4 4 0 4 6 4 4 5 4 4 4 4 5 4 5 4 5 5 5 6 6 5 4 5 4 4
2 2 3 3 4 4 5 4 4 4 0 4 6 4 4 5 4 4 4 4 5 5 5 4 5 5 5 7 7 5 4 5 4 4
2 2 3 3 4 4 4 4 4 4 0 4 6 4 4 5 4 4 4 4 5 4 5 4 5 5 5 6 6 5 4 5 4 4
2 2 3 3 4 4 4 4 4 4 0 4 6 4 4 5 4 4 4 4 4 4 5 4 5 5 5 6 6 5 4 4 4 4
2 2 3 3 4 4 4 4 4 4 0 4 6 4 4 5 4 4 4 4 4 5 5 4 5 5 5 6 6 5 4 5 4 4
2 2 3 3 4 4 4 4 4 4 0 4 6 4 4 5 4 4 4 4 4 4 5 4 5 5 5 6 6 5 4 5 4 4
2 2 3 3 4 4 5 4 4 4 0 4 6 4 4 5 4 4 4 4 4 4 5 4 5 5 5 6 6 5 4 5 4 4
2 2 3 3 4 4 5 4 4 4 0 4 5 4 4 5 4 4 4 5 4 4 5 4 5 5 5 6 6 5 4 5 4 4
2 2 3 3 4 4 5 4 5 4 0 4 6 4 4 5 5 4 4 4 4 5 5 4 5 5 5 7 7 5 4 5 4 4
2 2 3 3 4 4 4 4 4 4 0 4 5 4 4 5 4 4 4 4 4 4 5 4 5 5 5 6 6 5 4 5 4 4
2 2 3 3 4 4 5 4 4 4 0 4 5 4 4 5 4 4 4 4 4 4 5 4 5 5 5 6 6 5 4 5 4 4
2 2 3 3 4 4 4 4 4 4 0 4 5 4 4 5 4 4 4 4 4 4 5 4 5 5 5 6 6 5 4 5 4 4
2 2 3 3 4 4 4 4 4 4 0 4 5 4 4 5 4 4 4 4 4 4 5 4 4 5 5 6 6 5 4 5 4 4
2 2 3 3 5 4 4 4 4 4 0 4 5 4 4 5 4 4 4 4 5 5 5 4 5 5 5 6 6 5 4 5 5 5
2 2 3 3 4 4 4 4 4 4 0 4 6 4 4 5 4 4 4 4 4 4 5 4 5 5 5 7 6 5 4 5 4 4
2 2 3 3 4 4 4 4 4 4 0 4 5 4 4 5 4 4 4 5 4 4 5 4 5 6 5 7 6 5 4 5 4 4
2 2 3 3 4 4 4 4 4 4 0 4 5 4 4 5 4 4 4 4 4 4 5 4 5 5 5 7 6 5 4 5 4 4
2 2 3 3 4 4 4 4 4 4 0 4 5 4 4 5 4 4 4 4 4 4 5 4 5 6 5 7 6 5 4 5 4 4
2 2 3 3 4 4 4 4 4 4 0 4 6 4 4 5 4 4 4 4 4 4 5 4 5 5 5 7 7 6 4 5 4 4
2 2 3 3 4 4 4 4 4 4 0 4 6 4 4 5 4 4 4 4 4 4 5 4 5 5 5 7 6 5 4 5 4 4
2 2 3 3 4 4 4 4 4 4 0 4 6 4 4 5 4 4 4 4 4 4 5 4 5 5 5 7 7 5 4 5 4 4
2 2 3 3 4 4 4 4 4 4 0 4 5 4 4 5 4 4 4 5 5 5 5 4 5 5 4 6 6 5 4 5 4 4
2 2 3 3 4 4 4 4 4 4 0 4 5 4 4 5 4 4 4 4 4 4 5 4 5 5 5 6 6 5 4 5 4 4
2 2 3 3 4 4 4 4 4 4 0 4 5 4 4 5 4 4 4 4 4 4 5 4 5 5 5 6 6 5 4 5 4 4
2 2 3 3 4 4 4 4 4 4 0 4 6 4 4 5 4 4 4 4 4 4 5 4 5 5 5 7 7 5 3 5 4 4
2 2 3 3 4 4 4 4 4 4 0 4 5 4 4 5 4 4 4 4 4 4 5 4 5 5 4 6 6 5 4 4 4 4
2 2 3 3 4 4 4 4 4 4 0 4 6 4 4 5 4 4 4 5 4 5 5 4 5 5 5 6 7 5 4 5 4 4
2 2 3 3 4 4 4 4 4 4 0 4 6 4 4 5 4 4 4 5 4 5 5 4 5 5 5 7 7 6 4 5 4 4
2 2 3 3 4 4 4 4 4 4 0 4 6 4 4 5 4 4 4 5 4 5 5 4 5 5 4 6 7 5 3 5 4 4
2 2 3 3 4 4 5 4 4 5 0 4 6 4 4 5 4 4 4 5 5 5 5 4 5 5 5 6 7 5 3 4 4 4
2 2 3 3 5 4 4 4 4 4 0 4 5 4 4 5 4 4 4 5 5 5 5 4 5 5 4 6 7 5 4 5 4 4
2 2 4 4 5 4 5 4 4 4 0 4 5 4 4 5 4 4 4 5 5 5 5 4 5 5 4 6 7 5 4 5 4 4
2 2 4 4 4 4 5 4 4 5 0 4 6 4 4 5 4 4 4 5 5 5 6 4 5 5 5 6 7 6 4 5 4 4
2 2 4 4 4 4 4 4 4 5 0 4 6 4 4 5 4 4 4 5 4 4 5 4 5 5 5 7 7 6 4 5 4 4
2 2 4 4 5 4 5 4 5 5 0 4 6 5 5 6 5 5 5 5 5 5 6 5 6 6 5 7 8 6 4 5 5 5
2 2 4 4 5 4 5 4 5 5 0 4 6 4 4 5 4 4 4 5 5 5 6 5 6 6 5 7 7 6 4 5 4 4
2 2 3 4 5 4 5 4 4 5 0 5 7 5 4 6 5 4 4 5 5 5 5 4 6 6 5 7 7 6 4 5 4 4
2 2 4 4 5 4 5 4 5 5 0 4 6 4 4 5 4 4 4 5 5 5 6 5 6 6 5 7 7 6 4 5 4 4
2 2 4 4 5 4 5 4 5 5 0 4 6 4 4 5 4 4 4 5 5 5 6 4 6 6 5 7 7 6 4 5 4 4
2 2 4 4 5 4 5 4 4 4 0 4 6 4 4 5 4 4 4 5 5 5 6 4 6 6 5 7 7 6 4 5 4 4
2 2 4 4 5 4 5 4 4 5 0 4 6 4 4 5 4 4 5 5 5 5 6 4 6 6 5 7 7 6 4 5 4 4
2 2 4 4 5 4 5 5 5 5 0 5 6 4 4 5 5 5 5 5 5 5 6 5 6 6 5 7 7 6 4 5 5 5
2 2 4 4 5 4 5 4 5 5 0 4 6 4 4 5 4 4 4 5 5 5 6 5 6 6 5 7 7 6 4 5 4 4
2 2 4 4 5 4 5 4 4 4 0 4 6 4 4 5 4 4 4 5 5 5 6 5 6 5 5 7 7 6 4 5 4 4
2 2 3 4 4 4 5 4 4 4 0 4 5 4 4 5 4 4 4 5 5 5 6 4 5 5 4 7 7 6 4 5 4 4
2 2 4 4 5 4 5 4 4 4 0 4 6 4 4 5 4 4 4 5 5 5 6 4 6 5 5 7 7 6 4 5 4 4
2 2 3 4 5 4 5 4 5 4 0 4 6 4 4 5 4 4 4 5 5 5 5 4 6 5 4 7 7 5 4 5 4 4
2 2 3 4 5 4 5 4 4 4 0 4 5 4 4 5 4 4 4 5 5 5 5 4 5 5 4 7 7 5 4 5 4 4
2 2 4 4 5 4 5 4 4 4 0 4 6 4 4 5 4 4 4 5 5 5 5 5 5 5 5 7 7 5 4 5 4 4
2 2 3 4 5 4 5 4 4 4 0 4 6 4 4 5 4 4 4 5 5 5 6 4 5 5 5 7 7 6 4 5 4 4
2 2 4 4 5 4 5 4 4 4 0 4 5 4 4 5 4 4 4 5 5 5 6 5 6 5 5 7 7 5 4 5 4 4
2 2 3 4 5 4 5 4 4 4 0 4 5 4 4 5 4 4 4 5 5 5 5 4 5 5 4 7 7 5 4 4 4 4
2 2 3 4 5 4 5 4 4 5 0 4 6 4 4 5 4 4 4 5 5 5 6 4 6 5 5 7 7 5 4 5 4 4
2 2 3 4 5 4 5 4 4 4 0 4 5 4 4 5 4 4 4 5 5 5 6 4 5 5 4 7 7 5 4 5 4 4
2 2 3 3 4 4 5 4 4 4 0 4 5 4 4 5 4 4 4 4 5 4 5 4 5 5 4 6 7 5 4 4 4 4
2 2 3 3 4 4 5 4 4 4 0 4 5 4 4 5 4 4 4 4 5 5 5 4 5 5 4 7 7 5 4 5 4 4
2 2 3 4 5 4 5 5 4 4 0 4 6 4 4 5 4 4 4 4 5 5 5 5 6 5 5 7 8 5 4 5 4 4
2 2 3 3 4 4 5 4 4 4 0 4 5 4 4 5 4 4 4 4 5 5 6 5 5 5 4 6 6 5 4 4 4 4
2 2 3 3 4 4 5 4 4 4 0 4 5 4 4 5 4 4 4 4 5 5 6 4 5 5 4 6 6 5 4 5 4 4
2 2 4 4 5 4 5 4 4 4 0 4 5 4 4 5 5 5 5 5 5 5 6 5 5 5 4 6 7 5 4 5 5 5
2 2 3 3 4 4 5 4 4 4 0 4 5 4 4 5 4 4 4 4 5 5 5 4 5 5 4 6 7 5 4 5 4 4
2 2 3 4 4 4 5 4 4 4 0 4 5 4 4 5 4 4 4 4 5 5 5 4 5 5 4 6 7 6 4 5 4 4
2 2 3 3 4 4 5 4 4 4 0 4 5 4 4 5 4 4 4 4 5 5 5 4 5 5 4 7 7 5 4 5 4 4
2 2 3 3 4 4 5 4 4 4 0 3 5 4 4 5 4 4 4 4 5 4 5 4 5 5 4 6 6 5 4 4 4 4
2 2 3 3 4 4 5 4 4 4 0 4 6 5 4 5 4 4 4 4 5 4 5 4 5 5 4 6 7 5 4 5 4 4
2 2 3 3 4 4 5 4 4 4 0 4 5 4 4 5 4 4 4 4 5 5 6 5 5 4 4 6 7 5 4 5 4 4
2 2 4 4 4 4 5 4 4 4 0 4 5 4 4 5 4 4 4 5 5 4 5 4 5 4 4 6 6 5 4 4 4 4
2 2 3 3 4 4 5 4 4 4 0 4 5 4 4 5 4 4 4 4 5 4 5 4 5 4 4 6 6 5 4 4 4 4
2 2 3 3 4 4 5 4 4 4 0 4 5 4 4 5 4 4 4 4 5 4 5 4 5 5 4 6 7 5 4 5 4 4
2 2 4 4 5 4 5 4 4 4 0 4 5 4 4 6 5 5 5 5 5 4 5 5 5 5 4 6 7 5 4 5 5 5
2 2 3 4 4 4 5 4 4 4 0 4 5 4 4 5 4 4 4 4 5 4 5 4 5 4 4 6 6 5 4 5 4 4
2 2 3 3 4 4 5 4 4 4 0 4 5 4 4 5 4 4 4 4 5 4 5 4 5 4 4 6 6 5 4 5 4 4
2 2 4 4 4 4 5 4 4 4 0 4 6 4 4 5 4 4 4 5 5 4 5 4 5 5 4 6 6 5 4 5 4 4
2 2 4 4 4 4 5 4 4 4 0 4 6 4 4 5 5 4 4 5 6 5 5 5 5 5 4 6 6 5 4 5 4 4
2 2 3 4 4 4 5 4 4 4 0 4 6 4 4 5 4 4 4 5 5 4 5 4 5 4 4 6 6 5 4 5 4 4
2 2 3 4 4 4 5 4 4 4 0 4 5 4 4 5 4 4 4 5 5 5 5 4 5 5 4 6 6 5 4 5 4 4
2 2 4 4 4 4 5 4 4 4 0 4 6 4 4 6 5 4 4 5 6 5 6 5 5 5 4 6 6 5 4 5 4 4
2 2 4 4 4 4 6 5 5 4 0 4 6 4 4 6 5 4 4 5 5 5 6 5 5 5 4 6 7 5 4 5 4 4
2 2 4 4 4 4 5 4 4 4 0 4 6 4 4 5 4 4 4 5 5 5 5 4 5 5 4 6 6 5 4 5 4 4
2 2 4 4 5 4 5 5 4 4 0 4 5 4 4 5 5 4 5 5 5 5 5 5 5 5 4 6 6 5 4 5 5 4
2 2 4 4 4 4 5 5 5 4 0 4 6 4 4 5 4 4 4 5 5 5 6 5 5 5 4 6 7 5 4 5 4 4
2 2 4 4 4 4 5 4 4 4 0 4 5 4 4 5 4 4 4 5 5 5 5 5 5 5 4 6 6 5 4 5 4 4
2 2 4 4 5 4 5 4 4 5 0 4 6 4 4 5 5 4 4 5 5 5 5 4 5 5 4 6 6 5 4 5 4 4
2 2 4 4 5 4 5 4 4 4 0 4 6 4 4 5 5 4 5 5 5 5 6 5 5 5 4 6 6 5 4 5 4 4
2 2 4 4 5 4 5 5 4 4 0 5 7 5 5 5 5 5 5 5 6 5 6 5 6 5 5 7 7 6 4 5 5 5
2 2 4 4 4 4 5 4 4 4 0 4 6 5 4 5 4 4 4 5 5 5 5 5 5 5 4 6 7 5 4 5 4 4
2 2 4 4 4 4 5 4 4 5 0 4 6 4 4 5 4 4 4 5 5 4 5 5 5 5 4 6 7 5 4 5 4 4
2 2 4 4 5 4 5 5 5 5 0 4 6 5 4 5 5 4 4 5 5 5 5 5 6 5 4 7 7 6 4 5 5 5
2 2 4 4 5 4 5 4 4 4 0 4 6 4 4 5 4 4 4 5 5 5 5 5 5 5 4 6 7 5 4 5 4 4
2 2 4 4 5 4 5 5 4 5 0 4 6 5 4 5 4 4 4 5 5 5 5 5 6 5 4 7 7 5 4 5 4 4
2 2 4 4 5 4 5 5 5 5 0 4 6 4 4 5 4 4 4 5 5 5 5 5 6 5 5 7 7 5 4 5 4 4
2 2 4 4 5 4 5 5 5 5 0 4 6 5 5 5 4 4 5 5 5 5 5 5 6 5 5 7 7 5 4 5 4 4
2 2 4 4 5 4 5 5 5 4 0 4 6 5 4 5 4 4 4 5 5 5 5 5 6 5 5 7 7 5 4 5 4 4
2 2 4 4 5 4 5 4 5 4 0 4 6 5 5 5 4 4 4 5 5 5 5 5 5 5 5 6 7 5 4 5 4 4
2 2 4 4 5 4 5 4 4 5 0 4 7 5 4 5 4 4 4 5 5 5 5 5 5 5 4 7 7 5 4 5 4 4
2 2 4 4 5 4 5 5 4 5 0 4 6 4 4 5 5 4 4 5 5 5 5 5 5 5 5 6 7 5 4 5 5 4
2 2 4 4 5 4 5 5 5 5 0 4 6 4 4 5 5 4 4 5 5 5 5 5 6 5 5 7 7 5 4 5 5 4
2 2 4 4 5 4 5 5 5 5 0 5 7 5 5 6 5 5 5 5 5 5 6 5 6 6 5 7 8 6 4 5 5 5
2 2 4 4 5 4 5 5 5 5 0 4 6 4 4 5 5 4 4 5 5 5 5 5 6 5 5 7 7 5 4 5 4 4
2 2 4 4 5 4 5 5 5 5 0 4 6 4 4 5 4 4 4 5 5 5 5 5 6 5 5 7 7 5 4 5 4 4
2 2 4 4 5 4 5 4 5 5 0 4 7 5 4 5 4 4 4 5 5 5 5 5 6 5 5 7 7 5 4 5 4 4
2 2 4 4 5 5 5 5 5 5 0 5 7 5 5 6 5 5 5 5 6 6 5 5 6 6 5 7 7 6 4 5 5 5
2 2 4 4 5 5 5 5 5 5 0 4 6 4 4 5 4 4 4 4 5 5 5 5 6 6 5 7 7 5 4 5 4 4
2 2 4 4 5 4 5 5 5 5 0 5 6 4 4 5 4 4 4 4 5 5 5 5 6 5 5 7 7 5 4 5 4 4
2 2 3 4 5 4 5 4 5 4 0 4 6 4 4 5 4 4 4 4 5 5 5 5 6 5 5 7 8 5 4 5 4 4
2 2 3 4 5 4 5 4 5 5 0 4 6 4 4 5 4 4 4 4 5 5 5 5 6 5 5 7 8 6 4 5 4 4
2 2 3 4 5 4 5 5 5 5 0 4 6 4 4 5 4 4 4 4 5 5 5 5 6 5 5 7 7 5 4 5 4 4
2 2 3 3 5 4 5 4 5 5 0 4 6 4 4 5 4 4 4 4 5 5 5 5 6 5 5 7 7 5 4 5 4 4
2 2 4 4 5 5 5 5 5 5 0 4 6 4 4 5 4 4 4 4 5 5 5 5 7 6 5 7 7 5 4 5 4 4
2 2 4 4 5 5 5 5 5 5 0 5 7 4 4 5 4 4 4 4 5 5 6 5 6 6 5 7 8 6 4 5 4 4
2 2 4 4 5 5 5 5 5 5 0 4 6 4 4 5 4 4 4 4 5 5 6 5 6 6 5 7 8 6 4 5 4 4
2 2 4 4 5 5 6 5 5 5 0 5 7 5 4 5 4 4 4 4 5 5 6 5 6 6 5 7 7 6 4 5 4 4
2 2 4 4 5 5 6 5 5 5 0 5 7 5 4 5 5 4 4 4 5 5 6 5 6 6 5 7 7 6 4 5 4 4
2 2 4 4 5 5 5 5 5 5 0 5 6 4 4 5 5 4 4 4 5 5 6 5 6 6 5 7 7 5 4 5 4 4
2 2 4 4 5 5 6 5 5 5 0 5 7 4 4 5 5 5 4 4 5 5 6 6 6 6 5 7 7 5 4 5 5 4
2 2 4 4 5 5 5 5 5 5 0 5 7 5 4 5 5 4 4 4 5 5 6 5 6 6 5 7 8 6 5 6 5 4
2 2 3 4 5 5 5 5 5 5 0 4 6 4 4 5 4 4 4 4 5 5 6 5 6 6 5 7 7 5 4 5 4 4
2 2 3 3 5 5 5 5 5 5 0 5 6 4 4 6 4 4 4 4 5 5 6 5 6 6 5 7 7 5 4 5 4 4
2 2 3 3 5 5 5 5 5 5 0 4 6 4 4 5 4 4 4 4 5 5 6 5 6 6 5 7 7 5 4 5 4 4
2 2 3 3 5 4 5 4 5 5 0 4 6 4 4 5 4 4 4 4 5 5 6 5 6 6 5 7 7 5 4 5 4 4
2 2 4 4 5 5 5 5 5 5 0 4 6 4 4 5 4 4 4 4 5 5 6 5 6 6 5 7 7 5 4 5 5 4
2 2 3 4 5 5 5 5 5 4 0 4 6 4 4 5 4 4 4 4 5 5 6 5 6 6 5 7 7 5 4 5 4 4
2 2 4 4 5 5 5 5 5 5 0 5 7 5 4 5 5 4 4 4 5 5 6 5 6 6 5 7 7 6 4 5 5 4
2 2 3 4 5 5 5 5 5 5 0 5 7 6 5 5 4 4 4 4 5 5 6 5 6 6 5 7 7 6 5 5 4 4
2 2 3 4 5 5 5 4 5 5 0 4 6 5 4 5 4 4 4 4 5 5 6 5 6 6 5 7 7 5 4 5 4 4
2 2 3 4 5 5 5 5 5 5 0 4 6 5 4 5 4 4 4 4 5 5 6 5 6 6 5 7 7 6 4 5 4 4
2 2 4 4 5 5 5 5 5 5 0 4 6 5 4 5 5 4 4 4 5 5 6 5 6 6 5 7 7 5 4 6 5 4
2 2 3 4 5 5 5 5 5 4 0 4 6 4 4 5 4 4 4 4 5 5 6 5 6 6 5 7 7 5 4 5 4 4
2 2 4 4 5 5 5 5 5 5 0 5 6 5 4 5 4 4 4 4 5 5 6 5 6 6 5 7 7 6 4 5 5 4
2 2 4 4 5 5 5 5 5 4 0 5 7 5 4 6 5 4 4 5 5 5 6 5 7 6 5 8 9 6 4 5 5 4
2 2 4 4 5 5 5 4 5 4 0 4 6 4 4 6 5 4 4 4 5 5 6 5 6 6 5 7 7 5 4 5 5 4
2 2 4 4 5 5 5 4 5 4 0 4 6 5 4 6 5 5 5 5 5 5 7 5 6 6 5 7 7 6 4 6 5 5
2 2 4 4 5 4 5 4 4 4 0 4 6 5 4 5 5 4 4 5 5 5 6 5 6 6 5 7 7 5 4 5 5 4
2 2 4 4 5 5 5 4 5 4 0 4 6 5 4 5 5 4 4 5 5 5 6 5 6 6 5 7 7 5 4 5 5 4
2 2 3 4 5 4 5 4 4 4 0 4 6 5 4 5 5 4 4 4 5 5 6 5 6 5 5 7 7 6 4 5 4 4
2 2 4 4 5 4 5 4 4 4 0 4 6 5 4 5 5 4 4 4 5 5 6 5 6 5 5 7 7 6 4 5 4 4
2 2 4 4 5 4 5 4 4 4 0 4 6 4 4 5 4 4 4 4 5 5 6 5 6 5 5 7 7 6 4 5 4 4
2 2 4 4 5 5 5 4 4 4 0 4 6 5 4 6 5 5 4 5 5 5 6 5 6 5 5 7 7 6 4 5 5 4
2 2 4 4 5 5 5 4 4 4 0 4 6 5 4 6 5 5 4 5 5 5 6 5 5 5 5 7 7 6 4 6 5 5
2 2 4 4 5 4 5 5 5 4 0 4 7 5 4 5 4 4 4 5 5 5 6 5 6 6 5 8 8 6 4 6 4 4
2 2 4 4 5 4 5 4 5 4 0 4 7 5 4 5 4 4 4 5 5 5 6 5 6 5 5 8 7 6 4 5 4 4
2 2 4 4 5 5 5 4 5 4 0 4 7 4 4 5 5 5 4 5 6 6 6 5 6 6 5 7 7 6 4 5 5 5
2 2 3 4 5 4 5 4 5 4 0 4 6 4 4 5 4 4 4 5 5 5 6 5 6 5 5 7 7 6 4 5 4 4
2 2 3 4 5 4 5 4 5 4 0 4 6 4 4 5 5 4 4 5 5 5 6 5 6 5 5 7 7 6 4 5 5 4
2 2 4 4 5 4 5 4 5 4 0 4 6 5 4 5 5 4 4 5 5 5 6 5 6 5 5 7 7 6 4 5 5 4
2 2 4 4 6 5 5 5 5 5 0 4 6 5 4 6 5 5 5 5 6 6 6 5 6 6 5 8 7 6 4 5 5 5
2 2 4 4 5 4 5 4 4 4 0 4 6 5 4 5 5 5 5 5 6 5 6 5 6 5 5 7 7 6 4 5 5 5
2 2 4 4 5 4 5 4 5 4 0 4 8 5 5 5 5 5 4 5 6 5 6 5 6 5 5 7 8 6 4 5 5 5
2 2 4 4 6 5 6 5 5 4 0 5 7 5 5 6 5 5 5 5 6 6 6 6 6 5 5 8 8 6 4 6 5 5
2 2 4 4 5 4 5 4 5 4 0 4 7 5 4 6 5 5 4 5 5 5 6 5 6 5 5 8 8 6 4 5 5 5
2 2 4 4 5 4 5 4 4 4 0 4 7 4 4 5 5 4 4 5 5 5 6 5 6 5 4 7 8 6 4 5 5 4
2 2 4 4 5 5 5 5 5 5 0 5 7 5 5 6 5 5 5 5 5 5 6 5 6 6 5 8 8 6 5 5 5 5
2 2 4 4 5 4 5 5 5 4 0 4 7 5 4 5 5 5 5 5 5 5 6 5 6 6 5 7 8 6 4 5 5 5
2 2 4 4 5 4 5 4 5 4 0 4 7 4 4 5 5 5 5 5 5 5 6 5 6 5 5 7 8 6 4 5 5 5
2 2 4 4 5 5 5 4 5 4 0 4 7 5 4 6 5 5 5 5 6 6 7 5 6 5 5 7 8 6 4 5 5 5
2 2 4 5 6 5 6 5 5 5 0 5 7 5 5 6 5 5 5 5 6 6 7 6 6 6 5 8 8 7 5 6 5 5
2 2 4 4 6 5 6 5 5 5 0 5 7 5 5 7 6 6 5 5 6 6 6 5 6 6 5 8 8 6 5 7 6 6
2 2 5 5 6 5 6 5 6 5 0 5 8 5 5 7 6 6 5 6 6 6 6 6 8 7 6 8 9 7 5 6 6 6
2 2 4 4 6 5 6 5 5 5 0 5 7 5 5 7 6 6 5 5 6 6 7 5 6 6 5 7 8 6 5 6 6 5
2 2 4 4 6 5 6 5 5 5 0 4 7 5 5 6 5 5 5 6 6 6 6 5 6 6 5 7 8 6 5 6 5 5
2 2 4 4 6 5 6 5 5 5 0 5 7 5 5 6 5 5 5 5 6 6 6 5 6 6 5 7 8 6 4 6 5 5
2 2 4 4 5 5 5 5 5 5 0 4 7 5 5 6 5 5 5 5 6 6 6 5 6 6 5 7 8 6 4 6 5 5
2 2 4 4 5 5 5 5 5 5 0 4 7 5 5 6 5 5 5 5 6 6 6 5 6 6 6 7 8 6 4 6 5 5
2 2 4 4 6 5 6 5 5 5 0 5 7 5 5 6 5 5 5 5 6 6 7 5 6 6 6 7 8 6 5 6 5 5
2 2 4 4 6 5 6 5 5 6 0 5 7 5 5 6 6 5 5 5 6 6 7 5 6 6 6 8 8 6 5 6 5 5
2 2 4 4 6 5 6 5 5 5 0 5 7 5 5 6 6 5 5 6 6 6 7 5 6 6 6 8 8 6 5 6 6 5
2 2 5 5 6 5 6 5 5 5 0 5 7 5 5 6 6 6 6 6 6 6 7 5 6 6 6 8 8 6 5 7 6 6
2 2 5 5 6 5 6 5 5 5 0 5 7 5 5 6 6 6 5 6 6 6 7 5 6 6 6 7 7 6 5 6 6 6
2 2 4 4 6 5 6 5 5 5 0 5 7 5 5 6 6 5 5 6 7 6 7 6 6 6 6 7 8 6 5 6 6 5
2 2 4 4 6 5 6 5 5 5 0 5 7 5 5 6 6 5 5 5 6 6 6 5 6 6 5 7 8 6 5 6 6 5
2 2 5 5 6 5 6 5 5 5 0 5 7 5 5 6 6 6 6 6 6 6 7 5 6 6 5 7 8 6 5 6 6 6
2 2 5 5 6 5 6 5 5 5 0 5 7 6 5 7 6 6 5 6 6 6 7 5 6 6 5 7 9 7 5 6 6 6
2 2 4 5 5 5 6 5 5 5 0 5 7 5 5 6 6 5 5 5 6 6 6 5 6 6 5 7 8 6 5 6 6 6
2 2 4 4 5 5 6 5 5 5 0 5 7 6 5 6 6 5 5 6 6 6 6 5 6 6 5 7 8 6 5 6 6 5
2 2 5 5 6 5 6 5 5 5 0 5 7 6 5 6 6 6 6 6 6 6 7 6 7 6 5 7 9 7 5 6 6 6
2 2 4 4 5 5 6 5 5 5 0 5 9 6 5 6 6 5 5 5 6 6 6 5 6 6 6 7 9 7 5 6 6 5
2 2 5 5 6 5 6 5 5 5 0 5 7 6 5 6 6 6 5 6 6 6 7 6 6 6 6 7 8 7 5 6 6 5
2 2 4 4 5 5 6 5 5 5 0 5 7 6 5 6 5 5 5 5 6 6 7 5 6 6 6 7 8 7 5 6 5 5
2 2 4 4 5 5 6 5 5 5 0 5 7 6 5 6 5 5 5 5 6 6 7 5 6 6 6 7 8 7 5 6 5 5
2 2 4 5 5 5 6 5 5 5 0 5 7 6 5 6 6 5 5 6 6 6 7 5 6 6 5 7 8 7 5 6 6 5
2 2 4 4 5 5 6 5 5 5 0 5 7 5 5 6 5 5 5 5 6 6 7 5 6 6 5 7 8 7 5 6 5 5
2 2 4 4 5 5 6 5 5 5 0 5 7 5 5 6 5 5 5 5 6 6 6 5 6 6 5 7 8 7 5 6 5 5
2 2 4 4 5 5 6 5 5 5 0 5 8 6 5 6 5 5 5 5 6 6 6 5 6 6 5 7 9 7 5 6 5 5
2 2 4 4 5 5 6 5 5 5 0 5 7 6 5 6 5 5 5 5 6 6 7 5 6 6 5 7 8 7 5 6 5 5
2 2 4 4 5 5 6 5 5 5 0 4 7 5 5 5 5 5 5 5 6 5 6 5 5 5 5 7 8 7 5 6 5 5
2 2 4 4 5 5 6 5 5 5 0 5 7 6 5 6 5 5 5 5 6 6 7 5 6 6 5 7 9 7 6 6 5 5
2 2 4 4 5 5 6 5 4 4 0 4 7 5 5 5 5 5 4 5 5 5 6 5 5 5 5 7 8 6 5 5 5 4
2 2 4 4 5 5 6 5 4 4 0 4 7 5 4 5 5 5 5 5 5 5 6 5 5 5 5 7 8 6 5 5 5 5
2 2 4 4 5 5 6 4 4 4 0 4 7 5 5 5 5 5 4 5 5 5 6 5 5 5 5 7 8 6 5 5 5 4
2 2 4 4 5 5 6 4 4 4 0 4 7 5 4 5 5 5 5 5 5 5 6 5 5 5 5 7 8 6 5 5 5 5
2 2 4 4 5 5 6 4 4 5 0 4 7 5 5 5 5 5 4 5 5 5 6 5 5 5 5 7 9 7 5 5 5 5
2 2 4 4 5 5 5 4 4 4 0 4 7 5 4 5 5 4 4 5 5 5 6 5 5 5 5 6 8 6 5 5 5 4
2 2 4 4 4 5 6 4 4 4 0 4 7 5 4 5 4 4 4 5 5 5 5 5 5 5 5 6 8 6 5 5 4 4
2 2 4 4 5 5 5 4 4 4 0 4 7 5 5 5 4 4 4 5 5 5 6 5 5 5 5 6 8 6 5 5 4 4
2 2 4 4 5 5 6 5 4 4 0 4 7 6 5 5 5 5 4 5 5 5 6 5 5 5 5 6 8 7 5 6 5 5
2 2 4 4 5 5 6 5 5 4 0 4 7 5 4 5 4 4 4 4 5 5 6 5 6 5 5 6 8 6 4 5 4 4
2 2 3 4 5 5 5 4 4 4 0 4 7 5 5 5 5 4 4 4 5 5 6 5 5 5 5 6 8 6 5 5 5 4
2 2 4 4 5 5 6 5 5 5 0 4 7 6 5 6 5 5 5 5 5 5 6 5 6 6 5 7 9 7 5 6 5 5
2 2 3 3 4 4 5 4 4 4 0 4 7 5 4 5 4 4 4 4 4 5 6 5 5 5 4 7 8 6 5 5 4 4
2 2 4 4 5 5 6 5 5 5 0 4 7 6 5 6 5 5 5 5 5 5 7 5 6 5 5 7 9 7 5 6 5 5
2 2 3 3 4 4 5 4 4 4 0 4 7 5 5 5 4 4 4 4 4 5 5 4 5 5 4 6 9 7 5 5 4 4
2 2 3 4 5 5 6 5 4 4 0 4 7 5 5 5 4 4 4 4 5 6 6 5 5 5 4 6 8 6 5 5 4 4
2 2 3 4 5 5 6 4 4 4 0 4 7 5 4 5 4 4 4 4 6 6 7 5 5 5 4 6 8 6 4 5 4 4
2 2 3 4 5 4 5 4 4 4 0 4 7 5 4 5 4 4 4 4 5 5 6 5 5 5 4 6 8 6 4 5 4 4
2 2 3 4 5 5 5 4 4 4 0 4 7 5 4 5 4 4 4 5 5 5 6 5 5 5 4 6 8 6 4 5 4 4
2 2 4 4 5 5 6 4 4 4 0 4 6 5 4 5 5 4 4 4 5 5 6 5 5 5 4 6 7 6 5 5 5 4
2 2 3 4 5 4 5 4 4 4 0 4 6 5 4 5 4 4 4 4 5 5 6 5 5 5 4 6 7 5 4 5 4 4
2 2 3 3 5 4 5 4 4 4 0 4 6 5 4 5 4 4 4 4 5 5 6 5 5 5 4 6 7 6 4 5 4 4
2 2 3 4 5 4 5 4 4 4 0 4 7 5 5 5 4 4 4 4 5 5 6 5 5 5 4 6 8 6 5 5 4 4
2 2 3 4 5 4 5 4 4 4 0 4 7 5 5 5 4 4 4 4 5 5 6 4 5 5 4 6 7 6 4 5 4 4
2 2 3 3 5 4 6 4 4 4 0 4 7 5 5 5 4 4 4 4 5 5 6 5 5 5 4 6 8 6 4 5 4 4
2 2 3 4 5 4 6 4 4 4 0 4 7 5 4 5 4 4 4 5 5 5 6 5 5 5 4 6 8 6 4 5 4 4
2 2 3 3 5 4 5 4 4 4 0 4 7 5 4 5 4 4 4 4 5 5 6 5 5 4 4 6 8 6 4 5 4 4
2 2 4 4 5 4 5 4 4 4 0 4 7 5 5 6 5 4 4 4 6 5 6 5 5 4 4 6 8 6 5 5 4 4
2 2 3 3 5 4 5 4 4 4 0 4 6 5 4 5 4 4 4 4 5 5 6 5 5 5 4 5 7 5 4 5 4 4
2 2 3 3 4 4 5 4 4 4 0 4 6 5 4 5 4 4 4 4 5 5 7 5 5 5 4 5 7 5 4 5 4 4
2 2 3 3 5 4 5 4 4 4 0 4 6 4 4 5 4 4 4 4 5 5 6 5 5 4 4 5 7 5 4 5 4 4
2 2 3 3 4 4 5 4 4 4 0 4 6 5 4 5 4 4 4 4 5 5 6 5 5 4 4 5 7 5 4 5 4 4
2 2 3 3 4 4 5 4 4 4 0 4 6 5 4 5 4 4 4 4 5 5 6 5 5 4 4 5 7 5 4 5 4 4
2 2 3 3 5 4 5 4 4 4 0 4 6 5 4 5 4 4 4 4 5 5 6 5 4 4 4 5 7 5 4 5 4 4
2 2 3 4 5 4 6 4 4 4 0 4 6 5 4 5 4 4 4 4 5 5 6 5 5 4 4 5 7 5 4 5 4 4
2 2 4 4 5 5 5 4 4 4 0 4 6 5 4 5 4 4 4 5 5 5 6 4 4 4 4 5 7 5 4 5 4 4
2 2 3 3 4 4 5 4 4 4 0 3 6 5 4 5 4 4 4 4 5 5 6 4 4 4 3 5 7 6 4 5 4 4
2 2 3 3 4 4 5 4 3 3 0 3 6 4 4 5 4 4 4 5 5 5 6 4 4 4 3 5 7 5 4 5 4 4
2 2 4 4 5 4 5 4 4 4 0 3 6 4 4 5 5 4 4 5 5 5 6 5 4 4 3 5 7 5 4 5 5 4
2 2 3 4 4 4 5 4 3 3 0 3 6 4 4 5 4 4 4 5 5 5 6 4 4 4 3 5 7 5 4 5 4 4
2 2 4 4 5 4 5 4 4 3 0 4 6 4 4 5 4 4 4 5 5 6 6 4 4 4 3 5 7 5 4 5 4 4
2 2 4 4 5 4 5 4 4 4 0 4 6 5 5 5 4 4 4 5 5 5 6 5 5 4 4 5 7 5 4 5 4 4
2 2 4 4 5 5 6 5 4 4 0 4 8 5 5 6 5 5 5 5 5 5 7 6 5 5 4 6 9 6 5 6 5 5
2 2 4 4 5 4 5 4 4 4 0 4 6 4 4 5 4 4 4 5 5 5 6 5 5 4 4 5 7 5 4 5 4 4
2 2 4 4 5 4 5 4 4 4 0 4 6 4 4 5 4 4 4 5 5 5 6 4 5 4 4 5 7 5 4 5 4 4
2 2 4 4 4 4 5 4 4 3 0 3 5 4 4 5 4 4 4 5 5 5 6 4 4 4 3 5 7 5 4 5 4 4
2 2 4 4 5 4 5 4 4 4 0 4 6 4 4 6 5 4 4 5 5 5 6 5 5 4 4 5 7 5 4 5 5 4
2 2 4 4 4 4 5 4 4 3 0 3 5 4 4 5 4 4 4 5 5 4 6 4 5 4 4 5 6 5 4 5 4 4
2 2 4 4 4 4 5 4 4 4 0 4 6 5 4 5 4 4 4 5 5 4 6 4 5 5 4 5 6 5 4 5 4 4
2 2 4 4 5 5 5 5 4 4 0 5 7 5 5 6 5 5 4 5 5 5 6 5 5 5 4 6 7 6 5 6 5 5
2 2 4 4 4 4 5 4 4 3 0 4 6 4 4 5 4 4 4 5 4 4 6 4 5 4 4 5 8 6 4 5 4 4
2 2 4 4 4 4 5 4 4 4 0 4 5 4 4 5 4 4 4 5 5 4 6 4 5 4 4 5 6 5 4 5 4 4
2 2 4 4 4 4 5 4 4 3 0 4 6 4 4 5 4 4 4 5 4 4 5 5 5 4 4 6 7 5 4 5 4 4
2 2 4 4 5 4 5 4 4 4 0 4 7 5 5 6 5 5 5 5 5 5 6 5 5 5 4 6 8 6 4 6 5 5
2 2 4 4 4 4 5 4 4 4 0 4 6 4 4 5 5 4 4 5 5 5 6 5 5 4 4 5 6 5 4 5 5 4
2 2 4 4 4 4 5 4 4 4 0 4 6 4 4 5 4 4 4 5 5 4 6 4 5 4 4 5 6 5 4 5 4 4
2 2 4 4 4 4 5 4 4 4 0 4 6 5 4 5 4 4 4 5 5 4 5 4 5 4 4 5 6 5 4 5 4 4
2 2 4 4 5 4 5 4 4 4 0 4 6 4 5 6 5 4 4 5 5 5 6 4 5 5 4 6 7 5 4 5 4 4
2 2 4 4 5 4 5 4 4 4 0 4 6 4 4 5 4 4 4 5 5 5 6 4 5 5 4 5 7 5 4 5 4 4
2 2 4 4 5 4 5 4 4 4 0 4 6 4 4 5 4 4 4 5 5 5 6 4 5 4 4 5 6 5 4 5 4 4
2 2 4 4 5 4 6 5 4 5 0 4 6 4 4 5 5 5 5 6 6 5 7 5 5 5 4 6 7 6 4 5 5 5
2 2 4 4 5 4 5 4 5 4 0 4 6 4 4 5 5 4 4 5 5 5 6 5 6 5 4 6 7 5 4 5 4 4
2 2 4 4 5 4 5 4 5 4 0 4 6 4 4 5 4 4 4 5 5 5 6 5 6 5 4 6 7 5 4 5 4 4
2 2 4 4 5 4 5 4 5 4 0 4 6 4 4 5 4 4 4 5 5 5 6 5 6 5 4 6 7 5 4 5 4 4
2 2 4 4 5 4 5 5 5 4 0 4 6 5 5 6 5 4 4 5 5 5 6 5 6 5 5 6 7 5 4 5 4 4
2 2 4 4 5 4 5 4 5 4 0 4 6 5 5 5 4 4 4 4 5 5 6 5 6 5 4 6 7 5 4 5 4 4
2 2 4 4 5 5 6 5 5 4 0 4 6 5 5 6 5 5 5 5 6 5 7 5 6 6 5 7 7 6 4 6 5 5
2 2 4 4 5 4 6 5 5 4 0 4 6 5 5 5 4 4 4 5 5 5 6 5 6 6 5 7 7 5 4 5 4 4
2 2 4 4 5 4 5 4 5 4 0 4 6 5 5 6 4 4 4 5 5 5 6 5 6 5 5 6 7 5 4 5 4 4
2 2 3 3 4 4 5 4 4 4 0 4 6 4 4 5 4 4 4 4 5 5 6 4 6 5 5 6 7 5 4 5 4 4
2 2 3 3 4 4 5 4 5 4 0 4 6 4 4 5 4 4 4 4 5 5 6 5 6 5 5 6 7 5 4 5 4 4
2 2 3 3 4 4 5 4 5 4 0 4 6 5 4 5 4 4 4 5 5 4 6 4 6 5 5 7 7 5 4 4 4 4
2 2 3 3 5 4 5 4 5 4 0 4 6 4 4 5 4 4 4 4 5 5 6 4 6 5 5 7 7 5 4 4 4 4
2 2 3 3 5 4 5 4 5 4 0 4 6 4 4 5 4 4 4 4 5 5 6 4 6 5 5 7 7 5 4 4 4 4
2 2 4 4 5 5 6 4 5 4 0 4 6 5 4 5 4 4 4 5 5 5 6 5 6 5 5 7 7 6 4 5 4 4
2 2 3 4 5 4 6 4 5 4 0 4 6 4 4 5 4 4 4 4 5 5 6 4 6 5 5 6 7 5 4 4 4 4
2 2 3 4 5 4 6 4 5 5 0 4 6 5 4 5 4 4 4 5 5 5 6 5 6 6 5 6 7 6 4 4 4 4
2 2 4 4 5 5 6 5 5 5 0 4 6 5 4 5 4 4 4 4 5 5 6 5 6 6 5 7 7 5 4 5 4 4
2 2 3 3 5 4 5 4 5 5 0 4 6 5 5 5 4 4 4 4 5 5 6 5 6 6 5 7 7 5 4 4 4 4
2 2 3 3 5 4 6 5 5 5 0 4 6 4 4 5 4 4 4 4 5 5 6 5 6 6 5 7 7 5 4 4 4 4
2 2 3 4 5 5 6 4 5 5 0 4 6 5 4 5 4 4 4 4 6 6 7 5 6 6 5 7 8 6 4 4 4 4
2 2 4 4 5 5 6 4 5 5 0 4 7 6 5 6 5 5 5 5 6 5 6 5 6 6 5 7 8 6 5 6 5 5
2 2 4 4 5 4 6 4 5 5 0 4 6 4 4 5 4 4 4 5 5 5 6 5 6 6 5 7 7 5 4 5 4 4
2 2 4 4 5 5 6 5 5 5 0 4 7 5 5 5 4 4 4 5 6 6 6 5 7 6 5 8 8 7 5 6 5 4
2 2 4 4 5 5 6 4 5 5 0 4 6 4 4 6 4 4 4 5 5 5 6 5 7 6 5 7 7 5 4 5 4 4
2 2 4 4 5 5 6 4 5 5 0 4 6 4 5 6 5 4 4 5 6 5 6 5 7 6 5 7 7 5 4 5 5 4
2 2 4 4 5 4 6 4 5 5 0 4 6 4 4 6 5 4 4 5 5 5 6 5 6 6 5 7 7 5 4 6 5 4
2 2 4 4 5 5 6 4 5 5 0 5 6 4 5 6 5 4 4 5 5 5 6 5 7 7 5 8 7 5 4 6 5 4
2 2 4 4 4 4 5 4 5 4 0 4 6 4 4 6 4 4 4 5 5 5 6 4 6 6 5 7 7 5 4 5 4 4
2 2 4 4 5 4 5 4 5 4 0 4 6 4 4 6 4 4 4 5 5 5 6 4 6 6 5 7 7 5 4 5 4 4
2 2 4 4 5 4 5 4 5 4 0 4 6 4 4 6 4 4 4 5 5 5 6 4 6 6 5 7 7 5 4 5 4 4
2 2 4 4 5 4 5 4 5 5 0 5 6 4 4 6 5 4 4 5 5 5 6 4 6 6 5 7 7 5 4 5 4 4
2 2 4 4 5 4 5 4 5 4 0 4 7 4 4 6 5 4 4 5 5 5 6 4 6 6 5 8 8 5 4 5 5 4
2 2 4 4 5 4 5 4 5 4 0 4 6 4 4 5 4 4 4 5 5 5 6 5 6 6 5 7 7 5 4 5 4 4
2 2 4 4 5 4 5 4 5 4 0 4 6 4 4 6 5 4 4 5 5 5 6 4 6 6 5 7 7 5 4 5 5 4
2 2 4 3 5 4 5 4 5 4 0 4 6 4 4 5 4 4 4 5 5 5 6 4 6 6 5 7 7 5 4 5 4 4
2 2 4 3 5 4 5 4 5 5 0 4 6 4 4 6 5 4 4 5 5 5 6 4 6 6 5 7 7 5 5 6 5 4
2 2 3 3 5 4 5 5 6 5 0 4 6 4 4 5 4 4 4 5 5 5 5 5 7 6 5 7 8 5 4 6 4 4
2 2 4 4 5 4 5 4 5 5 0 4 7 5 4 6 4 4 4 5 5 5 6 4 6 6 5 7 8 6 5 6 5 4
2 2 4 4 5 4 5 4 5 5 0 4 7 4 5 5 5 5 5 5 5 5 6 5 6 6 5 7 8 6 4 6 5 5
2 2 4 4 4 4 5 4 5 5 0 4 7 4 4 5 5 4 4 5 5 5 5 5 6 6 5 8 8 6 4 6 5 4
3 0 4 4 4 4 5 4 5 5 0 4 7 4 4 5 5 4 4 5 5 5 5 5 6 6 5 8 8 6 4 6 5 4
2 1 8 7 8 7 8 7 6 7 0 6 7 7 8 12 19 18 9 8 8 8 8 7 7 7 6 8 8 8 8 13 19 18
2 1 8 7 8 7 8 7 6 6 0 6 7 7 8 12 19 18 9 8 8 8 8 7 7 7 6 8 8 8 8 12 19 19
2 1 8 8 9 8 9 8 7 7 0 6 8 7 9 12 19 19 10 9 9 8 9 8 8 8 7 9 9 9 8 13 19 18
2 1 7 7 8 7 8 7 6 6 0 6 7 7 9 13 21 18 9 8 8 7 8 7 7 7 6 8 9 8 9 13 20 19
2 1 8 6 8 7 7 6 6 6 0 5 6 6 8 13 21 22 9 7 7 7 7 7 7 6 6 7 7 7 8 13 18 18
2 1 8 7 8 7 7 6 6 6 0 5 6 6 8 12 18 17 9 8 7 7 7 7 7 6 6 7 7 7 7 12 18 19
2 1 8 7 8 7 8 7 6 6 0 6 7 7 9 13 19 17 9 8 8 7 8 7 7 7 6 8 8 8 8 13 18 19
2 1 8 6 7 6 7 6 6 6 0 5 6 6 8 12 18 17 9 7 7 7 7 7 7 6 6 7 8 7 8 13 18 19
2 1 8 7 8 7 8 7 6 7 0 6 7 7 8 12 19 18 10 8 8 7 8 7 7 7 6 8 8 8 8 12 19 20
2 1 8 6 7 6 7 6 6 6 0 5 6 6 8 12 20 19 9 7 7 7 7 7 6 6 6 7 7 7 7 12 19 19
2 1 7 6 7 6 7 6 5 6 0 5 6 6 8 12 19 18 9 7 7 7 7 7 6 6 5 7 7 7 8 13 20 20
2 1 8 7 8 7 8 7 6 6 0 6 7 7 9 12 20 21 10 8 8 8 8 7 7 7 6 8 8 8 8 12 20 20
2 1 8 7 8 7 8 7 6 7 0 6 7 7 9 12 20 20 10 8 8 7 8 7 7 7 6 8 8 8 8 13 20 21
2 1 8 7 8 7 8 7 6 7 0 6 7 7 9 13 20 19 11 8 8 8 8 7 7 7 6 8 8 8 8 13 20 21
2 1 8 7 9 8 9 8 7 8 0 6 7 7 9 13 19 19 11 8 9 8 9 8 8 8 7 9 9 9 8 13 20 22
2 1 8 7 8 7 8 7 6 7 0 6 7 7 9 13 19 19 10 8 8 7 8 7 7 7 6 8 8 8 8 13 21 22
2 1 10 9 10 8 9 8 7 8 0 6 8 8 11 15 24 23 12 10 9 9 9 9 8 8 7 9 10 10 10 16 26 24
2 1 9 7 8 7 8 7 6 7 0 6 7 7 9 13 21 21 11 8 8 8 8 8 8 7 6 8 9 8 9 13 22 23
2 1 9 7 8 7 7 7 6 7 0 6 7 7 9 13 20 20 10 8 8 7 8 7 7 7 6 8 8 8 8 13 21 23
2 1 8 7 8 7 8 7 6 7 0 6 7 7 9 13 20 21 10 8 8 7 8 7 7 7 6 8 8 8 8 13 21 23
2 1 8 7 8 7 8 7 6 7 0 6 7 7 9 13 21 21 10 8 8 7 8 7 7 7 6 8 9 8 8 13 21 22
2 1 9 7 8 7 8 7 6 7 0 6 7 7 9 13 21 21 10 8 8 8 8 8 7 7 6 8 9 9 8 13 21 22
2 1 9 8 9 8 8 7 7 7 0 6 8 7 9 13 21 21 10 9 9 8 9 8 8 8 7 9 9 9 9 13 21 22
2 1 8 7 8 7 8 7 6 7 0 6 7 7 9 12 21 21 10 8 8 7 8 7 7 7 6 8 9 8 8 12 21 22
2 1 8 7 9 8 8 7 6 7 0 6 7 7 9 12 20 20 10 8 8 8 8 8 8 7 6 8 9 9 8 12 20 20
2 1 8 7 9 8 8 7 6 7 0 6 7 7 9 12 21 21 10 8 8 8 9 8 8 7 7 8 9 9 8 12 20 20
2 1 8 7 9 8 8 7 6 7 0 6 7 7 9 12 20 20 10 9 9 8 9 8 8 7 7 8 9 9 8 12 20 20
2 1 8 8 9 8 9 8 7 7 0 6 7 7 9 12 20 21 11 9 9 8 9 8 8 8 7 9 9 9 8 12 21 20
2 1 8 7 8 7 8 7 6 7 0 6 7 7 9 12 21 21 10 8 8 8 8 8 8 7 7 8 9 9 8 12 21 20
2 1 8 7 9 8 8 8 7 7 0 7 8 8 10 12 20 21 10 9 9 8 9 8 8 8 7 9 10 10 9 12 20 20
2 1 9 8 9 8 9 8 7 8 0 7 8 8 10 13 22 21 10 9 9 9 9 8 8 8 7 9 10 10 9 12 21 21
2 1 9 8 9 8 9 8 7 7 0 7 8 8 9 12 20 21 10 9 9 9 9 8 8 8 7 9 10 9 9 12 20 20
2 1 9 8 9 8 9 8 7 8 0 6 8 8 10 14 25 25 11 9 9 9 9 9 8 8 7 9 9 9 9 13 23 21
2 1 8 7 8 7 8 7 6 7 0 6 7 7 8 11 19 19 10 8 8 8 8 8 7 7 6 8 9 8 8 11 19 19
2 1 8 7 8 7 8 7 6 7 0 6 7 7 8 12 19 19 9 8 8 8 8 8 8 7 6 8 9 9 8 10 20 22
2 1 8 7 8 7 8 7 6 7 0 6 7 7 8 11 19 19 9 8 8 8 8 7 7 7 6 8 9 8 7 11 19 19
2 1 8 7 8 7 8 7 6 7 0 6 7 7 8 11 20 19 10 8 8 8 8 7 7 7 6 8 8 8 7 11 19 22
2 1 8 7 8 7 8 7 6 7 0 6 7 7 8 11 19 20 9 8 8 8 8 7 7 7 6 8 8 8 7 11 19 19
2 1 8 7 9 8 8 7 6 7 0 6 7 7 8 12 20 19 10 8 8 8 8 8 8 7 7 8 9 8 8 11 20 20
2 1 9 8 9 8 8 7 7 7 0 6 7 7 9 12 22 24 11 9 9 8 9 8 8 8 7 8 9 9 8 11 21 21
2 1 8 7 8 7 8 7 6 7 0 6 7 7 8 11 18 18 9 8 8 8 8 8 8 7 6 8 9 8 7 10 18 19
2 1 8 8 9 8 8 7 7 7 0 6 7 7 9 12 21 20 9 8 8 8 9 8 8 7 7 8 9 8 8 11 21 19
2 1 8 8 9 8 9 8 7 8 0 6 8 7 9 13 20 19 9 9 9 9 9 9 9 8 7 9 10 9 9 12 19 20
2 1 8 7 8 7 8 7 6 7 0 6 7 7 8 11 20 19 8 8 8 8 8 8 7 7 6 8 9 8 8 11 18 17
2 1 8 7 8 7 8 7 6 6 0 6 7 7 8 11 19 18 10 8 8 7 8 7 7 7 6 8 8 8 7 11 20 17
2 1 8 7 8 7 8 7 6 6 0 6 7 7 8 11 19 18 9 8 8 7 8 7 7 7 6 8 9 8 7 10 19 18
2 1 7 7 8 7 8 7 6 6 0 6 7 7 8 11 18 18 8 8 8 7 8 7 7 7 6 8 9 8 7 10 18 17
2 1 8 7 8 7 8 7 6 6 0 6 7 7 8 11 19 18 9 8 8 7 8 7 7 7 6 8 8 8 8 11 18 17
2 1 7 7 8 7 7 7 6 6 0 6 7 7 8 12 21 18 9 8 8 7 8 7 7 7 6 8 8 8 8 11 19 20
2 1 7 7 8 7 8 7 6 6 0 6 8 7 8 11 19 18 9 8 8 8 8 7 7 7 7 8 9 9 8 11 18 18
2 1 8 7 8 7 8 7 6 6 0 6 7 7 9 12 20 18 9 8 8 8 8 8 7 7 6 8 9 9 8 12 20 21
2 1 8 7 8 7 8 7 6 6 0 6 7 7 8 12 21 19 9 8 8 7 8 7 7 7 6 8 8 8 8 11 20 19
2 1 8 7 8 7 7 7 6 6 0 5 7 7 8 12 20 18 9 8 8 7 8 7 7 7 6 8 8 8 7 11 19 19
2 1 8 7 8 7 8 7 6 7 0 6 7 7 8 12 20 18 10 8 8 8 8 8 7 7 6 8 9 8 8 11 19 19
2 1 8 7 8 7 8 7 6 6 0 6 7 7 9 12 20 18 9 8 8 8 8 7 7 7 6 8 9 8 8 12 19 19
2 1 8 7 8 7 8 7 6 7 0 6 7 7 9 13 20 19 10 8 8 8 8 8 7 7 6 8 9 9 8 12 20 19
2 1 8 7 8 7 8 7 6 6 0 6 7 7 9 12 20 18 10 8 8 7 8 7 7 7 6 8 9 8 8 12 20 19
2 1 8 7 9 7 8 7 6 7 0 6 7 7 9 12 20 19 10 8 8 8 8 8 8 7 7 8 9 8 8 12 19 19
2 1 9 8 9 8 9 8 7 7 0 7 8 8 10 13 21 19 10 9 9 8 9 8 8 8 7 9 9 9 9 13 20 20
2 1 9 8 9 8 8 7 7 7 0 6 8 8 9 13 20 19 10 9 9 8 9 8 8 7 7 8 9 9 9 13 20 20
2 1 9 7 9 8 8 7 6 7 0 6 7 7 9 13 21 19 10 9 8 8 8 8 8 7 6 8 9 9 8 13 21 20
2 1 9 8 9 8 8 7 6 7 0 6 7 7 9 12 20 19 10 9 8 8 8 8 8 7 6 8 9 8 8 12 21 23
2 1 10 8 10 9 9 8 7 8 0 7 8 8 10 13 21 20 11 10 9 9 10 9 9 8 8 9 10 10 9 13 21 21
2 1 9 8 9 8 8 7 7 7 0 6 7 7 9 13 21 20 11 9 9 8 9 8 8 7 7 8 9 9 8 13 20 21
2 1 9 8 9 8 8 7 6 7 0 6 7 7 9 12 21 20 11 9 9 8 9 8 8 7 7 8 9 9 8 13 21 24
2 1 10 8 9 8 8 7 6 7 0 6 7 7 9 13 21 20 11 9 9 8 9 8 8 7 7 8 9 8 8 13 22 21
2 1 9 8 9 8 8 7 6 7 0 6 7 7 9 13 21 20 11 9 9 8 9 8 8 7 7 8 9 9 8 13 23 23
2 1 9 8 9 8 8 7 6 7 0 6 7 7 9 13 21 20 10 9 8 8 8 8 8 7 6 8 9 8 8 13 22 21
2 1 9 8 9 8 8 7 6 7 0 6 7 7 9 13 21 20 11 9 8 8 8 8 8 7 6 8 8 8 8 13 21 21
2 1 9 8 9 7 8 7 6 6 0 6 7 7 9 12 20 19 11 9 8 8 8 7 7 7 6 8 8 8 8 12 21 20
2 1 9 7 8 7 7 7 6 6 0 5 6 6 8 12 20 19 11 8 8 7 8 7 7 7 6 7 8 8 8 12 21 21
2 1 9 7 8 7 7 7 6 6 0 6 7 7 8 11 20 18 11 8 8 8 8 7 7 7 6 8 8 8 8 12 20 21
2 1 9 7 8 7 7 6 6 6 0 5 6 6 8 11 18 17 10 8 8 7 8 7 7 6 6 7 8 7 7 12 19 20
2 1 9 7 8 7 8 7 6 6 0 5 6 6 8 11 18 17 10 8 8 8 8 7 7 7 6 7 8 7 8 12 18 19
2 1 9 7 8 7 7 7 6 6 0 5 7 7 8 12 19 18 10 8 8 7 8 7 7 7 6 7 8 8 8 12 18 20
2 1 8 7 8 7 7 6 6 6 0 5 6 6 8 11 18 16 10 8 8 7 7 7 7 6 6 7 8 8 7 11 18 20
2 1 8 7 8 7 7 7 6 6 0 5 6 6 8 11 17 15 10 8 8 7 8 7 7 6 6 7 8 7 7 12 18 21
2 1 8 7 8 7 7 7 6 6 0 6 7 6 8 11 17 15 10 8 8 7 8 7 7 7 6 7 8 7 7 12 18 20
2 1 8 7 8 7 7 6 6 6 0 5 6 6 8 11 16 15 9 8 7 7 7 7 7 6 6 7 7 7 7 11 17 21
2 1 8 7 8 7 7 6 6 6 0 5 6 6 8 11 18 16 9 8 8 7 8 7 7 6 6 7 8 7 7 11 17 19
2 1 8 7 8 7 7 6 6 6 0 5 6 6 8 11 16 15 9 8 8 7 7 7 7 6 6 7 8 7 7 11 17 19
2 1 8 7 8 7 7 7 6 6 0 5 6 6 8 10 16 15 9 8 8 7 8 7 7 7 6 7 8 7 7 11 17 20
2 1 7 6 7 6 6 6 5 5 0 5 5 5 7 10 16 15 9 7 7 6 7 6 6 6 5 6 7 6 6 10 16 18
2 1 8 6 7 6 6 6 5 5 0 5 5 5 7 10 16 15 9 7 7 6 7 6 6 6 5 6 7 6 6 10 16 18
2 1 8 6 7 6 6 6 5 6 0 5 6 6 7 10 17 15 9 7 7 7 7 6 6 6 5 6 7 7 7 11 17 18
2 1 7 6 7 6 7 6 5 6 0 5 6 6 7 10 15 15 9 7 7 7 7 6 6 6 5 7 7 7 7 11 16 18
2 1 6 5 6 5 6 5 4 5 0 4 5 5 6 9 15 14 8 6 6 6 6 5 5 5 5 6 6 6 6 10 15 16
2 1 6 5 6 5 6 5 4 5 0 4 5 5 6 9 15 14 8 6 6 6 6 5 5 5 5 6 7 6 6 10 15 16
2 1 7 6 6 5 6 5 5 5 0 4 5 5 6 9 15 15 9 6 6 6 6 5 5 5 5 6 6 6 6 9 15 16
2 1 7 5 6 5 6 5 4 5 0 4 5 5 6 9 15 14 8 6 6 6 6 5 5 5 5 6 6 6 6 9 16 19
2 1 6 6 7 6 6 6 5 6 0 5 6 6 7 9 14 15 8 7 7 7 7 6 6 6 6 7 8 8 7 10 15 17
2 1 6 5 5 4 5 4 4 4 0 4 4 4 6 9 14 14 7 5 5 5 5 5 5 4 4 5 5 5 6 9 14 15
2 1 6 5 6 5 5 5 4 5 0 4 5 5 8 10 19 16 7 6 5 5 5 5 5 5 4 6 6 6 6 10 20 19
2 1 6 5 6 5 6 5 5 5 0 4 6 6 7 10 15 14 7 6 6 6 6 6 6 5 5 6 7 7 6 9 14 15
2 1 6 5 6 5 6 5 4 5 0 4 5 5 7 9 14 14 7 6 6 6 6 5 5 5 5 6 6 6 6 9 14 15
2 1 6 5 6 5 5 5 4 5 0 4 5 5 6 9 14 13 7 6 6 5 6 5 5 5 4 6 6 6 6 9 13 14
2 1 6 5 6 5 6 5 5 5 0 4 5 5 7 9 15 14 7 6 6 6 6 5 5 5 5 6 6 6 6 9 14 15
2 1 6 5 6 5 6 5 5 5 0 5 5 5 7 9 15 14 7 6 6 6 6 5 6 5 5 6 7 6 6 9 14 14
2 1 6 5 6 5 6 5 5 5 0 5 6 6 7 9 15 14 7 6 6 6 6 6 6 5 5 6 7 7 6 9 14 16
2 1 6 5 6 5 6 5 4 5 0 4 6 6 7 9 15 15 7 6 6 6 6 6 6 5 5 6 7 7 6 9 13 14
2 1 6 5 6 5 6 5 5 5 0 4 5 5 7 10 15 15 7 6 6 6 6 5 6 5 5 6 7 7 6 10 13 14
2 1 6 5 6 5 6 5 5 5 0 4 5 5 6 9 15 15 8 6 6 6 6 5 5 5 5 6 6 6 6 9 13 14
2 1 6 5 6 5 6 5 4 5 0 4 5 5 6 8 15 14 7 6 6 6 6 5 5 5 5 6 6 6 6 8 14 15
2 1 7 5 6 5 6 5 4 5 0 4 5 5 6 9 15 15 8 6 6 6 6 5 5 5 5 6 6 6 6 8 13 13
2 1 6 5 6 5 6 5 4 5 0 4 5 5 6 8 15 15 7 6 6 6 6 5 5 5 5 6 6 6 6 9 14 14
2 1 6 5 6 6 6 5 5 5 0 5 5 5 7 9 15 15 7 6 6 6 6 6 6 5 5 6 7 6 6 9 13 14
2 1 6 5 6 5 6 5 5 5 0 5 5 5 6 8 15 15 7 6 6 6 6 5 5 5 5 6 6 6 6 8 13 13
2 1 6 5 6 5 6 5 4 5 0 4 5 5 6 8 15 15 7 6 6 6 6 5 5 5 5 6 6 6 5 8 13 14
2 1 6 5 6 5 6 5 4 5 0 4 5 5 6 8 14 14 7 6 6 6 6 5 5 5 5 6 6 6 5 8 13 14
2 1 6 5 6 5 6 5 4 5 0 4 5 5 6 8 14 15 7 6 6 6 6 5 5 5 5 6 6 6 5 8 13 17
2 1 6 5 6 5 6 5 4 5 0 4 5 5 6 8 14 14 7 6 6 5 6 5 5 5 4 6 6 6 5 8 13 14
2 1 6 5 6 6 6 5 5 5 0 4 5 5 6 9 15 15 7 6 6 6 6 6 6 5 5 6 7 6 6 8 14 15
2 1 6 6 7 6 6 6 5 5 0 5 6 6 7 10 15 15 8 7 7 7 7 6 6 6 5 7 7 7 6 9 14 15
2 1 6 5 7 6 6 5 5 5 0 4 5 5 6 9 15 15 7 6 6 6 6 6 6 5 5 6 7 6 6 9 14 14
2 1 6 6 7 6 6 5 5 5 0 5 6 6 7 9 15 15 7 6 6 6 6 6 6 6 5 6 7 7 7 9 14 14
2 1 6 5 6 6 6 5 5 5 0 4 5 5 7 9 14 14 7 6 6 6 6 6 6 5 5 6 7 6 6 8 13 15
2 1 6 6 7 6 6 5 5 5 0 5 6 6 7 9 14 16 8 6 6 6 6 6 6 5 5 6 7 7 6 8 13 14
2 1 6 6 7 6 6 6 5 5 0 5 6 6 7 9 14 14 7 7 7 6 7 6 6 6 5 7 7 7 6 9 13 14
2 1 6 5 6 6 6 5 5 5 0 4 5 5 6 8 14 13 7 6 6 6 6 6 6 5 5 6 6 6 6 8 14 14
2 1 6 5 7 6 6 5 5 5 0 4 5 5 6 8 15 14 7 6 6 6 6 6 6 5 5 6 6 6 6 9 13 14
2 1 8 7 8 7 7 7 6 7 0 6 7 7 8 11 17 15 8 8 8 8 8 7 7 7 6 8 8 8 7 10 17 19
2 1 7 6 7 6 6 6 5 5 0 5 6 5 7 10 14 13 8 7 7 7 7 6 6 6 5 7 7 7 6 9 13 15
2 1 6 5 7 6 6 5 5 5 0 4 5 5 6 8 14 13 8 7 6 6 6 6 6 5 5 6 7 6 6 9 12 14
2 1 6 5 6 5 6 5 4 5 0 4 5 5 6 9 14 14 8 6 6 6 6 5 5 5 4 6 6 6 6 9 12 14
2 1 6 5 6 5 6 5 4 5 0 4 5 5 6 9 15 14 8 6 6 6 6 5 5 5 5 6 6 6 6 9 13 14
2 1 6 5 6 6 6 5 4 5 0 4 5 5 6 9 14 13 8 7 6 6 6 6 6 5 5 6 6 6 6 10 13 15
2 1 7 6 7 6 6 5 5 5 0 4 5 5 6 9 14 14 8 7 6 6 6 6 6 5 5 6 7 6 6 9 13 14
2 1 7 6 8 7 7 6 5 6 0 5 6 6 7 9 15 16 9 8 7 7 8 7 7 6 6 7 8 7 6 10 13 16
2 1 7 5 6 5 6 5 4 5 0 4 5 5 6 9 15 14 9 6 6 6 6 5 5 5 5 6 6 6 6 9 13 16
2 1 8 7 7 6 7 6 5 6 0 5 6 6 8 10 17 16 10 8 7 7 7 7 6 6 5 7 7 7 7 11 15 19
2 1 7 6 7 6 6 5 5 5 0 5 5 5 6 9 15 14 9 7 7 6 6 6 6 5 5 6 7 6 6 9 13 17
2 1 7 6 7 6 7 6 5 5 0 5 6 6 6 9 15 18 10 7 7 6 7 6 6 6 5 7 7 7 6 9 13 16
2 1 7 6 7 6 6 6 5 6 0 5 6 6 7 10 15 16 10 7 7 6 7 6 6 6 5 7 8 7 7 10 15 18
2 1 7 6 8 7 7 7 6 6 0 6 7 7 7 10 15 15 9 8 8 7 8 7 7 7 6 8 9 9 7 10 14 17
2 1 9 8 10 9 9 8 7 7 0 7 8 8 9 11 17 17 12 10 10 9 10 9 9 8 8 10 10 10 8 11 17 20
2 1 9 8 9 8 8 7 6 7 0 7 8 8 8 11 17 17 11 9 9 8 9 8 8 8 7 9 10 9 8 11 18 20
2 1 9 7 8 7 8 7 6 6 0 6 7 7 8 11 17 18 11 9 8 8 8 7 7 7 6 8 8 8 8 11 17 20
2 1 9 7 8 7 8 7 6 6 0 6 7 7 8 11 18 18 11 9 8 8 8 7 7 7 6 8 8 8 8 12 18 21
2 1 9 8 9 8 8 7 6 7 0 6 7 7 8 11 19 20 11 10 9 8 9 8 8 7 7 8 9 9 8 12 19 20
2 1 10 8 10 8 9 8 7 7 0 7 8 8 9 12 20 20 12 10 10 9 10 9 9 8 7 9 10 9 9 12 20 20
2 1 9 8 9 8 8 7 6 7 0 6 8 8 9 12 19 20 11 9 9 9 9 8 8 8 7 9 9 9 8 12 20 21
2 1 9 8 9 8 8 7 6 7 0 6 7 7 9 12 21 21 12 9 9 8 9 8 8 7 7 9 9 9 8 12 20 21
2 1 9 8 9 8 8 7 6 7 0 6 7 7 9 12 20 19 12 9 9 8 9 8 8 7 7 8 9 9 8 12 20 21
2 1 10 8 9 8 9 8 7 7 0 6 8 7 9 12 21 21 12 10 9 9 9 8 8 8 7 9 9 9 8 13 20 21
2 1 10 9 10 9 9 8 7 8 0 7 8 8 9 13 21 20 12 10 10 9 10 9 9 8 7 9 10 9 9 13 21 21
2 1 11 10 11 9 10 9 8 8 0 7 9 8 10 14 21 21 13 12 11 10 11 10 9 9 8 10 11 10 10 14 21 22
2 1 11 9 10 9 9 8 7 8 0 7 8 8 9 13 21 21 13 11 10 9 10 9 9 8 8 9 10 10 9 13 21 21
2 1 11 9 11 9 10 8 7 8 0 7 8 8 9 13 21 21 13 11 10 10 10 9 9 9 8 9 10 10 9 14 21 22
2 1 11 9 11 9 10 8 7 8 0 7 8 8 10 14 24 23 13 11 10 10 10 9 9 9 8 10 10 10 9 14 22 25
2 1 10 9 10 9 10 8 7 8 0 7 8 8 9 13 21 21 12 11 10 10 10 9 9 8 8 10 10 10 9 13 21 23
2 1 10 9 10 9 9 8 7 8 0 7 8 8 9 13 21 22 12 11 10 9 10 9 9 8 8 9 10 10 9 13 21 22
2 1 11 9 10 9 9 8 7 8 0 7 8 8 10 13 22 21 13 11 10 9 10 9 9 8 7 9 10 9 9 14 21 23
2 1 11 9 10 9 10 8 7 8 0 7 8 8 9 13 21 21 13 11 10 10 10 9 9 8 8 10 10 10 9 13 21 23
2 1 11 9 10 9 10 8 7 8 0 7 8 8 9 13 21 21 13 11 10 10 10 9 9 8 8 9 10 10 9 13 22 23
2 1 10 9 10 9 9 8 7 8 0 7 8 8 9 13 21 21 12 11 10 9 10 9 9 8 8 9 10 9 9 13 21 22
2 1 11 9 10 9 10 8 7 8 0 7 8 8 10 13 22 21 13 11 10 10 10 9 9 8 8 10 10 10 9 14 21 22
2 1 10 9 10 9 9 8 7 8 0 7 8 8 10 14 21 21 12 11 10 9 10 9 9 8 7 9 10 10 9 14 22 23
2 1 11 10 11 9 10 9 8 8 0 7 8 8 10 14 22 22 12 11 10 10 10 9 9 9 8 10 10 10 9 14 22 22
2 1 12 10 11 10 10 9 8 9 0 7 8 8 10 14 21 21 15 12 11 10 11 10 9 9 8 10 10 10 9 14 22 24
2 1 11 10 12 10 11 9 8 9 0 7 9 9 10 14 22 24 13 12 11 10 11 10 10 9 8 10 11 11 10 15 23 25
2 1 11 9 11 9 10 9 8 8 0 7 9 8 10 13 22 21 13 11 11 10 10 9 9 9 8 10 10 10 9 14 22 24
2 1 11 10 11 9 10 9 8 8 0 8 9 9 10 14 23 22 13 11 11 10 11 10 9 9 8 10 11 10 9 14 24 24
2 1 11 10 11 9 10 9 8 8 0 7 9 9 10 13 21 21 14 12 11 10 11 10 9 9 8 10 11 10 9 14 21 23
2 1 12 10 12 10 10 9 8 9 0 7 8 8 10 14 21 20 14 12 11 10 11 10 9 9 8 10 10 10 9 14 21 23
2 1 12 11 12 10 11 10 9 9 0 8 9 9 11 14 22 21 14 12 12 11 12 10 10 10 9 11 11 11 10 15 22 23
2 1 13 12 14 12 13 11 10 10 0 9 11 10 12 17 24 22 16 14 13 12 13 12 12 11 10 12 13 13 12 17 22 23
2 1 11 9 11 9 10 9 8 8 0 7 8 8 10 14 23 21 13 11 10 10 10 9 9 9 8 10 10 10 10 15 21 23
2 1 11 10 11 9 10 9 8 9 0 7 9 9 10 14 21 20 13 11 11 10 10 9 9 9 8 10 11 10 10 15 21 22
2 1 11 10 11 10 10 9 8 9 0 7 9 9 11 14 23 21 13 11 11 10 11 10 10 9 8 10 11 10 10 15 21 23
2 1 11 10 11 9 10 9 8 9 0 7 8 8 10 14 21 20 13 11 11 10 11 10 9 9 8 10 10 10 10 15 20 22
2 1 11 10 11 10 10 9 8 9 0 7 9 8 10 14 22 21 13 11 11 10 11 10 10 9 8 10 11 10 10 15 21 23
2 1 11 10 11 9 10 9 8 8 0 7 9 8 10 13 21 22 13 11 11 10 10 9 9 9 8 10 11 10 10 14 20 23
2 1 11 10 11 9 10 9 8 8 0 7 9 9 10 13 20 20 13 11 11 10 10 9 9 9 8 10 11 10 10 14 20 22
2 1 11 9 11 9 10 9 8 8 0 7 9 8 10 13 20 20 13 11 10 10 10 9 9 9 8 10 10 10 9 14 20 22
2 1 12 11 12 11 11 10 9 9 0 8 10 10 11 15 22 22 13 12 12 11 12 11 11 10 9 11 12 11 11 15 22 24
2 1 12 10 12 10 11 9 8 9 0 8 9 9 11 15 24 23 13 12 11 11 11 10 10 9 8 10 11 11 10 16 24 25
2 1 12 10 12 10 11 10 9 9 0 8 9 9 11 15 24 23 14 12 12 11 11 10 10 10 9 11 11 11 11 16 24 25
2 1 12 11 13 11 12 10 9 10 0 8 10 10 12 17 25 24 13 13 12 12 12 11 11 10 9 11 12 12 11 17 24 24
2 1 13 11 13 11 12 10 9 10 0 8 10 10 12 17 24 24 14 13 12 11 12 11 11 10 9 12 12 12 11 17 24 24
2 1 12 11 12 11 11 10 9 9 0 8 10 10 12 16 23 23 13 12 12 11 12 11 11 10 9 11 12 11 11 16 23 23
2 1 12 11 12 11 11 10 9 9 0 8 10 10 12 16 24 24 13 12 12 11 12 11 11 10 9 11 12 12 11 17 23 23
2 1 12 11 12 11 11 10 9 10 0 8 10 10 12 16 24 24 13 12 12 11 12 11 11 10 9 11 12 12 11 17 24 24
2 1 12 11 13 11 12 10 9 10 0 8 10 10 12 16 24 25 13 12 12 11 12 11 11 10 9 11 12 12 11 17 24 24
2 1 13 12 13 11 12 11 9 10 0 9 11 11 13 17 24 25 15 13 13 12 13 12 11 11 10 12 13 13 12 18 24 24
2 1 13 11 13 11 12 11 9 10 0 9 11 11 12 16 24 25 14 13 12 12 12 11 11 11 10 12 13 12 12 17 24 23
2 1 14 12 13 12 12 11 10 10 0 9 11 11 13 19 28 26 15 14 13 12 13 12 12 11 10 12 13 13 12 18 26 26
2 1 14 12 14 12 13 11 10 10 0 9 11 10 13 17 26 26 15 14 13 12 13 12 12 11 10 12 13 12 12 17 25 23
2 1 12 11 12 11 11 10 9 9 0 8 10 10 12 16 24 24 13 12 12 11 12 11 11 10 9 11 12 12 11 17 23 22
2 1 12 11 13 11 12 11 9 10 0 9 10 10 13 18 26 26 14 13 13 12 12 11 11 11 10 12 13 13 12 18 25 24
2 1 12 11 13 11 12 11 10 10 0 9 10 10 12 17 25 25 13 13 13 12 13 11 11 11 10 12 13 12 11 17 24 23
2 1 12 11 14 12 13 11 10 10 0 9 11 11 13 18 26 26 14 13 13 12 13 12 12 11 10 13 13 13 12 18 24 24
2 1 13 13 15 13 14 12 11 11 0 10 12 12 14 19 26 26 15 15 14 14 14 13 13 12 11 14 15 14 13 19 24 23
2 1 11 10 12 10 11 9 8 9 0 8 9 9 12 16 25 25 13 11 11 10 11 10 10 10 9 11 11 11 11 16 23 22
2 1 11 10 12 10 11 9 8 9 0 8 9 9 11 16 24 25 13 11 11 10 11 10 10 10 8 11 11 11 10 16 23 22
2 1 11 10 11 10 11 9 8 9 0 8 10 10 12 17 25 25 13 11 11 10 11 10 10 10 9 11 12 11 11 17 23 22
2 1 11 10 12 10 11 10 9 9 0 8 10 10 12 17 25 25 14 12 11 11 11 11 10 10 9 11 12 12 11 17 23 23
2 1 11 10 12 10 11 10 9 9 0 8 10 10 12 17 25 26 14 12 11 11 11 10 10 10 9 11 12 11 11 17 23 23
2 1 11 10 12 10 11 10 8 9 0 8 10 9 12 17 27 27 14 12 11 11 11 10 10 10 9 11 12 11 11 17 24 24
2 1 11 10 12 10 11 9 8 9 0 8 9 9 12 17 26 26 13 12 11 11 11 10 10 10 9 11 11 11 11 17 24 23
2 1 12 10 12 10 11 10 8 9 0 8 9 9 12 17 26 26 13 12 11 11 11 10 10 10 9 11 11 11 11 17 23 23
2 1 11 10 11 10 10 9 8 9 0 7 9 9 11 16 25 26 13 11 11 10 11 10 10 9 8 10 11 11 10 16 23 23
2 1 11 10 11 10 10 9 8 9 0 8 9 9 11 17 26 27 13 11 11 10 11 10 10 9 8 11 11 11 11 16 24 25
2 1 11 10 12 10 11 10 9 9 0 8 10 10 12 16 26 27 13 12 12 11 12 11 11 10 9 11 12 12 11 16 23 23
2 1 10 9 10 9 9 8 7 8 0 7 8 8 10 15 23 23 12 10 10 9 10 9 9 8 8 10 10 10 10 15 20 21
2 1 11 10 11 10 11 10 8 9 0 8 10 10 12 17 25 25 13 11 11 10 11 10 10 10 9 11 12 12 11 16 22 22
2 1 9 8 10 9 9 8 7 8 0 7 8 8 10 14 23 24 12 10 9 9 10 9 9 8 7 9 10 9 9 14 21 21
2 1 10 8 10 8 9 8 7 8 0 7 8 8 10 14 23 24 12 10 9 9 9 9 9 8 7 9 10 9 9 14 21 22
2 1 10 9 10 9 9 8 7 8 0 7 8 8 10 15 24 24 12 10 10 9 10 9 9 8 8 9 10 10 9 14 22 23
2 1 10 9 10 9 9 8 7 8 0 7 8 8 10 14 24 27 13 10 10 9 10 9 9 8 8 10 10 10 9 14 22 22
2 1 10 9 10 9 10 9 7 8 0 7 8 8 10 15 23 23 13 11 10 10 10 9 9 9 8 10 10 10 10 15 21 23
2 1 11 9 11 9 10 9 8 8 0 7 9 8 10 14 24 23 14 11 11 10 10 9 9 9 8 10 10 10 9 14 21 25
2 1 10 9 10 9 10 9 8 8 0 7 9 9 10 14 23 24 14 11 10 10 10 9 9 9 8 10 11 10 9 13 21 24
2 1 9 8 10 8 9 8 7 8 0 7 8 8 9 14 25 26 12 10 9 9 9 9 9 8 7 9 10 10 9 13 21 23
2 1 9 8 9 8 9 8 7 7 0 6 8 7 9 15 24 22 12 9 9 9 9 8 8 8 7 9 9 9 8 13 22 24
2 1 9 8 9 8 9 8 7 7 0 6 8 7 9 13 22 22 11 9 9 9 9 8 8 8 7 9 9 9 8 12 20 22
2 1 10 8 10 8 9 8 7 8 0 7 8 8 10 15 23 23 13 10 10 9 9 9 9 8 7 9 9 9 9 14 21 26
2 1 9 8 10 9 9 8 7 8 0 6 8 8 10 14 22 22 13 10 10 9 10 9 9 8 7 9 10 10 9 13 20 23
2 1 10 9 10 8 9 8 7 7 0 6 8 7 9 14 23 23 11 10 9 9 9 9 8 8 7 9 9 9 8 13 22 22
2 1 9 8 9 8 8 7 7 7 0 6 7 7 9 13 23 23 11 9 9 8 9 8 8 7 7 8 9 8 8 13 21 22
2 1 10 8 9 8 9 8 7 7 0 6 7 7 9 13 22 23 11 9 9 9 9 8 8 8 7 9 9 9 9 13 20 23
2 1 9 8 9 8 9 8 7 7 0 6 7 7 9 12 22 22 11 9 9 9 9 8 8 8 7 9 9 9 8 12 20 21
2 1 9 8 9 8 9 8 7 7 0 6 8 8 9 13 22 21 12 9 9 9 9 8 8 8 7 9 9 9 8 12 20 21
2 1 9 8 9 8 9 8 7 7 0 6 8 7 9 12 20 21 10 9 9 9 9 8 8 8 7 9 9 9 8 12 19 20
2 1 8 8 9 8 8 7 7 7 0 6 7 7 8 11 20 21 10 9 9 8 9 8 8 7 7 8 9 8 8 11 19 20
2 1 8 8 9 8 8 7 6 7 0 6 7 7 8 11 20 20 10 9 9 8 9 8 8 7 7 8 8 8 8 11 18 20
2 1 9 8 9 8 8 7 6 7 0 6 7 7 8 12 21 21 11 9 9 8 9 8 8 7 7 8 9 8 8 12 19 21
2 1 8 8 9 8 8 7 6 7 0 6 7 7 8 11 19 20 10 9 9 8 8 8 8 7 6 8 8 8 8 11 19 20
2 1 9 8 9 8 8 7 6 7 0 6 7 7 8 11 20 20 11 9 9 8 9 8 8 7 7 8 8 8 7 11 19 19
2 1 9 8 9 8 8 7 6 7 0 6 7 7 8 12 20 20 11 9 9 8 9 8 8 7 7 8 8 8 8 12 21 22
2 1 9 8 9 8 8 7 7 7 0 6 7 7 8 12 20 20 11 9 9 8 9 8 8 7 7 8 9 8 8 12 19 19
2 1 9 8 9 8 9 8 7 7 0 6 7 7 8 12 20 20 11 9 9 8 9 8 8 8 7 8 9 8 8 12 20 21
2 1 9 8 10 8 9 8 7 7 0 6 8 7 8 12 20 19 11 10 9 9 9 8 8 8 7 9 9 8 8 12 19 19
2 1 10 9 10 9 9 8 7 8 0 7 8 8 9 12 19 19 12 10 10 9 10 9 9 8 7 9 9 9 8 13 19 20
2 1 9 8 10 9 9 8 7 8 0 7 8 7 9 12 19 20 11 10 10 9 10 9 9 8 7 9 9 9 8 13 20 19
2 1 10 8 10 8 9 8 7 7 0 6 8 7 9 12 21 21 12 10 9 9 9 8 8 8 7 9 9 9 8 13 20 19
2 1 10 9 10 8 9 8 7 8 0 6 8 8 10 13 22 22 13 10 10 9 10 9 9 8 7 9 9 9 9 14 23 22
2 1 10 8 10 8 9 8 7 8 0 7 8 8 9 12 20 20 12 10 10 9 10 9 9 8 7 9 9 9 8 13 19 19
2 1 10 8 10 8 9 8 7 8 0 6 7 7 9 12 20 21 13 10 9 9 9 8 8 8 7 9 9 9 8 13 20 24
2 1 10 8 10 8 9 8 7 7 0 6 7 7 9 12 20 21 13 10 9 9 9 8 8 8 7 9 9 9 8 13 19 19
2 1 10 8 9 8 9 8 7 7 0 6 7 7 9 12 20 21 12 10 9 9 9 8 8 8 7 9 9 9 8 13 20 20
2 1 9 8 10 8 9 8 7 7 0 6 8 7 9 12 20 20 12 10 9 9 9 8 8 8 7 9 9 9 8 13 20 19
2 1 10 9 10 9 10 8 7 8 0 7 8 8 9 12 21 22 12 10 10 9 10 9 9 8 8 9 10 9 9 13 19 19
2 1 10 8 10 8 9 8 7 7 0 6 7 7 9 12 20 21 12 10 9 9 9 8 8 8 7 9 9 9 8 13 19 18
2 1 10 8 10 8 9 8 7 7 0 6 7 7 9 12 20 20 12 10 9 9 9 8 8 8 7 9 9 9 8 13 19 19
2 1 9 8 9 8 9 8 7 7 0 6 7 7 9 12 19 20 11 9 9 9 9 8 8 8 7 9 9 9 8 13 18 18
2 1 10 8 10 8 9 8 7 7 0 6 7 7 9 12 18 19 12 10 9 9 9 8 8 8 7 9 9 9 8 13 18 18
2 1 9 8 9 8 9 8 7 7 0 6 7 7 8 11 18 18 11 9 9 8 9 8 8 8 7 8 9 8 8 12 17 18
2 1 9 8 9 8 9 8 7 7 0 6 7 7 8 11 18 19 11 9 9 8 9 8 8 8 7 8 9 8 8 12 17 18
2 1 9 8 10 8 9 8 7 7 0 6 7 7 8 12 18 18 12 10 9 9 9 8 8 8 7 9 9 9 8 12 17 18
2 1 9 8 9 8 8 8 7 7 0 6 7 7 9 12 18 18 11 9 9 8 9 8 8 8 7 8 9 9 8 12 17 19
2 1 9 8 9 8 8 7 6 7 0 6 7 7 8 11 17 18 11 9 9 8 9 8 8 7 6 8 8 8 8 12 17 17
2 1 9 8 9 8 8 7 6 7 0 6 7 7 8 11 17 18 11 9 9 8 9 8 8 7 7 8 8 8 8 12 17 17
2 1 9 7 9 8 8 7 6 7 0 6 7 7 8 11 17 18 11 9 8 8 8 8 8 7 6 8 8 8 8 12 17 18
2 1 9 8 9 8 8 7 7 7 0 6 7 7 8 11 18 18 11 9 9 8 8 8 8 7 7 8 8 8 8 12 17 17
2 1 9 8 9 8 8 7 7 7 0 6 7 7 8 11 18 18 12 9 9 8 9 8 8 7 7 8 9 8 8 12 18 18
2 1 8 7 9 8 8 7 6 7 0 6 7 7 8 11 18 18 11 9 9 8 8 8 8 7 7 8 9 8 8 12 17 16
2 1 9 8 9 7 8 7 6 7 0 6 7 7 9 13 19 18 11 9 8 8 8 8 8 7 6 8 8 8 8 14 21 17
2 1 8 7 8 7 8 7 6 7 0 6 7 7 8 10 17 18 10 9 8 8 8 8 7 7 6 8 8 8 8 11 15 16
2 1 8 7 8 7 8 7 6 6 0 5 7 7 8 11 18 19 10 8 8 8 8 7 7 7 6 8 8 8 8 11 16 16
2 1 8 7 8 7 7 7 6 6 0 5 6 6 8 10 18 19 10 8 8 7 8 7 7 7 6 7 8 8 7 11 15 15
2 1 8 7 8 7 8 7 6 6 0 6 7 7 8 10 17 19 10 8 8 8 8 7 7 7 6 8 8 8 8 11 15 16
2 1 7 6 8 7 7 6 6 6 0 5 6 6 7 9 16 18 9 8 7 7 7 7 7 6 6 7 8 7 7 10 16 17
2 1 7 6 7 6 7 6 5 6 0 5 6 6 7 9 16 16 8 7 7 7 7 6 6 6 5 7 7 7 7 10 14 14
2 1 7 6 7 6 6 6 5 5 0 5 6 5 6 9 14 15 8 7 7 6 7 6 6 6 5 6 7 7 6 9 14 15
2 1 7 6 7 6 6 5 5 5 0 5 5 5 6 9 15 16 8 7 6 6 6 6 6 5 5 6 7 6 6 9 14 14
2 1 7 6 7 6 6 6 5 5 0 5 6 6 7 9 16 18 8 7 7 6 7 6 6 6 5 6 7 7 6 9 14 14
2 1 7 6 7 6 7 6 5 5 0 5 6 6 7 9 15 16 8 7 7 6 7 6 6 6 5 6 7 7 6 10 14 13
2 1 8 7 8 7 7 6 6 6 0 5 6 6 7 10 16 18 9 8 7 7 7 7 7 6 6 7 8 7 7 10 15 15
2 1 7 6 7 6 7 6 5 6 0 5 6 6 7 9 15 16 8 7 7 7 7 7 6 6 5 7 7 7 7 10 14 12
2 1 7 7 8 7 7 6 5 6 0 5 6 6 8 11 18 17 9 8 8 7 8 7 7 6 6 7 8 7 7 10 15 12
2 1 6 6 7 6 6 6 5 5 0 5 6 6 7 10 15 15 8 6 7 6 7 6 6 6 5 6 7 7 7 10 15 14
2 1 7 6 7 6 7 6 5 6 0 5 6 6 7 10 16 16 8 7 7 7 7 6 6 6 5 7 7 7 7 10 14 13
2 1 6 6 7 6 6 6 5 5 0 5 6 6 7 10 15 16 8 7 7 6 7 6 6 6 5 7 7 7 6 10 15 13
2 1 7 6 7 6 7 6 5 5 0 5 6 6 7 10 15 16 8 7 7 6 7 6 6 6 5 7 7 7 6 10 14 13
2 1 7 6 7 6 6 6 5 5 0 5 6 6 7 9 16 16 8 7 7 6 7 6 6 6 5 6 7 7 6 9 16 16
2 1 7 6 7 6 7 6 5 5 0 5 6 6 7 10 16 15 8 7 7 6 7 6 6 6 5 7 7 7 6 9 14 14
2 1 7 6 7 6 7 6 5 6 0 5 6 6 7 10 15 15 8 7 7 7 7 7 7 6 6 7 8 7 7 10 14 14
2 1 7 6 7 6 7 6 5 5 0 5 6 6 7 10 16 15 8 7 7 7 7 6 6 6 5 7 7 7 7 9 14 13
2 1 6 6 7 6 7 6 5 5 0 5 6 6 7 10 15 16 8 7 7 7 7 6 6 6 6 7 7 7 6 9 14 13
2 1 7 6 7 6 6 6 5 5 0 5 6 6 7 10 16 16 8 7 7 6 7 6 6 6 5 6 7 7 6 10 14 14
2 1 7 6 7 6 7 6 5 6 0 5 6 6 7 10 17 16 8 7 7 6 7 6 6 6 5 7 7 7 6 10 15 14
2 1 7 6 7 6 7 6 5 6 0 5 6 6 7 10 17 17 8 7 7 7 7 6 6 6 5 7 7 7 7 10 15 14
2 1 6 6 7 6 6 6 5 5 0 5 6 6 7 10 16 16 8 7 7 6 7 6 6 6 5 6 7 7 6 10 14 14
2 1 6 6 7 6 6 6 5 6 0 5 5 5 7 10 16 16 9 7 7 6 7 6 6 6 5 6 7 6 6 10 15 18
2 1 6 6 7 6 6 6 5 6 0 5 6 5 7 10 16 16 8 7 7 6 7 6 6 6 5 6 7 7 6 10 15 16
2 1 7 6 7 6 7 6 5 6 0 5 6 5 7 10 16 17 8 7 7 6 7 6 6 6 5 6 7 7 6 10 15 16
2 1 6 6 7 6 7 6 5 6 0 5 6 6 7 10 16 16 8 7 7 6 7 6 6 6 5 7 7 7 7 10 15 16
2 1 6 6 7 6 6 6 5 6 0 5 6 6 7 10 16 16 8 7 7 6 7 6 6 6 5 6 7 7 7 10 15 15
2 1 7 6 7 6 7 6 5 6 0 5 6 6 7 10 17 16 8 7 7 7 7 6 6 6 5 7 7 7 6 10 16 17
2 1 6 6 7 6 7 6 5 6 0 5 6 6 7 10 16 16 8 7 7 7 7 6 6 6 5 7 7 7 7 10 15 16
2 1 6 6 7 6 6 6 5 6 0 5 6 6 7 10 16 15 8 7 7 6 7 6 6 6 5 6 7 7 6 10 15 18
2 1 7 6 7 6 7 6 5 6 0 5 6 6 7 10 17 16 9 7 7 6 7 6 6 6 5 6 7 7 6 10 16 17
2 1 7 6 7 6 6 6 5 5 0 5 5 5 7 10 15 15 9 7 7 6 7 6 6 6 5 6 7 6 6 10 15 15
2 1 7 6 7 6 7 6 5 6 0 5 6 6 7 10 15 15 8 7 7 7 7 6 6 6 5 7 7 7 6 10 15 16
2 1 7 6 8 7 7 6 6 6 0 5 6 6 8 11 16 15 9 8 7 7 7 7 7 6 6 7 7 7 7 11 15 16
2 1 7 6 7 6 7 6 5 6 0 5 6 6 7 9 15 15 9 7 7 7 7 6 6 6 5 7 7 7 6 9 14 15
2 1 6 5 7 6 6 5 5 5 0 4 5 5 6 9 14 15 9 7 6 6 6 6 6 5 5 6 6 6 6 9 14 16
2 1 6 5 6 5 6 5 5 5 0 4 5 5 6 9 14 15 8 6 6 6 6 5 5 5 5 6 6 6 6 9 14 16
2 1 6 6 7 6 6 6 5 5 0 5 5 6 8 11 20 21 9 7 7 6 7 6 6 6 5 6 7 7 7 10 17 20
2 1 6 5 6 6 6 5 5 5 0 4 5 5 7 10 18 17 9 7 6 6 6 6 6 5 5 6 6 6 6 10 16 19
2 1 7 6 7 6 6 6 5 6 0 5 6 6 7 10 18 17 10 7 7 6 7 6 6 6 5 6 7 7 7 10 16 19
2 1 7 6 7 6 6 6 5 6 0 5 6 6 7 10 18 17 9 7 7 6 7 6 6 6 5 6 7 7 7 10 16 18
2 1 7 6 7 6 7 6 5 6 0 5 6 6 7 10 18 16 9 7 7 7 7 6 6 6 5 7 7 7 7 10 16 18
2 1 7 6 7 6 7 6 5 6 0 5 6 6 7 10 17 16 9 7 7 7 7 6 6 6 6 7 7 7 7 10 16 18
2 1 7 6 7 6 6 6 5 5 0 5 6 6 7 10 17 17 9 7 7 6 7 6 6 6 5 6 7 7 6 10 16 18
2 1 7 6 7 6 6 6 5 5 0 5 5 5 7 10 17 16 9 7 7 6 7 6 6 6 5 6 7 6 6 10 16 18
2 1 7 6 7 6 7 6 5 6 0 5 6 6 7 10 18 17 9 8 7 7 7 7 6 6 6 7 7 7 7 10 17 19
2 1 7 6 7 6 6 6 5 6 0 5 6 6 7 10 17 16 9 7 7 6 7 6 6 6 5 6 7 7 7 10 16 18
2 1 7 6 7 6 6 5 5 5 0 5 6 5 7 9 16 16 9 7 7 6 7 6 6 6 5 6 7 6 6 10 15 17
2 1 7 6 7 6 6 6 5 5 0 5 6 6 7 10 17 16 9 7 7 6 7 6 6 6 5 6 7 6 6 10 16 18
2 1 7 6 7 6 6 6 5 5 0 5 5 5 7 11 17 17 9 7 7 6 7 6 6 6 5 6 7 7 6 10 17 18
2 1 7 6 7 6 6 5 5 6 0 5 5 5 7 10 16 16 10 7 7 6 7 6 6 6 5 6 7 6 6 10 16 19
2 1 7 6 7 6 6 6 5 5 0 5 5 5 7 10 17 16 9 7 7 6 7 6 6 6 5 6 7 6 6 10 16 17
2 1 7 6 7 6 7 6 5 6 0 5 6 6 7 10 17 17 9 8 7 7 7 6 6 6 5 7 7 7 7 10 16 18
2 1 7 6 7 6 7 6 5 6 0 5 6 6 7 10 17 16 9 8 7 7 7 7 6 6 5 7 7 7 7 10 16 18
2 1 8 6 7 6 7 6 5 6 0 5 6 6 7 10 17 16 10 8 7 7 7 6 6 6 5 7 7 7 7 10 16 18
2 1 7 6 7 6 7 6 5 6 0 5 6 6 7 10 17 16 9 8 7 7 7 6 6 6 5 7 7 7 6 10 17 18
2 1 7 6 7 6 7 6 5 6 0 5 6 6 7 10 17 16 9 8 7 7 7 6 6 6 6 7 7 7 7 10 16 17
2 1 7 6 7 6 7 6 5 6 0 5 6 6 7 10 17 17 9 8 7 7 7 6 6 6 5 7 7 7 7 10 16 19
2 1 7 6 7 6 7 6 5 6 0 5 6 6 7 10 18 16 8 7 7 7 7 6 6 6 5 7 7 7 7 10 17 17
2 1 7 6 7 6 7 6 5 6 0 5 6 6 7 10 17 16 8 7 7 7 7 6 6 6 5 7 7 7 7 10 17 17
2 1 7 7 7 6 7 6 5 6 0 5 6 6 7 10 16 16 8 8 7 7 7 6 6 6 5 7 7 7 7 10 17 18
2 1 7 6 7 6 6 5 5 5 0 4 5 5 7 10 16 16 8 7 6 6 6 6 6 5 5 6 6 6 6 10 16 17
2 1 7 6 6 6 6 5 5 5 0 4 5 5 7 10 16 16 8 7 6 6 6 6 6 5 5 6 6 6 6 10 16 17
2 1 6 6 7 6 6 5 5 5 0 4 5 5 7 10 16 16 8 7 6 6 6 6 6 5 5 6 6 6 6 10 16 17
2 1 7 6 7 6 6 5 5 6 0 4 5 5 7 9 16 16 8 7 7 6 7 6 6 6 5 6 6 6 6 9 16 17
2 1 7 6 7 6 6 6 5 6 0 5 5 6 7 10 18 17 8 7 7 6 7 6 6 6 5 6 6 6 7 10 17 18
2 1 6 6 6 5 6 5 5 5 0 4 5 5 6 9 17 15 7 7 6 6 6 5 5 5 5 6 6 6 6 9 17 19
2 1 6 5 6 5 6 5 4 5 0 4 5 5 6 8 12 13 8 6 6 6 6 5 5 5 4 6 6 6 5 9 13 14
2 1 6 5 6 5 5 5 4 5 0 4 5 5 6 8 12 13 7 6 6 5 6 5 5 5 4 5 6 5 5 8 13 14
2 1 6 5 6 5 6 5 4 5 0 4 5 5 6 8 12 13 7 6 6 6 6 5 5 5 4 5 6 6 5 8 13 14
2 1 6 6 6 5 6 5 5 5 0 4 5 5 6 8 12 14 8 7 6 6 6 5 5 5 5 6 6 6 6 9 13 14
2 1 7 6 7 6 6 5 5 5 0 4 5 5 7 9 14 16 8 7 6 6 6 6 6 5 5 6 6 6 6 9 14 15
2 1 6 5 6 5 6 5 5 5 0 4 5 5 6 9 12 14 8 6 6 6 6 5 5 5 5 6 6 6 6 9 13 15
2 1 6 6 7 6 6 6 5 6 0 5 5 5 6 9 13 15 8 7 7 6 7 6 6 6 5 6 6 6 6 9 14 16
2 1 6 6 7 6 6 5 5 5 0 4 5 5 6 8 13 14 8 7 6 6 6 6 6 5 5 6 6 6 6 9 14 14
2 1 6 6 6 6 6 5 5 5 0 4 5 5 6 9 14 15 8 7 6 6 6 6 6 5 5 6 6 6 6 9 14 14
2 1 6 6 6 5 6 5 5 5 0 4 5 5 6 8 15 16 8 7 6 6 6 6 5 5 5 6 6 6 5 8 13 14
2 1 6 5 6 5 6 5 5 5 0 4 5 5 6 9 14 15 8 7 6 6 6 6 5 5 5 6 6 6 6 9 15 16
2 1 6 5 6 5 6 5 5 5 0 4 5 5 6 8 13 14 8 6 6 6 6 5 5 5 5 6 6 6 5 8 13 13
2 1 6 5 6 5 6 5 5 5 0 4 5 5 6 8 13 14 8 6 6 6 6 5 5 5 5 6 6 6 6 8 13 14
2 1 7 6 7 6 6 6 5 5 0 4 5 5 6 8 13 14 8 7 7 6 7 6 6 6 5 6 7 7 6 9 13 14
2 1 6 5 6 5 6 5 4 5 0 4 5 5 6 8 13 14 8 6 6 6 6 5 5 5 4 6 6 6 6 8 13 13
2 1 6 6 6 5 6 5 5 5 0 4 5 5 6 8 14 14 8 7 6 6 6 5 5 5 5 6 6 6 6 8 13 14
2 1 6 5 6 5 6 5 4 4 0 4 5 5 6 9 14 14 7 6 6 6 6 5 5 5 4 5 6 5 5 8 14 15
2 1 6 5 6 5 6 5 4 5 0 4 5 5 6 8 14 14 8 6 6 6 6 5 5 5 4 6 6 6 5 8 13 15
2 1 6 5 6 5 6 5 5 5 0 4 5 5 6 8 14 16 8 6 6 6 6 5 5 5 5 6 6 6 5 8 13 15
2 1 7 6 7 6 7 6 5 5 0 5 5 5 6 9 16 16 9 7 7 6 7 6 6 6 5 6 6 6 6 9 16 19
2 1 7 6 8 7 7 6 5 6 0 5 5 5 6 9 16 16 9 7 7 7 7 6 6 6 5 6 7 6 6 9 16 18
2 1 7 7 8 7 7 6 6 6 0 5 6 6 7 10 16 16 9 8 8 7 8 7 7 7 6 7 8 7 7 10 16 18
2 1 7 6 7 6 7 6 5 6 0 5 6 6 7 10 16 16 9 7 7 7 7 6 6 6 5 7 7 7 6 9 16 18
2 1 7 6 8 6 7 6 5 6 0 5 6 6 7 9 16 16 9 8 7 7 7 7 6 6 5 7 7 7 6 9 16 18
2 1 9 8 9 7 8 7 6 6 0 5 6 6 7 10 16 17 11 9 8 8 8 7 7 7 6 7 7 7 7 10 17 18
2 1 8 7 8 7 8 7 6 6 0 5 7 6 8 11 17 18 10 9 8 8 8 7 7 7 6 8 8 8 7 10 17 18
2 1 8 7 8 7 7 6 6 6 0 5 6 6 7 10 17 17 10 8 8 7 8 7 7 6 6 7 7 7 7 10 17 18
2 1 8 7 8 7 7 6 6 6 0 5 6 6 7 11 19 17 10 8 8 7 8 7 7 6 6 7 7 7 7 10 17 19
2 1 9 7 8 7 8 7 6 6 0 5 6 6 7 10 18 17 10 8 8 8 8 7 7 7 6 7 8 7 7 10 17 18
2 1 8 7 8 7 7 6 6 6 0 5 6 6 7 10 17 17 10 8 8 7 8 7 7 7 6 7 8 7 7 10 17 18
2 1 8 7 8 7 8 7 6 6 0 5 6 6 8 11 18 18 10 8 8 7 8 7 7 7 6 7 8 7 7 10 17 18
2 1 8 7 8 7 8 7 6 6 0 5 6 6 8 11 17 18 10 8 8 8 8 7 7 7 6 8 8 8 7 10 17 19
2 1 8 7 8 7 7 6 6 6 0 5 6 6 7 10 17 18 10 8 8 7 8 7 7 6 6 7 8 7 7 10 17 19
2 1 9 7 8 7 8 7 6 6 0 5 6 6 8 11 18 19 11 8 8 8 8 7 7 7 6 8 8 8 7 11 19 20
2 1 9 7 9 7 8 7 6 6 0 5 6 6 8 11 20 20 10 9 8 8 8 7 7 7 6 8 8 8 7 11 18 19
2 1 9 8 9 8 8 7 6 7 0 6 7 7 8 11 18 19 10 9 9 8 9 8 8 7 6 8 8 8 7 11 18 19
2 1 9 7 9 8 8 7 6 6 0 6 7 7 8 11 17 18 10 9 8 8 8 7 7 7 6 8 8 8 7 10 17 18
2 1 10 8 9 8 9 7 6 7 0 6 7 7 8 12 20 19 12 9 9 8 9 8 8 7 7 8 9 8 8 12 21 20
2 1 9 8 9 8 8 7 6 7 0 6 7 7 8 12 19 19 11 9 9 8 9 8 8 7 7 8 9 8 8 11 19 20
2 1 9 8 9 8 9 8 7 7 0 6 7 7 9 12 20 19 11 9 9 8 9 8 8 8 7 8 9 8 8 12 21 21
2 1 9 8 9 8 8 7 6 7 0 6 7 7 8 12 21 19 11 9 9 8 9 8 8 7 7 8 9 8 8 12 21 19
2 1 10 8 9 8 9 7 7 7 0 6 7 7 9 13 22 21 12 10 9 8 9 8 8 7 7 8 9 8 8 12 23 21
2 1 10 8 9 8 9 8 7 7 0 6 7 7 9 12 21 20 13 9 9 8 9 8 8 8 7 9 9 9 8 12 21 20
2 1 10 8 9 8 9 8 7 7 0 6 7 7 9 12 21 20 13 10 9 8 9 8 8 8 7 8 9 8 8 12 22 21
2 1 10 8 9 8 8 7 6 7 0 6 7 7 9 12 21 20 12 9 9 8 9 8 8 7 6 8 8 8 8 12 22 20
2 1 9 8 9 8 8 7 6 7 0 6 7 7 9 12 21 19 12 9 8 8 8 8 8 7 6 8 9 8 8 12 22 20
2 1 9 8 9 8 8 7 6 7 0 6 7 7 9 12 21 20 12 9 9 8 8 8 8 7 6 8 8 8 8 12 22 21
2 1 9 8 9 8 8 7 6 7 0 6 7 7 8 12 20 20 12 9 9 8 9 8 8 7 6 8 8 8 8 11 21 20
2 1 10 8 9 8 8 7 7 7 0 6 7 7 9 12 20 20 12 9 9 8 9 8 8 7 7 8 9 8 8 12 21 21
2 1 9 8 9 8 8 7 7 7 0 6 7 7 9 12 20 19 12 9 9 8 9 8 8 7 7 8 9 8 8 12 20 18
2 1 9 8 9 8 8 7 6 7 0 6 7 7 8 12 20 19 12 9 8 8 8 8 8 7 6 8 8 8 7 11 20 18
2 1 9 8 9 8 8 7 6 7 0 6 7 7 8 12 20 20 12 9 9 8 8 8 8 7 6 8 8 8 8 12 21 19
2 1 11 9 10 9 9 8 7 8 0 7 8 8 10 13 22 23 14 11 10 9 10 9 9 8 7 9 10 9 9 13 23 21
2 1 10 8 9 8 8 7 7 8 0 6 7 7 9 13 25 23 14 10 9 8 9 8 8 7 7 8 9 8 9 13 24 24
2 1 9 8 9 8 8 7 7 7 0 6 7 7 8 12 21 20 12 9 9 8 9 8 8 7 7 8 8 8 8 12 21 20
2 1 9 8 9 8 8 7 7 7 0 6 7 7 8 12 22 20 12 9 9 8 9 8 8 7 7 8 8 8 8 12 21 20
2 1 10 8 9 8 8 7 7 7 0 6 7 7 8 12 21 20 12 9 9 8 9 8 8 7 7 8 9 8 8 12 21 20
2 1 10 8 9 8 9 8 7 7 0 6 7 7 9 13 22 21 13 10 9 9 9 8 8 8 7 8 9 8 8 12 22 20
2 1 10 8 10 8 9 8 7 8 0 6 7 7 9 13 22 20 13 10 9 9 9 8 8 8 7 9 9 8 8 13 22 21
2 1 10 8 10 8 9 8 7 8 0 6 8 7 9 13 22 20 13 10 9 9 9 9 8 8 7 9 9 9 8 13 22 21
2 1 10 8 10 8 9 8 7 7 0 6 7 7 9 13 22 20 13 10 9 9 9 8 8 8 7 9 9 8 8 12 22 20
2 1 10 8 9 8 9 8 7 7 0 6 7 7 9 13 25 20 12 9 9 8 9 8 8 8 7 8 9 8 8 14 25 24
2 1 10 9 10 9 9 8 7 8 0 7 8 8 9 13 23 21 13 10 10 9 10 9 9 8 7 9 10 9 9 13 23 24
2 1 11 9 10 9 9 8 7 8 0 7 8 7 9 13 24 22 13 10 9 9 9 9 9 8 7 9 9 9 9 13 24 22
2 1 11 9 10 9 9 8 7 8 0 7 8 8 10 13 24 23 13 10 10 9 10 9 9 8 7 9 9 9 9 14 23 22
2 1 11 9 10 9 9 8 7 8 0 7 8 8 10 14 23 22 14 10 10 9 10 9 9 8 7 9 10 9 9 14 24 23
2 1 11 9 10 8 9 8 7 8 0 6 7 7 9 13 23 22 12 10 9 9 9 8 8 8 7 9 9 9 8 13 23 23
2 1 11 9 10 9 9 8 7 8 0 6 8 7 9 13 23 22 13 10 9 9 9 9 8 8 7 9 9 9 9 14 23 23
2 1 11 9 10 9 10 8 7 9 0 6 8 7 10 15 29 29 12 10 9 9 10 9 9 8 7 9 9 9 9 14 27 27
2 1 11 10 11 10 11 9 8 9 0 8 9 9 10 14 25 24 13 11 11 10 11 10 10 9 8 11 11 10 10 14 24 24
2 1 11 9 10 9 10 9 8 9 0 7 8 8 11 15 25 24 14 11 10 9 10 9 9 9 8 10 10 10 10 15 25 25
2 1 11 10 11 10 11 10 8 9 0 8 9 9 11 15 25 25 13 11 11 10 11 10 10 10 9 11 12 11 10 15 23 25
2 1 11 9 11 9 10 9 8 8 0 7 8 8 10 14 27 27 12 10 10 9 10 9 9 9 8 10 10 10 9 14 23 24
2 1 11 9 11 9 10 9 8 8 0 7 8 8 10 14 25 24 12 10 10 9 10 9 9 9 8 10 10 10 9 14 23 24
2 1 11 9 11 9 10 9 8 9 0 7 9 8 10 14 24 24 12 10 10 10 10 9 9 9 8 10 11 10 9 14 22 23
2 1 10 9 10 9 10 9 8 8 0 7 8 8 10 14 25 26 12 10 10 9 10 9 9 9 8 10 10 10 10 14 23 24
2 1 10 9 10 9 9 8 8 8 0 7 8 8 10 14 24 24 12 10 10 9 10 9 9 8 8 10 10 10 9 14 22 24
2 1 11 9 11 9 10 9 8 8 0 7 9 8 10 14 25 24 12 10 10 9 10 9 9 9 8 10 10 10 9 14 23 26
2 1 10 9 10 9 10 9 8 8 0 7 8 8 10 14 25 24 12 10 10 9 10 9 9 8 8 9 10 10 9 14 23 24
2 1 10 9 10 9 10 9 8 8 0 7 8 8 10 14 25 24 12 10 10 9 10 9 9 9 8 10 10 10 9 14 24 24
2 1 10 9 10 9 9 8 7 8 0 7 8 8 10 13 24 24 12 10 9 9 10 9 9 8 7 9 10 10 9 14 23 23
2 1 13 10 11 9 10 9 8 9 0 7 9 8 10 14 27 26 14 11 10 10 10 9 9 9 8 10 10 10 10 15 25 26
2 1 10 9 10 9 9 8 8 8 0 7 8 8 10 13 24 23 11 10 9 9 10 9 9 8 8 9 10 10 9 13 22 23
2 1 11 9 10 9 9 8 7 8 0 7 8 8 10 14 25 23 11 10 9 9 10 9 9 8 8 10 10 10 9 14 24 24
2 1 10 8 10 8 9 8 7 8 0 7 8 8 10 13 24 24 11 10 9 9 9 9 9 8 7 9 10 9 9 14 23 23
2 1 10 9 10 8 9 8 7 8 0 7 8 8 10 13 24 23 11 10 9 9 9 8 8 8 7 9 10 10 9 14 22 23
2 1 10 9 10 9 10 9 8 8 0 7 9 8 10 14 25 25 12 10 10 9 10 9 9 9 8 10 10 10 9 13 22 23
2 1 10 8 10 8 9 8 7 8 0 7 8 8 9 13 23 23 11 9 9 9 9 9 9 8 7 9 10 9 9 13 22 23
2 1 10 8 10 8 9 8 7 8 0 7 8 8 9 13 24 23 11 9 9 9 9 8 8 8 7 9 10 9 9 13 22 23
2 1 11 9 10 8 9 8 7 8 0 7 8 8 10 13 24 22 11 10 9 9 9 8 8 8 7 9 10 10 9 13 23 25
2 1 9 8 10 8 9 8 7 8 0 7 8 8 9 12 22 22 10 9 9 9 9 8 8 8 7 9 10 9 8 12 20 22
2 1 9 8 9 8 9 8 7 7 0 6 8 7 9 12 21 20 10 9 9 8 9 8 8 8 7 9 9 9 8 12 21 20
2 1 8 7 9 8 8 7 7 7 0 6 7 7 9 12 22 20 9 8 8 8 8 8 8 7 7 8 9 9 8 12 20 20
2 1 8 7 9 8 8 7 7 7 0 6 7 7 9 12 21 20 10 8 8 8 8 8 8 7 7 8 9 9 8 12 20 20
2 1 8 7 9 8 8 8 7 7 0 6 8 7 9 12 21 19 10 9 8 8 9 8 8 7 7 9 9 9 8 12 19 19
2 1 8 8 9 8 8 8 7 7 0 6 7 7 9 12 21 20 10 9 9 8 9 8 8 7 7 9 9 9 8 12 19 19
2 1 10 9 10 9 10 8 7 9 0 7 8 8 12 16 28 26 10 10 10 9 10 10 9 9 8 10 10 11 11 16 27 26
2 1 8 7 8 7 7 6 6 6 0 5 7 6 8 11 19 18 9 8 7 7 7 7 7 6 6 7 8 8 7 11 17 17
2 1 8 6 8 7 7 6 6 6 0 5 7 7 8 11 19 17 10 8 7 7 7 7 7 6 6 7 8 8 8 12 19 19
2 1 8 6 8 7 7 6 6 6 0 5 7 7 8 11 17 16 9 8 7 7 7 7 7 6 6 8 8 8 8 11 16 16
2 1 8 6 7 6 7 6 5 6 0 5 6 6 7 10 17 16 9 7 7 7 7 6 6 6 5 7 7 7 7 10 16 16
2 1 8 7 8 7 7 6 6 6 0 5 6 6 7 10 17 16 10 8 7 7 7 7 7 6 6 7 8 7 7 10 16 16
2 1 8 6 7 6 7 6 5 5 0 5 6 6 7 10 17 15 8 7 7 6 7 6 6 6 5 7 7 7 7 10 16 15
2 1 9 8 9 8 9 8 7 7 0 7 9 9 11 15 22 18 11 9 9 9 9 8 8 8 7 10 11 11 10 14 18 19
2 1 8 7 8 7 7 6 5 6 0 5 7 7 8 11 18 17 9 8 7 7 7 7 7 6 6 8 8 8 8 11 16 16
2 1 8 7 7 6 7 6 5 6 0 5 6 6 8 10 18 17 9 7 7 7 7 7 6 6 6 7 8 8 7 10 15 17
2 1 7 6 7 6 6 6 5 6 0 5 6 6 8 11 18 16 8 7 7 6 7 6 6 6 5 7 7 7 7 11 17 16
2 1 7 6 7 6 7 6 5 6 0 5 6 6 8 11 19 18 8 7 7 6 7 6 6 6 5 7 8 8 7 11 16 16
2 1 6 6 7 6 6 6 5 5 0 5 6 6 7 10 17 15 8 6 6 6 7 6 6 6 5 7 7 7 7 11 16 17
2 1 6 6 7 6 7 6 5 6 0 5 6 6 8 11 17 15 7 7 7 6 7 6 6 6 5 7 7 7 7 11 15 16
2 1 7 6 7 6 6 6 5 5 0 5 6 6 7 10 17 16 7 6 6 6 6 6 6 6 5 7 7 7 7 11 16 15
2 1 7 6 7 6 6 6 5 5 0 5 6 6 8 11 17 16 8 7 7 6 7 6 6 6 5 7 7 7 7 11 15 15
2 1 7 6 7 6 6 6 5 6 0 5 6 6 8 11 17 16 7 7 7 6 7 6 6 6 5 7 7 7 7 11 15 16
2 1 7 6 7 6 6 6 5 6 0 5 6 6 8 11 19 17 8 7 7 6 7 6 6 6 5 7 8 7 8 11 16 16
2 1 7 6 7 6 6 6 5 6 0 5 6 6 8 11 18 15 8 7 7 6 7 6 6 6 5 7 8 8 8 11 17 17
2 1 6 6 7 6 6 6 5 5 0 5 6 6 8 11 17 16 8 7 7 6 7 6 6 6 5 7 7 7 7 11 16 16
2 1 6 6 7 6 6 6 5 5 0 5 6 6 8 11 18 16 8 7 7 6 7 6 6 6 5 7 8 7 7 11 15 15
2 1 6 6 7 6 6 6 5 5 0 5 6 6 8 11 17 16 8 6 6 6 6 6 6 6 5 7 7 7 7 11 15 16
2 1 6 6 7 6 6 6 5 5 0 5 6 6 8 11 17 15 8 6 6 6 6 6 6 6 5 7 7 7 7 11 16 15
2 1 7 6 7 6 7 6 5 6 0 5 6 6 8 11 18 16 8 7 7 7 7 6 6 6 6 7 8 8 8 12 17 16
2 1 7 6 7 6 7 6 5 6 0 5 6 6 7 10 16 15 8 7 7 7 7 6 6 6 5 7 7 7 7 11 17 17
2 1 6 6 7 6 7 6 5 6 0 5 6 6 7 10 16 15 8 7 7 6 7 6 6 6 5 7 8 7 7 11 15 16
2 1 6 5 7 6 6 6 5 5 0 5 6 6 7 10 16 15 8 6 6 6 6 6 6 6 5 7 7 7 7 10 15 17
2 1 6 5 6 5 6 5 5 5 0 4 5 5 7 9 16 15 7 6 6 6 6 6 6 5 5 6 7 6 6 10 14 15
2 1 6 5 6 5 6 5 4 5 0 4 5 5 7 9 16 15 7 6 6 6 6 5 5 5 5 6 6 6 6 10 15 15
2 1 6 5 6 5 5 5 4 5 0 4 5 5 7 9 15 15 7 6 6 5 6 5 5 5 4 6 6 6 6 10 14 15
2 1 6 5 6 5 5 5 4 5 0 4 5 5 7 9 14 14 8 6 6 5 5 5 5 5 4 6 6 6 6 10 15 14
2 1 6 5 6 5 5 5 4 5 0 4 5 5 6 9 15 15 7 6 6 5 5 5 5 5 4 6 6 6 6 10 14 14
2 1 6 5 6 5 6 5 4 5 0 4 5 5 7 9 15 15 7 6 6 5 6 5 5 5 5 6 6 6 6 10 14 14
2 1 6 5 6 5 5 5 4 5 0 4 5 5 7 9 14 15 7 6 6 5 6 5 5 5 5 6 6 6 6 10 14 15
2 1 6 6 6 6 6 5 5 5 0 5 6 6 7 9 15 15 8 7 6 6 6 6 6 5 5 6 7 7 6 10 14 15
2 1 6 5 6 5 5 5 4 5 0 4 5 5 6 8 14 15 8 6 6 5 6 5 5 5 4 6 6 6 6 9 14 14
2 1 7 5 6 5 5 5 4 5 0 4 5 5 6 9 17 16 8 6 6 5 6 5 5 5 4 6 6 6 6 11 19 17
2 1 6 5 6 5 5 5 4 5 0 4 5 5 6 9 14 15 8 6 6 5 6 5 5 5 4 5 6 6 6 9 14 16
2 1 6 5 6 5 5 5 4 5 0 4 5 5 6 8 13 14 8 6 6 5 6 5 5 5 4 6 6 6 6 8 14 14
2 1 6 5 6 5 5 5 4 5 0 4 5 5 6 8 13 14 8 6 6 5 6 5 5 5 4 6 6 6 6 8 14 15
2 1 6 5 6 5 5 5 4 5 0 4 5 5 6 8 13 14 8 6 6 5 6 5 5 5 4 6 6 6 5 8 14 14
2 1 6 5 6 5 6 5 4 5 0 4 5 5 6 8 13 14 8 6 6 6 6 5 5 5 5 6 6 6 5 8 14 15
2 1 6 5 6 6 6 5 5 5 0 4 5 5 6 8 13 14 8 6 6 6 6 6 6 5 5 6 7 6 6 8 14 15
2 1 6 5 6 6 6 6 5 5 0 5 6 6 6 8 14 14 8 7 6 6 6 6 6 6 5 7 7 7 6 8 16 15
2 1 6 5 7 6 6 5 5 5 0 5 6 6 7 9 14 14 9 7 6 6 6 6 6 5 5 6 7 7 6 9 16 16
2 1 6 5 6 5 6 5 5 5 0 4 5 5 6 8 13 14 8 6 6 6 6 5 6 5 5 6 6 6 6 9 15 15
2 1 6 5 6 6 6 5 5 5 0 5 5 5 6 8 13 14 8 6 6 6 6 6 6 5 5 6 7 6 6 8 14 15
2 1 6 5 6 5 6 5 4 5 0 4 5 5 6 8 12 13 8 6 6 6 6 5 5 5 5 6 6 6 5 8 14 14
2 1 6 5 7 6 6 5 5 5 0 5 6 5 6 8 13 14 9 7 6 6 6 6 6 6 5 6 7 6 6 8 14 15
2 1 6 6 7 6 7 6 5 5 0 5 6 6 6 9 13 14 8 7 7 7 7 6 6 6 5 7 7 7 6 9 14 15
2 1 6 6 7 6 7 6 5 5 0 5 6 6 6 9 13 14 9 7 7 6 7 6 6 6 5 7 7 7 6 9 14 15
2 1 7 6 7 6 6 6 5 5 0 5 6 6 6 9 13 14 8 7 7 6 7 6 6 6 5 7 7 7 6 8 13 14
2 1 7 6 7 6 7 6 5 6 0 5 7 6 7 10 14 15 9 7 7 7 7 6 7 6 6 8 8 8 7 9 14 15
2 1 7 6 7 6 7 6 5 5 0 5 6 6 7 10 14 15 9 7 7 7 7 6 6 6 6 7 8 8 7 10 14 15
2 1 7 6 7 7 7 6 6 6 0 5 6 6 7 10 13 15 9 7 7 7 7 7 7 6 6 7 8 7 7 9 14 15
2 1 7 6 7 7 7 6 6 6 0 5 6 6 7 10 14 15 9 7 7 7 7 7 7 6 6 7 8 7 7 10 14 15
2 1 7 6 7 6 7 6 5 6 0 5 6 6 7 10 14 15 9 7 7 7 7 6 7 6 6 7 8 7 7 10 14 15
2 1 7 6 7 7 7 6 6 6 0 5 7 6 8 11 14 16 9 7 7 7 7 7 7 6 6 8 8 8 7 11 14 15
2 1 7 6 8 7 7 6 6 6 0 5 7 6 8 11 15 17 9 7 7 7 7 7 7 7 6 8 8 8 7 11 15 17
2 1 7 6 7 7 7 6 6 6 0 5 7 6 7 10 16 16 9 7 7 7 7 7 7 6 6 8 8 8 7 10 15 16
2 1 7 6 8 7 7 6 6 6 0 5 7 7 8 11 16 16 9 7 7 7 7 7 7 7 6 8 8 8 7 10 15 16
2 1 7 6 7 6 7 6 5 6 0 5 7 6 8 11 15 16 9 7 7 7 7 7 7 6 6 8 8 8 7 10 15 17
2 1 8 7 8 7 8 7 6 6 0 6 7 7 8 11 16 16 9 8 8 7 8 7 7 7 6 8 9 8 8 10 15 16
2 1 7 6 7 6 7 6 5 6 0 5 6 6 7 10 16 16 9 7 7 7 7 6 7 6 6 7 8 7 7 10 15 16
2 1 8 7 8 7 7 7 6 7 0 6 7 7 8 11 20 19 10 8 8 7 8 7 7 7 6 8 8 8 8 11 19 18
2 1 7 6 7 7 7 6 5 6 0 5 7 6 8 11 16 17 8 7 7 7 7 7 7 6 6 8 8 8 7 11 16 15
2 1 7 7 8 7 8 7 6 6 0 6 7 7 8 11 17 16 9 8 8 8 8 8 8 7 7 8 9 8 8 11 14 15
2 1 7 7 8 7 7 7 6 6 0 5 7 7 8 11 17 17 9 8 8 7 8 7 7 7 6 8 8 8 7 11 15 15
2 1 7 6 8 7 7 6 6 6 0 5 7 7 8 11 16 16 8 8 8 7 8 7 7 7 6 8 8 8 7 10 14 15
2 1 7 7 8 7 7 7 6 6 0 6 7 7 8 11 17 17 9 8 8 7 8 7 7 7 6 8 8 8 8 11 15 16
2 1 7 7 8 7 8 7 6 6 0 6 7 7 9 12 18 18 9 8 8 8 8 8 8 7 7 8 9 9 8 12 15 16
2 1 8 8 9 8 9 7 6 6 0 6 7 7 8 11 17 18 9 9 9 8 9 8 8 8 7 9 9 9 8 11 15 15
2 1 7 7 8 7 7 7 6 6 0 5 7 7 8 11 17 17 9 8 8 7 8 7 7 7 6 8 8 8 8 11 15 15
2 1 7 7 8 7 7 7 6 6 0 5 7 7 8 11 17 17 9 8 8 7 8 7 7 7 6 8 8 8 8 11 15 16
2 1 8 7 8 7 8 7 6 6 0 5 7 7 8 11 17 17 9 8 8 7 8 7 7 7 6 8 8 8 8 11 15 16
2 1 7 7 8 7 7 7 6 6 0 5 7 7 8 11 17 17 9 8 8 7 8 7 7 7 6 8 8 8 7 11 15 15
2 1 7 6 8 7 7 6 6 6 0 5 6 6 7 10 16 18 9 8 8 7 8 7 7 6 6 7 8 8 7 10 15 15
2 1 7 6 7 6 7 6 5 6 0 5 6 6 8 10 17 18 9 7 7 7 7 7 7 6 6 7 7 7 7 10 16 15
2 1 7 6 8 7 7 6 5 6 0 5 6 6 7 10 17 18 9 8 7 7 7 7 7 6 6 7 8 7 7 10 16 15
2 1 8 7 8 7 7 6 5 6 0 5 6 6 7 10 17 18 9 8 7 7 7 7 7 6 6 7 8 7 7 11 17 15
2 1 7 6 7 6 7 6 5 5 0 5 6 6 7 10 16 17 8 7 7 7 7 6 6 6 5 7 7 7 7 10 15 15
2 1 7 6 7 6 6 6 5 5 0 5 6 6 7 10 16 18 8 7 7 6 7 6 6 6 5 7 7 7 7 10 15 15
2 1 7 6 7 6 7 6 5 6 0 5 6 6 7 10 17 18 8 7 7 7 7 7 7 6 6 7 7 7 7 10 15 16
2 1 7 7 8 7 7 7 6 6 0 5 6 6 8 11 17 17 8 8 8 7 8 7 7 7 6 7 8 8 7 10 16 16
2 1 7 6 8 7 7 6 5 6 0 5 6 6 7 10 17 18 8 8 7 7 7 7 7 6 6 7 7 7 7 10 15 16
2 1 7 6 7 6 7 6 5 5 0 5 6 6 7 10 16 17 8 7 7 7 7 6 6 6 5 7 7 7 7 11 15 15
2 1 8 7 8 6 7 6 5 6 0 5 6 6 7 10 17 18 9 8 7 7 7 7 6 6 6 7 7 7 7 10 16 16
2 1 7 6 7 6 7 6 5 6 0 5 6 6 7 10 16 16 8 7 7 7 7 6 6 6 5 7 7 7 6 9 14 14
2 1 7 7 8 7 7 6 6 6 0 5 6 6 7 10 15 16 8 8 8 7 8 7 7 7 6 7 8 7 7 10 14 14
2 1 7 6 8 7 7 6 5 6 0 5 6 6 7 10 15 16 8 8 7 7 7 7 7 6 6 7 7 7 7 10 15 14
2 1 7 7 8 7 7 6 6 6 0 5 6 6 7 10 17 18 8 8 8 7 8 7 7 7 6 7 8 7 7 10 15 14
2 1 7 7 8 7 7 6 5 6 0 5 6 6 7 10 16 18 8 7 7 7 7 7 7 6 6 7 7 7 7 9 15 14
2 1 7 7 8 7 7 7 6 6 0 5 6 6 8 10 15 16 8 8 8 7 8 7 7 7 6 7 8 8 7 10 16 16
2 1 7 6 7 6 7 6 5 5 0 5 6 6 7 9 14 15 8 7 7 6 7 6 6 6 5 6 7 7 6 9 13 14
2 1 7 7 8 7 7 6 6 6 0 5 6 6 7 10 14 15 8 8 8 7 7 7 7 6 6 7 7 7 7 9 14 14
2 1 7 6 7 6 7 6 5 5 0 5 6 6 7 9 14 17 8 7 7 7 7 6 6 6 5 7 7 7 6 9 14 14
2 1 7 7 8 7 7 6 6 6 0 5 6 6 7 10 14 15 8 8 7 7 7 7 7 6 6 7 8 7 7 9 14 14
2 1 7 6 7 6 7 6 5 5 0 5 6 6 7 9 14 15 8 7 7 7 7 6 6 6 5 7 7 7 6 9 14 14
2 1 6 6 7 6 6 5 5 5 0 5 5 5 7 9 13 15 8 7 6 6 6 6 6 6 5 6 7 7 6 9 13 14
2 1 7 6 7 6 7 6 5 5 0 5 6 6 7 9 14 15 8 7 7 7 7 6 6 6 5 7 7 7 6 9 13 15
2 1 7 6 7 6 6 6 5 5 0 5 6 6 7 10 14 16 8 7 7 7 7 6 6 6 5 7 7 7 6 9 14 15
2 1 6 6 7 6 6 6 5 5 0 5 6 6 7 9 14 15 8 7 7 6 7 6 6 6 5 6 7 7 6 9 14 14
2 1 7 6 7 6 6 5 5 5 0 5 6 5 7 10 14 15 8 7 7 6 6 6 6 6 5 6 7 6 6 10 13 14
2 1 7 6 7 6 6 6 5 5 0 5 6 6 7 10 14 15 8 7 7 6 7 6 6 6 5 7 7 7 6 10 13 14
2 1 8 6 7 6 7 6 5 5 0 5 6 6 7 10 15 16 9 7 7 7 7 6 6 6 5 7 7 7 7 10 14 15
2 1 7 6 7 6 7 6 5 6 0 5 6 6 8 11 15 16 8 7 7 7 7 7 7 6 6 7 7 7 7 10 15 14
2 1 7 6 7 6 7 6 6 6 0 5 6 6 8 10 15 15 8 7 7 7 7 7 7 6 6 7 8 7 7 10 14 14
2 1 7 6 7 7 7 6 6 6 0 5 7 7 8 11 15 15 9 7 7 7 7 7 7 6 6 7 8 8 8 11 14 15
2 1 7 6 7 6 7 6 5 5 0 5 6 6 7 10 16 15 9 7 7 7 7 6 6 6 5 7 7 7 7 10 15 15
2 1 7 6 7 6 7 6 5 5 0 5 6 6 7 10 16 15 8 7 7 6 7 6 6 6 5 6 7 7 6 10 14 14
2 1 7 6 7 6 6 6 5 5 0 5 6 6 7 10 15 16 8 7 7 6 7 6 6 6 5 6 7 7 6 10 14 14
2 1 7 6 7 6 7 6 5 5 0 5 6 6 7 10 15 15 9 7 7 7 7 6 6 6 5 7 7 7 6 10 15 15
2 1 6 6 7 6 6 6 5 5 0 5 6 6 7 10 15 14 8 7 7 6 7 6 6 6 5 7 7 7 6 10 15 16
2 1 7 6 7 6 6 5 5 5 0 5 6 5 7 10 16 16 10 7 6 6 6 6 6 6 5 6 7 6 6 10 16 16
2 1 7 6 7 6 7 6 5 6 0 5 6 6 7 11 17 16 9 7 7 7 7 6 6 6 6 7 7 7 7 11 17 16
2 1 7 6 7 6 7 6 5 6 0 5 6 6 7 11 17 17 9 7 7 7 7 6 6 6 5 7 7 7 7 11 17 16
2 1 7 6 8 7 7 6 6 6 0 5 6 6 8 11 17 16 10 8 7 7 7 7 7 7 6 7 8 7 7 11 17 16
2 1 7 6 7 6 7 6 5 6 0 5 6 6 8 11 17 16 9 7 7 7 7 7 7 6 6 7 8 7 7 11 16 16
2 1 7 6 7 6 7 6 5 6 0 5 6 6 8 11 16 16 9 7 7 7 7 6 6 6 6 7 8 7 7 11 16 16
2 1 7 6 7 6 7 6 5 5 0 5 6 6 8 12 17 16 9 7 7 7 7 6 6 6 5 7 7 7 7 11 17 16
2 1 7 6 7 6 7 6 5 6 0 5 6 6 8 11 17 16 10 7 7 7 7 6 6 6 5 7 7 7 7 11 17 17
2 1 8 7 8 7 8 7 6 6 0 6 7 7 8 11 17 17 11 8 8 8 8 7 7 7 6 8 9 8 8 11 17 18
2 1 8 7 8 7 7 7 6 6 0 6 7 6 8 11 17 17 10 8 8 7 8 7 7 7 6 7 8 8 7 11 17 18
2 1 7 6 7 6 7 6 5 6 0 5 6 6 7 11 17 17 10 7 7 7 7 6 6 6 5 7 7 7 7 11 17 16
2 1 7 6 7 6 7 6 5 6 0 5 6 6 7 10 16 16 9 7 7 7 7 6 6 6 5 7 7 7 7 10 16 16
2 1 7 6 7 6 7 6 5 5 0 5 6 5 7 10 17 17 9 7 7 6 7 6 6 6 5 7 7 6 7 10 17 17
2 1 7 6 7 7 7 6 6 6 0 5 6 6 7 11 18 18 10 7 7 7 7 6 7 6 6 7 7 7 7 11 17 17
2 1 7 6 7 6 7 6 5 6 0 5 6 6 7 11 17 17 10 7 7 7 7 6 6 6 5 7 7 7 7 11 18 17
2 1 7 6 7 6 7 6 5 6 0 5 6 6 7 11 17 17 10 7 7 7 7 6 6 6 6 7 7 7 7 11 18 18
2 1 7 6 7 6 7 6 5 5 0 5 6 6 7 11 16 16 9 7 7 7 7 6 6 6 5 7 7 7 7 11 17 17
2 1 7 6 7 6 7 6 5 6 0 5 6 6 7 11 16 16 9 7 7 7 7 6 6 6 5 7 7 7 7 10 17 17
2 1 8 7 8 7 7 6 5 6 0 5 6 6 8 12 17 17 10 8 7 7 7 7 7 6 6 7 7 7 7 12 19 20
2 1 8 7 8 7 8 7 6 7 0 6 7 7 9 12 17 19 10 8 8 8 8 8 8 7 7 8 9 8 8 12 20 17
2 1 7 7 8 7 8 7 6 6 0 7 8 8 8 11 19 18 10 8 8 8 8 7 8 7 7 9 10 9 8 11 21 18
2 1 7 7 8 7 8 7 6 7 0 6 8 8 9 12 19 18 10 8 8 8 8 8 8 7 7 9 9 9 8 12 20 19
2 1 8 7 8 8 8 7 6 7 0 7 8 8 10 13 22 19 9 9 8 8 8 8 8 8 7 9 10 10 10 13 21 20
2 1 8 7 8 7 7 7 6 6 0 6 7 7 8 11 18 18 10 8 8 7 8 7 7 7 6 8 8 8 8 11 20 19
2 1 8 7 8 7 8 7 6 6 0 6 7 7 8 12 19 18 10 8 8 7 8 7 7 7 6 8 9 8 8 11 20 19
2 1 8 7 8 7 8 7 6 7 0 6 7 7 9 12 19 19 10 8 8 8 8 7 7 7 6 8 9 8 8 12 21 20
2 1 8 7 8 7 8 7 6 6 0 6 7 7 9 12 19 20 10 8 8 8 8 7 7 7 6 8 9 9 8 12 21 19
2 1 8 7 8 7 8 7 6 7 0 6 7 7 9 12 19 19 10 8 8 8 8 8 8 7 7 9 9 9 8 12 21 20
2 1 8 7 9 8 8 7 6 7 0 6 8 7 9 12 18 18 9 8 8 8 8 8 8 7 7 9 9 9 8 12 19 18
2 1 7 7 8 7 8 7 6 7 0 6 8 8 9 12 18 18 9 8 8 8 9 8 8 7 7 9 10 9 8 11 19 18
2 1 7 7 8 7 8 7 6 6 0 6 7 7 8 11 17 18 9 8 8 8 8 7 7 7 6 8 9 9 8 12 19 18
2 1 7 7 8 7 8 7 6 6 0 6 7 7 8 11 18 18 8 8 8 8 8 7 7 7 6 8 9 9 8 11 19 18
2 1 7 7 8 7 8 7 6 6 0 6 7 7 8 11 17 18 8 8 8 7 8 7 7 7 6 8 9 8 8 11 19 18
2 1 7 7 8 7 8 7 6 6 0 6 7 7 8 11 18 18 9 8 8 7 8 7 7 7 6 8 9 8 8 11 19 17
2 1 7 7 8 7 8 7 6 6 0 6 7 7 8 11 17 17 8 8 8 7 8 7 7 7 6 8 9 8 8 11 18 18
2 1 7 7 9 8 9 8 7 7 0 6 8 7 8 11 17 19 9 9 9 8 9 8 8 8 7 9 10 9 8 11 18 18
2 1 7 7 8 7 8 7 6 6 0 6 7 7 8 11 17 17 8 8 8 8 8 7 7 7 7 9 9 9 8 11 18 17
2 1 7 7 8 7 8 7 6 6 0 6 7 7 8 12 19 18 8 8 8 7 8 7 7 7 6 8 9 8 8 11 19 19
2 1 7 7 8 7 8 7 6 6 0 6 7 7 9 12 19 19 8 8 8 7 8 7 7 7 6 8 9 9 8 11 19 17
2 1 7 6 8 7 7 7 6 6 0 5 7 7 8 11 19 18 8 8 8 7 8 7 7 7 6 8 9 8 7 11 18 17
2 1 7 7 8 7 8 7 6 6 0 6 7 7 8 11 18 19 9 8 8 8 8 7 8 7 7 9 9 9 8 11 18 17
2 1 7 6 8 7 7 7 6 6 0 5 7 7 8 11 18 18 8 7 7 7 8 7 7 7 6 8 8 8 7 10 19 16
2 1 7 7 8 7 7 7 6 6 0 6 7 7 8 11 19 18 9 8 8 7 8 7 7 7 6 8 9 8 8 11 19 16
2 1 7 7 8 7 8 7 6 6 0 6 7 7 8 11 19 18 8 8 8 7 8 7 7 7 6 8 9 8 7 10 18 17
2 1 8 7 8 7 8 7 6 6 0 6 7 7 8 11 20 19 9 8 8 8 8 7 7 7 6 8 9 9 8 11 19 16
2 1 8 7 8 7 8 7 6 6 0 6 7 7 8 11 20 19 8 8 8 8 8 7 7 7 6 8 9 8 8 11 20 17
2 1 7 7 8 7 8 7 6 7 0 6 7 7 8 11 19 19 9 8 8 8 8 7 7 7 7 8 9 9 8 11 19 18
2 1 7 7 8 7 8 7 6 7 0 6 7 7 8 11 19 18 9 8 8 8 8 8 8 7 7 9 9 9 8 10 18 16
2 1 7 6 8 7 8 7 6 6 0 6 7 7 8 11 21 19 8 8 8 8 8 7 7 7 7 9 9 9 7 11 24 17
2 1 7 6 7 6 7 6 6 6 0 5 6 6 7 10 17 17 8 7 7 7 7 6 7 6 6 7 8 7 7 9 16 14
2 1 7 6 7 7 7 6 6 6 0 5 6 6 7 10 17 17 8 7 7 7 7 7 7 6 6 7 8 8 7 9 16 15
2 1 8 7 8 7 7 7 6 6 0 6 7 7 8 10 17 17 9 8 8 8 8 7 7 7 6 8 8 8 7 9 16 15
2 1 6 6 7 6 7 6 6 6 0 5 6 6 7 10 17 16 8 7 7 7 7 7 7 6 6 8 8 8 7 9 15 14
2 1 6 6 7 6 7 6 5 5 0 5 6 6 6 9 16 16 8 7 7 6 7 6 6 6 5 7 7 7 6 8 15 14
2 1 7 6 7 6 7 6 6 6 0 5 6 6 7 9 17 16 8 7 7 7 7 6 7 6 6 7 8 7 6 8 15 14
2 1 6 6 7 6 7 6 5 5 0 5 6 6 7 9 17 16 8 7 7 6 7 6 6 6 5 7 7 7 6 9 15 14
2 1 7 6 7 6 7 6 5 5 0 5 6 6 6 9 16 16 8 7 7 6 7 6 6 6 5 7 7 7 6 8 15 14
2 1 7 6 7 6 6 6 5 5 0 5 6 6 7 10 19 18 9 7 6 6 6 6 6 6 5 7 7 7 6 9 18 18
2 1 7 6 7 6 7 6 5 5 0 5 6 6 7 10 19 18 9 7 7 6 7 6 6 6 5 7 7 7 6 9 21 20
2 1 7 6 7 6 7 6 5 5 0 5 6 6 7 10 18 18 9 7 7 6 7 6 6 6 5 7 7 7 6 9 18 18
2 1 7 6 7 6 7 6 5 6 0 5 6 6 7 10 18 18 9 7 7 6 7 6 6 6 5 7 7 7 7 10 18 18
2 1 8 7 8 7 7 7 6 6 0 5 7 6 8 11 22 22 10 8 8 7 8 7 7 7 6 7 8 8 7 10 20 20
2 1 7 6 7 7 7 6 6 6 0 5 6 6 7 11 21 20 9 7 7 7 7 7 7 6 6 7 8 7 7 10 19 19
2 1 8 7 8 7 8 7 6 6 0 5 7 6 8 12 20 20 10 8 8 7 8 7 7 7 6 8 9 8 7 11 20 18
2 1 7 6 7 6 7 6 6 6 0 5 6 6 7 11 20 19 9 7 7 7 7 6 6 6 6 7 8 7 7 10 20 19
2 1 8 6 7 6 7 6 5 6 0 5 6 6 7 10 18 18 10 7 7 6 7 6 6 6 5 7 7 7 6 10 20 19
2 1 8 6 7 6 7 6 6 6 0 5 6 6 7 10 18 18 9 7 7 7 7 7 7 6 6 7 7 7 6 10 20 20
2 1 8 6 7 6 7 6 6 6 0 5 6 6 7 10 19 18 9 7 7 7 7 6 6 6 6 7 7 7 6 10 20 19
2 1 8 7 8 7 7 7 6 6 0 5 6 6 7 10 19 19 10 8 8 7 8 7 7 7 6 7 8 7 7 10 20 19
2 1 8 7 8 7 8 7 6 6 0 5 7 6 8 11 19 20 10 8 8 7 8 7 7 7 6 7 8 8 7 10 20 19
2 1 8 7 8 7 7 7 6 7 0 5 7 6 8 11 19 19 11 8 8 7 8 7 7 7 6 8 8 8 7 11 22 20
2 1 7 6 7 6 7 6 6 6 0 5 6 6 7 10 18 18 9 7 7 7 7 6 6 6 6 7 7 7 7 10 20 19
2 1 7 7 8 7 8 7 6 7 0 6 7 7 7 10 18 18 9 8 8 7 8 7 7 7 6 8 9 8 7 10 19 19
2 1 8 7 9 8 8 8 7 7 0 6 8 7 9 12 20 20 10 9 8 8 9 8 8 8 7 9 10 9 8 12 21 21
2 1 9 8 10 9 9 8 7 8 0 7 9 8 10 13 23 22 11 10 10 9 10 9 9 9 8 10 11 11 10 14 24 24
2 1 8 7 8 7 8 7 6 7 0 6 7 7 9 12 21 20 10 8 8 8 8 8 8 7 7 8 9 8 8 12 21 21
2 1 8 7 8 7 8 7 6 7 0 6 7 7 9 12 22 22 10 8 8 8 8 8 8 7 7 8 9 9 8 12 21 21
2 1 8 7 9 8 8 7 7 7 0 6 8 7 9 12 21 22 10 9 9 8 9 8 8 8 7 9 9 9 8 12 21 21
2 1 9 7 9 8 8 7 7 7 0 6 8 8 9 13 22 22 10 8 8 8 8 8 8 7 7 9 9 9 9 13 22 22
2 1 9 8 9 8 8 7 6 7 0 6 7 7 9 13 23 22 11 9 8 8 8 8 8 7 7 8 9 9 9 13 23 23
2 1 9 7 9 8 8 7 7 7 0 6 7 7 9 13 22 22 10 9 8 8 8 8 8 7 7 8 9 9 8 13 22 22
2 1 9 8 9 8 8 7 7 7 0 6 7 7 9 13 22 21 11 9 8 8 9 8 8 7 7 8 9 9 8 12 22 22
2 1 9 8 9 8 9 8 7 8 0 6 7 7 9 13 22 21 10 9 9 8 9 8 8 8 7 9 9 9 8 12 22 23
2 1 9 8 9 8 9 8 7 8 0 6 8 7 10 15 26 25 11 9 9 8 9 8 8 8 7 9 9 9 9 15 27 27
2 1 9 8 9 8 8 8 7 7 0 6 8 7 9 14 23 23 10 9 9 8 9 8 8 8 7 9 10 9 9 14 23 23
2 1 9 8 9 8 8 8 7 7 0 6 8 7 9 13 22 22 10 9 9 8 9 8 8 8 7 9 9 9 9 14 22 22
2 1 10 8 9 8 9 8 7 8 0 6 8 8 10 14 23 23 12 10 9 9 9 9 8 8 7 9 10 10 9 13 22 22
2 1 9 8 9 8 9 8 7 7 0 6 8 8 9 13 22 22 11 9 9 9 9 8 8 8 7 9 10 9 9 13 23 22
2 1 9 8 9 8 9 8 7 7 0 6 8 8 9 13 23 22 11 9 9 8 9 8 8 8 7 9 9 9 9 13 22 22
2 1 11 9 11 9 10 9 8 8 0 7 8 8 10 15 26 25 12 11 10 9 10 9 9 9 8 10 10 10 10 14 24 26
2 1 9 8 9 8 8 8 7 7 0 6 8 8 10 14 23 22 11 9 9 8 9 8 8 8 7 9 9 9 9 14 22 24
2 1 10 8 9 8 8 7 7 7 0 6 8 7 9 14 25 25 11 9 9 8 9 8 8 8 7 9 9 9 9 14 25 27
2 1 11 9 10 8 9 8 7 7 0 7 8 8 10 15 26 24 12 10 9 9 9 9 8 8 7 9 9 9 10 15 24 24
2 1 10 8 9 8 9 8 7 7 0 6 8 7 10 14 24 24 11 9 9 9 9 8 8 8 7 9 9 9 9 14 23 24
2 1 9 8 9 8 8 8 7 7 0 6 8 8 10 14 24 24 11 9 9 8 9 8 8 8 7 9 9 9 9 14 23 25
2 1 10 8 9 8 9 8 7 7 0 6 8 8 10 14 24 24 11 9 9 9 9 8 8 8 7 9 10 9 9 14 23 24
2 1 10 8 10 9 10 9 8 8 0 7 9 9 11 15 24 23 11 10 10 9 10 9 9 9 8 10 11 10 10 15 23 24
2 1 10 8 9 8 8 7 7 7 0 6 8 8 10 14 24 24 12 9 9 8 9 8 8 8 7 9 9 9 9 14 23 25
2 1 11 8 10 8 9 8 7 8 0 7 8 8 10 15 27 27 12 9 9 9 9 9 8 8 7 9 10 10 10 14 25 26
2 1 10 8 10 8 9 8 7 8 0 7 8 8 10 15 24 23 11 9 9 9 9 9 9 8 7 9 10 10 10 15 23 24
2 1 10 9 11 10 11 10 9 9 0 8 10 10 11 15 23 22 12 10 11 10 11 10 10 10 9 11 12 12 11 15 22 24
2 1 9 7 9 7 8 7 6 7 0 6 7 7 9 13 21 21 10 9 8 8 8 8 8 7 6 8 9 8 9 14 21 23
2 1 9 7 9 7 8 7 6 7 0 6 7 7 9 13 21 21 11 9 8 8 8 7 7 7 6 8 8 8 8 13 20 24
2 1 9 8 9 7 8 7 6 7 0 6 7 7 9 13 23 22 11 9 8 8 8 8 8 7 6 8 8 8 8 13 22 27
2 1 10 8 9 8 8 7 6 7 0 6 7 7 9 14 26 24 11 9 8 8 8 8 8 7 6 8 9 9 9 14 22 24
2 1 9 8 9 8 8 7 6 7 0 6 7 7 9 13 22 21 11 9 8 8 8 8 8 7 7 8 9 9 8 13 21 24
2 1 9 7 9 8 8 7 6 7 0 6 7 7 9 13 21 20 11 9 8 8 8 8 8 7 6 8 9 8 8 13 20 23
2 1 9 7 9 7 8 7 6 7 0 6 7 7 9 13 22 20 11 9 8 8 8 8 8 7 6 8 8 8 8 13 20 23
2 1 9 7 9 7 8 7 6 7 0 6 7 7 9 12 22 21 11 9 8 8 8 8 7 7 6 8 9 8 8 13 20 24
2 1 9 7 9 7 8 7 6 7 0 6 7 7 9 13 22 21 11 9 8 8 8 8 7 7 6 8 9 9 9 13 20 25
2 1 10 8 9 8 9 8 7 7 0 6 8 8 10 14 22 21 12 9 9 8 9 8 8 8 7 9 9 9 9 14 21 24
2 1 10 8 10 8 9 8 7 8 0 6 8 8 10 14 24 23 12 10 9 9 9 8 8 8 7 9 10 10 10 15 22 24
2 1 9 7 8 7 8 7 6 6 0 6 7 7 9 12 21 21 11 9 8 8 8 7 7 7 6 8 9 8 9 13 20 22
2 1 9 7 8 7 8 7 6 6 0 6 7 7 8 12 22 23 11 8 8 8 8 7 7 7 6 8 8 8 8 12 20 22
2 1 9 7 8 7 7 7 6 6 0 5 7 6 8 11 21 20 11 8 8 7 8 7 7 7 6 7 8 8 8 11 19 21
2 1 9 8 9 8 8 7 6 7 0 6 7 7 8 11 21 20 11 9 9 8 9 8 8 7 7 8 9 8 8 12 18 21
2 1 9 7 8 7 7 6 6 6 0 5 6 6 8 11 22 21 10 8 8 7 8 7 7 7 6 7 8 8 8 12 19 21
2 1 9 7 8 7 7 6 6 7 0 5 6 6 8 11 21 21 10 8 8 7 8 7 7 7 6 7 8 8 7 12 20 26
2 1 9 7 8 7 7 7 6 6 0 5 7 6 8 11 20 21 11 8 8 7 8 7 7 7 6 8 8 8 8 12 18 19
2 1 9 7 8 7 8 7 6 6 0 6 7 7 8 11 20 19 10 8 8 8 8 7 7 7 6 8 8 8 8 13 18 19
2 1 10 8 9 8 8 7 6 7 0 6 7 7 9 12 24 20 11 9 9 8 9 8 8 7 7 8 9 9 9 13 22 19
2 1 7 6 8 7 7 6 6 6 0 5 7 6 8 10 18 18 9 8 8 7 8 7 7 7 6 8 8 8 7 11 17 19
2 1 7 6 8 7 7 6 6 6 0 5 6 6 7 10 17 17 9 8 7 7 7 7 7 6 6 7 8 8 7 11 16 18
2 1 8 7 8 7 7 6 6 6 0 5 7 7 8 11 19 18 10 8 7 7 7 7 7 7 6 7 8 8 8 11 17 19
2 1 8 6 7 6 7 6 6 6 0 5 6 6 7 10 18 18 10 7 7 7 7 7 7 6 6 7 8 7 7 11 18 19
2 1 8 6 8 7 7 6 6 6 0 5 6 6 7 10 18 18 9 7 7 7 7 7 7 6 6 7 8 8 7 10 17 18
2 1 8 7 8 7 8 7 6 7 0 6 7 7 8 11 19 21 9 8 8 7 8 7 7 7 6 8 8 8 8 12 18 19
2 1 7 6 7 6 7 6 5 6 0 5 6 6 7 10 18 18 9 7 7 7 7 6 6 6 5 7 7 7 7 10 17 18
2 1 8 7 8 7 7 6 6 6 0 5 6 6 7 10 18 18 10 8 7 7 7 7 7 6 6 7 7 7 7 11 17 18
2 1 7 6 7 6 7 6 5 6 0 5 6 6 7 10 18 18 9 7 7 7 7 6 6 6 5 7 7 7 7 10 16 19
2 1 7 6 7 6 7 6 5 6 0 5 6 6 7 10 18 18 9 7 7 7 7 6 6 6 5 7 7 7 7 10 16 17
2 1 7 6 7 6 6 6 5 6 0 5 6 6 7 9 16 17 9 7 7 6 7 6 6 6 5 6 7 7 6 9 15 16
2 1 7 6 7 6 6 6 5 6 0 5 6 6 7 9 16 16 8 7 7 6 7 6 6 6 5 6 7 7 6 10 15 15
2 1 7 6 7 6 6 6 5 6 0 5 6 6 7 9 16 16 8 7 7 6 7 6 6 6 5 6 7 7 6 10 16 16
2 1 7 6 7 6 6 6 5 5 0 5 6 6 6 9 16 17 8 7 7 6 7 6 6 6 5 6 7 7 6 9 15 16
2 1 7 6 7 6 6 6 5 5 0 5 6 6 7 9 16 17 9 7 7 6 7 6 6 6 5 6 7 7 6 10 15 16
2 1 7 6 7 6 6 6 5 5 0 5 5 5 6 9 16 17 9 7 6 6 7 6 6 6 5 6 7 6 6 9 15 16
2 1 7 6 7 6 7 6 5 6 0 5 6 6 7 9 15 17 8 7 7 6 7 6 6 6 5 6 7 7 6 9 15 16
2 1 7 6 7 6 7 6 5 6 0 5 6 6 7 10 16 16 8 7 7 7 7 6 6 6 6 7 7 7 7 10 15 16
2 1 7 6 7 6 7 6 5 6 0 5 6 6 7 9 17 19 7 7 7 7 7 6 6 6 6 7 7 7 7 9 15 16
2 1 7 6 7 6 7 6 6 6 0 5 6 6 7 10 14 15 8 7 7 7 7 7 7 6 6 7 8 8 7 10 14 15
2 1 7 6 8 7 7 6 6 6 0 5 6 6 7 9 14 15 9 7 7 7 8 7 7 6 6 7 8 7 7 10 14 15
2 1 7 6 7 6 6 6 5 6 0 5 6 6 7 9 14 15 8 7 7 6 7 6 6 6 5 7 7 7 6 9 14 15
2 1 7 6 7 6 6 6 5 6 0 5 6 6 7 9 14 15 8 7 7 6 7 6 6 6 5 7 7 7 6 9 14 15
2 1 7 6 7 6 7 6 6 6 0 5 6 6 7 9 16 16 9 8 7 7 7 7 6 6 6 7 7 7 7 9 15 16
2 1 7 6 7 6 6 6 5 6 0 5 6 6 7 10 14 15 8 7 7 6 7 6 6 6 5 7 7 7 6 9 15 17
2 1 7 6 7 6 7 6 5 6 0 5 6 7 8 11 18 20 10 7 7 7 7 7 7 6 6 7 8 8 7 10 15 17
2 1 9 8 10 9 9 8 7 8 0 7 9 9 11 13 19 19 11 10 10 10 10 9 9 9 8 10 11 11 10 14 19 22
2 1 7 6 8 7 7 6 6 6 0 5 6 6 8 10 16 16 9 8 8 7 8 7 7 7 6 7 8 8 7 11 16 19
2 1 8 7 8 7 8 7 6 7 0 5 7 6 8 11 17 17 9 8 8 7 8 7 7 7 6 8 8 8 7 11 17 20
2 1 8 7 8 7 8 7 6 7 0 6 7 7 8 11 17 19 9 8 8 7 8 7 7 7 6 8 8 8 7 11 16 18
2 1 8 7 8 7 8 7 6 7 0 6 7 7 8 11 17 17 9 8 8 7 8 7 7 7 6 8 8 8 8 11 17 18
2 1 8 7 9 8 8 8 7 7 0 6 8 8 8 11 20 20 9 8 8 8 9 8 8 8 7 9 9 9 8 11 20 19
2 1 10 10 13 11 12 11 10 10 0 9 11 11 11 14 20 20 12 13 13 12 13 11 12 11 10 13 14 13 11 14 19 20
2 1 8 8 11 10 10 9 8 8 0 8 9 9 10 12 19 19 10 10 11 10 11 10 10 9 9 11 12 11 9 12 17 20
2 1 9 9 10 9 10 9 8 8 0 7 8 8 9 12 19 19 10 10 10 9 10 9 9 9 8 10 10 10 9 12 17 19
2 1 10 10 12 10 11 10 9 9 0 8 10 10 11 14 20 20 11 11 12 11 12 11 11 10 9 12 13 12 11 14 19 20
2 1 9 9 11 10 11 9 8 8 0 8 9 9 10 13 20 20 10 11 11 10 11 10 10 10 9 11 12 11 10 13 18 20
2 1 10 9 11 10 11 10 8 9 0 8 10 9 10 13 20 20 11 11 11 11 11 10 10 10 9 11 12 11 10 13 19 20
2 1 10 10 12 10 11 10 9 9 0 8 10 10 10 14 20 20 11 11 11 11 11 11 11 10 9 11 12 11 10 13 18 20
2 1 11 11 13 12 13 11 10 10 0 9 11 11 12 15 24 23 11 13 13 12 13 12 12 11 10 13 14 13 12 15 23 24
2 1 10 10 12 11 12 11 9 9 0 9 11 10 11 14 25 22 11 12 12 11 12 11 11 11 10 12 13 13 11 14 24 26
2 1 11 10 13 11 12 11 9 10 0 9 11 10 11 15 23 22 11 12 12 12 12 11 11 11 10 12 13 12 11 15 22 24
2 1 11 11 13 11 12 11 9 10 0 9 11 10 11 15 23 22 12 12 12 12 12 11 11 11 10 12 13 12 11 15 22 23
2 1 10 10 13 11 12 11 9 10 0 9 11 10 11 14 24 23 11 12 12 12 12 11 11 11 10 12 13 12 11 14 22 24
2 1 11 11 13 11 12 11 10 10 0 9 11 11 12 15 24 23 11 12 12 12 13 12 12 11 10 13 13 13 11 15 22 24
2 1 11 11 13 12 13 11 10 10 0 9 11 11 12 15 24 22 11 12 13 12 13 12 12 11 10 13 14 13 11 15 22 23
2 1 11 11 13 12 13 11 10 10 0 9 12 11 12 15 24 23 12 13 13 12 13 12 12 12 11 13 14 13 11 15 23 24
2 1 10 10 13 11 12 11 9 10 0 9 11 10 11 14 24 22 11 12 12 12 12 11 11 11 10 12 13 13 11 15 22 23
2 1 10 10 13 11 12 11 9 10 0 9 11 10 11 14 24 22 11 12 12 12 12 11 11 11 10 12 13 12 11 15 23 22
2 1 10 10 13 11 12 11 9 10 0 9 11 10 11 15 24 23 11 12 12 12 12 11 11 11 10 12 13 12 11 15 23 23
2 1 11 10 13 11 12 11 9 10 0 9 11 11 12 15 25 23 11 12 12 12 12 11 11 11 10 13 13 13 11 15 24 24
2 1 11 11 13 11 12 11 10 10 0 9 11 11 12 16 26 23 12 12 12 12 13 12 12 11 10 13 13 13 11 15 25 24
2 1 11 11 13 12 13 11 10 11 0 10 12 11 12 15 25 23 11 13 13 13 13 12 12 12 11 13 14 14 12 16 24 25
2 1 11 11 13 12 13 11 10 10 0 9 11 11 13 16 28 25 13 13 13 12 13 12 12 11 10 13 14 13 12 16 26 26
2 1 12 12 14 12 13 12 10 11 0 10 12 12 13 16 25 23 13 14 14 13 14 13 13 12 11 14 15 14 13 17 24 23
2 1 11 10 13 11 12 11 9 9 0 9 11 10 11 14 24 24 11 12 12 11 12 11 11 11 10 12 13 12 11 15 22 21
2 1 13 12 14 12 13 11 10 10 0 9 11 11 12 16 26 24 13 13 13 12 13 12 12 11 10 13 13 13 12 17 24 22
2 1 11 11 13 11 12 11 9 10 0 9 11 10 12 15 26 25 12 12 12 12 12 11 11 11 10 12 13 12 11 15 23 23
2 1 11 11 13 11 12 11 9 10 0 9 11 10 12 15 25 23 12 12 12 12 12 11 11 11 10 12 13 13 11 15 23 22
2 1 11 11 13 11 12 11 9 10 0 9 11 11 12 15 28 25 12 12 12 12 12 11 11 11 10 13 14 13 11 15 24 22
2 1 11 11 13 12 13 11 10 10 0 9 11 11 12 15 24 23 13 13 13 12 13 12 12 11 10 13 14 13 12 16 23 22
2 1 10 9 10 9 10 9 8 8 0 7 9 8 10 13 22 20 11 10 10 9 10 9 9 9 8 10 10 10 9 14 21 23
2 1 11 10 11 10 10 9 8 8 0 7 9 9 10 14 23 22 11 11 11 10 11 10 10 9 8 10 11 11 10 14 22 22
2 1 10 10 11 10 11 9 8 9 0 8 10 10 12 15 25 24 12 12 11 11 11 10 10 10 9 11 12 12 12 16 24 22
2 1 10 9 11 9 10 9 8 8 0 7 9 9 10 14 24 22 11 11 10 10 10 9 9 9 8 10 11 10 10 14 23 22
2 1 10 9 10 9 10 8 7 8 0 7 9 9 10 13 24 23 11 10 10 10 10 9 9 9 8 10 11 10 10 14 23 22
2 1 11 10 12 10 11 10 8 9 0 8 10 9 11 14 25 25 12 12 11 11 11 10 10 10 9 11 12 11 10 15 24 22
2 1 10 9 10 9 10 8 7 8 0 7 9 9 10 13 21 21 11 10 10 10 10 9 9 9 8 10 11 11 10 14 20 19
2 1 10 9 11 9 10 9 8 8 0 7 9 8 10 13 23 22 11 10 10 10 10 9 9 9 8 10 11 10 10 14 20 20
2 1 10 8 10 8 9 8 7 7 0 7 8 8 10 12 22 22 11 10 9 9 9 9 9 8 7 9 10 10 9 13 20 19
2 1 10 8 10 8 9 8 7 8 0 7 8 9 10 14 22 24 11 10 9 9 9 9 9 8 7 10 10 10 10 15 20 19
2 1 10 8 10 8 9 8 7 7 0 7 8 8 10 13 22 22 11 10 9 9 9 9 9 8 7 9 10 10 9 13 20 19
2 1 10 8 10 8 9 8 7 8 0 7 8 8 10 13 23 23 11 10 9 9 9 9 9 8 7 9 10 10 9 14 20 19
2 1 10 9 10 9 9 8 7 8 0 7 8 8 10 13 22 22 11 10 10 9 10 9 9 8 7 9 10 10 9 14 20 19
2 1 10 8 10 8 9 8 7 7 0 6 8 8 10 13 22 22 11 10 9 9 9 8 8 8 7 9 9 9 9 14 19 19
2 1 11 10 12 10 11 10 8 9 0 8 10 10 11 14 22 22 13 12 11 11 11 10 10 10 9 11 12 12 11 15 20 19
2 1 11 9 10 9 9 8 7 8 0 7 8 8 10 13 22 23 11 10 10 9 10 9 9 8 8 10 10 10 9 14 21 20
2 1 11 9 11 9 10 9 8 8 0 7 9 9 10 14 22 22 12 11 10 10 10 9 9 9 8 10 11 10 10 15 20 19
2 1 10 9 10 9 9 8 7 8 0 7 8 8 10 13 22 22 11 10 10 9 10 9 9 8 8 9 10 10 9 14 20 18
2 1 10 9 10 8 9 8 7 8 0 7 8 8 10 13 22 22 12 10 10 9 9 9 9 8 7 9 10 9 9 14 19 19
2 1 11 9 10 9 9 8 7 8 0 7 8 8 10 13 22 22 11 10 10 9 10 9 9 8 7 9 10 10 9 14 19 19
2 1 11 9 11 9 10 8 7 8 0 7 8 8 10 13 23 23 13 11 10 9 10 9 9 8 8 10 10 10 9 13 20 19
2 1 11 9 11 9 10 9 8 8 0 7 9 9 10 13 22 22 13 11 10 10 10 9 9 9 8 10 11 10 9 13 18 19
2 1 10 9 11 9 10 9 8 8 0 7 9 9 10 13 22 25 12 11 10 10 10 9 9 9 8 10 11 11 10 14 18 19
2 1 11 10 12 10 11 9 8 9 0 8 9 9 11 14 20 20 12 11 11 10 11 10 10 10 9 11 11 11 10 14 18 18
2 1 10 8 9 8 9 8 7 7 0 6 8 8 9 11 19 20 11 9 9 9 9 8 8 8 7 9 10 9 9 12 18 18
2 1 9 8 9 8 8 7 7 7 0 6 7 7 9 11 19 20 10 9 9 8 9 8 8 8 7 9 9 9 8 12 18 18
2 1 9 8 9 8 8 7 7 7 0 6 8 7 9 11 19 20 10 9 9 8 9 8 8 8 7 9 9 9 9 13 18 18
2 1 9 8 9 8 9 8 7 7 0 6 8 8 9 12 19 20 10 9 9 9 9 8 8 8 7 9 9 9 9 13 19 19
2 1 10 9 10 9 9 8 7 8 0 7 8 8 10 12 20 21 11 10 10 9 10 9 9 9 8 10 10 10 9 13 19 22
2 1 10 9 10 8 9 8 7 7 0 7 8 8 9 12 20 20 12 10 9 9 9 8 8 8 7 9 10 9 9 13 20 18
2 1 9 8 9 8 9 8 7 7 0 6 8 8 9 12 20 19 11 9 9 8 9 8 8 8 7 9 10 9 9 13 19 17
2 1 9 8 9 8 9 8 7 7 0 7 8 8 9 11 18 19 11 9 9 9 9 8 8 8 7 9 10 10 9 12 17 17
2 1 9 8 9 8 8 8 7 7 0 6 7 7 8 11 17 18 10 9 9 8 9 8 8 8 7 9 9 9 8 12 16 17
2 1 9 8 9 8 9 8 7 7 0 6 8 7 8 11 18 18 11 9 9 8 9 8 8 8 7 9 9 9 8 12 17 18
2 1 9 8 9 8 8 8 7 7 0 6 8 8 9 12 18 18 11 9 9 8 9 8 8 8 7 9 9 9 8 12 17 18
2 1 9 8 9 8 9 8 7 8 0 7 8 8 10 12 19 19 10 9 9 8 9 8 8 8 7 9 10 10 9 13 18 19
2 1 8 7 8 7 8 7 6 7 0 6 7 7 8 11 16 15 10 8 8 8 8 7 7 7 6 8 9 8 8 12 16 17
2 1 8 7 8 7 8 7 6 7 0 6 7 7 8 11 16 16 11 9 8 8 8 7 7 7 6 8 9 8 8 11 17 17
2 1 8 7 8 7 8 7 6 7 0 6 7 7 8 11 16 16 11 8 8 8 8 7 7 7 6 8 9 8 8 11 16 17
2 1 8 7 8 7 8 7 6 7 0 6 7 7 8 11 16 15 10 8 8 8 8 7 7 7 6 8 9 8 8 11 16 17
2 1 8 7 8 7 8 7 6 7 0 6 7 7 8 11 17 19 10 8 8 8 8 7 7 7 6 8 9 8 8 11 16 17
2 1 9 8 9 8 8 8 7 7 0 6 8 8 9 11 18 19 11 9 9 8 9 8 8 8 7 9 9 9 9 12 18 18
2 1 8 8 9 8 8 7 7 7 0 7 8 8 9 11 17 17 11 9 9 9 9 8 8 8 7 9 10 9 9 13 17 17
2 1 8 7 8 7 7 6 6 6 0 5 7 7 8 11 16 16 10 8 8 7 7 7 7 7 6 8 8 8 8 11 17 17
2 1 8 7 8 7 7 6 6 6 0 5 6 6 8 10 15 16 10 8 7 7 7 7 7 6 6 7 8 8 7 10 16 17
2 1 7 6 8 7 7 6 5 6 0 5 6 6 7 10 16 16 9 7 7 7 7 7 7 6 6 7 8 7 7 10 16 17
2 1 7 7 8 7 7 6 6 6 0 5 6 6 7 10 15 16 10 8 7 7 7 7 7 6 6 7 8 8 7 10 15 17
2 1 7 6 8 7 7 6 6 6 0 5 6 6 7 10 14 15 10 8 7 7 7 7 7 6 6 7 8 7 7 10 15 16
2 1 8 7 8 7 8 7 6 7 0 6 7 7 8 11 15 16 11 8 8 8 8 7 7 7 6 8 9 8 7 11 16 18
2 1 7 7 8 7 8 7 6 6 0 6 7 7 7 10 15 16 10 8 8 8 8 7 7 7 6 8 9 8 7 11 16 18
2 1 7 7 8 7 8 7 6 6 0 5 7 7 8 11 15 16 10 8 8 7 8 7 7 7 6 8 8 8 7 10 15 17
2 1 8 7 9 7 8 7 6 7 0 6 7 7 8 11 15 16 9 8 8 8 8 7 8 7 6 8 8 8 7 10 16 18
2 1 7 7 8 7 8 7 6 6 0 6 7 7 8 10 15 16 10 8 8 7 8 7 7 7 6 8 8 8 7 10 15 17
2 1 7 7 8 7 8 7 6 6 0 5 7 6 8 10 14 16 9 8 8 7 8 7 7 7 6 7 8 8 7 10 15 17
2 1 8 7 8 7 8 7 6 6 0 6 7 7 8 10 14 15 10 8 8 8 8 7 7 7 6 8 8 8 7 10 17 19
2 1 8 8 9 8 9 8 7 7 0 7 8 8 9 12 15 16 10 9 9 9 9 8 8 8 7 9 9 9 8 11 17 19
2 1 7 7 8 7 8 7 6 6 0 6 7 7 8 11 14 15 9 8 8 7 8 7 7 7 6 8 8 8 7 10 16 18
2 1 7 6 8 7 7 6 6 6 0 5 6 6 7 10 14 15 9 7 7 7 7 7 7 6 6 7 8 7 7 10 15 17
2 1 7 6 8 7 7 6 6 6 0 5 6 6 7 10 14 15 9 8 7 7 7 7 7 6 6 7 8 7 7 10 15 17
2 1 10 8 9 8 8 7 7 7 0 6 7 7 10 14 19 18 10 9 9 8 9 8 8 7 6 8 8 8 8 13 22 18
2 1 9 8 9 8 8 7 7 7 0 6 7 7 9 13 17 17 10 9 9 8 9 8 8 7 7 8 9 8 8 11 17 18
2 1 9 8 9 7 8 7 6 7 0 6 7 7 9 13 18 17 10 9 8 8 8 8 8 7 6 8 9 8 8 12 19 19
2 1 8 7 9 8 8 7 7 7 0 6 7 7 9 12 16 17 9 8 8 8 8 8 8 7 7 8 8 8 8 11 18 18
2 1 8 7 9 7 8 7 6 7 0 6 7 7 9 12 16 16 9 8 8 8 8 7 8 7 6 8 8 8 8 12 18 18
2 1 9 8 9 8 8 7 6 7 0 6 7 7 9 13 17 17 10 9 8 8 8 8 8 7 7 8 9 8 8 12 18 18
2 1 9 8 9 8 8 7 7 7 0 6 7 7 9 13 19 20 10 9 9 8 9 8 8 7 7 8 9 9 9 13 18 19
2 1 8 7 9 8 8 7 6 7 0 6 7 7 9 12 17 17 9 8 8 8 8 8 8 7 6 8 8 8 8 12 18 19
2 1 9 8 9 8 9 8 7 8 0 6 7 7 9 13 18 19 9 9 9 8 9 8 8 8 7 8 9 9 9 13 20 22
2 1 9 8 10 9 9 8 7 8 0 7 8 8 10 14 20 22 10 10 9 9 9 9 9 8 7 9 10 10 9 14 19 20
2 1 9 9 10 9 9 8 8 8 0 7 8 8 10 13 18 17 10 10 9 9 10 9 9 8 8 9 10 9 9 14 19 19
2 1 9 8 10 8 9 8 7 8 0 7 8 8 9 13 17 18 10 9 9 9 9 9 9 8 7 9 9 9 9 13 18 20
2 1 9 8 10 9 9 8 7 8 0 7 8 8 9 13 17 17 10 9 9 9 9 9 9 8 7 9 10 9 9 13 18 19
2 1 9 9 10 9 10 9 8 8 0 7 8 8 10 14 19 19 10 10 10 9 10 9 9 9 8 10 10 10 9 14 20 21
2 1 9 9 10 9 10 9 8 8 0 7 8 8 10 13 18 18 10 10 10 9 10 9 9 9 8 10 10 10 9 14 19 20
2 1 9 9 10 9 10 9 8 8 0 7 8 8 10 14 20 20 11 10 10 9 10 9 9 9 8 10 10 10 9 14 20 19
2 1 9 8 10 9 10 8 8 8 0 7 8 8 10 14 18 18 10 10 10 9 10 9 9 9 8 10 10 10 9 14 19 19
2 1 9 8 10 9 9 8 7 8 0 7 8 8 9 13 18 18 10 9 9 9 9 9 9 8 7 9 10 9 9 13 18 18
2 1 9 8 10 8 9 8 7 8 0 7 8 8 9 13 18 18 10 9 9 9 9 8 9 8 7 9 9 9 9 13 19 18
2 1 9 8 9 8 9 8 7 8 0 6 8 8 9 13 18 18 10 9 9 9 9 8 8 8 7 9 9 9 9 13 18 18
2 1 10 8 10 9 9 9 8 8 0 7 8 8 10 14 18 19 10 9 9 9 10 9 9 9 8 9 10 10 9 14 18 20
2 1 9 8 9 8 8 8 7 7 0 6 7 7 9 13 18 18 10 9 9 8 9 8 8 8 7 9 9 9 9 13 18 18
2 1 9 8 9 8 8 8 7 7 0 6 7 7 9 13 18 18 10 9 8 8 9 8 8 8 7 8 9 9 8 13 18 18
2 1 9 8 9 8 8 8 7 7 0 6 8 7 9 13 19 18 10 9 9 8 9 8 8 8 7 9 9 9 8 13 21 18
2 1 8 8 9 8 8 7 7 7 0 6 7 7 9 12 18 17 10 9 9 8 9 8 8 7 7 8 9 9 9 13 17 18
2 1 8 7 8 7 8 7 6 7 0 6 7 7 9 12 18 17 9 8 8 8 8 8 8 7 6 8 9 8 8 12 17 16
2 1 8 7 8 7 8 7 7 7 0 6 7 7 8 12 18 17 9 8 8 8 8 8 8 7 6 8 9 8 8 12 17 16
2 1 8 7 9 7 8 7 7 7 0 6 7 7 8 12 18 17 9 8 8 8 8 8 8 7 6 8 9 8 8 12 17 16
2 1 10 9 11 9 10 9 8 8 0 7 8 8 11 15 21 20 11 10 10 9 10 9 9 9 8 10 10 10 10 16 22 18
2 1 7 6 8 7 7 7 6 6 0 6 6 6 8 11 18 19 8 7 7 7 7 7 7 7 6 7 8 7 7 11 15 15
2 1 6 6 7 6 7 6 6 6 0 5 6 6 7 10 15 16 8 7 7 7 7 7 7 6 6 7 7 7 7 10 13 15
2 1 7 6 7 7 7 6 6 6 0 5 6 6 7 10 15 16 8 7 7 7 7 7 7 6 6 7 7 7 7 10 14 16
2 1 6 6 7 6 7 6 6 6 0 5 6 6 7 10 16 16 8 7 7 7 7 6 6 6 6 7 7 7 7 10 13 14
2 1 6 6 7 6 7 6 5 6 0 5 6 6 7 9 14 14 8 7 7 6 7 6 6 6 5 7 7 7 6 9 12 13
2 1 7 7 8 7 7 7 6 6 0 5 6 6 8 10 14 15 9 8 8 7 8 7 7 7 6 7 8 7 7 10 13 14
2 1 7 6 8 7 7 6 6 6 0 5 6 6 7 10 14 14 9 7 7 7 7 7 7 7 6 7 8 7 7 10 12 13
2 1 6 5 6 6 6 6 5 6 0 5 6 6 7 9 13 15 8 6 6 6 6 6 6 6 5 6 7 7 6 9 13 15
2 1 5 5 6 6 6 6 5 5 0 5 6 6 7 9 13 14 8 6 6 6 6 6 6 6 5 7 7 7 6 9 11 12
2 1 5 4 5 5 5 5 4 4 0 4 5 5 6 8 12 13 7 5 5 5 5 5 5 5 4 5 6 6 5 8 11 12
2 1 5 5 5 5 5 5 4 5 0 4 5 5 6 8 13 13 7 5 5 5 5 5 5 5 4 6 6 6 5 8 11 12
2 1 5 4 5 5 5 5 4 4 0 4 5 4 6 8 13 13 7 5 5 5 5 5 5 5 4 5 6 5 5 8 11 11
2 1 6 5 5 5 5 5 4 5 0 4 5 5 6 8 13 13 7 5 5 5 5 5 5 5 4 5 6 6 5 8 14 13
2 1 5 4 5 5 5 5 4 4 0 4 5 4 6 8 11 11 7 5 5 5 5 5 5 5 4 5 6 5 5 9 10 10
2 1 5 5 6 5 5 5 4 4 0 4 5 5 6 8 13 13 6 5 6 5 6 5 5 5 4 6 6 6 6 9 11 10
2 1 5 4 5 4 5 4 4 4 0 3 4 4 5 7 11 11 7 5 5 5 5 4 4 4 4 5 5 5 5 7 10 11
2 1 6 5 6 5 6 5 4 5 0 4 5 5 6 8 12 13 7 6 6 6 6 5 5 5 5 6 6 6 5 8 10 12
2 1 5 5 6 5 5 5 4 4 0 4 5 5 5 8 12 12 6 6 6 5 6 5 5 5 4 5 6 5 5 8 11 10
2 1 6 5 6 5 5 5 4 4 0 4 4 4 6 9 12 11 6 6 5 5 5 5 5 5 4 5 5 5 5 8 10 10
2 1 5 5 5 5 5 4 4 4 0 3 4 4 6 8 11 11 6 5 5 5 5 5 5 4 4 5 5 5 5 9 10 10
2 1 5 4 5 5 5 4 4 4 0 3 4 4 5 8 11 11 6 5 5 5 5 5 5 4 4 5 5 5 5 8 10 10
2 1 5 4 5 4 5 4 4 4 0 3 4 4 5 7 11 11 6 5 5 5 5 4 4 4 4 5 5 5 5 8 10 11
2 1 5 4 5 4 5 4 4 4 0 3 4 4 5 8 13 12 6 5 5 5 5 4 4 4 4 5 5 5 5 8 10 12
2 1 5 5 5 5 5 4 4 4 0 4 4 5 6 8 10 11 6 5 5 5 5 5 5 4 4 5 5 5 5 8 10 10
2 1 6 5 5 4 5 4 4 4 0 3 4 4 5 8 12 13 7 5 5 5 5 4 4 4 4 5 5 5 5 9 13 12
2 1 6 5 6 6 6 5 5 5 0 4 5 5 6 8 11 12 7 6 6 6 6 6 6 5 5 6 6 6 5 8 11 11
2 1 6 5 6 5 6 5 4 5 0 4 5 5 6 8 11 12 7 6 6 5 6 5 5 5 4 5 6 5 5 8 11 12
2 1 6 5 6 5 5 5 4 4 0 4 5 5 6 8 11 12 7 6 6 5 6 5 5 5 4 5 6 6 6 9 11 12
2 1 6 5 5 5 5 5 4 4 0 3 4 4 5 8 12 12 7 5 5 5 5 5 5 5 4 5 5 5 5 8 11 12
2 1 8 6 6 5 6 5 4 4 0 4 5 5 6 8 13 14 8 6 6 5 6 5 5 5 4 5 6 6 5 8 13 12
2 1 8 7 8 7 7 6 5 6 0 5 6 6 7 10 15 16 9 7 7 7 7 7 6 6 5 7 7 7 6 9 13 14
2 1 8 7 9 7 8 7 6 6 0 6 7 7 7 10 15 16 9 9 8 8 8 8 7 7 6 8 8 8 7 9 13 14
2 1 8 7 9 8 8 7 6 6 0 6 7 7 8 10 14 16 9 8 8 8 8 8 8 7 7 8 9 8 7 10 13 14
2 1 8 8 9 8 9 8 7 7 0 6 8 7 9 11 14 15 9 9 9 9 9 8 8 8 7 9 9 9 8 11 14 15
2 1 8 8 9 8 9 8 7 7 0 6 8 8 9 11 15 16 9 9 9 9 9 8 8 8 7 9 10 9 9 12 14 16
2 1 8 8 9 8 9 8 7 7 0 7 8 8 9 11 15 16 9 9 9 9 9 8 9 8 7 9 10 9 8 11 14 16
2 1 8 8 9 8 9 8 7 7 0 6 8 8 9 11 15 16 10 9 9 9 9 8 8 8 7 9 10 9 8 12 16 15
2 1 8 8 9 8 9 8 7 7 0 6 8 8 9 11 15 16 10 9 9 9 9 8 8 8 7 9 10 9 8 11 14 15
2 1 8 8 9 8 9 8 7 7 0 6 8 8 9 12 16 16 10 9 9 9 9 8 8 8 7 9 10 9 9 12 16 16
2 1 8 8 10 8 9 8 7 7 0 7 8 8 9 11 16 16 10 9 9 9 9 9 9 8 7 9 10 10 9 12 16 17
2 1 8 8 10 9 9 8 7 8 0 7 8 8 9 11 15 16 10 10 10 9 10 9 9 8 7 10 10 10 9 12 15 17
2 1 8 8 10 9 10 9 8 8 0 7 9 8 10 12 16 17 10 10 10 10 10 9 9 9 8 10 11 10 9 12 16 17
2 1 8 8 10 9 10 8 7 8 0 7 9 8 9 12 19 20 10 10 10 10 10 9 9 9 8 10 10 10 9 12 16 17
2 1 8 9 11 9 10 9 8 8 0 7 9 9 10 12 17 18 11 11 11 10 10 9 9 9 8 11 11 11 9 12 16 17
2 1 9 9 11 10 10 9 8 8 0 7 9 9 10 12 17 18 11 11 11 10 11 10 10 9 8 10 11 10 9 12 16 18
2 1 8 8 10 9 10 9 8 8 0 7 9 9 9 12 17 17 10 10 10 10 10 9 9 9 8 10 11 10 9 12 16 18
2 1 8 8 10 9 10 9 8 8 0 7 9 8 9 12 16 17 10 10 10 10 10 9 9 9 8 10 11 10 9 12 16 17
2 1 8 8 10 9 10 9 8 8 0 7 9 8 9 11 16 17 10 10 10 10 10 9 9 9 8 10 11 10 9 12 16 17
2 1 8 8 10 9 10 9 8 8 0 7 9 9 9 11 16 17 10 10 10 10 10 9 9 9 8 10 11 10 9 12 16 18
2 1 8 8 10 9 10 9 8 8 0 7 9 9 10 12 17 17 11 10 10 10 10 9 9 9 8 10 11 10 9 12 16 18
2 1 8 8 10 9 10 9 8 8 0 7 9 9 10 12 19 18 11 10 10 10 10 9 9 9 8 10 11 10 10 13 18 19
2 1 8 9 11 9 10 9 8 8 0 8 9 9 10 12 17 18 11 11 10 10 10 9 10 9 8 10 11 11 10 13 17 18
2 1 8 9 11 9 10 9 8 8 0 7 9 9 10 12 18 18 11 11 10 10 10 9 10 9 8 10 11 11 10 13 18 19
2 1 8 8 10 9 10 9 8 8 0 7 9 9 10 12 17 17 10 10 10 10 10 9 9 9 8 10 11 10 9 12 16 18
2 1 8 8 10 9 10 9 8 8 0 7 9 9 10 12 17 17 10 10 10 10 10 9 9 9 8 10 11 10 9 12 16 18
2 1 8 8 10 9 10 9 8 8 0 7 9 9 10 12 17 17 10 10 10 10 10 9 9 9 8 10 11 10 9 12 16 18
2 1 8 9 10 9 10 9 8 8 0 7 9 9 10 13 18 17 11 10 10 10 10 9 9 9 8 10 11 10 9 13 16 18
2 1 9 9 10 9 10 8 7 8 0 7 8 8 9 12 16 14 11 10 10 9 10 9 9 9 8 10 10 10 9 12 18 17
2 1 7 7 9 8 8 7 6 7 0 6 7 7 8 11 17 15 9 9 9 8 9 8 8 7 7 8 9 9 8 12 17 18
2 1 7 7 9 8 8 8 7 7 0 6 7 7 8 11 16 15 9 9 9 8 9 8 8 8 7 8 9 8 8 11 16 18
2 1 8 7 8 7 7 6 6 7 0 5 7 6 8 11 17 16 9 8 8 7 8 7 7 7 6 7 8 8 8 11 18 20
3 0 8 7 8 7 7 6 6 7 0 5 7 6 8 11 17 16 9 8 8 7 8 7 7 7 6 7 8 8 8 11 18 20
2 0 1 1 0 1 1 1 1 1 0 1 1 1 1 0 0 0 1 1 0 1 0 1 1 1 1 0 0 1 1 0 0 0
2 0 1 1 0 1 1 1 1 1 0 1 1 1 1 0 0 0 1 1 0 1 0 1 1 1 1 0 0 1 1 1 0 0
2 0 1 1 0 1 1 1 1 1 0 1 1 1 1 0 0 0 1 1 0 1 0 1 1 1 1 0 0 1 1 1 0 0
2 0 1 1 0 1 1 1 1 1 0 1 1 1 1 0 0 0 1 1 0 1 0 1 1 1 1 0 0 1 1 1 0 0
2 0 1 1 0 1 1 1 1 1 0 1 1 1 1 1 0 0 1 1 0 1 0 1 1 1 1 0 0 1 1 1 0 0
2 0 1 1 0 1 1 1 1 1 0 1 1 1 1 1 0 0 1 1 0 1 0 1 1 1 1 0 0 1 1 1 0 0
2 0 1 1 0 1 1 1 1 1 0 1 1 1 1 0 0 0 1 1 0 1 0 1 1 1 1 0 0 1 1 1 0 0
2 0 1 1 0 1 1 1 1 1 0 1 1 1 1 0 0 0 0 0 0 0 0 1 1 1 1 0 0 1 1 0 0 0
2 0 1 1 0 1 1 1 1 1 0 1 1 1 1 0 0 0 1 1 0 0 0 1 1 1 1 0 0 1 1 0 0 0
2 0 1 1 0 1 1 1 1 2 0 1 1 1 1 0 0 0 1 1 0 1 0 1 1 1 1 0 0 1 1 0 0 0
2 0 1 1 0 1 1 1 1 1 0 2 1 1 1 0 0 0 1 1 0 1 0 1 1 1 1 0 0 1 1 1 0 0
2 0 1 1 0 1 1 1 1 1 0 1 1 1 1 0 0 0 1 1 0 1 0 1 1 1 1 0 0 1 1 0 0 0
2 0 1 1 0 1 1 1 1 2 0 2 1 2 1 0 0 0 1 1 0 1 0 1 1 1 1 1 1 1 2 1 0 0
2 0 1 1 0 1 1 1 1 2 0 1 1 1 1 0 0 0 1 1 0 1 0 1 1 1 1 1 0 1 1 1 0 0
2 0 1 1 0 1 1 1 1 2 0 1 1 1 1 0 0 0 1 1 0 1 0 1 1 1 1 0 0 1 1 1 0 0
2 0 1 1 0 1 1 1 1 2 0 1 1 1 1 1 0 0 1 1 0 1 0 1 1 1 1 0 1 1 1 1 0 0
2 0 1 1 0 1 1 1 1 2 0 1 1 1 1 0 0 0 1 1 0 1 0 1 1 1 1 0 0 1 1 1 0 0
2 0 1 1 0 1 1 1 1 2 0 1 1 1 1 0 0 0 1 1 0 1 0 1 1 1 1 0 0 1 1 1 0 0
2 0 1 1 0 1 1 1 1 2 0 1 1 1 1 0 0 0 1 1 0 0 0 1 1 1 1 0 0 0 1 0 0 0
2 0 1 1 0 1 1 1 1 2 0 1 1 1 1 0 0 0 1 1 0 0 0 1 1 1 1 0 0 1 1 0 0 0
2 0 1 1 0 1 1 1 1 2 0 1 1 1 1 0 0 0 1 1 0 1 0 1 1 1 1 0 0 1 1 0 0 0
2 0 1 1 0 1 1 1 1 2 0 1 1 2 1 0 0 0 1 1 0 1 0 1 1 1 1 0 0 1 1 1 0 0
2 0 1 1 0 1 1 1 1 2 0 1 1 2 1 0 0 0 1 1 0 1 0 1 1 1 1 0 0 1 1 1 0 0
2 0 1 1 0 1 1 1 1 2 0 2 1 2 1 1 0 0 1 1 0 1 0 1 1 1 1 1 1 1 1 1 0 0
2 0 1 1 0 1 1 1 1 1 0 1 1 1 1 0 0 0 1 1 0 1 0 1 1 1 1 0 0 1 1 1 0 0
2 0 1 1 0 1 1 1 1 1 0 1 1 1 1 1 0 0 1 1 0 1 0 1 1 1 1 1 1 1 1 1 0 0
2 0 2 1 1 1 1 2 2 2 0 1 1 1 1 1 1 1 1 1 1 1 1 1 1 1 1 1 1 1 1 1 1 1
2 0 1 1 0 1 1 1 1 1 0 1 1 1 1 0 0 0 1 1 0 0 0 1 1 1 1 0 0 0 1 0 0 0
2 0 1 1 0 1 1 1 1 1 0 1 1 1 1 0 0 0 1 1 0 1 0 1 1 1 1 0 0 0 1 0 0 0
2 0 1 1 0 1 1 1 1 1 0 1 1 1 1 0 0 0 1 1 0 1 0 1 1 1 1 0 0 1 1 0 0 0
2 0 1 1 0 1 1 1 1 1 0 1 1 1 1 0 0 0 1 1 0 0 0 1 1 1 1 0 0 1 1 0 0 0
2 0 1 1 0 1 1 1 1 1 0 1 1 1 1 0 0 0 1 1 0 1 0 1 1 1 1 0 0 1 1 0 0 0
2 0 1 1 0 1 1 1 1 1 0 1 1 1 1 0 0 0 1 1 0 1 0 1 1 1 1 0 0 1 1 1 0 0
2 0 1 1 0 1 1 1 1 1 0 2 1 2 1 1 0 0 1 1 0 1 0 1 1 1 1 0 0 1 1 1 0 1
2 0 1 1 0 1 1 1 1 2 0 1 1 1 1 1 0 0 1 1 0 1 0 1 1 1 1 1 1 1 1 1 0 0
2 0 1 1 0 1 1 1 1 1 0 1 1 1 1 1 0 0 1 1 0 1 0 1 1 1 1 0 0 1 1 1 0 0
2 0 1 1 0 1 1 1 1 1 0 1 1 1 1 1 0 0 1 1 0 1 0 1 1 1 1 1 0 1 1 1 0 0
2 0 1 1 0 1 1 1 1 1 0 1 1 1 1 0 0 0 1 1 0 0 0 1 1 1 1 0 0 1 1 0 0 0
2 0 1 1 0 1 0 1 1 1 0 1 1 1 1 0 0 0 0 1 0 0 0 1 1 1 1 0 0 0 1 0 0 0
2 0 1 1 0 1 1 1 1 1 0 1 1 1 1 0 0 0 0 1 0 0 0 1 1 1 1 0 0 0 1 0 0 0
2 0 1 1 0 1 0 1 1 1 0 1 1 1 1 0 0 0 0 1 0 0 0 1 1 1 1 0 0 0 1 0 0 0
2 0 1 1 0 1 1 1 1 1 0 1 1 1 1 0 0 0 0 1 0 1 0 1 1 1 1 0 0 1 1 1 0 0
2 0 1 1 0 1 0 1 1 1 0 1 1 1 1 0 0 0 1 1 0 1 0 1 1 1 1 0 0 1 1 1 0 0
2 0 1 1 0 1 0 1 1 1 0 1 1 1 1 0 0 0 0 1 0 1 0 1 1 1 1 0 0 1 1 1 0 0
2 0 1 1 0 1 1 1 1 1 0 1 1 1 1 0 0 0 0 1 0 1 0 1 1 1 1 0 0 1 1 1 0 0
2 0 1 1 0 1 1 1 1 1 0 1 1 1 1 1 0 0 0 1 0 1 0 1 1 1 1 0 0 1 1 1 0 0
2 0 1 1 0 1 1 1 1 1 0 1 1 1 1 1 0 0 0 1 0 1 0 1 1 1 1 0 0 1 1 1 0 0
2 0 1 1 0 1 1 1 1 1 0 1 1 1 1 0 0 0 1 1 0 1 0 1 1 1 1 0 0 1 1 0 0 0
2 0 1 1 0 1 1 1 1 1 0 1 1 1 1 0 0 0 0 1 0 0 0 1 1 1 1 0 0 0 1 0 0 0
2 0 1 1 0 1 1 1 1 1 0 1 1 1 1 0 0 0 0 1 0 0 0 1 1 1 1 0 0 0 1 0 0 0
2 0 1 1 0 1 1 1 1 1 0 1 1 1 1 0 0 0 0 0 0 1 0 1 1 1 1 0 0 1 1 0 0 0
2 0 1 1 0 1 1 1 1 1 0 1 1 1 1 0 0 0 0 0 0 1 0 1 1 1 1 0 0 1 1 0 0 0
2 0 1 1 0 1 1 1 1 1 0 1 1 1 1 0 0 0 0 0 0 1 0 1 1 1 1 0 0 1 1 1 0 0
2 0 1 1 0 1 1 1 1 1 0 1 1 1 1 0 0 0 0 0 0 1 0 1 1 1 1 0 0 1 1 1 0 0
2 0 1 1 0 1 1 1 1 1 0 1 1 1 1 0 0 0 0 0 0 1 0 1 1 1 1 0 0 1 1 1 0 0
2 0 1 1 0 1 1 1 1 1 0 1 1 1 1 0 0 0 0 0 0 1 0 1 1 1 1 0 0 1 1 1 0 0
2 0 1 1 0 1 1 1 1 1 0 1 1 1 1 0 0 0 1 0 0 1 0 1 1 1 1 0 0 1 1 1 0 0
2 0 1 1 0 1 1 1 1 1 0 1 1 1 1 1 0 0 0 0 0 1 0 1 1 1 1 1 1 1 1 1 0 0
2 0 1 1 0 1 1 1 1 1 0 1 1 1 1 0 0 0 0 0 0 0 0 1 1 1 1 0 0 1 1 1 0 0
2 0 1 1 0 1 1 1 1 1 0 1 1 1 1 0 0 0 1 0 0 1 0 1 1 1 1 0 0 1 1 0 0 0
2 0 1 1 0 1 1 1 1 1 0 1 1 1 1 0 0 0 1 1 0 0 0 1 1 1 1 0 0 1 1 0 0 0
2 0 1 1 0 1 1 1 1 1 0 1 1 1 1 0 0 0 0 0 0 1 0 1 1 1 1 0 0 1 1 1 0 0
2 0 1 1 0 1 1 1 1 1 0 1 1 1 1 0 0 0 0 0 0 1 0 1 1 1 1 0 0 1 1 1 0 0
2 0 1 1 0 1 1 1 1 1 0 1 1 1 1 0 0 0 0 0 0 1 0 1 1 1 1 0 0 1 1 1 0 0
2 0 1 1 0 1 1 1 1 2 0 1 1 2 1 1 0 0 0 0 0 1 0 1 1 1 1 1 1 1 2 1 0 0
2 0 1 1 0 1 1 1 1 1 0 1 1 1 1 0 0 0 0 0 0 1 0 1 1 1 1 0 0 1 1 1 0 0
2 0 1 1 0 1 1 1 1 1 0 1 1 1 1 1 0 0 0 0 0 1 0 1 1 1 1 0 0 1 1 1 0 0
2 0 1 1 0 1 1 1 1 1 0 1 1 1 1 0 0 0 0 0 0 1 0 1 1 1 1 0 0 1 1 0 0 0
2 0 1 1 0 1 1 1 1 1 0 1 1 1 1 0 0 0 1 1 0 0 0 1 1 1 1 0 0 0 1 0 0 0
2 0 1 1 0 1 1 1 1 1 0 1 1 1 1 0 0 0 1 0 0 0 0 1 1 1 1 0 0 1 1 0 0 0
2 0 1 1 0 1 1 1 1 1 0 1 1 1 1 0 0 0 1 1 0 1 0 1 1 1 1 0 0 1 1 0 0 0
2 0 1 1 0 1 1 1 1 1 0 1 1 1 1 0 0 0 1 1 0 1 0 1 1 1 1 0 0 1 1 0 0 0
2 0 1 1 0 1 1 1 1 1 0 1 1 2 1 1 0 0 1 0 0 1 0 1 1 1 1 0 0 1 1 1 0 0
2 0 1 1 0 1 0 1 1 1 0 1 1 2 1 1 0 0 0 0 0 1 0 1 1 1 1 0 0 1 1 1 0 0
2 0 1 1 0 1 0 1 1 1 0 1 1 1 1 0 0 0 0 0 0 1 0 1 1 1 1 0 0 1 1 1 0 0
2 0 1 1 0 1 0 1 1 1 0 1 1 1 1 0 0 0 0 0 0 1 0 1 1 1 1 0 0 1 1 1 0 0
2 0 1 1 0 1 0 1 1 1 0 1 1 1 1 0 0 0 0 0 0 1 0 1 1 1 1 0 0 1 1 1 0 0
2 0 1 1 0 1 0 1 1 1 0 1 1 1 1 0 0 0 0 0 0 0 0 1 1 1 1 0 0 0 1 0 0 0
2 0 1 1 0 1 1 1 1 1 0 1 1 1 1 0 0 0 0 0 0 0 0 1 1 1 1 0 0 0 1 0 0 0
2 0 1 1 0 1 1 1 1 1 0 1 1 1 1 0 0 0 1 1 0 0 0 1 1 1 1 0 0 1 1 0 0 0
2 0 1 1 0 1 1 1 1 1 0 1 1 1 1 0 0 0 1 0 0 0 0 1 1 1 1 0 0 1 1 0 0 0
2 0 1 1 0 1 1 1 1 1 0 1 1 1 1 0 0 0 1 1 0 1 0 1 1 1 1 0 0 1 1 1 0 0
2 0 1 1 0 1 1 1 1 1 0 2 1 2 1 0 0 0 0 0 0 1 0 1 1 1 1 0 0 1 1 1 0 0
2 0 1 1 0 1 1 1 1 1 0 1 1 1 1 0 0 0 0 1 0 1 0 1 1 1 1 0 0 1 1 1 0 0
2 0 1 1 0 1 0 1 1 1 0 1 1 1 1 0 0 0 0 0 0 1 0 1 1 1 1 0 0 1 1 1 0 0
2 0 1 1 0 1 0 1 1 1 0 1 1 1 1 0 0 0 0 0 0 1 0 1 1 1 1 0 0 1 1 1 0 0
2 0 1 1 0 1 0 1 1 1 0 1 1 1 1 0 0 0 1 1 0 1 0 1 1 1 1 0 0 1 1 1 0 0
2 0 1 1 0 1 0 1 1 1 0 1 1 1 1 0 0 0 0 0 0 0 0 1 1 1 1 0 0 0 1 0 0 0
2 0 1 1 0 1 1 1 1 1 0 1 1 1 1 0 0 0 0 0 0 0 0 1 1 1 1 0 0 1 1 0 0 0
2 0 1 1 0 1 1 1 1 1 0 1 1 1 1 0 0 0 1 1 0 0 0 1 1 1 1 0 0 0 1 0 0 0
2 0 1 1 0 1 1 1 1 1 0 1 1 1 1 0 0 0 1 1 0 1 0 1 1 1 1 0 0 1 1 0 0 0
2 0 1 1 0 1 1 1 1 1 0 1 1 1 1 0 0 0 1 1 0 1 0 1 1 1 1 0 0 1 1 1 0 0
2 0 1 1 0 1 1 1 1 1 0 1 1 2 1 0 0 0 1 1 0 1 0 1 1 1 1 0 0 1 1 1 0 0
2 0 1 1 0 1 1 1 1 1 0 1 1 2 1 1 0 0 1 1 0 1 0 1 1 1 1 1 0 1 1 1 0 0
2 0 1 1 0 1 1 1 1 1 0 1 1 1 1 1 0 0 1 1 0 1 0 1 1 1 1 0 0 1 1 1 0 0
2 0 1 1 0 1 1 1 1 1 0 1 1 1 1 1 0 0 1 0 0 1 0 1 1 1 1 1 0 1 1 1 0 0
2 0 1 1 0 1 1 1 1 1 0 1 1 1 1 1 0 0 1 1 0 1 0 1 1 1 1 1 0 1 1 1 0 0
2 0 1 1 0 1 0 1 1 1 0 1 1 1 1 0 0 0 1 1 0 0 0 1 1 1 1 0 0 0 1 0 0 0
2 0 1 1 0 1 0 1 1 1 0 1 1 1 1 0 0 0 1 1 0 0 0 1 1 1 1 0 0 0 1 0 0 0
2 0 1 1 0 1 1 1 1 1 0 1 1 1 1 0 0 0 0 1 0 1 0 1 1 1 1 0 0 1 1 0 0 0
2 0 1 1 0 1 0 1 1 1 0 1 1 1 1 0 0 0 0 0 0 0 0 1 1 1 1 0 0 1 1 0 0 0
2 0 1 1 0 1 1 1 1 1 0 1 1 1 1 0 0 0 1 1 0 1 0 1 1 1 1 0 0 1 1 0 0 0
2 0 1 1 0 1 1 1 1 1 0 1 1 2 1 1 0 0 1 1 0 1 0 1 1 1 1 0 0 1 1 1 0 0
2 0 1 1 0 1 1 1 1 1 0 1 1 1 1 0 0 0 1 1 0 1 0 1 1 1 1 0 0 1 1 1 0 0
2 0 1 1 0 1 1 1 1 1 0 1 1 1 1 1 0 0 1 1 0 1 0 1 1 1 1 0 0 1 1 1 0 0
2 0 1 1 0 1 1 1 1 1 0 1 1 1 1 0 0 0 1 1 0 1 0 1 1 1 1 0 0 1 1 1 0 0
2 0 1 1 0 1 1 1 1 1 0 1 1 1 1 1 0 0 0 1 0 1 0 1 1 1 1 1 1 1 1 1 0 0
2 0 1 1 0 1 1 1 1 1 0 1 1 1 1 0 0 0 1 1 0 1 0 1 1 1 1 0 0 1 1 1 0 0
2 0 1 1 0 1 1 1 1 1 0 1 1 1 1 0 0 0 1 1 0 0 0 1 1 1 1 0 0 1 1 0 0 0
2 0 1 1 0 1 1 1 1 1 0 1 1 1 1 0 0 0 1 1 0 0 0 1 1 1 1 0 0 0 1 0 0 0
2 0 1 1 0 1 1 1 1 1 0 1 1 1 1 0 0 0 1 1 0 1 0 1 1 1 1 0 0 1 1 0 0 0
2 0 1 1 0 1 1 1 1 2 0 1 1 1 1 0 0 0 1 1 0 1 0 1 1 1 1 0 0 1 1 1 0 0
2 0 1 1 0 1 1 1 1 1 0 1 1 1 1 0 0 0 1 1 0 1 0 1 1 1 1 0 0 1 1 1 0 0
2 0 1 1 0 1 1 1 1 2 0 2 1 2 1 1 0 0 1 1 0 1 0 1 1 1 1 1 1 1 2 1 0 0
2 0 1 1 0 1 1 1 1 1 0 1 1 1 1 1 0 0 1 1 0 1 0 1 1 1 1 1 0 1 1 1 0 0
2 0 1 1 0 1 1 1 1 1 0 1 1 1 1 0 0 0 1 1 0 1 0 1 1 1 1 1 0 1 1 1 0 0
2 0 1 1 0 1 1 1 1 1 0 1 1 1 1 0 0 0 1 1 0 1 0 1 1 1 1 0 0 1 1 1 0 0
2 0 1 1 1 1 1 1 2 2 0 1 1 1 1 1 0 0 1 1 1 1 1 1 1 1 1 1 1 1 1 1 1 1
2 0 1 1 0 1 1 1 1 1 0 1 1 1 1 0 0 0 1 1 0 0 0 1 1 1 1 0 0 0 1 0 0 0
2 0 1 1 0 1 1 1 1 1 0 1 1 1 1 0 0 0 1 1 0 0 0 1 1 1 1 0 0 1 1 0 0 0
2 0 1 1 0 1 1 1 1 1 0 1 1 1 1 0 0 0 1 1 0 0 0 1 1 1 1 0 0 1 1 0 0 0
2 0 1 1 0 1 1 1 1 1 0 1 1 1 1 0 0 0 1 1 0 1 0 1 1 1 1 0 0 1 1 1 0 0
2 0 1 1 0 1 1 1 1 1 0 1 1 1 1 0 0 0 1 1 0 1 0 1 1 1 1 0 0 1 1 1 0 0
2 0 1 1 0 1 1 1 1 1 0 1 1 1 1 0 0 0 1 1 0 1 0 1 1 1 1 0 0 1 1 1 0 0
2 0 1 1 0 1 1 1 1 1 0 1 1 2 1 1 0 0 1 1 0 1 0 1 1 1 1 1 1 1 1 1 0 1
2 0 1 1 0 1 1 1 1 1 0 1 1 1 1 1 0 0 1 1 0 1 0 1 1 1 1 0 0 1 1 1 0 0
2 0 1 1 0 1 1 1 1 1 0 1 1 1 1 1 0 0 1 1 0 1 0 1 1 1 1 0 0 1 1 1 0 0
2 0 1 1 0 1 1 1 1 1 0 1 1 1 1 0 0 0 1 1 0 1 0 1 1 1 1 0 0 1 1 1 0 0
2 0 1 1 0 1 1 1 1 1 0 1 1 1 1 0 0 0 1 1 0 1 0 1 1 1 1 0 0 1 1 0 0 0
2 0 1 1 0 1 1 1 1 1 0 1 1 1 1 0 0 0 1 1 0 0 0 1 1 1 1 0 0 0 1 0 0 0
2 0 1 1 0 1 1 1 1 1 0 1 1 1 1 0 0 0 1 1 0 1 0 1 1 1 1 0 0 1 1 0 0 0
2 0 1 1 0 1 1 1 1 2 0 1 1 1 1 0 0 0 1 1 0 1 0 1 1 1 1 0 0 1 1 0 0 0
2 0 1 1 0 1 1 1 1 2 0 2 1 2 1 1 0 0 1 1 0 1 0 1 1 1 1 0 0 1 1 1 0 0
2 0 1 1 0 1 1 1 1 2 0 2 1 2 1 0 0 0 1 1 0 1 0 1 1 1 1 0 0 1 1 1 0 0
2 0 1 1 0 1 1 1 1 2 0 1 1 1 1 1 0 0 1 1 0 1 0 1 1 1 1 1 1 1 1 1 0 0
2 0 1 1 0 1 1 1 1 2 0 1 1 1 1 1 0 0 1 1 0 1 0 1 1 1 1 1 1 1 1 1 0 1
2 0 1 1 0 1 1 1 1 2 0 1 1 1 1 0 0 0 1 1 0 1 0 1 1 1 1 0 0 1 1 1 0 0
2 0 1 1 0 1 1 1 1 2 0 1 1 1 1 0 0 0 1 1 0 1 0 1 1 1 1 0 0 1 1 1 0 0
2 0 1 1 0 1 1 1 1 2 0 1 1 1 1 0 0 0 1 1 0 1 0 1 1 1 1 0 0 1 1 0 0 0
2 0 1 1 0 1 1 1 1 1 0 1 1 1 1 0 0 0 1 1 0 0 0 1 1 1 1 0 0 1 1 0 0 0
2 0 1 1 0 1 1 1 1 1 0 1 1 1 1 0 0 0 1 1 0 0 0 1 1 1 1 0 0 1 1 0 0 0
2 0 1 1 0 1 1 1 1 2 0 1 1 1 1 0 0 0 1 1 0 1 0 1 1 1 1 0 0 1 1 1 0 0
2 0 1 1 0 1 1 1 1 1 0 1 1 1 1 0 0 0 1 1 0 1 0 1 1 1 1 0 0 1 1 1 0 0
2 0 1 1 0 1 1 1 1 1 0 1 1 1 1 1 0 0 1 1 0 1 0 1 1 1 1 1 0 1 1 1 0 0
2 0 1 1 0 1 1 1 1 1 0 1 1 1 1 1 0 0 1 1 0 1 0 1 1 1 1 1 1 1 1 1 0 0
2 0 1 1 0 1 1 1 1 1 0 1 1 1 1 1 0 0 1 1 0 1 0 1 1 1 1 0 0 1 1 1 0 0
2 0 1 1 1 1 1 1 1 2 0 1 1 1 1 0 0 0 1 1 0 1 0 1 1 1 1 0 0 1 1 1 0 0
2 0 1 1 0 1 1 1 1 1 0 1 1 1 1 0 0 0 1 1 0 1 0 1 1 1 1 1 0 1 1 1 0 0
2 0 1 1 1 1 1 1 1 2 0 1 1 1 1 0 0 0 1 1 0 1 0 1 1 1 1 1 0 1 1 1 0 0
2 0 1 1 0 1 1 1 1 2 0 1 1 1 1 0 0 0 1 1 0 1 0 1 1 1 1 0 0 1 1 0 0 0
2 0 1 1 0 1 1 1 1 2 0 1 1 1 1 0 0 0 1 1 0 1 0 1 1 1 1 0 0 1 1 0 0 0
2 0 1 1 0 1 1 1 1 2 0 1 1 1 1 0 0 0 1 1 0 1 0 1 1 1 1 0 0 1 1 1 0 0
2 0 1 1 0 1 1 1 1 2 0 1 1 1 1 0 0 0 1 1 0 1 0 1 1 1 1 0 0 1 1 1 0 0
2 0 1 1 0 1 1 1 1 2 0 1 1 1 1 1 0 0 1 1 0 1 0 1 1 1 1 0 0 1 1 1 0 0
2 0 1 1 0 1 1 1 1 2 0 1 1 1 1 1 0 0 1 1 0 1 0 1 1 1 1 0 0 1 1 1 0 0
2 0 1 1 0 1 1 1 1 2 0 1 1 1 1 1 0 0 1 1 0 1 0 1 1 1 1 1 1 1 1 1 0 1
2 0 1 1 0 1 1 1 1 2 0 1 1 1 1 1 0 0 1 1 0 1 0 1 1 1 1 1 0 1 1 1 0 0
2 0 1 1 0 1 1 1 1 2 0 1 1 1 1 0 0 0 1 1 0 0 0 1 1 1 1 0 0 1 1 0 0 0
2 0 1 1 0 1 1 1 1 2 0 1 1 1 1 0 0 0 1 1 0 1 0 1 1 1 1 0 0 1 1 0 0 0
2 0 1 1 0 1 1 1 1 1 0 1 1 1 1 0 0 0 1 1 0 1 0 1 1 1 1 0 0 1 1 0 0 0
2 0 1 1 0 1 1 1 1 1 0 1 1 1 1 0 0 0 1 1 0 1 0 1 1 1 1 0 0 1 1 0 0 0
2 0 1 1 0 1 1 1 1 1 0 1 1 1 1 0 0 0 1 1 0 1 0 1 1 1 1 0 0 1 1 1 0 0
2 0 1 1 0 1 1 1 1 1 0 1 1 2 1 1 0 0 1 1 0 1 0 1 1 1 1 0 0 1 1 1 0 0
2 0 1 1 0 1 1 1 1 1 0 1 1 1 1 0 0 0 0 1 0 1 0 1 1 1 1 0 0 1 1 1 0 0
2 0 1 1 0 1 0 1 1 1 0 1 1 1 1 0 0 0 0 1 0 1 0 1 1 1 1 0 0 1 1 1 0 0
2 0 1 1 0 1 0 1 1 1 0 1 1 1 1 0 0 0 0 1 0 1 0 1 1 1 1 0 0 1 1 1 0 0
2 0 1 1 0 1 0 1 1 1 0 1 1 1 1 0 0 0 0 1 0 1 0 1 1 1 1 0 0 1 1 1 0 0
2 0 1 1 0 1 1 1 1 1 0 1 1 1 1 0 0 0 1 1 0 1 0 1 1 1 1 0 0 1 1 1 0 0
2 0 1 1 0 1 1 1 1 1 0 1 1 1 1 0 0 0 1 1 0 0 0 1 1 1 1 0 0 0 1 0 0 0
2 0 1 1 0 1 1 1 1 1 0 1 1 1 1 0 0 0 0 1 0 0 0 1 1 1 1 0 0 1 1 0 0 0
2 0 1 1 0 1 1 1 1 1 0 1 1 1 1 0 0 0 0 0 0 1 0 1 1 1 1 0 0 1 1 0 0 0
2 0 1 1 0 1 1 1 1 1 0 1 1 1 1 0 0 0 0 0 0 1 0 1 1 1 1 0 0 1 1 0 0 0
2 0 1 1 0 1 1 1 1 1 0 1 1 1 1 0 0 0 0 0 0 1 0 1 1 1 1 0 0 1 1 1 0 0
2 0 1 1 0 1 1 1 1 1 0 1 1 2 1 1 0 0 0 0 0 1 0 1 1 1 1 0 0 1 1 1 0 0
2 0 1 1 0 1 0 1 1 1 0 1 1 1 1 1 0 0 0 0 0 1 0 1 1 1 1 0 0 1 1 1 0 0
2 0 1 1 0 1 0 1 1 1 0 1 1 1 1 0 0 0 0 0 0 1 0 1 1 1 1 0 0 1 1 1 0 0
2 0 1 1 0 1 1 1 1 2 0 1 1 1 1 1 0 0 0 0 0 1 0 1 1 1 1 0 0 1 1 1 0 0
2 0 1 1 0 1 0 1 1 1 0 1 1 1 1 0 0 0 0 0 0 0 0 1 1 1 1 0 0 0 1 0 0 0
2 0 1 1 0 1 1 1 1 1 0 1 1 1 1 0 0 0 0 0 0 0 0 1 1 1 1 0 0 0 1 0 0 0
2 0 1 1 0 1 1 1 1 1 0 1 1 1 1 0 0 0 1 1 0 1 0 1 1 1 1 0 0 1 1 0 0 0
2 0 1 1 0 1 1 1 1 1 0 1 1 1 1 0 0 0 0 0 0 0 0 1 1 1 1 0 0 1 1 0 0 0
2 0 1 1 0 1 1 1 1 1 0 1 1 1 1 0 0 0 1 1 0 1 0 1 1 1 1 0 0 1 1 0 0 0
2 0 1 1 0 1 1 1 1 1 0 1 1 1 1 0 0 0 0 0 0 1 0 1 1 1 1 0 0 1 1 0 0 0
2 0 1 1 0 1 1 1 1 1 0 1 1 1 1 0 0 0 0 0 0 1 0 1 1 1 1 0 0 1 1 1 0 0
2 0 1 1 0 1 1 1 1 1 0 1 1 2 1 1 0 0 0 1 0 1 0 1 1 1 1 1 1 1 1 1 0 0
2 0 1 1 0 1 1 1 1 1 0 1 1 1 1 0 0 0 0 0 0 1 0 1 1 1 1 0 0 1 1 1 0 0
2 0 1 1 0 1 1 1 1 1 0 1 1 1 1 1 0 0 0 0 0 1 0 1 1 1 1 0 1 1 1 1 0 0
2 0 1 1 0 1 0 1 1 1 0 1 1 1 1 0 0 0 0 0 0 1 0 1 1 1 1 0 0 1 1 1 0 0
2 0 1 1 0 1 1 1 1 1 0 1 1 1 1 0 0 0 0 0 0 1 0 1 1 1 1 0 0 1 1 1 0 0
2 0 1 1 0 1 1 1 1 1 0 1 1 1 1 0 0 0 0 0 0 0 0 1 1 1 1 0 0 0 1 0 0 0
2 0 1 1 0 1 0 1 1 1 0 1 1 1 1 0 0 0 0 0 0 0 0 1 1 1 1 0 0 0 1 0 0 0
2 0 1 1 0 1 1 1 1 1 0 1 1 1 1 0 0 0 0 0 0 1 0 1 1 1 1 0 0 1 1 0 0 0
2 0 1 1 0 1 1 1 1 1 0 1 1 1 1 0 0 0 0 1 0 1 0 1 1 1 1 0 0 1 1 1 0 0
2 0 1 1 0 1 1 1 1 1 0 1 1 1 1 0 0 0 0 0 0 1 0 1 1 1 1 0 0 1 1 1 0 0
2 0 1 1 0 1 1 1 1 1 0 1 1 1 1 0 0 0 0 0 0 1 0 1 1 1 1 0 0 1 1 1 0 0
2 0 1 1 0 1 1 1 1 1 0 1 1 1 1 1 0 0 0 0 0 1 0 1 1 1 1 0 0 1 1 1 0 0
2 0 1 1 0 1 1 1 1 1 0 1 1 1 1 0 0 0 0 0 0 1 0 1 1 1 1 0 0 1 1 1 0 0
2 0 1 1 0 1 1 1 1 1 0 1 1 1 1 0 0 0 0 0 0 1 0 1 1 1 1 0 0 1 1 0 0 0
2 0 1 1 0 1 1 1 1 1 0 1 1 1 1 0 0 0 0 1 0 0 0 1 1 1 1 0 0 0 1 0 0 0
2 0 1 1 0 1 1 1 1 1 0 1 1 1 1 0 0 0 0 0 0 0 0 1 1 1 1 0 0 0 1 0 0 0
2 0 1 1 0 1 1 1 1 1 0 1 1 1 1 0 0 0 0 0 0 0 0 1 1 1 1 0 0 0 1 0 0 0
2 0 1 1 0 1 1 1 1 1 0 1 1 1 1 0 0 0 0 0 0 1 0 1 1 1 1 0 0 1 1 0 0 0
2 0 1 1 0 1 1 1 1 2 0 1 1 1 1 0 0 0 0 0 0 1 0 1 1 1 1 0 0 1 1 0 0 0
2 0 1 1 0 1 1 1 1 1 0 1 1 1 1 0 0 0 1 1 0 1 0 1 1 1 1 0 0 1 1 1 0 0
2 0 1 1 0 1 1 1 1 2 0 1 1 1 1 1 0 0 0 0 0 1 0 1 1 1 1 1 0 1 1 1 0 0
2 0 1 1 0 1 1 1 1 1 0 1 1 1 1 0 0 0 0 0 0 1 0 1 1 1 1 0 0 1 1 0 0 0
2 0 1 1 0 1 1 1 1 1 0 1 1 1 1 0 0 0 0 0 0 1 0 1 1 1 1 0 0 1 1 1 0 0
2 0 1 1 0 1 1 1 1 1 0 1 1 1 1 0 0 0 1 0 0 1 0 1 1 1 1 0 0 1 1 0 0 0
2 0 1 1 1 1 1 1 1 2 0 1 1 1 1 0 0 0 1 1 1 1 1 1 1 1 1 1 0 1 1 1 0 0
2 0 1 1 0 1 1 1 1 1 0 1 1 1 1 0 0 0 0 0 0 0 0 1 1 1 1 0 0 0 1 0 0 0
2 0 1 1 0 1 1 1 1 1 0 1 1 1 1 0 0 0 0 0 0 1 0 1 1 1 1 0 0 1 1 0 0 0
2 0 1 1 0 1 1 1 1 1 0 1 1 1 1 0 0 0 0 1 0 1 0 1 1 1 1 0 0 1 1 0 0 0
2 0 1 1 0 1 1 1 1 1 0 1 1 1 1 0 0 0 0 0 0 1 0 1 1 1 1 0 0 1 1 1 0 0
2 0 1 1 0 1 1 1 1 1 0 2 1 1 1 0 0 0 0 0 0 1 0 1 1 1 1 0 0 1 1 1 0 0
2 0 1 1 0 1 1 1 1 1 0 1 1 1 1 0 0 0 0 0 0 1 0 1 1 1 1 0 0 1 1 1 0 0
2 0 1 1 0 1 1 1 1 1 0 1 1 1 1 0 0 0 1 0 0 1 0 1 1 1 1 1 0 1 1 1 0 0
2 0 1 1 0 1 1 1 1 1 0 1 1 1 1 0 0 0 1 0 0 1 0 1 1 1 1 0 0 1 1 1 0 0
2 0 1 1 0 1 1 1 1 1 0 1 1 1 1 0 0 0 0 0 0 0 0 1 1 1 1 0 0 0 1 0 0 0
2 0 1 1 0 1 1 1 1 1 0 1 1 1 1 0 0 0 1 1 0 0 0 1 1 1 1 0 0 0 1 0 0 0
2 0 1 1 0 1 1 1 1 1 0 1 1 1 1 0 0 0 1 1 0 0 0 1 1 1 1 0 0 0 1 0 0 0
2 0 1 1 0 1 1 1 1 1 0 1 1 1 1 0 0 0 0 0 0 0 0 1 1 1 1 0 0 1 1 0 0 0
2 0 1 1 0 1 1 1 1 1 0 1 1 1 1 0 0 0 0 0 0 1 0 1 1 1 1 0 0 1 1 0 0 0
2 0 1 1 0 1 1 1 1 1 0 1 1 1 1 0 0 0 0 0 0 1 0 1 1 1 1 0 0 1 1 0 0 0
2 0 1 1 0 1 1 1 1 2 0 1 1 1 1 0 0 0 0 0 0 1 0 1 1 1 1 0 0 1 1 1 0 0
2 0 1 1 0 1 1 1 1 1 0 1 1 1 1 0 0 0 0 0 0 1 0 1 1 1 1 0 0 1 1 1 0 0
2 0 1 1 0 1 1 1 1 1 0 1 1 1 1 0 0 0 0 0 0 1 0 1 1 1 1 0 0 1 1 0 0 0
2 0 1 1 0 1 1 1 1 1 0 1 1 1 1 0 0 0 1 1 0 1 0 1 1 1 1 0 0 1 1 1 0 0
2 0 1 1 0 1 1 1 1 1 0 1 1 1 1 0 0 0 0 0 0 0 0 1 1 1 1 0 0 0 1 0 0 0
2 0 1 1 0 1 1 1 1 1 0 1 1 1 1 0 0 0 0 0 0 0 0 1 1 1 1 0 0 0 1 0 0 0
2 0 1 1 0 1 1 1 1 1 0 1 1 1 1 0 0 0 0 0 0 0 0 1 1 1 1 0 0 0 1 0 0 0
2 0 1 1 0 1 1 1 1 1 0 1 1 1 1 0 0 0 0 0 0 0 0 1 1 1 1 0 0 0 1 0 0 0
2 0 1 1 0 1 1 1 1 1 0 1 1 1 1 0 0 0 0 0 0 0 0 1 1 1 1 0 0 0 1 0 0 0
2 0 1 1 0 1 0 1 1 1 0 1 1 1 1 0 0 0 0 0 0 1 0 1 1 1 1 0 0 1 1 0 0 0
2 0 1 1 0 1 0 1 1 1 0 1 1 1 1 0 0 0 0 0 0 1 0 1 1 1 1 0 0 0 1 0 0 0
2 0 1 1 0 1 0 1 1 1 0 1 1 1 1 0 0 0 0 0 0 1 0 1 1 1 1 0 0 1 1 0 0 0
2 0 1 1 0 1 1 1 1 1 0 1 1 1 1 0 0 0 0 0 0 1 0 1 1 1 1 0 0 1 1 1 0 0
2 0 1 1 0 1 0 1 1 1 0 1 1 1 1 0 0 0 1 1 0 1 0 1 1 1 1 0 0 1 1 0 0 0
2 0 1 1 1 1 1 1 1 2 0 1 1 1 1 0 0 0 1 1 0 0 0 1 1 1 1 0 0 0 1 0 0 0
2 0 1 1 0 1 1 1 1 1 0 1 1 1 1 0 0 0 0 0 0 0 0 1 1 1 1 0 0 0 1 0 0 0
2 0 1 1 0 1 1 1 1 1 0 1 1 1 1 0 0 0 1 1 0 0 0 1 1 1 1 0 0 0 1 0 0 0
2 0 1 1 0 1 1 1 1 1 0 1 1 1 1 0 0 0 0 0 0 0 0 1 1 1 1 0 0 0 1 0 0 0
2 0 1 1 0 1 1 1 1 2 0 1 1 1 1 0 0 0 0 0 0 1 0 1 1 1 1 0 0 1 1 1 0 0
2 0 1 1 0 1 1 1 1 2 0 1 1 1 1 0 0 0 0 0 0 1 0 1 1 1 1 0 0 1 1 1 0 0
2 0 1 1 0 1 1 1 1 1 0 1 1 1 1 0 0 0 0 0 0 1 0 1 1 1 1 0 0 0 1 0 0 0
2 0 1 1 0 1 1 1 1 1 0 1 1 1 1 0 0 0 0 0 0 0 0 1 1 1 1 0 0 1 1 1 0 0
2 0 1 1 0 1 1 1 1 1 0 1 1 1 1 0 0 0 0 0 0 1 0 1 1 1 1 0 0 1 1 1 0 0
2 0 1 1 0 1 1 1 1 2 0 1 1 1 1 0 0 0 0 1 0 1 0 1 1 1 1 0 0 1 1 1 0 0
2 0 1 1 0 1 1 1 1 2 0 1 1 1 1 0 0 0 0 0 0 0 0 1 1 1 1 0 0 0 1 0 0 0
2 0 1 1 0 1 1 1 1 2 0 1 1 1 1 0 0 0 0 0 0 0 0 1 1 1 1 0 0 0 1 0 0 0
2 0 1 1 0 1 1 1 1 2 0 1 1 1 1 0 0 0 0 0 0 0 0 1 1 1 1 0 0 0 1 0 0 0
2 0 1 1 0 1 1 1 1 1 0 1 1 1 1 0 0 0 1 1 0 0 0 1 1 1 1 0 0 0 1 0 0 0
2 0 1 1 0 1 1 1 1 2 0 1 1 1 1 0 0 0 1 1 0 0 0 1 1 1 1 0 0 1 1 0 0 0
2 0 1 1 0 1 1 1 1 1 0 1 1 1 1 0 0 0 0 0 0 1 0 1 1 1 1 0 0 1 1 0 0 0
2 0 1 1 0 1 1 1 1 2 0 1 1 1 1 0 0 0 1 1 0 0 0 1 1 1 1 0 0 0 1 0 0 0
2 0 1 1 0 1 1 1 1 1 0 1 1 1 1 0 0 0 0 0 0 1 0 1 1 1 1 0 0 1 1 1 0 0
2 0 1 1 0 1 1 1 1 1 0 1 1 1 1 0 0 0 1 1 0 1 0 1 1 1 1 0 0 1 1 1 0 0
2 0 1 1 0 1 1 1 1 1 0 1 1 1 1 0 0 0 0 0 0 0 0 1 1 1 1 0 0 0 1 0 0 0
2 0 1 1 0 1 1 1 1 1 0 1 1 1 1 0 0 0 0 0 0 0 0 1 1 1 1 0 0 0 1 0 0 0
2 0 1 1 0 1 1 1 1 1 0 1 1 1 1 0 0 0 0 1 0 0 0 1 1 1 1 0 0 0 1 0 0 0
2 0 1 1 0 1 1 1 1 1 0 1 1 1 1 0 0 0 0 0 0 0 0 1 1 1 1 0 0 0 1 0 0 0
2 0 1 1 0 1 1 1 1 1 0 1 1 1 1 0 0 0 0 0 0 0 0 1 1 1 1 0 0 0 1 0 0 0
2 0 1 1 0 1 1 1 1 1 0 1 1 1 1 0 0 0 0 1 0 0 0 1 1 1 1 0 0 1 1 0 0 0
2 0 1 1 0 1 1 1 1 1 0 1 1 1 1 0 0 0 0 0 0 1 0 1 1 1 1 0 0 1 1 0 0 0
2 0 1 1 0 1 1 1 1 1 0 1 1 1 1 0 0 0 1 1 0 1 0 1 1 1 1 0 0 1 1 0 0 0
2 0 1 1 0 1 1 1 1 1 0 1 1 1 1 0 0 0 0 0 0 1 0 1 1 1 1 0 0 1 1 0 0 0
2 0 1 1 0 1 1 1 1 2 0 1 1 1 1 0 0 0 0 0 0 1 0 1 1 1 1 0 0 1 1 0 0 0
2 0 1 1 0 1 0 1 1 1 0 1 1 1 1 0 0 0 0 0 0 0 0 1 1 1 1 0 0 0 1 0 0 0
2 0 1 1 0 0 0 1 1 1 0 1 1 1 1 0 0 0 0 0 0 0 0 1 0 1 1 0 0 0 1 0 0 0
2 0 1 1 0 1 0 1 1 1 0 1 1 1 1 0 0 0 0 0 0 0 0 1 0 1 1 0 0 0 1 0 0 0
2 0 1 1 0 0 1 1 1 1 0 1 1 1 1 0 0 0 0 0 0 0 0 0 0 1 1 0 0 0 1 0 0 0
2 0 1 1 0 0 1 1 1 1 0 1 1 1 1 0 0 0 0 0 0 0 0 0 0 1 1 0 0 0 1 0 0 0
2 0 1 1 0 0 0 1 1 1 0 1 1 1 1 0 0 0 0 0 0 0 0 0 0 1 1 0 0 0 1 0 0 0
2 0 1 1 0 1 1 1 1 1 0 1 1 1 1 0 0 0 1 1 0 1 0 1 1 1 1 0 0 0 1 0 0 0
2 0 1 1 0 1 1 1 1 1 0 1 1 1 1 0 0 0 0 0 0 1 0 1 1 1 1 0 0 1 1 0 0 0
2 0 1 1 0 1 1 1 1 2 0 1 1 1 1 1 0 0 0 0 0 1 0 1 1 1 1 0 0 1 1 1 0 0
2 0 1 1 0 1 0 1 1 1 0 1 1 1 1 0 0 0 0 0 0 0 0 1 1 1 1 0 0 0 1 0 0 0
2 0 1 1 0 1 1 1 1 1 0 1 1 1 1 0 0 0 0 0 0 1 0 1 1 1 1 0 0 0 1 0 0 0
2 0 1 1 0 1 0 1 1 1 0 1 1 1 1 0 0 0 0 0 0 0 0 0 1 1 1 0 0 0 1 0 0 0
2 0 1 1 0 1 0 1 1 1 0 1 1 1 1 0 0 0 0 1 0 0 0 0 1 1 1 0 0 0 1 0 0 0
2 0 1 1 0 0 0 1 1 1 0 1 1 1 1 0 0 0 0 0 0 0 0 0 0 1 1 0 0 0 1 0 0 0
2 0 1 1 0 1 0 1 1 1 0 1 1 1 1 0 0 0 0 0 0 0 0 0 0 1 1 0 0 0 1 0 0 0
2 0 1 1 0 1 0 1 1 1 0 1 1 1 1 0 0 0 0 0 0 0 0 0 0 1 1 0 0 0 1 0 0 0
2 0 1 1 0 1 0 1 1 1 0 1 1 1 1 0 0 0 0 0 0 0 0 1 1 1 1 0 0 0 1 0 0 0
2 0 1 1 0 1 1 1 1 1 0 1 1 1 1 0 0 0 0 0 0 0 0 1 1 1 1 0 0 0 1 0 0 0
2 0 1 1 0 1 1 1 1 1 0 1 1 1 1 0 0 0 0 1 0 1 0 1 1 1 1 0 0 1 1 1 0 0
2 0 1 1 0 1 1 1 1 1 0 1 1 1 1 0 0 0 0 0 0 1 0 1 1 1 1 0 0 1 1 0 0 0
2 0 1 1 0 1 1 1 1 1 0 1 1 1 1 0 0 0 0 0 0 0 0 1 1 1 1 0 0 0 1 0 0 0
2 0 1 1 0 1 1 1 1 1 0 1 1 1 1 0 0 0 0 0 0 0 0 1 1 1 1 0 0 0 1 0 0 0
2 0 1 1 0 1 1 1 1 1 0 1 1 1 1 0 0 0 0 0 0 0 0 1 1 1 1 0 0 0 1 0 0 0
2 0 1 1 0 0 1 1 1 1 0 1 1 1 1 0 0 0 0 0 0 0 0 1 1 1 1 0 0 0 1 0 0 0
2 0 1 1 0 1 1 1 1 1 0 1 1 1 1 0 0 0 0 0 0 0 0 1 1 1 1 0 0 0 1 0 0 0
2 0 1 1 0 1 1 1 1 1 0 1 1 1 1 0 0 0 0 0 0 0 0 1 1 1 1 0 0 0 1 0 0 0
2 0 1 1 0 1 1 1 1 1 0 1 1 1 1 0 0 0 0 0 0 0 0 1 1 1 1 0 0 0 1 0 0 0
2 0 1 1 0 1 1 1 1 2 0 1 1 1 1 0 0 0 0 0 0 0 0 1 1 1 1 0 0 0 1 0 0 0
2 0 1 1 0 1 1 1 1 2 0 1 1 1 1 0 0 0 0 0 0 1 0 1 1 1 1 0 0 1 1 0 0 0
2 0 1 1 0 1 1 1 1 2 0 1 1 1 1 0 0 0 0 0 0 1 0 1 1 1 1 0 0 1 1 1 0 0
2 0 1 1 0 1 1 1 1 1 0 1 1 1 1 0 0 0 0 0 0 1 0 1 1 1 1 0 0 0 1 0 0 0
2 0 1 1 0 1 1 1 1 1 0 1 1 1 1 0 0 0 0 0 0 0 0 1 1 1 1 0 0 0 1 0 0 0
2 0 1 1 0 1 1 1 1 1 0 1 1 1 1 0 0 0 0 0 0 0 0 1 1 1 1 0 0 0 1 0 0 0
2 0 1 1 0 1 1 1 1 1 0 1 1 1 1 0 0 0 1 1 0 0 0 1 1 1 1 0 0 0 1 0 0 0
2 0 1 1 0 1 0 1 1 1 0 1 1 1 1 0 0 0 0 0 0 0 0 1 1 1 1 0 0 0 1 0 0 0
2 0 1 1 0 1 0 1 1 1 0 1 1 1 1 0 0 0 0 0 0 0 0 0 1 1 1 0 0 0 1 0 0 0
2 0 1 1 0 1 0 1 1 1 0 1 1 1 1 0 0 0 0 0 0 0 0 1 1 1 1 0 0 0 1 0 0 0
2 0 1 1 0 1 1 1 1 1 0 1 1 1 1 0 0 0 0 0 0 1 0 1 1 1 1 0 0 1 1 1 0 0
2 0 1 1 0 1 0 1 1 1 0 1 1 1 1 0 0 0 0 0 0 1 0 1 1 1 1 0 0 1 1 0 0 0
2 0 1 1 0 1 1 1 1 1 0 1 1 1 1 0 0 0 0 0 0 1 0 1 1 1 1 0 0 1 1 1 0 0
2 0 1 1 0 1 1 1 1 1 0 1 1 1 1 0 0 0 0 1 0 1 0 1 1 1 1 0 0 1 1 1 0 0
2 0 1 1 0 1 1 1 1 2 0 1 1 1 1 0 0 0 1 1 0 1 0 1 1 1 1 1 1 1 1 1 0 0
2 0 1 1 0 1 1 1 1 1 0 1 1 1 1 0 0 0 0 0 0 0 0 1 1 1 1 0 0 0 1 0 0 0
2 0 1 1 0 1 1 1 1 1 0 1 1 1 1 0 0 0 0 0 0 0 0 1 1 1 1 0 0 0 1 0 0 0
2 0 1 1 0 1 1 1 1 1 0 1 1 1 1 0 0 0 0 0 0 0 0 1 1 1 1 0 0 0 1 0 0 0
2 0 1 1 0 1 1 1 1 1 0 1 1 1 1 0 0 0 0 0 0 0 0 1 1 1 1 0 0 0 1 0 0 0
2 0 1 1 0 1 1 1 1 1 0 1 1 1 1 0 0 0 1 1 0 1 0 1 1 1 1 0 0 0 1 0 0 0
2 0 1 1 0 1 0 1 1 1 0 1 1 1 1 0 0 0 0 0 0 0 0 1 1 1 1 0 0 1 1 0 0 0
2 0 1 1 0 1 0 1 1 1 0 1 1 1 1 0 0 0 0 0 0 1 0 1 1 1 1 0 0 1 1 0 0 0
2 0 1 1 0 1 1 1 1 1 0 1 1 1 1 0 0 0 0 0 0 1 0 1 1 1 1 0 0 1 1 1 0 0
2 0 1 1 0 1 1 1 1 1 0 1 1 1 1 0 0 0 0 0 0 0 0 1 1 1 1 0 0 0 1 0 0 0
2 0 1 1 0 1 1 1 1 1 0 1 1 1 1 0 0 0 0 0 0 0 0 1 1 1 1 0 0 0 1 0 0 0
2 0 1 1 0 1 1 1 1 1 0 1 1 1 1 0 0 0 0 0 0 0 0 1 1 1 1 0 0 0 1 0 0 0
2 0 1 1 0 1 1 1 1 1 0 1 1 1 1 0 0 0 0 0 0 0 0 1 1 1 1 0 0 0 1 0 0 0
2 0 1 1 0 1 1 1 1 1 0 1 1 1 1 0 0 0 0 0 0 0 0 1 1 1 1 0 0 0 1 0 0 0
2 0 1 1 0 1 1 1 1 1 0 1 1 1 1 0 0 0 0 0 0 0 0 1 1 1 1 0 0 0 1 0 0 0
2 0 1 1 0 1 0 1 1 1 0 1 1 1 1 0 0 0 0 0 0 0 0 1 1 1 1 0 0 0 1 0 0 0
2 0 1 1 0 1 0 1 1 1 0 1 1 1 1 0 0 0 0 0 0 0 0 1 1 1 1 0 0 0 1 0 0 0
2 0 1 1 0 1 0 1 1 1 0 1 1 1 1 0 0 0 0 1 0 1 0 1 1 1 1 0 0 1 1 0 0 0
2 0 1 1 0 1 0 1 1 1 0 1 1 1 1 0 0 0 0 0 0 0 0 1 1 1 1 0 0 0 1 0 0 0
2 0 1 1 0 1 0 1 1 1 0 1 1 1 1 0 0 0 0 0 0 1 0 1 1 1 1 0 0 0 1 0 0 0
2 0 1 1 0 1 0 1 1 1 0 1 1 1 1 0 0 0 0 0 0 0 0 1 1 1 1 0 0 0 1 0 0 0
2 0 1 1 1 1 1 1 2 2 0 1 1 1 1 0 0 0 1 1 1 0 0 1 1 1 1 0 0 1 1 0 0 0
2 0 1 1 0 1 1 1 1 1 0 1 1 1 1 0 0 0 1 1 0 0 0 1 1 1 1 0 0 0 1 0 0 0
2 0 1 1 0 1 1 1 1 1 0 1 1 1 1 0 0 0 0 0 0 0 0 1 1 1 1 0 0 0 1 0 0 0
2 0 1 1 0 1 1 1 1 1 0 1 1 1 1 0 0 0 0 0 0 0 0 1 1 1 1 0 0 1 1 0 0 0
2 0 1 1 0 1 1 1 1 2 0 1 1 1 1 0 0 0 0 0 0 1 0 1 1 1 1 0 0 1 1 1 0 0
2 0 1 1 0 1 1 1 1 2 0 1 1 1 1 0 0 0 0 0 0 1 0 1 1 1 1 0 0 1 1 0 0 0
2 0 1 1 0 1 0 1 1 1 0 1 1 1 1 0 0 0 0 0 0 1 0 1 1 1 1 0 0 1 1 0 0 0
2 0 1 1 0 1 0 1 1 1 0 1 1 1 1 0 0 0 0 0 0 1 0 1 1 1 1 0 0 1 1 1 0 0
2 0 1 1 0 1 0 1 1 1 0 1 1 1 1 0 0 0 0 0 0 0 0 1 1 1 1 0 0 0 1 0 0 0
2 0 1 1 0 1 1 1 1 2 0 1 1 1 1 0 0 0 0 0 0 1 0 1 1 1 1 0 0 1 1 0 0 0
2 0 1 1 0 0 0 1 1 1 0 1 1 1 1 0 0 0 0 0 0 0 0 1 1 1 1 0 0 0 1 0 0 0
2 0 1 1 0 0 0 1 1 1 0 1 1 1 1 0 0 0 0 0 0 0 0 0 0 1 1 0 0 0 1 0 0 0
2 0 1 1 0 1 1 1 1 2 0 1 1 1 1 0 0 0 0 0 0 0 0 1 1 1 1 0 0 0 1 0 0 0
2 0 1 1 0 1 1 1 1 1 0 1 1 1 1 0 0 0 0 0 0 0 0 1 1 1 1 0 0 0 1 0 0 0
2 0 1 1 0 1 1 1 1 1 0 1 1 1 1 0 0 0 0 0 0 0 0 1 1 1 1 0 0 1 1 0 0 0
2 0 1 1 0 1 1 1 1 1 0 1 1 1 1 0 0 0 0 0 0 0 0 1 1 1 1 0 0 1 1 0 0 0
2 0 1 1 0 1 1 1 1 1 0 1 1 1 1 0 0 0 0 1 0 0 0 1 1 1 1 0 0 1 1 0 0 0
2 0 1 1 0 1 0 1 1 1 0 1 1 1 1 0 0 0 0 1 0 1 0 1 1 1 1 0 0 1 1 0 0 0
2 0 1 1 0 1 0 1 1 1 0 1 1 1 1 0 0 0 0 1 0 1 0 1 1 1 1 0 0 1 1 0 0 0
2 0 1 1 0 1 0 1 1 1 0 1 1 1 1 0 0 0 1 1 0 0 0 1 1 1 1 0 0 0 1 0 0 0
2 0 1 1 0 1 0 1 1 1 0 1 1 1 1 0 0 0 0 1 0 0 0 1 1 1 1 0 0 0 1 0 0 0
2 0 1 1 0 1 0 1 1 1 0 1 1 1 1 0 0 0 0 1 0 0 0 1 1 1 1 0 0 0 1 0 0 0
2 0 1 1 0 1 0 1 1 1 0 1 1 1 1 0 0 0 1 1 0 0 0 1 1 1 1 0 0 0 1 0 0 0
2 0 1 1 0 1 1 1 1 2 0 1 1 1 1 0 0 0 1 1 0 0 0 1 1 1 1 0 0 1 1 1 0 0
2 0 1 1 0 1 1 1 1 1 0 1 1 1 1 0 0 0 1 1 0 1 0 1 1 1 1 0 0 1 1 0 0 0
2 0 1 1 0 1 1 1 1 1 0 1 1 1 1 0 0 0 1 1 0 1 0 1 1 1 1 0 0 1 1 1 0 0
2 0 1 1 0 1 1 1 1 1 0 1 1 1 1 0 0 0 1 1 0 1 0 1 1 1 1 0 0 1 1 1 0 0
2 0 1 1 0 1 1 1 1 1 0 1 1 1 1 0 0 0 1 1 0 1 0 1 1 1 1 0 0 1 1 1 0 0
2 0 1 1 1 1 1 1 2 2 0 1 1 1 1 0 0 0 1 1 1 1 1 1 1 1 1 1 0 1 1 1 0 0
2 0 1 1 0 1 1 1 1 2 0 1 1 1 1 0 0 0 0 1 0 0 0 1 1 1 1 0 0 1 1 0 0 0
2 0 1 1 0 1 1 1 1 2 0 1 1 1 1 0 0 0 0 1 0 0 0 1 1 1 1 0 0 0 1 0 0 0
2 0 1 1 0 1 1 1 1 1 0 1 1 1 1 0 0 0 0 1 0 0 0 1 1 1 1 0 0 0 1 0 0 0
2 0 1 1 0 1 1 1 1 1 0 1 1 1 1 0 0 0 0 1 0 0 0 1 1 1 1 0 0 0 1 0 0 0
2 0 1 1 0 1 1 1 1 1 0 1 1 1 1 0 0 0 0 1 0 0 0 1 1 1 1 0 0 0 1 0 0 0
2 0 1 1 0 1 1 1 1 1 0 1 1 1 1 0 0 0 0 1 0 0 0 1 1 1 1 0 0 0 1 0 0 0
2 0 1 1 0 1 1 1 1 1 0 1 1 1 1 0 0 0 1 1 0 1 0 1 1 1 1 0 0 1 1 1 0 0
2 0 1 1 0 1 1 1 1 1 0 1 1 1 1 0 0 0 1 1 0 1 0 1 1 1 1 0 0 1 1 0 0 0
2 0 1 1 0 1 1 1 1 2 0 1 1 1 1 0 0 0 1 1 0 1 0 1 1 1 1 0 0 1 1 0 0 0
2 0 1 1 0 1 1 1 1 1 0 1 1 1 1 0 0 0 1 1 0 1 0 1 1 1 1 0 0 1 1 0 0 0
2 0 1 1 0 1 1 1 1 1 0 1 1 1 1 0 0 0 1 1 0 0 0 1 1 1 1 0 0 0 1 0 0 0
2 0 1 1 0 1 1 1 1 1 0 1 1 1 1 0 0 0 0 1 0 0 0 1 1 1 1 0 0 0 1 0 0 0
2 0 1 1 0 1 0 1 1 1 0 1 1 1 1 0 0 0 0 1 0 0 0 1 0 1 1 0 0 0 1 0 0 0
2 0 1 1 0 1 1 1 1 1 0 1 1 1 1 0 0 0 0 1 0 0 0 1 0 1 1 0 0 0 1 0 0 0
2 0 1 1 0 1 0 1 1 1 0 1 1 1 1 0 0 0 1 1 0 0 0 1 0 1 1 0 0 0 1 0 0 0
2 0 1 1 0 1 0 1 1 1 0 1 1 1 1 0 0 0 0 1 0 1 0 1 1 1 1 0 0 1 1 0 0 0
2 0 1 1 0 1 1 1 1 1 0 1 1 1 1 0 0 0 0 1 0 1 0 1 1 1 1 0 0 1 1 1 0 0
2 0 1 1 0 1 1 1 1 1 0 1 1 1 1 0 0 0 1 1 0 0 0 1 1 1 1 0 0 1 1 0 0 0
2 0 1 1 0 1 1 1 1 1 0 1 1 1 1 0 0 0 0 1 0 1 0 1 1 1 1 0 0 1 1 0 0 0
2 0 1 1 0 1 1 1 1 1 0 1 1 1 1 0 0 0 0 0 0 1 0 1 1 1 1 0 0 0 1 0 0 0
2 0 1 1 0 1 1 1 1 1 0 1 1 1 1 0 0 0 1 1 0 0 0 1 1 1 1 0 0 0 1 0 0 0
2 0 1 1 0 1 1 1 1 1 0 1 1 1 1 0 0 0 0 1 0 0 0 1 1 1 1 0 0 0 1 0 0 0
2 0 1 1 0 1 1 1 1 2 0 1 1 1 1 0 0 0 0 0 0 0 0 1 0 1 1 0 0 0 1 0 0 0
2 0 1 1 0 1 0 1 1 1 0 1 1 1 1 0 0 0 0 0 0 0 0 1 0 1 1 0 0 0 1 0 0 0
2 0 1 1 0 0 0 1 1 1 0 1 1 1 1 0 0 0 0 0 0 0 0 1 0 1 1 0 0 0 1 0 0 0
2 0 1 1 0 1 0 1 1 2 0 1 1 1 1 0 0 0 0 0 0 0 0 1 1 1 1 0 0 1 1 0 0 0
2 0 1 1 0 1 0 1 1 1 0 1 1 1 1 0 0 0 0 0 0 1 0 1 1 1 1 0 0 1 1 0 0 0
2 0 1 1 0 1 0 1 1 1 0 1 1 1 1 0 0 0 0 0 0 1 0 1 1 1 1 0 0 1 1 0 0 0
2 0 1 1 0 1 1 1 1 1 0 1 1 1 1 0 0 0 0 1 0 1 0 1 1 1 1 0 0 1 1 0 0 0
2 0 1 1 0 1 1 1 1 2 0 1 1 1 1 0 0 0 0 0 0 1 0 1 1 1 1 0 0 1 1 0 0 0
2 0 1 1 0 1 1 1 1 1 0 1 1 1 1 0 0 0 0 0 0 1 0 1 1 1 1 0 0 1 1 0 0 0
2 0 1 1 0 1 1 1 1 1 0 1 1 1 1 0 0 0 0 0 0 0 0 1 1 1 1 0 0 0 1 0 0 0
2 0 1 1 0 1 1 1 1 1 0 1 1 1 1 0 0 0 0 1 0 0 0 1 1 1 1 0 0 0 1 0 0 0
2 0 1 1 0 1 1 1 1 1 0 1 1 1 1 0 0 0 0 0 0 0 0 1 1 1 1 0 0 0 1 0 0 0
2 0 1 1 0 1 0 1 1 1 0 1 1 1 1 0 0 0 0 1 0 0 0 1 1 1 1 0 0 0 1 0 0 0
2 0 1 1 0 1 0 1 1 1 0 1 1 1 1 0 0 0 0 0 0 0 0 1 1 1 1 0 0 0 1 0 0 0
2 0 1 1 0 1 0 1 1 1 0 1 1 1 1 0 0 0 0 0 0 0 0 1 1 1 1 0 0 0 1 0 0 0
2 0 1 1 0 1 0 1 1 1 0 1 1 1 1 0 0 0 0 0 0 1 0 1 1 1 1 0 0 0 1 0 0 0
2 0 1 1 0 1 0 1 1 1 0 1 1 1 1 0 0 0 0 0 0 1 0 1 1 1 1 0 0 1 1 0 0 0
2 0 1 1 0 1 0 1 1 1 0 1 1 1 1 0 0 0 0 0 0 1 0 1 1 1 1 0 0 1 1 1 0 0
2 0 1 1 0 1 1 1 1 1 0 1 1 1 1 0 0 0 0 0 0 1 0 1 1 1 1 0 0 1 1 0 0 0
2 0 1 1 1 1 1 1 1 2 0 1 1 1 1 0 0 0 1 1 0 1 0 1 1 1 1 0 0 1 1 1 0 0
2 0 1 1 0 1 1 1 1 1 0 1 1 1 1 0 0 0 0 0 0 0 0 1 1 1 1 0 0 0 1 0 0 0
2 0 1 1 0 1 1 1 1 1 0 1 1 1 1 0 0 0 0 0 0 0 0 1 1 1 1 0 0 1 1 0 0 0
2 0 1 1 0 1 1 1 1 1 0 1 1 1 1 0 0 0 0 0 0 0 0 1 1 1 1 0 0 0 1 0 0 0
2 0 1 1 0 1 0 1 1 1 0 1 1 1 1 0 0 0 0 0 0 0 0 1 1 1 1 0 0 0 1 0 0 0
2 0 1 1 0 1 1 1 1 1 0 1 1 1 1 0 0 0 0 0 0 1 0 1 1 1 1 0 0 1 1 0 0 0
2 0 1 1 0 1 1 1 1 1 0 1 1 1 1 0 0 0 0 0 0 1 0 1 1 1 1 0 0 0 1 0 0 0
2 0 1 1 0 1 1 1 1 1 0 1 1 1 1 0 0 0 0 0 0 1 0 1 1 1 1 0 0 0 1 0 0 0
2 0 1 1 0 1 1 1 1 1 0 1 1 1 1 0 0 0 0 0 0 0 0 1 1 1 1 0 0 0 1 0 0 0
2 0 1 1 0 1 1 1 1 1 0 1 1 1 1 0 0 0 0 0 0 0 0 1 1 1 1 0 0 0 1 0 0 0
2 0 1 1 0 1 1 1 1 1 0 1 1 1 1 0 0 0 0 0 0 0 0 1 1 1 1 0 0 1 1 0 0 0
2 0 1 1 0 1 1 1 1 1 0 1 1 1 1 0 0 0 0 0 0 0 0 1 1 1 1 0 0 0 1 0 0 0
2 0 1 1 0 1 1 1 1 1 0 1 1 1 1 0 0 0 0 0 0 0 0 1 1 1 1 0 0 0 1 0 0 0
2 0 1 1 0 1 1 1 1 1 0 1 1 1 1 0 0 0 0 1 0 0 0 1 1 1 1 0 0 0 1 0 0 0
2 0 1 1 0 1 1 1 1 1 0 1 1 1 1 0 0 0 0 0 0 1 0 1 1 1 1 0 0 1 1 0 0 0
2 0 1 1 0 0 0 1 1 1 0 1 1 1 1 0 0 0 0 0 0 0 0 0 1 1 1 0 0 0 1 0 0 0
2 0 1 1 0 0 0 1 1 1 0 1 1 1 1 0 0 0 0 0 0 0 0 0 0 1 1 0 0 0 1 0 0 0
2 0 1 1 0 0 0 1 1 1 0 1 1 1 1 0 0 0 0 0 0 1 0 0 1 1 1 0 0 0 1 0 0 0
2 0 1 1 0 0 0 1 1 1 0 1 1 1 1 0 0 0 0 0 0 0 0 0 0 1 1 0 0 0 1 0 0 0
2 0 1 1 0 0 0 1 1 1 0 1 1 1 1 0 0 0 0 0 0 0 0 0 0 1 1 0 0 0 1 0 0 0
2 0 1 1 0 0 0 1 1 1 0 1 1 1 1 0 0 0 0 0 0 0 0 0 0 1 1 0 0 0 1 0 0 0
2 0 1 1 0 1 1 1 1 1 0 1 1 1 1 0 0 0 0 0 0 0 0 1 1 1 1 0 0 0 1 0 0 0
2 0 1 1 0 1 1 1 1 1 0 1 1 1 1 0 0 0 0 1 0 0 0 1 1 1 1 0 0 0 1 0 0 0
2 0 1 1 0 1 1 1 1 1 0 1 1 1 1 0 0 0 0 1 0 0 0 1 1 1 1 0 0 0 1 0 0 0
2 0 1 1 0 1 1 1 1 1 0 1 1 1 1 0 0 0 0 1 0 1 0 1 1 1 1 0 0 0 1 0 0 0
2 0 1 1 0 1 1 1 1 1 0 1 1 1 1 0 0 0 0 1 0 1 0 1 1 1 1 0 0 1 1 0 0 0
2 0 1 1 0 1 1 1 1 1 0 1 1 1 1 0 0 0 0 0 0 1 0 1 1 1 1 0 0 1 1 0 0 0
2 0 1 1 0 1 1 1 1 1 0 1 1 1 1 0 0 0 0 0 0 1 0 1 1 1 1 0 0 1 1 1 0 0
2 0 1 1 0 1 1 1 1 1 0 1 1 1 1 0 0 0 0 0 0 0 0 1 1 1 1 0 0 0 1 0 0 0
2 0 1 1 0 1 0 1 1 1 0 1 1 1 1 0 0 0 0 0 0 0 0 1 1 1 1 0 0 1 1 0 0 0
2 0 1 1 0 1 1 1 1 2 0 1 1 1 1 0 0 0 0 1 0 1 0 1 1 1 1 0 0 0 1 0 0 0
2 0 1 1 0 1 1 1 1 1 0 1 1 1 1 0 0 0 0 1 0 0 0 1 1 1 1 0 0 0 1 0 0 0
2 0 1 1 0 1 1 1 1 1 0 1 1 1 1 0 0 0 0 0 0 0 0 1 1 1 1 0 0 0 1 0 0 0
2 0 1 1 0 1 1 1 1 1 0 1 1 1 1 0 0 0 0 1 0 0 0 1 1 1 1 0 0 1 1 0 0 0
2 0 1 1 0 1 1 1 1 2 0 1 1 1 1 0 0 0 1 1 0 0 0 1 1 1 1 0 0 0 1 0 0 0
2 0 1 1 0 1 1 1 1 1 0 1 1 1 1 0 0 0 0 1 0 1 0 1 1 1 1 0 0 1 1 0 0 0
2 0 1 1 0 1 1 1 1 1 0 1 1 1 1 0 0 0 0 1 0 0 0 1 1 1 1 0 0 0 1 0 0 0
2 0 1 1 0 1 1 1 1 2 0 1 1 1 1 0 0 0 0 0 0 0 0 1 1 1 1 0 0 0 1 0 0 0
2 0 1 1 0 1 1 1 1 2 0 1 1 1 1 0 0 0 0 0 0 0 0 1 1 1 1 0 0 1 1 0 0 0
2 0 1 1 0 1 1 1 1 1 0 1 1 1 1 0 0 0 0 0 0 0 0 1 1 1 1 0 0 1 1 0 0 0
2 0 1 1 0 1 1 1 1 2 0 1 1 1 1 0 0 0 1 1 0 0 0 1 1 1 1 0 0 1 1 0 0 0
2 0 1 1 0 1 1 1 1 2 0 1 1 1 1 0 0 0 0 1 0 1 0 1 1 1 1 0 0 1 1 1 0 0
2 0 1 1 0 1 1 1 1 2 0 1 1 1 1 0 0 0 0 1 0 1 0 1 1 1 1 0 0 1 1 0 0 0
2 0 1 1 0 1 1 1 1 2 0 1 1 1 1 0 0 0 0 1 0 1 0 1 1 1 1 0 0 1 1 0 0 0
2 0 1 1 1 1 1 2 2 2 0 1 1 1 1 1 0 0 1 1 1 1 1 1 1 1 1 1 1 1 1 1 1 1
2 0 1 1 0 1 1 1 1 2 0 1 1 1 1 0 0 0 1 1 0 0 0 1 1 1 1 0 0 1 1 1 0 0
2 0 1 1 0 1 1 1 1 2 0 1 1 1 1 0 0 0 1 1 0 0 0 1 1 1 1 0 0 1 1 0 0 0
2 0 1 1 0 1 1 1 1 1 0 1 1 1 1 0 0 0 1 1 0 0 0 1 1 1 1 0 0 0 1 0 0 0
2 0 1 1 0 1 1 1 1 1 0 1 1 1 1 0 0 0 1 1 0 0 0 1 1 1 1 0 0 1 1 0 0 0
2 0 1 1 0 1 1 1 1 1 0 1 1 1 1 0 0 0 1 1 0 1 0 1 1 1 1 0 0 1 1 0 0 0
2 0 1 1 0 1 1 1 1 1 0 1 1 1 1 0 0 0 1 1 0 1 0 1 1 1 1 0 0 1 1 0 0 0
2 0 1 1 0 1 1 1 1 1 0 1 1 1 1 0 0 0 1 1 0 1 0 1 1 1 1 0 0 1 1 1 0 0
2 0 1 1 0 1 1 1 1 1 0 1 1 1 1 0 0 0 1 1 0 1 0 1 1 1 1 0 0 1 1 1 0 0
2 0 1 1 0 1 1 1 1 1 0 1 1 1 1 0 0 0 1 1 0 1 0 1 1 1 1 0 0 1 1 0 0 0
2 0 1 1 0 1 1 1 1 1 0 1 1 1 1 0 0 0 1 1 0 0 0 1 1 1 1 0 0 1 1 0 0 0
2 0 1 1 0 1 1 1 1 1 0 1 1 1 1 0 0 0 1 1 0 0 0 1 1 1 1 0 0 0 1 0 0 0
2 0 1 1 0 1 1 1 1 1 0 1 1 1 1 0 0 0 1 1 0 0 0 1 1 1 1 0 0 1 1 0 0 0
2 0 1 1 0 1 1 1 1 2 0 1 1 1 1 0 0 0 1 1 0 0 0 1 1 1 1 0 0 0 1 0 0 0
2 0 1 1 0 1 1 1 1 2 0 1 1 1 1 0 0 0 1 1 0 0 0 1 1 1 1 0 0 1 1 0 0 0
2 0 1 1 0 1 1 1 1 2 0 1 1 1 1 0 0 0 1 1 0 1 0 1 1 1 1 0 0 1 1 0 0 0
2 0 1 1 0 1 1 1 1 2 0 1 1 1 1 0 0 0 1 1 0 1 0 1 1 1 1 0 0 1 1 1 0 0
2 0 1 1 0 1 1 1 1 2 0 1 1 1 1 0 0 0 1 1 0 1 0 1 1 1 1 0 0 1 1 1 0 0
2 0 1 1 0 1 1 1 1 1 0 1 1 1 1 0 0 0 1 1 0 1 0 1 1 1 1 0 0 1 1 1 0 0
2 0 1 1 0 1 1 1 1 1 0 1 1 1 1 0 0 0 1 1 0 1 0 1 1 1 1 0 0 1 1 0 0 0
2 0 1 1 0 1 1 1 1 2 0 1 1 1 1 0 0 0 1 1 0 0 0 1 1 1 1 0 0 1 1 0 0 0
2 0 1 1 0 1 1 1 1 2 0 1 1 1 1 0 0 0 1 1 0 0 0 1 1 1 1 0 0 0 1 0 0 0
2 0 1 1 0 1 1 1 1 2 0 1 1 1 1 0 0 0 1 1 0 0 0 1 1 1 1 0 0 0 1 0 0 0
2 0 1 1 0 1 1 1 1 2 0 1 1 1 1 0 0 0 1 1 0 0 0 1 1 1 1 0 0 1 1 0 0 0
2 0 1 1 0 1 1 1 1 1 0 1 1 1 1 0 0 0 1 1 0 0 0 1 1 1 1 0 0 0 1 0 0 0
2 0 1 1 0 1 1 1 1 1 0 1 1 1 1 0 0 0 0 1 0 1 0 1 1 1 1 0 0 1 1 0 0 0
2 0 1 1 0 1 1 1 1 1 0 1 1 1 1 0 0 0 1 1 0 1 0 1 1 1 1 0 0 1 1 0 0 0
2 0 1 1 0 1 1 1 1 1 0 1 1 1 1 0 0 0 1 1 0 1 0 1 1 1 1 0 0 1 1 0 0 0
2 0 1 1 0 1 1 1 1 2 0 1 1 1 1 0 0 0 1 1 0 1 0 1 1 1 1 0 0 1 1 1 0 0
2 0 1 1 0 1 0 1 1 1 0 1 1 1 1 0 0 0 0 1 0 0 0 1 1 1 1 0 0 1 1 0 0 0
2 0 1 1 0 1 0 1 1 1 0 1 1 1 1 0 0 0 0 1 0 1 0 1 1 1 1 0 0 0 1 0 0 0
2 0 1 1 0 1 0 1 1 1 0 1 1 1 1 0 0 0 0 1 0 0 0 1 0 1 1 0 0 0 1 0 0 0
2 0 1 1 0 1 0 1 1 1 0 1 1 1 1 0 0 0 0 0 0 0 0 1 1 1 1 0 0 0 1 0 0 0
2 0 1 1 0 0 0 1 1 1 0 1 1 1 1 0 0 0 0 0 0 0 0 1 0 1 1 0 0 0 1 0 0 0
2 0 1 1 0 0 0 1 1 1 0 1 1 1 1 0 0 0 0 0 0 0 0 0 0 1 1 0 0 0 1 0 0 0
2 0 1 1 0 1 0 1 1 1 0 1 1 1 1 0 0 0 0 1 0 1 0 1 1 1 1 0 0 0 1 0 0 0
2 0 1 1 0 1 1 1 1 1 0 1 1 1 1 0 0 0 0 0 0 1 0 1 1 1 1 0 0 1 1 0 0 0
2 0 1 1 0 1 1 1 1 1 0 1 1 1 1 0 0 0 0 1 0 1 0 1 1 1 1 0 0 1 1 0 0 0
2 0 1 1 0 1 1 1 1 1 0 1 1 1 1 0 0 0 0 1 0 1 0 1 1 1 1 0 0 1 1 0 0 0
2 0 1 1 0 1 1 1 1 2 0 1 1 1 1 0 0 0 0 1 0 1 0 1 1 1 1 0 0 1 1 1 0 0
2 0 1 1 0 0 0 1 1 1 0 1 1 1 1 0 0 0 0 1 0 0 0 1 0 1 1 0 0 0 1 0 0 0
2 0 1 1 0 1 1 1 1 1 0 1 1 1 1 0 0 0 0 1 0 0 0 1 1 1 1 0 0 1 1 0 0 0
2 0 1 1 0 0 0 1 1 1 0 1 1 1 1 0 0 0 0 0 0 0 0 0 0 1 1 0 0 0 1 0 0 0
2 0 1 1 0 0 1 1 1 2 0 1 1 1 1 0 0 0 0 0 0 0 0 0 0 1 1 0 0 0 1 0 0 0
2 0 1 1 0 0 0 1 1 1 0 1 1 1 1 0 0 0 0 0 0 0 0 0 0 1 1 0 0 0 1 0 0 0
2 0 1 1 0 1 0 1 1 1 0 1 1 1 1 0 0 0 0 0 0 0 0 0 0 1 1 0 0 0 1 0 0 0
2 0 1 1 0 1 1 1 1 2 0 1 1 1 1 0 0 0 0 0 0 1 0 1 1 1 1 0 0 1 1 0 0 0
2 0 1 1 0 1 1 1 1 1 0 1 1 1 1 0 0 0 0 0 0 1 0 1 1 1 1 0 0 1 1 0 0 0
2 0 1 1 0 1 1 1 1 1 0 1 1 1 1 0 0 0 0 0 0 1 0 1 1 1 1 0 0 1 1 0 0 0
2 0 1 1 0 1 1 1 1 1 0 1 1 1 1 0 0 0 0 1 0 1 0 1 1 1 1 0 0 0 1 0 0 0
2 0 1 1 0 1 1 1 1 1 0 1 1 1 1 0 0 0 0 0 0 0 0 1 1 1 1 0 0 0 1 0 0 0
2 0 1 1 0 1 0 1 1 1 0 1 1 1 1 0 0 0 0 0 0 0 0 1 0 1 1 0 0 0 1 0 0 0
2 0 1 1 0 0 0 1 1 1 0 1 1 1 1 0 0 0 0 0 0 0 0 0 0 1 1 0 0 0 1 0 0 0
2 0 1 1 0 1 1 1 1 1 0 1 1 1 1 0 0 0 0 0 0 0 0 1 1 1 1 0 0 0 1 0 0 0
2 0 1 1 0 1 1 1 1 1 0 1 1 1 1 0 0 0 1 1 0 0 0 1 1 1 1 0 0 1 1 0 0 0
2 0 1 1 0 1 1 1 1 1 0 1 1 1 1 0 0 0 0 0 0 1 0 1 1 1 1 0 0 0 1 0 0 0
2 0 1 1 0 1 1 1 1 1 0 1 1 1 1 0 0 0 0 0 0 1 0 1 1 1 1 0 0 1 1 0 0 0
2 0 1 1 0 1 1 1 1 2 0 1 1 1 1 1 0 0 1 0 0 1 0 1 1 1 1 1 0 1 1 1 0 0
2 0 1 1 0 1 1 1 1 1 0 1 1 1 1 0 0 0 0 0 0 1 0 1 1 1 1 0 0 1 1 0 0 0
2 0 1 1 0 1 1 1 1 1 0 1 1 1 1 0 0 0 0 0 0 1 0 1 1 1 1 0 0 1 1 0 0 0
2 0 1 1 0 1 1 1 1 2 0 1 1 1 1 0 0 0 1 1 0 1 0 1 1 1 1 0 0 1 1 0 0 0
2 0 1 1 0 1 1 1 1 2 0 1 1 1 1 0 0 0 0 0 0 0 0 1 1 1 1 0 0 0 1 0 0 0
2 0 1 1 0 1 1 1 1 2 0 1 1 1 1 0 0 0 1 1 0 0 0 1 1 1 1 0 0 1 1 0 0 0
2 0 1 1 0 1 1 1 1 1 0 1 1 1 1 0 0 0 0 0 0 0 0 1 1 1 1 0 0 1 1 0 0 0
2 0 1 1 0 1 1 1 1 2 0 1 1 1 1 0 0 0 0 0 0 0 0 1 1 1 1 0 0 0 1 0 0 0
2 0 1 1 0 1 1 1 1 2 0 1 1 1 1 0 0 0 0 0 0 1 0 1 1 1 1 0 0 1 1 0 0 0
2 0 1 1 0 1 1 1 1 2 0 1 1 1 1 0 0 0 0 0 0 1 0 1 1 1 1 0 0 1 1 0 0 0
2 0 1 1 0 1 1 1 1 1 0 1 1 1 1 0 0 0 0 0 0 1 0 1 1 1 1 0 0 1 1 1 0 0
2 0 1 1 0 1 1 1 1 2 0 1 1 1 1 0 0 0 0 0 0 1 0 1 1 1 1 0 0 1 1 1 0 0
2 0 1 1 0 1 1 1 1 2 0 1 1 1 1 0 0 0 0 0 0 0 0 1 1 1 1 0 0 0 1 0 0 0
2 0 1 1 0 1 1 1 1 2 0 1 1 1 1 0 0 0 1 1 0 0 0 1 1 1 1 0 0 0 1 0 0 0
2 0 1 1 0 1 1 1 1 2 0 1 1 1 1 0 0 0 0 0 0 0 0 1 1 1 1 0 0 0 1 0 0 0
2 0 1 1 0 1 1 1 1 1 0 1 1 1 1 0 0 0 0 0 0 0 0 1 1 1 1 0 0 0 1 0 0 0
2 0 1 1 0 1 1 1 1 1 0 1 1 1 1 0 0 0 1 1 0 0 0 1 1 1 1 0 0 0 1 0 0 0
2 0 1 1 0 1 1 1 1 1 0 1 1 1 1 0 0 0 0 0 0 0 0 1 1 1 1 0 0 1 1 0 0 0
2 0 1 1 0 1 1 1 1 1 0 1 1 1 1 0 0 0 0 0 0 0 0 1 1 1 1 0 0 0 1 0 0 0
2 0 1 1 0 1 1 1 1 1 0 1 1 1 1 0 0 0 0 0 0 1 0 1 1 1 1 0 0 1 1 0 0 0
2 0 1 1 0 1 1 1 1 1 0 1 1 1 1 0 0 0 0 0 0 1 0 1 1 1 1 0 0 1 1 0 0 0
2 0 1 1 0 1 1 1 1 1 0 1 1 1 1 0 0 0 0 0 0 1 0 1 1 1 1 0 0 1 1 0 0 0
2 0 1 1 0 1 1 1 1 1 0 1 1 1 1 0 0 0 0 0 0 1 0 1 1 1 1 0 0 1 1 1 0 0
2 0 1 1 0 1 1 1 1 1 0 1 1 1 1 0 0 0 0 0 0 1 0 1 1 1 1 0 0 0 1 0 0 0
2 0 1 1 0 1 1 1 1 1 0 1 1 1 1 0 0 0 0 0 0 0 0 1 1 1 1 0 0 0 1 0 0 0
2 0 1 1 0 1 1 1 1 1 0 1 1 1 1 0 0 0 0 0 0 0 0 1 1 1 1 0 0 0 1 0 0 0
2 0 1 1 0 1 1 1 1 2 0 1 1 1 1 0 0 0 0 0 0 0 0 1 1 1 1 0 0 1 1 0 0 0
2 0 1 1 0 1 1 1 1 1 0 1 1 1 1 0 0 0 0 0 0 0 0 1 1 1 1 0 0 0 1 0 0 0
2 0 1 1 0 1 1 1 1 2 0 1 1 1 1 0 0 0 0 0 0 1 0 1 1 1 1 0 0 1 1 0 0 0
2 0 1 1 0 1 1 1 1 1 0 1 1 1 1 0 0 0 0 0 0 1 0 1 1 1 1 0 0 0 1 0 0 0
2 0 1 1 0 1 1 1 1 1 0 1 1 1 1 0 0 0 0 0 0 0 0 1 1 1 1 0 0 1 1 0 0 0
2 0 1 1 0 1 1 1 1 1 0 1 1 1 1 0 0 0 0 0 0 1 0 1 1 1 1 0 0 0 1 0 0 0
2 0 1 1 0 1 0 1 1 1 0 1 1 1 1 0 0 0 0 0 0 0 0 1 1 1 1 0 0 0 1 0 0 0
2 0 1 1 0 1 0 1 1 1 0 1 1 1 1 0 0 0 0 0 0 0 0 1 1 1 1 0 0 0 1 0 0 0
2 0 1 1 1 1 1 1 2 2 0 1 1 1 1 1 0 0 1 1 1 1 1 1 1 1 1 1 1 1 1 1 0 0
2 0 1 1 0 1 1 1 1 2 0 1 1 1 1 0 0 0 0 0 0 0 0 1 1 1 1 0 0 0 1 0 0 0
2 0 1 1 0 1 1 1 1 1 0 1 1 1 1 0 0 0 0 0 0 0 0 1 1 1 1 0 0 0 1 0 0 0
2 0 1 1 0 1 1 1 1 1 0 1 1 1 1 0 0 0 0 0 0 0 0 1 1 1 1 0 0 1 1 0 0 0
2 0 1 1 0 1 1 1 1 1 0 1 1 1 1 0 0 0 0 0 0 1 0 1 1 1 1 0 0 1 1 0 0 0
2 0 1 1 0 1 1 1 1 1 0 1 1 1 1 0 0 0 0 0 0 1 0 1 1 1 1 0 0 1 1 0 0 0
2 0 1 1 0 1 0 1 1 1 0 1 1 1 1 0 0 0 0 0 0 1 0 1 1 1 1 0 0 1 1 0 0 0
2 0 1 1 0 1 0 1 1 1 0 1 1 1 1 0 0 0 0 0 0 1 0 1 1 1 1 0 0 1 1 0 0 0
2 0 1 1 0 1 0 1 1 1 0 1 1 1 1 0 0 0 0 0 0 1 0 1 1 1 1 0 0 1 1 0 0 0
2 0 1 1 0 1 1 1 1 1 0 1 1 1 1 0 0 0 0 0 0 0 0 1 1 1 1 0 0 1 1 1 0 0
2 0 1 1 0 1 0 1 1 1 0 1 1 1 1 0 0 0 0 0 0 0 0 1 1 1 1 0 0 0 1 0 0 0
2 0 1 1 0 1 1 1 1 1 0 1 1 1 1 0 0 0 0 0 0 0 0 1 1 1 1 0 0 0 1 0 0 0
2 0 1 1 0 1 1 1 1 1 0 1 1 1 1 0 0 0 1 1 0 0 0 1 1 1 1 0 0 0 1 0 0 0
2 0 1 1 0 1 1 1 1 1 0 1 1 1 1 0 0 0 0 0 0 0 0 1 1 1 1 0 0 0 1 0 0 0
2 0 1 1 0 1 1 1 1 1 0 1 1 1 1 0 0 0 0 0 0 1 0 1 1 1 1 0 0 1 1 0 0 0
2 0 1 1 0 1 1 1 1 2 0 1 1 1 1 0 0 0 0 0 0 1 0 1 1 1 1 0 0 1 1 1 0 0
2 0 1 1 0 1 1 1 1 2 0 1 1 1 1 0 0 0 0 0 0 1 0 1 1 1 1 0 0 1 1 1 0 0
2 0 1 1 0 1 1 1 1 1 0 1 1 1 1 0 0 0 0 0 0 1 0 1 1 1 1 0 0 1 1 0 0 0
2 0 1 1 0 1 1 1 1 1 0 1 1 1 1 0 0 0 0 0 0 1 0 1 1 1 1 0 0 1 1 0 0 0
2 0 1 1 0 1 1 1 1 1 0 1 1 1 1 0 0 0 0 0 0 1 0 1 1 1 1 0 0 1 1 0 0 0
2 0 1 1 0 1 1 1 1 2 0 1 1 1 1 0 0 0 0 0 0 0 0 1 1 1 1 0 0 0 1 0 0 0
2 0 1 1 0 1 1 1 1 1 0 1 1 1 1 0 0 0 0 0 0 0 0 1 1 1 1 0 0 0 1 0 0 0
2 0 1 1 0 1 1 1 1 1 0 1 1 1 1 0 0 0 0 0 0 0 0 1 1 1 1 0 0 0 1 0 0 0
2 0 1 1 0 1 1 1 1 1 0 1 1 1 1 0 0 0 0 0 0 0 0 1 1 1 1 0 0 0 1 0 0 0
2 0 1 1 0 1 1 1 1 1 0 1 1 1 1 0 0 0 0 0 0 1 0 1 1 1 1 0 0 1 1 0 0 0
2 0 1 1 0 1 1 1 1 1 0 1 1 1 1 0 0 0 0 0 0 1 0 1 1 1 1 0 0 1 1 0 0 0
2 0 1 1 0 1 1 1 1 1 0 1 1 1 1 0 0 0 0 1 0 1 0 1 1 1 1 0 0 1 1 1 0 0
2 0 1 1 0 1 1 1 1 1 0 1 1 1 1 0 0 0 0 0 0 1 0 1 1 1 1 0 0 1 1 1 0 0
2 0 2 2 1 1 1 2 2 2 0 1 1 2 1 1 0 0 1 1 1 1 1 1 1 1 1 1 1 1 2 1 1 1
2 0 1 1 0 1 1 1 1 1 0 1 1 1 1 0 0 0 0 0 0 1 0 1 1 1 1 0 0 1 1 0 0 0
2 0 1 1 0 1 0 1 1 1 0 1 1 1 1 0 0 0 0 0 0 0 0 1 1 1 1 0 0 0 1 0 0 0
2 0 1 1 0 1 0 1 1 1 0 1 1 1 1 0 0 0 0 0 0 0 0 1 1 1 1 0 0 0 1 0 0 0
2 0 1 1 0 0 0 1 1 1 0 1 1 1 1 0 0 0 0 0 0 0 0 0 1 1 1 0 0 0 1 0 0 0
2 0 1 1 0 0 0 1 1 1 0 1 1 1 1 0 0 0 0 0 0 0 0 0 1 1 1 0 0 0 1 0 0 0
2 0 1 1 0 1 0 1 1 1 0 1 1 1 1 0 0 0 0 0 0 1 0 1 1 1 1 0 0 1 1 0 0 0
2 0 1 1 0 1 1 1 1 1 0 1 1 1 1 0 0 0 0 0 0 1 0 1 1 1 1 0 0 1 1 1 0 0
2 0 1 1 0 1 1 1 1 1 0 1 1 1 1 0 0 0 0 0 0 1 0 1 1 1 1 0 0 1 1 1 0 0
2 0 1 1 0 1 1 1 1 1 0 1 1 1 1 1 0 0 0 0 0 1 0 1 1 1 1 0 0 1 1 1 0 0
2 0 1 1 0 1 1 1 1 1 0 1 1 1 1 0 0 0 0 0 0 1 0 1 1 1 1 0 0 1 1 1 0 0
2 0 1 1 0 1 1 1 1 1 0 1 1 1 1 0 0 0 0 0 0 1 0 1 1 1 1 0 0 1 1 1 0 0
2 0 1 1 0 0 0 1 1 1 0 1 1 1 1 0 0 0 0 0 0 0 0 0 0 1 1 0 0 0 1 0 0 0
2 0 1 1 0 1 0 1 1 1 0 1 1 1 1 0 0 0 0 0 0 0 0 1 1 1 1 0 0 0 1 0 0 0
2 0 1 1 0 0 0 1 1 1 0 1 1 1 1 0 0 0 0 0 0 0 0 0 0 1 1 0 0 0 1 0 0 0
2 0 1 1 0 1 1 1 1 2 0 1 1 1 1 0 0 0 0 0 0 1 0 1 1 1 1 0 0 1 1 0 0 0
2 0 1 1 0 0 0 1 1 1 0 1 1 1 1 0 0 0 0 0 0 1 0 0 1 1 1 0 0 1 1 0 0 0
2 0 1 1 0 0 0 1 1 1 0 1 1 1 1 0 0 0 0 0 0 1 0 0 1 1 1 0 0 0 1 0 0 0
2 0 1 1 0 1 1 1 1 1 0 1 1 1 1 0 0 0 0 0 0 1 0 1 1 1 1 0 0 1 1 1 0 0
2 0 1 1 0 1 1 1 1 1 0 1 1 1 1 0 0 0 0 0 0 1 0 1 1 1 1 0 0 1 1 1 0 0
2 0 1 1 0 1 0 1 1 1 0 1 1 1 1 0 0 0 0 0 0 1 0 1 1 1 1 0 0 1 1 1 0 0
2 0 1 1 0 1 0 1 1 1 0 1 1 1 1 0 0 0 0 0 0 1 0 1 1 1 1 0 0 1 1 1 0 0
2 0 1 1 0 1 1 1 1 1 0 1 1 1 1 0 0 0 0 0 0 1 0 1 1 1 1 0 0 0 1 0 0 0
2 0 1 1 0 1 0 1 1 1 0 1 1 1 1 0 0 0 0 0 0 0 0 0 0 1 1 0 0 0 1 0 0 0
2 0 1 1 0 1 0 1 1 1 0 1 1 1 1 0 0 0 0 0 0 0 0 1 1 1 1 0 0 0 1 0 0 0
2 0 1 1 0 0 0 1 1 1 0 1 1 1 1 0 0 0 0 0 0 0 0 0 0 1 1 0 0 0 1 0 0 0
2 0 1 1 0 0 0 1 1 1 0 1 1 1 1 0 0 0 0 0 0 1 0 0 0 1 1 0 0 1 1 0 0 0
2 0 1 1 0 1 0 1 1 1 0 1 1 1 1 0 0 0 0 0 0 1 0 1 1 1 1 0 0 1 1 1 0 0
2 0 1 1 0 1 0 1 1 1 0 1 1 1 1 0 0 0 0 0 0 1 0 1 1 1 1 0 0 1 1 1 0 0
2 0 1 1 0 1 1 1 1 1 0 1 1 1 1 0 0 0 0 0 0 1 0 1 1 1 1 0 0 1 1 1 0 0
2 0 1 1 0 1 0 1 1 1 0 1 1 1 1 0 0 0 0 1 0 1 0 1 1 1 1 0 0 1 1 0 0 0
2 0 1 1 0 1 1 1 1 1 0 1 1 1 1 0 0 0 0 1 0 1 0 1 1 1 1 0 0 1 1 0 0 0
2 0 1 1 0 1 1 1 1 1 0 1 1 1 1 0 0 0 0 0 0 0 0 1 1 1 1 0 0 0 1 0 0 0
2 0 1 1 0 1 1 1 1 1 0 1 1 1 1 0 0 0 0 1 0 0 0 1 1 1 1 0 0 0 1 0 0 0
2 0 1 1 0 1 1 1 1 1 0 1 1 1 1 0 0 0 0 0 0 0 0 1 1 1 1 0 0 1 1 0 0 0
2 0 1 1 0 1 0 1 1 1 0 1 1 1 1 0 0 0 0 0 0 0 0 1 0 1 1 0 0 0 1 0 0 0
2 0 1 1 0 1 0 1 1 1 0 1 1 1 1 0 0 0 0 1 0 0 0 1 1 1 1 0 0 1 1 0 0 0
2 0 1 1 0 0 0 1 1 1 0 1 1 1 1 0 0 0 0 1 0 1 0 1 1 1 1 0 0 1 1 1 0 0
2 0 1 1 0 1 0 1 1 1 0 1 1 1 1 0 0 0 0 1 0 1 0 1 1 1 1 0 0 1 1 1 0 0
2 0 1 1 0 1 0 1 1 1 0 1 1 1 1 0 0 0 0 0 0 1 0 1 1 1 1 0 0 1 1 1 0 0
2 0 1 1 0 1 1 1 1 1 0 1 1 1 1 1 0 0 0 0 0 1 0 1 1 1 1 1 0 1 1 1 0 0
2 0 1 1 0 1 0 1 1 1 0 1 1 1 1 0 0 0 0 1 0 0 0 1 1 1 1 0 0 0 1 0 0 0
2 0 1 1 0 1 1 1 1 1 0 1 1 1 1 0 0 0 1 1 0 0 0 1 1 1 1 0 0 0 1 0 0 0
2 0 1 1 0 1 1 1 1 1 0 1 1 1 1 0 0 0 0 1 0 0 0 1 1 1 1 0 0 0 1 0 0 0
2 0 1 1 0 1 1 1 1 1 0 1 1 1 1 0 0 0 0 1 0 0 0 1 1 1 1 0 0 0 1 0 0 0
2 0 1 1 0 1 1 1 1 1 0 1 1 1 1 0 0 0 0 1 0 0 0 1 1 1 1 0 0 0 1 0 0 0
2 0 1 1 0 1 0 1 1 1 0 1 1 1 1 0 0 0 0 1 0 1 0 1 1 1 1 0 0 1 1 1 0 0
2 0 1 1 0 1 0 1 1 1 0 2 1 2 1 0 0 0 0 1 0 1 0 1 1 1 1 0 0 1 1 1 0 0
2 0 1 1 0 1 0 1 1 1 0 1 1 1 1 1 0 0 0 1 0 1 0 1 1 1 1 0 0 1 1 1 0 0
2 0 1 1 0 0 0 1 1 1 0 1 1 1 1 1 0 0 0 0 0 1 0 1 1 1 1 0 0 1 1 1 0 0
2 0 1 1 0 1 0 1 1 1 0 1 1 1 1 0 0 0 0 1 0 1 0 1 1 1 1 0 0 1 1 1 0 0
2 0 1 1 0 0 0 1 1 1 0 1 1 1 1 0 0 0 0 1 0 0 0 0 1 1 1 0 0 0 1 0 0 0
2 0 1 1 0 1 1 1 1 1 0 1 1 1 1 0 0 0 0 1 0 0 0 1 1 1 1 0 0 0 1 0 0 0
2 0 1 1 0 1 1 1 1 1 0 1 1 1 1 0 0 0 0 1 0 0 0 1 1 1 1 0 0 0 1 0 0 0
2 0 1 1 0 1 1 1 1 1 0 1 1 1 1 0 0 0 0 1 0 0 0 1 1 1 1 0 0 0 1 0 0 0
2 0 1 1 0 1 1 1 1 1 0 1 1 1 1 0 0 0 0 1 0 1 0 1 1 1 1 0 0 1 1 0 0 0
2 0 1 1 0 1 1 1 1 1 0 1 1 1 1 0 0 0 0 0 0 1 0 1 1 1 1 0 0 1 1 0 0 0
2 0 1 1 0 1 1 1 1 2 0 1 1 2 1 1 0 0 0 0 0 1 0 1 1 1 1 0 0 1 1 1 0 0
2 0 1 1 0 1 0 1 1 1 0 1 1 2 1 0 0 0 0 0 0 1 0 1 1 1 1 0 0 1 1 1 0 0
2 0 1 1 0 1 1 1 1 1 0 1 1 1 1 0 0 0 1 1 0 1 0 1 1 1 1 0 0 1 1 1 0 0
2 0 1 1 0 1 0 1 1 1 0 1 1 1 1 0 0 0 0 1 0 1 0 1 1 1 1 0 0 1 1 1 0 0
2 0 1 1 0 1 0 1 1 1 0 1 1 1 1 0 0 0 0 0 0 1 0 1 1 1 1 0 0 1 1 1 0 0
2 0 1 1 0 1 1 1 1 1 0 1 1 1 1 0 0 0 0 0 0 0 0 0 1 1 1 0 0 0 1 0 0 0
2 0 1 1 0 1 1 1 1 2 0 1 1 1 1 0 0 0 1 1 0 1 0 1 1 1 1 1 1 1 1 1 0 0
2 0 1 1 0 1 1 1 1 1 0 1 1 1 1 0 0 0 0 1 0 0 0 1 1 1 1 0 0 0 1 0 0 0
2 0 1 1 0 1 1 1 1 1 0 1 1 1 1 0 0 0 0 0 0 0 0 1 1 1 1 0 0 0 1 0 0 0
2 0 1 1 0 1 1 1 1 1 0 1 1 1 1 0 0 0 0 0 0 1 0 1 1 1 1 0 0 1 1 1 0 0
2 0 1 1 0 1 1 1 1 1 0 1 1 1 1 0 0 0 0 0 0 1 0 1 1 1 1 0 0 1 1 1 0 0
2 0 1 1 0 1 1 1 1 1 0 1 1 2 1 1 0 0 0 0 0 1 0 1 1 1 1 0 0 1 1 1 0 0
2 0 1 1 0 1 0 1 1 1 0 1 1 1 1 0 0 0 0 0 0 1 0 1 1 1 1 0 0 1 1 1 0 0
2 0 1 1 0 1 0 1 1 1 0 1 1 1 1 0 0 0 0 0 0 1 0 1 1 1 1 0 0 1 1 1 0 0
2 0 1 1 0 1 1 1 1 1 0 1 1 1 1 0 0 0 0 0 0 1 0 1 1 1 1 0 0 1 1 1 0 0
2 0 1 1 0 1 1 1 1 1 0 1 1 1 1 1 0 0 0 0 0 1 0 1 1 1 1 0 0 1 1 0 0 0
2 0 1 1 0 1 0 1 1 1 0 1 1 1 1 0 0 0 0 0 0 0 0 1 1 1 1 0 0 0 1 0 0 0
2 0 1 1 0 1 1 1 1 1 0 1 1 1 1 0 0 0 0 0 0 0 0 1 1 1 1 0 0 1 1 0 0 0
2 0 1 1 0 1 1 1 1 1 0 1 1 1 1 0 0 0 0 0 0 0 0 1 1 1 1 0 0 1 1 0 0 0
2 0 1 1 0 1 1 1 1 1 0 1 1 1 1 0 0 0 0 0 0 1 0 1 1 1 1 0 0 1 1 1 0 0
2 0 1 1 0 1 1 1 1 1 0 1 1 2 1 1 0 0 0 0 0 1 0 1 1 1 1 0 0 1 1 1 0 0
2 0 1 1 0 1 1 1 1 1 0 1 1 1 1 0 0 0 0 0 0 1 0 1 1 1 1 0 0 1 1 1 0 0
2 0 1 1 0 1 1 1 1 1 0 1 1 1 1 0 0 0 0 0 0 1 0 1 1 1 1 0 0 1 1 1 0 0
2 0 1 1 0 1 0 1 1 1 0 1 1 1 1 0 0 0 0 0 0 1 0 1 0 1 1 0 0 1 1 1 0 0
2 0 1 1 0 0 1 1 1 1 0 1 1 1 1 0 0 0 0 0 0 0 0 0 0 1 1 0 0 0 1 0 0 0
2 0 1 1 0 1 1 1 1 1 0 1 1 1 1 0 0 0 0 0 0 0 0 1 1 1 1 0 0 1 1 1 0 0
2 0 1 1 0 1 1 1 1 1 0 1 1 1 1 0 0 0 0 0 0 0 0 1 0 1 1 0 0 0 1 0 0 0
2 0 1 1 0 0 0 1 1 1 0 1 1 1 1 0 0 0 0 0 0 0 0 1 1 1 1 0 0 0 1 0 0 0
2 0 1 1 0 0 0 1 1 1 0 1 1 1 1 0 0 0 0 0 0 0 0 1 1 1 1 0 0 1 1 0 0 0
2 0 1 1 0 1 1 1 1 1 0 1 1 1 1 0 0 0 1 0 0 1 0 1 1 1 1 0 0 1 1 1 0 0
2 0 1 1 0 1 1 1 1 2 0 2 1 2 1 1 0 0 0 0 0 1 0 1 1 1 1 1 1 1 2 1 0 0
2 0 1 1 0 1 1 1 1 1 0 2 1 2 1 1 0 0 0 0 0 1 0 1 1 1 1 1 0 1 2 1 0 0
2 0 1 1 0 1 1 1 1 1 0 1 1 1 1 1 0 0 0 0 0 1 0 1 1 1 1 0 0 1 1 1 0 0
2 0 1 1 0 1 1 1 1 1 0 1 1 1 1 0 0 0 0 0 0 1 0 1 1 1 1 0 0 1 1 1 0 0
2 0 1 1 1 1 1 1 2 2 0 1 1 1 1 1 0 0 1 1 1 1 1 1 1 1 1 1 1 1 1 1 1 1
2 0 1 1 0 1 0 1 1 1 0 1 1 1 1 0 0 0 0 0 0 0 0 1 1 1 1 0 0 0 1 0 0 0
2 0 1 1 0 1 0 1 1 1 0 1 1 1 1 0 0 0 0 0 0 0 0 1 1 1 1 0 0 0 1 0 0 0
2 0 1 1 0 1 1 1 1 1 0 1 1 1 1 0 0 0 0 0 0 0 0 1 1 1 1 0 0 0 1 0 0 0
2 0 1 1 0 1 1 1 1 1 0 1 1 1 1 0 0 0 0 0 0 0 0 1 1 1 1 0 0 1 1 0 0 0
2 0 1 1 0 1 0 1 1 1 0 1 1 1 1 0 0 0 0 0 0 0 0 1 1 1 1 0 0 1 1 0 0 0
2 0 1 1 0 1 1 1 1 1 0 1 1 1 1 0 0 0 0 0 0 1 0 1 1 1 1 0 0 1 1 1 0 0
2 0 1 1 0 1 1 1 1 2 0 1 1 2 1 1 0 0 0 0 0 1 0 1 1 1 1 0 1 1 1 1 0 0
2 0 1 1 0 1 1 1 1 1 0 1 1 1 1 0 0 0 0 0 0 1 0 1 1 1 1 0 0 1 1 1 0 0
2 0 1 1 0 1 1 1 1 1 0 1 1 1 1 0 0 0 0 0 0 1 0 1 1 1 1 0 0 1 1 1 0 0
2 0 1 1 0 1 1 1 1 2 0 1 1 1 1 0 0 0 0 0 0 1 0 1 1 1 1 0 0 1 1 1 0 0
2 0 1 1 0 1 1 1 1 1 0 1 1 1 1 0 0 0 0 0 0 1 0 1 1 1 1 0 0 1 1 0 0 0
2 0 1 1 0 1 1 1 1 1 0 1 1 1 1 0 0 0 0 0 0 0 0 1 1 1 1 0 0 0 1 0 0 0
2 0 1 1 0 1 1 1 1 2 0 1 1 1 1 0 0 0 0 0 0 0 0 1 1 1 1 0 0 0 1 0 0 0
2 0 1 1 0 1 1 1 1 1 0 1 1 1 1 0 0 0 0 0 0 0 0 1 1 1 1 0 0 1 1 0 0 0
2 0 1 1 0 1 1 1 1 1 0 1 1 1 1 0 0 0 0 0 0 1 0 1 1 1 1 0 0 1 1 1 0 0
2 0 1 1 0 1 1 1 1 1 0 1 1 1 1 0 0 0 0 0 0 1 0 1 1 1 1 0 0 1 1 1 0 0
2 0 1 1 0 1 1 1 1 1 0 1 1 1 1 0 0 0 0 0 0 1 0 1 1 1 1 0 0 1 1 1 0 0
2 0 1 1 0 1 1 1 1 2 0 2 1 2 1 1 0 0 0 0 0 1 0 1 1 1 1 1 1 1 2 1 0 1
2 0 1 1 0 1 1 1 1 1 0 1 1 1 1 0 0 0 0 0 0 1 0 1 1 1 1 0 0 1 1 1 0 0
2 0 1 1 0 1 1 1 1 1 0 1 1 1 1 0 0 0 0 0 0 1 0 1 1 1 1 0 0 1 1 1 0 0
2 0 1 1 0 1 1 1 1 1 0 1 1 1 1 0 0 0 0 0 0 1 0 1 1 1 1 0 0 1 1 1 0 0
2 0 1 1 0 1 1 1 1 1 0 1 1 1 1 0 0 0 0 0 0 0 0 1 1 1 1 0 0 1 1 0 0 0
2 0 1 1 0 1 1 1 1 1 0 1 1 1 1 0 0 0 0 1 0 0 0 1 1 1 1 0 0 0 1 0 0 0
2 0 1 1 0 1 0 1 1 1 0 1 1 1 1 0 0 0 0 0 0 1 0 1 1 1 1 0 0 1 1 0 0 0
2 0 1 1 0 1 0 1 1 1 0 1 1 1 1 0 0 0 0 0 0 1 0 1 1 1 1 0 0 1 1 0 0 0
2 0 1 1 0 1 0 1 1 1 0 1 1 1 1 0 0 0 0 0 0 1 0 1 1 1 1 0 0 1 1 1 0 0
2 0 1 1 0 1 0 1 1 1 0 1 1 1 1 0 0 0 0 0 0 1 0 1 1 1 1 0 0 1 1 1 0 0
2 0 1 1 0 1 0 1 1 1 0 1 1 1 1 0 0 0 0 0 0 1 0 1 1 1 1 0 0 1 1 0 0 0
2 0 1 1 0 1 1 1 1 1 0 1 1 1 1 0 0 0 1 1 0 1 0 1 1 1 1 0 0 0 1 1 0 0
2 0 1 1 0 1 1 1 1 1 0 1 1 1 1 0 0 0 0 0 0 1 0 1 1 1 1 0 0 1 1 1 0 0
2 0 1 1 0 1 1 1 1 1 0 1 1 1 1 0 0 0 0 0 0 1 0 1 1 1 1 0 0 1 1 1 0 0
2 0 1 1 0 1 1 1 1 1 0 1 1 1 1 0 0 0 0 0 0 1 0 1 1 1 1 0 0 1 1 1 0 0
2 0 1 1 0 1 1 1 1 1 0 1 1 1 1 0 0 0 0 0 0 0 0 1 1 1 1 0 0 1 1 0 0 0
2 0 1 1 0 1 1 1 1 1 0 1 1 1 1 0 0 0 0 0 0 0 0 1 1 1 1 0 0 1 1 0 0 0
2 0 1 1 0 1 0 1 1 1 0 1 1 1 1 0 0 0 0 0 0 1 0 1 1 1 1 0 0 1 1 0 0 0
2 0 1 1 0 1 0 1 1 1 0 1 1 1 1 0 0 0 0 0 0 1 0 1 1 1 1 0 0 1 1 1 0 0
2 0 1 1 0 1 0 1 1 1 0 1 1 1 1 0 0 0 0 0 0 1 0 1 1 1 1 0 0 1 1 1 0 0
2 0 1 1 0 1 0 1 1 1 0 1 1 1 1 1 0 0 0 0 0 1 0 1 1 1 1 0 0 1 1 1 0 0
2 0 1 1 0 1 0 1 1 1 0 1 1 1 1 0 0 0 0 0 0 1 0 1 1 1 1 0 0 1 1 1 0 0
2 0 1 1 0 1 1 1 1 1 0 1 1 1 1 1 0 0 0 0 0 1 0 1 1 1 1 0 0 1 1 1 0 0
2 0 1 1 0 1 1 1 1 1 0 1 1 1 1 0 0 0 0 0 0 1 0 1 1 1 1 0 0 1 1 1 0 0
2 0 1 1 0 1 1 1 1 1 0 1 1 1 1 0 0 0 0 0 0 0 0 1 1 1 1 0 0 0 1 0 0 0
2 0 1 1 0 1 1 1 1 1 0 1 1 1 1 0 0 0 0 0 0 0 0 1 1 1 1 0 0 1 1 0 0 0
2 0 1 1 0 1 1 1 1 1 0 1 1 1 1 0 0 0 0 0 0 0 0 1 1 1 1 0 0 1 1 0 0 0
2 0 1 1 0 1 1 1 1 1 0 1 1 1 1 0 0 0 0 0 0 1 0 1 1 1 1 0 0 1 1 0 0 0
2 0 1 1 0 1 1 1 1 1 0 2 1 2 1 1 0 0 0 0 0 1 0 1 1 1 1 0 0 1 2 1 0 0
2 0 1 1 0 1 0 1 1 1 0 1 1 1 1 0 0 0 0 0 0 1 0 1 1 1 1 0 0 1 1 1 0 0
2 0 1 1 0 1 0 1 1 1 0 1 1 1 1 0 0 0 0 0 0 1 0 1 1 1 1 0 0 1 1 1 0 0
2 0 1 1 0 1 0 1 1 1 0 1 1 1 1 0 0 0 0 0 0 1 0 1 1 1 1 0 0 1 1 1 0 0
2 0 1 1 0 1 1 1 1 1 0 1 1 1 1 0 0 0 0 0 0 1 0 1 1 1 1 0 0 1 1 1 0 0
2 0 1 1 0 1 0 1 1 1 0 1 1 1 1 0 0 0 0 0 0 0 0 1 1 1 1 0 0 0 1 0 0 0
2 0 1 1 0 1 1 1 1 1 0 1 1 1 1 0 0 0 0 1 0 0 0 1 1 1 1 0 0 0 1 0 0 0
2 0 1 1 0 1 1 1 1 1 0 1 1 1 1 0 0 0 0 0 0 0 0 1 1 1 1 0 0 0 1 0 0 0
2 0 1 1 0 1 1 1 1 1 0 1 1 1 1 0 0 0 0 0 0 0 0 1 1 1 1 0 0 1 1 0 0 0
2 0 1 1 0 1 1 1 1 1 0 2 1 2 1 0 0 0 0 0 0 1 0 1 1 1 1 0 0 1 1 1 0 0
2 0 1 1 0 1 1 1 1 1 0 1 1 1 1 0 0 0 0 0 0 1 0 1 1 1 1 0 0 1 1 1 0 0
2 0 1 1 0 1 1 1 1 2 0 1 1 2 1 1 0 0 0 0 0 1 0 1 1 1 1 0 0 1 1 1 0 0
2 0 1 1 0 1 0 1 1 1 0 1 1 1 1 0 0 0 0 0 0 1 0 1 1 1 1 0 0 1 1 1 0 0
2 0 1 1 0 0 0 1 1 1 0 1 1 1 1 0 0 0 0 0 0 1 0 0 1 1 1 0 0 1 1 1 0 0
2 0 1 1 0 1 1 1 1 1 0 1 1 1 1 0 0 0 0 0 0 1 0 1 1 1 1 0 0 1 1 1 0 0
2 0 1 1 0 1 1 1 1 1 0 1 1 1 1 0 0 0 0 0 0 1 0 1 1 1 1 0 0 0 1 1 0 0
2 0 1 1 0 0 0 1 1 1 0 1 1 1 1 0 0 0 0 0 0 0 0 1 1 1 1 0 0 0 1 0 0 0
2 0 1 1 0 1 1 1 1 1 0 1 1 1 1 0 0 0 0 0 0 0 0 1 1 1 1 0 0 0 1 0 0 0
2 0 1 1 0 1 1 1 1 2 0 1 1 1 1 0 0 0 1 1 0 1 0 1 1 1 1 0 0 1 1 1 0 0
2 0 1 1 0 1 1 1 1 1 0 1 1 1 1 0 0 0 0 0 0 1 0 1 1 1 1 0 0 1 1 0 0 0
2 0 1 1 0 1 1 1 1 1 0 2 1 2 1 1 0 0 0 0 0 1 0 1 1 1 1 0 0 1 2 1 0 0
2 0 1 1 0 1 1 1 1 1 0 2 1 2 1 1 0 0 0 0 0 1 0 1 1 1 1 1 1 1 2 1 0 0
2 0 1 1 0 1 1 1 1 1 0 1 1 1 1 0 0 0 0 0 0 1 0 1 1 1 1 0 0 1 1 1 0 0
2 0 1 1 0 1 1 1 1 1 0 1 1 1 1 1 0 0 0 0 0 1 0 1 1 1 1 1 1 1 1 1 0 1
2 0 1 1 0 1 0 1 1 1 0 1 1 1 1 0 0 0 0 0 0 1 0 1 1 1 1 0 0 1 1 1 0 0
2 0 1 1 0 0 0 1 1 1 0 1 1 1 1 0 0 0 0 0 0 0 0 1 1 1 1 0 0 0 1 0 0 0
2 0 1 1 0 1 0 1 1 1 0 1 1 1 1 0 0 0 0 0 0 0 0 1 1 1 1 0 0 0 1 0 0 0
2 0 1 1 0 0 0 1 1 1 0 1 1 1 1 0 0 0 0 0 0 0 0 1 1 1 1 0 0 0 1 0 0 0
2 0 1 1 0 0 0 1 1 1 0 1 1 1 1 0 0 0 0 0 0 0 0 1 1 1 1 0 0 1 1 0 0 0
2 0 1 1 0 1 1 1 1 1 0 1 1 1 1 0 0 0 1 1 0 1 0 1 1 1 1 0 0 1 1 1 0 0
2 0 1 1 0 1 1 1 1 1 0 2 1 2 1 1 0 0 0 1 0 1 0 1 1 1 1 0 0 1 2 1 0 0
2 0 1 1 0 1 1 1 1 1 0 1 1 1 1 0 0 0 0 0 0 1 0 1 1 1 1 0 0 1 1 1 0 0
2 0 1 1 0 1 1 1 1 2 0 1 1 1 1 1 0 0 0 1 0 1 0 1 1 1 1 0 0 1 1 1 0 0
2 0 1 1 0 1 1 1 1 1 0 1 1 1 1 1 0 0 0 0 0 1 0 1 1 1 1 1 0 1 1 1 0 0
2 0 1 1 0 1 1 1 1 1 0 1 1 1 1 1 0 0 0 0 0 1 0 1 1 1 1 1 1 1 1 1 0 0
2 0 1 1 0 1 0 1 1 1 0 1 1 1 1 0 0 0 0 0 0 0 0 1 1 1 1 0 0 1 1 1 0 0
2 0 1 1 0 1 1 1 1 1 0 1 1 1 1 0 0 0 0 0 0 0 0 1 1 1 1 0 0 1 1 0 0 0
2 0 1 1 0 1 1 1 1 1 0 1 1 1 1 0 0 0 0 0 0 0 0 1 1 1 1 0 0 1 1 0 0 0
2 0 1 1 0 1 0 1 1 1 0 1 1 1 1 0 0 0 0 0 0 0 0 1 1 1 1 0 0 1 1 0 0 0
2 0 1 1 0 1 0 1 1 1 0 1 1 1 1 0 0 0 0 0 0 1 0 1 1 1 1 0 0 1 1 0 0 0
2 0 1 1 0 1 1 1 1 1 0 2 1 1 1 0 0 0 1 1 0 1 0 1 1 1 1 0 0 1 1 1 0 0
2 0 1 1 0 1 1 1 1 1 0 2 1 2 1 1 0 0 0 0 0 1 0 1 1 1 1 0 0 1 2 1 0 0
2 0 1 1 0 1 1 1 1 1 0 1 1 1 1 0 0 0 0 0 0 1 0 1 1 1 1 0 0 1 1 1 0 0
2 0 1 1 0 1 1 1 1 1 0 1 1 1 1 1 0 0 0 0 0 1 0 1 1 1 1 0 0 1 1 1 0 0
2 0 1 1 0 1 1 1 1 1 0 1 1 1 1 1 0 0 0 1 0 1 0 1 1 1 1 0 0 1 1 1 0 0
2 0 1 1 1 1 1 1 2 2 0 1 1 1 1 1 0 0 1 1 1 1 1 1 1 1 1 1 1 1 1 1 1 0
2 0 1 1 0 1 0 1 1 1 0 1 1 1 1 0 0 0 0 0 0 0 0 1 1 1 1 0 0 0 1 0 0 0
2 0 1 1 0 1 1 1 1 1 0 1 1 1 1 0 0 0 0 0 0 0 0 1 1 1 1 0 0 0 1 0 0 0
2 0 1 1 0 1 0 1 1 1 0 1 1 1 1 0 0 0 0 0 0 0 0 1 1 1 1 0 0 0 1 0 0 0
2 0 1 1 0 1 0 1 1 1 0 2 1 2 1 0 0 0 0 0 0 1 0 1 1 1 1 0 0 1 1 1 0 0
2 0 1 1 0 1 0 1 1 1 0 1 1 2 1 0 0 0 0 0 0 1 0 1 1 1 1 0 0 1 1 1 0 0
2 0 1 1 0 1 0 1 1 2 0 1 1 1 1 1 0 0 0 0 0 1 0 1 1 1 1 0 0 1 1 1 0 0
2 0 1 1 0 1 1 1 1 1 0 1 1 2 1 1 0 0 0 0 0 1 0 1 1 1 1 1 1 1 2 1 0 1
2 0 1 1 0 1 1 1 1 1 0 1 1 1 1 1 0 0 0 1 0 1 0 1 1 1 1 1 1 1 1 1 0 0
2 0 1 1 0 1 1 1 1 1 0 1 1 1 1 0 0 0 0 0 0 1 0 1 1 1 1 0 1 1 1 1 0 0
2 0 1 1 0 1 1 1 1 1 0 1 1 1 1 0 0 0 0 0 0 1 0 1 1 1 1 0 0 1 1 1 0 0
2 0 1 1 0 1 1 1 1 2 0 1 1 1 1 0 0 0 1 1 0 1 0 1 1 1 1 0 0 1 1 0 0 0
2 0 1 1 0 1 0 1 1 1 0 1 1 1 1 0 0 0 0 0 0 0 0 1 0 1 1 0 0 0 1 0 0 0
2 0 1 1 0 1 1 1 1 2 0 1 1 1 1 0 0 0 0 0 0 0 0 1 1 1 1 0 0 0 1 0 0 0
2 0 1 1 0 1 0 1 1 1 0 1 1 1 1 0 0 0 0 1 0 1 0 1 1 1 1 0 0 1 1 0 0 0
2 0 1 1 0 1 0 1 1 2 0 2 1 2 1 0 0 0 0 0 0 1 0 1 1 1 1 0 0 1 1 1 0 0
2 0 1 1 0 1 1 1 1 2 0 2 1 2 1 1 0 0 0 0 0 1 0 1 1 1 1 1 0 1 2 1 0 0
2 0 1 1 0 1 1 1 1 1 0 1 1 1 1 0 0 0 0 1 0 1 0 1 1 1 1 0 0 1 1 1 0 0
2 0 1 1 0 1 1 1 1 2 0 1 1 1 1 1 0 0 0 0 0 1 0 1 1 1 1 0 0 1 1 1 0 0
2 0 1 1 0 1 1 1 1 1 0 1 1 1 1 0 0 0 0 0 0 1 0 1 1 1 1 0 1 1 1 1 0 0
2 0 1 1 0 1 1 1 1 1 0 1 1 1 1 0 0 0 1 1 0 1 0 1 1 1 1 0 0 1 1 1 0 0
2 0 1 1 0 1 1 1 1 1 0 1 1 1 1 0 0 0 0 0 0 1 0 1 1 1 1 0 0 1 1 1 0 0
2 0 1 1 0 1 1 1 1 1 0 1 1 1 1 0 0 0 0 0 0 0 0 1 1 1 1 0 0 1 1 0 0 0
2 0 1 1 0 1 1 1 1 1 0 1 1 1 1 0 0 0 0 0 0 0 0 1 1 1 1 0 0 0 1 0 0 0
2 0 1 1 0 1 1 1 1 1 0 1 1 1 1 0 0 0 0 0 0 1 0 1 1 1 1 0 0 1 1 0 0 0
2 0 1 1 0 1 1 1 1 1 0 1 1 2 1 0 0 0 0 0 0 1 0 1 1 1 1 0 0 1 1 1 0 0
2 0 1 1 0 1 1 1 1 1 0 1 1 1 1 0 0 0 0 0 0 1 0 1 1 1 1 0 0 1 1 1 0 0
2 0 1 1 0 1 1 1 1 1 0 1 1 1 1 0 0 0 0 0 0 1 0 1 1 1 1 0 0 1 1 1 0 0
2 0 1 1 0 1 1 1 1 1 0 1 1 1 1 0 0 0 0 0 0 1 0 1 1 1 1 0 0 1 1 1 0 0
2 0 1 1 1 1 1 1 2 2 0 1 1 1 1 0 0 0 1 1 0 0 1 1 1 1 1 0 0 0 1 0 0 0
2 0 1 1 0 1 1 1 1 1 0 1 1 1 1 0 0 0 0 0 0 1 0 1 1 1 1 0 0 1 1 0 0 0
2 0 1 1 0 1 1 1 1 1 0 1 1 1 1 0 0 0 0 0 0 0 0 1 1 1 1 0 0 1 1 0 0 0
2 0 1 1 0 1 1 1 1 2 0 1 1 1 1 0 0 0 0 0 0 0 0 1 1 1 1 0 0 0 1 0 0 0
2 0 1 1 0 1 1 1 1 2 0 1 1 1 1 0 0 0 0 0 0 1 0 1 1 1 1 0 0 1 1 1 0 0
2 0 1 1 0 1 1 1 1 2 0 1 1 1 1 0 0 0 1 0 0 1 0 1 1 1 1 0 0 1 1 1 0 0
2 0 1 1 0 1 1 1 1 2 0 2 1 2 1 0 0 0 0 0 0 1 0 1 1 1 1 0 0 1 2 1 0 0
2 0 1 1 0 1 1 1 1 2 0 1 1 2 1 1 0 0 1 1 0 1 0 1 1 1 1 0 0 1 1 1 0 0
2 0 1 1 0 1 1 1 1 2 0 1 1 2 1 1 0 0 0 0 0 1 0 1 1 1 1 0 1 1 1 1 0 0
2 0 1 1 0 1 1 1 1 1 0 1 1 1 1 1 0 0 0 0 0 1 0 1 1 1 1 0 0 1 1 1 0 0
2 0 1 1 0 1 1 1 1 1 0 1 1 1 1 1 0 0 0 0 0 1 0 1 1 1 1 0 0 1 1 1 0 0
2 0 1 1 0 1 1 1 1 1 0 1 1 1 1 0 0 0 0 0 0 1 0 1 1 1 1 0 0 1 1 1 0 0
2 0 1 1 0 1 1 1 1 1 0 1 1 1 1 0 0 0 0 0 0 0 0 1 1 1 1 0 0 1 1 0 0 0
2 0 1 1 0 1 1 1 1 1 0 2 1 1 1 0 0 0 0 0 0 1 0 1 1 1 1 0 0 1 1 0 0 0
2 0 1 1 0 1 1 1 1 1 0 1 1 1 1 0 0 0 0 1 0 0 0 1 1 1 1 0 0 1 1 0 0 0
2 0 1 1 0 1 1 1 1 1 0 1 1 1 1 0 0 0 0 0 0 1 0 1 1 1 1 0 0 1 1 1 0 0
2 0 1 1 0 1 0 1 1 1 0 1 1 1 1 0 0 0 0 1 0 1 0 1 1 1 1 0 0 1 1 1 0 0
2 0 1 1 0 1 0 1 1 1 0 1 1 1 1 0 0 0 0 0 0 1 0 1 1 1 1 0 0 1 1 1 0 0
2 0 1 1 0 1 0 1 1 1 0 1 1 2 1 1 0 0 0 0 0 1 0 1 1 1 1 0 0 1 2 1 0 0
2 0 1 1 0 1 0 1 1 1 0 1 1 1 1 0 0 0 0 0 0 1 0 1 1 1 1 0 0 1 1 1 0 0
2 0 1 1 0 1 1 1 1 2 0 1 1 1 1 0 0 0 1 1 0 0 0 1 1 1 1 0 0 1 1 0 0 0
2 0 1 1 0 1 1 1 1 1 0 1 1 1 1 0 0 0 1 1 0 1 0 1 1 1 1 0 0 1 1 0 0 0
2 0 1 1 0 1 1 1 1 1 0 1 1 1 1 0 0 0 0 0 0 0 0 1 1 1 1 0 0 1 1 0 0 0
2 0 1 1 0 1 1 1 1 1 0 1 1 1 1 0 0 0 1 1 0 0 0 1 1 1 1 0 0 1 1 0 0 0
2 0 1 1 0 1 1 1 1 1 0 1 1 1 1 0 0 0 1 1 0 1 0 1 1 1 1 0 0 1 1 1 0 0
2 0 1 1 0 1 1 1 1 1 0 1 1 1 1 0 0 0 1 1 0 1 0 1 1 1 1 0 0 1 1 0 0 0
2 0 1 1 0 1 1 1 1 2 0 1 1 1 1 0 0 0 1 1 0 1 0 1 1 1 1 0 0 1 1 1 0 0
2 0 1 1 0 1 1 1 1 2 0 2 1 2 1 1 0 0 1 1 0 1 0 1 1 1 1 0 0 1 2 1 0 1
2 0 1 1 0 1 1 1 1 1 0 1 1 1 1 1 0 0 0 1 0 1 0 1 1 1 1 0 0 1 1 1 0 0
2 0 1 1 0 1 1 1 1 1 0 1 1 1 1 0 0 0 0 0 0 1 0 1 1 1 1 0 0 1 1 1 0 0
2 0 1 1 0 1 1 1 1 2 0 1 1 1 1 1 0 0 0 0 0 1 0 1 1 1 1 0 0 1 1 1 0 0
2 0 1 1 0 1 1 1 1 2 0 1 1 1 1 0 0 0 0 0 0 1 0 1 1 1 1 0 0 1 1 1 0 0
2 0 1 1 0 1 1 1 1 1 0 1 1 1 1 0 0 0 0 0 0 0 0 1 1 1 1 0 0 1 1 0 0 0
2 0 1 1 0 1 1 1 1 1 0 1 1 1 1 0 0 0 0 1 0 0 0 1 1 1 1 0 0 1 1 0 0 0
2 0 1 1 0 1 1 1 1 1 0 1 1 1 1 0 0 0 0 1 0 1 0 1 1 1 1 0 0 1 1 0 0 0
2 0 1 1 0 1 1 1 1 2 0 1 1 1 1 0 0 0 1 1 0 1 0 1 1 1 1 0 0 1 1 0 0 0
2 0 1 1 0 1 1 1 1 1 0 1 1 1 1 0 0 0 0 1 0 1 0 1 1 1 1 0 0 1 1 1 0 0
2 0 1 1 0 1 1 1 1 1 0 2 1 2 1 1 0 0 1 1 0 1 0 1 1 1 1 0 0 1 2 1 0 0
2 0 1 1 0 1 1 1 1 1 0 1 1 2 1 1 0 0 0 0 0 1 0 1 1 1 1 0 0 1 1 1 0 0
2 0 1 1 0 1 1 1 1 1 0 1 1 1 1 0 0 0 0 1 0 1 0 1 1 1 1 0 0 1 1 1 0 0
2 0 1 1 0 1 1 1 1 1 0 1 1 1 1 1 0 0 0 0 0 1 0 1 1 1 1 1 0 1 1 1 0 0
2 0 1 1 0 1 1 1 1 1 0 1 1 1 1 0 0 0 0 0 0 1 0 1 1 1 1 1 0 1 1 1 0 0
2 0 1 1 0 1 1 1 1 1 0 1 1 1 1 0 0 0 0 0 0 0 0 1 1 1 1 0 0 1 1 0 0 0
2 0 1 1 0 1 1 1 1 1 0 1 1 1 1 0 0 0 0 0 0 0 0 1 1 1 1 0 0 1 1 0 0 0
2 0 1 1 0 1 1 1 1 1 0 1 1 1 1 0 0 0 0 0 0 1 0 1 1 1 1 0 0 1 1 0 0 0
2 0 1 1 0 1 1 1 1 1 0 1 1 1 1 0 0 0 0 0 0 1 0 1 1 1 1 0 0 1 1 0 0 0
2 0 1 1 0 1 1 1 1 1 0 2 1 2 1 1 0 0 1 0 0 1 0 1 1 1 1 0 0 1 2 1 0 0
2 0 1 1 0 1 1 1 1 1 0 1 1 1 1 0 0 0 0 0 0 1 0 1 1 1 1 0 0 1 1 1 0 0
2 0 1 1 1 1 1 1 2 2 0 2 1 1 1 1 0 0 1 1 1 1 1 1 1 1 1 1 1 1 1 1 0 0
2 0 1 1 0 1 1 1 1 2 0 1 1 1 1 0 0 0 0 0 0 1 0 1 1 1 1 0 0 1 1 1 0 0
2 0 1 1 0 1 1 1 1 1 0 1 1 1 1 0 0 0 0 0 0 1 0 1 1 1 1 0 0 1 1 1 0 0
2 0 1 1 0 1 0 1 1 1 0 1 1 1 1 0 0 0 0 0 0 1 0 1 1 1 1 0 0 0 1 0 0 0
2 0 1 1 0 1 0 1 1 1 0 1 1 1 1 0 0 0 0 0 0 0 0 1 1 1 1 0 0 0 1 0 0 0
2 0 1 1 0 1 0 1 1 1 0 1 1 1 1 0 0 0 0 0 0 0 0 1 1 1 1 0 0 1 1 0 0 0
2 0 1 1 0 1 0 1 1 1 0 1 1 1 1 0 0 0 0 0 0 0 0 1 1 1 1 0 0 0 1 0 0 0
2 0 1 1 0 1 0 1 1 1 0 1 1 1 1 0 0 0 0 0 0 1 0 0 1 1 1 0 0 1 1 0 0 0
2 0 1 1 0 1 0 1 1 1 0 2 1 2 1 1 0 0 0 0 0 1 0 1 1 1 1 0 0 1 2 1 0 0
2 0 1 1 0 1 1 1 1 1 0 1 1 1 1 0 0 0 0 1 0 1 0 1 1 1 1 0 0 1 1 1 0 0
2 0 1 1 0 1 1 1 1 1 0 1 1 2 1 1 0 0 0 0 0 1 0 1 1 1 1 1 1 1 2 1 0 0
2 0 1 1 0 1 0 1 1 1 0 1 1 1 1 0 0 0 0 0 0 1 0 1 1 1 1 0 0 1 1 1 0 0
2 0 1 1 0 1 1 1 1 1 0 1 1 1 1 0 0 0 0 0 0 1 0 1 1 1 1 0 0 1 1 1 0 0
2 0 1 1 0 1 1 1 1 1 0 1 1 1 1 0 0 0 0 0 0 1 0 1 1 1 1 0 0 1 1 1 0 0
2 0 1 1 0 1 1 1 1 1 0 1 1 1 1 0 0 0 1 1 0 0 0 1 1 1 1 0 0 0 1 0 0 0
2 0 1 1 0 1 0 1 1 1 0 1 1 1 1 0 0 0 0 0 0 0 0 1 1 1 1 0 0 0 1 0 0 0
2 0 1 1 0 1 0 1 1 1 0 1 1 1 1 0 0 0 0 0 0 0 0 1 0 1 1 0 0 0 1 0 0 0
2 0 1 1 0 1 0 1 1 1 0 1 1 1 1 0 0 0 0 0 0 1 0 1 1 1 1 0 0 1 1 0 0 0
2 0 1 1 0 1 0 1 1 1 0 2 1 2 1 1 0 0 0 0 0 1 0 1 1 1 1 0 0 1 1 1 0 0
2 0 1 1 0 1 0 1 1 1 0 1 1 1 1 0 0 0 0 1 0 1 0 1 1 1 1 0 0 1 1 1 0 0
2 0 1 1 0 1 0 1 1 1 0 1 1 1 1 1 0 0 0 0 0 1 0 1 1 1 1 0 0 1 1 1 0 0
2 0 1 1 0 1 0 1 1 1 0 1 1 1 1 1 0 0 0 1 0 1 0 1 1 1 1 0 0 1 1 1 0 0
2 0 1 1 1 1 1 1 1 1 0 1 1 1 1 1 0 0 1 1 0 1 0 1 1 1 1 1 1 1 1 1 0 0
2 0 1 1 0 1 0 1 1 1 0 1 1 1 1 0 0 0 0 0 0 0 0 1 1 1 1 0 0 0 1 0 0 0
2 0 1 1 0 1 1 1 1 1 0 1 1 1 1 0 0 0 0 0 0 0 0 1 1 1 1 0 0 0 1 0 0 0
2 0 1 1 0 1 0 1 1 1 0 1 1 1 1 0 0 0 0 0 0 0 0 1 1 1 1 0 0 0 1 0 0 0
2 0 1 1 0 0 0 1 1 1 0 1 1 1 1 0 0 0 0 0 0 0 0 0 0 1 1 0 0 0 1 0 0 0
2 0 1 1 0 0 0 1 1 1 0 1 1 1 1 0 0 0 0 0 0 1 0 1 0 1 1 0 0 1 1 0 0 0
2 0 1 1 0 1 1 1 1 1 0 1 1 1 1 0 0 0 0 0 0 1 0 1 1 1 1 0 0 1 1 1 0 0
2 0 1 1 0 1 1 1 1 1 0 1 1 1 1 0 0 0 0 0 0 1 0 1 1 1 1 0 0 1 1 1 0 0
2 0 1 1 0 0 0 1 1 1 0 1 1 1 1 0 0 0 0 0 0 1 0 0 0 1 1 0 0 1 1 1 0 0
2 0 1 1 0 0 0 1 1 1 0 1 1 1 1 0 0 0 0 0 0 1 0 0 0 1 1 0 0 1 1 0 0 0
2 0 1 1 0 1 1 1 1 1 0 1 1 1 1 1 0 0 0 0 0 1 0 1 1 1 1 0 0 1 1 1 0 0
2 0 1 1 0 1 1 1 1 1 0 1 1 1 1 0 0 0 0 0 0 0 0 1 1 1 1 0 0 0 1 0 0 0
2 0 1 1 0 1 1 1 1 1 0 1 1 1 1 0 0 0 1 1 0 0 0 1 1 1 1 0 0 0 1 0 0 0
2 0 1 1 0 1 1 1 1 1 0 1 1 1 1 0 0 0 1 1 0 0 0 1 1 1 1 0 0 0 1 0 0 0
2 0 1 1 0 1 1 1 1 1 0 1 1 1 1 0 0 0 0 1 0 1 0 1 1 1 1 0 0 1 1 0 0 0
2 0 1 1 0 0 0 1 1 1 0 1 1 1 1 0 0 0 1 1 0 0 0 0 0 1 1 0 0 0 1 0 0 0
2 0 1 1 0 1 1 1 1 1 0 1 1 2 1 0 0 0 0 0 0 1 0 1 1 1 1 0 0 1 1 1 0 0
2 0 1 1 0 1 0 1 1 1 0 1 1 2 1 0 0 0 0 0 0 1 0 1 1 1 1 0 0 1 1 1 0 0
2 0 1 1 0 1 1 1 1 1 0 1 1 1 1 1 0 0 0 0 0 1 0 1 1 1 1 0 0 1 1 1 0 0
2 0 1 1 0 1 0 1 1 1 0 1 1 1 1 1 0 0 1 1 0 1 0 1 1 1 1 0 0 1 1 1 0 0
2 0 1 1 0 1 1 1 1 1 0 1 1 1 1 0 0 0 1 1 0 1 0 1 1 1 1 0 0 1 1 1 0 0
2 0 1 1 1 1 1 1 1 1 0 1 1 1 1 0 0 0 1 1 1 0 1 1 1 1 1 0 0 1 1 0 0 0
2 0 1 1 0 1 1 1 1 1 0 1 1 1 1 0 0 0 0 0 0 0 0 1 1 1 1 0 0 0 1 0 0 0
2 0 1 1 0 1 1 1 1 1 0 1 1 1 1 0 0 0 0 0 0 0 0 1 1 1 1 0 0 0 1 0 0 0
2 0 1 1 0 1 1 1 1 1 0 1 1 1 1 0 0 0 1 1 0 0 0 1 1 1 1 0 0 1 1 0 0 0
3 0 1 1 0 1 1 1 1 1 0 1 1 1 1 0 0 0 1 1 0 0 0 1 1 1 1 0 0 1 1 0 0 0
1 0 0 0 0 0 0 0 0 0 0 0 0 0 0 0 0 0 0 0 0 0 0 0 0 0 0 0 0 0 0 0 0 0
4 0 3 3 4 4 4 4 4 4 0 4 5 5 5 5 4 4 3 3 4 4 5 4 4 4 4 6 6 5 4 5 4 3
4 0 3 3 3 3 4 3 3 3 0 3 5 4 4 4 3 3 3 3 4 4 5 3 4 4 4 5 5 5 4 4 3 3
4 0 3 3 4 4 4 3 3 3 0 3 5 5 4 5 4 3 3 3 4 4 5 3 4 3 4 5 5 5 4 4 3 3
4 0 2 3 3 3 4 3 4 3 0 3 5 4 4 4 3 3 3 3 4 4 5 4 5 4 4 6 5 5 4 4 3 3
4 0 2 3 4 3 4 3 3 3 0 3 5 4 4 4 4 3 3 3 4 4 5 4 4 4 4 5 5 5 4 4 3 3
4 0 3 3 4 3 4 3 3 3 0 3 5 4 4 5 4 3 3 3 4 4 5 3 4 3 3 5 6 5 3 4 4 3
4 0 3 3 3 3 4 3 3 3 0 3 5 4 4 5 3 3 3 3 4 4 5 3 4 3 3 5 5 5 3 4 3 3
4 0 3 3 3 3 4 3 3 3 0 3 5 4 4 5 3 3 3 3 4 4 5 3 4 4 4 5 5 5 4 4 3 3
4 0 3 3 4 3 4 3 3 3 0 3 5 4 4 5 4 3 3 3 4 4 5 3 4 3 3 5 5 5 4 4 3 3
4 0 3 3 4 3 4 3 3 3 0 3 5 4 4 5 4 3 3 3 4 4 5 3 4 4 3 5 5 5 3 5 4 3
4 0 3 3 4 3 4 3 3 3 0 3 5 4 4 5 3 3 3 3 4 4 5 3 4 4 3 6 6 5 3 4 3 3
4 0 3 3 4 3 4 3 3 3 0 3 5 4 4 5 3 3 3 3 4 4 5 3 4 4 4 5 5 5 4 4 3 3
4 0 3 3 3 3 4 3 3 3 0 3 5 5 4 5 3 3 3 3 3 4 4 3 4 4 3 5 5 5 4 4 3 3
4 0 3 3 3 3 4 3 3 3 0 3 5 5 4 5 3 3 3 3 3 4 4 3 4 4 4 5 5 5 4 4 3 3
4 0 3 3 4 3 4 3 3 3 0 3 5 5 4 5 3 3 3 3 3 4 4 3 4 4 4 5 5 5 3 4 3 3
4 0 3 3 4 3 4 3 4 4 0 3 5 5 5 5 3 3 3 3 4 4 5 4 5 4 4 6 5 5 4 4 3 3
4 0 3 3 4 4 4 3 3 3 0 3 5 5 5 5 4 3 3 3 4 4 5 4 4 4 4 6 6 5 4 4 4 3
4 0 3 3 4 4 4 3 3 3 0 3 5 5 4 5 4 4 3 4 4 4 5 4 4 4 4 6 5 5 3 5 4 4
4 0 3 3 4 4 4 3 3 3 0 3 5 4 4 5 4 3 3 3 4 4 5 4 4 4 4 5 5 5 4 5 4 3
4 0 3 3 4 4 4 3 3 3 0 3 4 4 4 5 4 3 3 3 4 4 5 4 4 4 4 5 5 5 3 4 4 3
4 0 3 3 3 3 4 3 3 3 0 3 4 4 4 5 3 3 3 3 4 4 5 4 4 4 4 5 5 5 3 4 3 3
4 0 3 3 3 3 4 3 3 3 0 3 4 4 4 5 3 3 3 3 3 4 5 4 4 4 4 5 5 5 3 4 4 3
4 0 3 3 3 3 4 3 3 3 0 3 4 4 4 5 3 3 3 3 3 4 5 4 4 4 4 5 5 5 3 4 3 3
4 0 2 3 3 3 4 3 3 3 0 3 4 4 4 5 3 3 3 3 3 4 5 3 4 4 4 5 5 5 4 4 4 3
4 0 3 3 3 3 4 3 3 3 0 4 4 4 4 5 3 3 3 3 3 4 5 3 4 4 4 5 5 4 4 4 4 3
4 0 3 3 3 3 4 3 3 3 0 3 4 4 4 4 3 3 3 3 3 4 5 4 4 4 4 5 5 5 4 4 3 3
4 0 3 3 3 3 4 3 3 3 0 3 4 4 4 4 3 3 3 3 3 3 4 3 4 4 4 5 5 4 4 4 3 3
4 0 3 3 3 3 4 3 3 3 0 3 4 4 4 4 3 3 3 3 3 4 5 3 4 4 4 5 5 4 4 4 3 3
4 0 3 3 3 3 4 3 3 3 0 3 5 4 4 5 4 3 3 3 3 3 4 3 4 4 4 6 6 5 4 5 4 3
4 0 3 3 3 3 4 3 3 3 0 3 4 4 4 4 3 3 3 3 3 3 4 3 4 4 3 5 5 5 3 4 3 3
4 0 3 3 3 3 4 3 3 3 0 3 4 4 4 4 3 3 3 3 3 3 4 3 4 4 4 5 5 4 3 4 3 3
4 0 3 3 3 3 4 3 3 3 0 3 4 4 3 4 3 3 3 3 3 4 4 3 4 4 3 5 5 4 3 4 3 3
4 0 2 3 3 3 4 3 3 3 0 3 4 4 3 4 3 3 3 3 3 4 4 3 4 3 3 5 5 5 3 4 3 3
4 0 2 3 3 3 4 3 3 3 0 3 4 4 4 4 3 3 3 3 3 3 4 3 4 4 3 5 5 4 3 4 3 3
4 0 2 3 3 3 4 3 3 3 0 3 4 4 4 4 3 3 3 3 3 3 4 3 4 4 3 5 5 4 4 4 3 3
4 0 2 2 3 3 4 3 3 3 0 3 4 4 4 4 3 3 3 3 3 3 4 3 4 4 4 5 5 4 4 4 3 3
4 0 2 2 3 3 4 3 3 3 0 4 5 4 4 4 3 3 3 3 3 3 4 3 4 4 3 6 5 4 4 4 3 3
4 0 2 2 3 3 4 3 3 3 0 3 4 4 4 4 3 3 3 3 3 4 4 3 4 4 3 5 5 5 4 4 3 3
4 0 2 2 3 3 4 3 3 3 0 3 4 4 4 4 3 3 3 3 3 4 5 3 4 3 3 5 5 4 4 4 3 3
4 0 2 3 3 3 4 3 3 3 0 3 4 4 3 4 3 3 3 3 3 3 4 3 4 3 3 5 5 5 3 4 3 3
4 0 2 3 3 3 4 3 3 3 0 3 4 4 4 4 3 3 3 3 3 4 4 3 4 4 3 5 5 4 3 4 3 3
4 0 2 3 3 3 4 3 4 3 0 3 4 4 4 4 3 3 3 3 3 4 5 4 4 4 3 5 5 5 4 4 3 3
4 0 3 3 3 3 4 3 3 3 0 3 4 4 4 4 4 3 3 3 3 4 5 4 4 4 3 5 5 5 4 4 4 3
4 0 2 3 3 3 4 4 4 3 0 3 4 4 4 4 3 3 3 3 3 4 5 4 5 4 3 5 5 4 3 4 3 3
4 0 2 2 3 3 4 3 3 3 0 3 4 4 4 4 3 3 3 3 4 4 5 3 4 3 3 5 5 4 4 4 3 3
4 0 2 2 3 3 4 3 3 3 0 3 4 4 4 4 3 3 3 3 3 4 5 4 4 3 3 5 5 4 3 4 3 3
4 0 3 3 3 4 4 4 3 3 0 3 4 4 4 4 3 3 3 3 3 4 5 4 4 4 3 5 5 5 4 4 3 3
4 0 2 2 3 3 4 3 3 3 0 3 5 5 4 4 3 3 3 3 3 4 5 3 4 3 3 5 6 6 5 4 3 3
4 0 2 2 3 3 4 3 3 3 0 3 4 4 4 4 3 3 3 3 3 3 5 3 4 4 3 5 5 5 4 4 3 3
4 0 2 2 3 3 4 3 3 3 0 3 4 4 3 4 3 3 3 3 3 4 5 3 4 3 3 5 5 5 3 4 3 3
4 0 2 2 3 3 4 3 3 3 0 3 4 4 4 4 3 3 3 3 3 4 5 4 4 3 3 5 5 5 4 4 3 3
4 0 3 3 4 3 4 3 3 3 0 3 5 5 4 5 4 3 3 3 4 4 5 3 4 4 3 5 5 5 4 4 4 3
4 0 2 3 3 3 4 3 3 3 0 3 5 4 4 4 3 3 3 3 4 4 5 3 4 4 3 5 5 5 4 4 3 3
4 0 2 3 3 3 4 3 3 3 0 3 5 4 4 4 3 3 3 3 4 4 5 3 4 4 3 5 5 5 4 4 3 3
4 0 3 3 3 3 4 3 3 3 0 3 5 4 4 5 3 3 3 3 4 4 5 3 4 4 4 6 6 5 4 4 3 3
4 0 3 3 3 3 4 3 3 3 0 3 6 5 5 5 3 3 3 3 4 4 5 4 4 4 4 6 7 7 5 5 3 3
4 0 2 3 3 3 4 3 3 3 0 3 5 4 4 4 4 3 3 3 4 4 5 3 4 3 3 5 6 5 4 4 3 3
4 0 3 3 3 4 4 3 3 3 0 3 5 5 4 5 4 3 3 3 4 5 5 4 4 3 3 5 6 5 4 4 4 3
4 0 3 3 3 3 4 3 3 3 0 3 5 4 4 5 4 3 3 3 4 4 5 4 4 4 3 5 6 5 4 4 4 3
4 0 2 3 3 3 4 3 3 3 0 3 6 5 4 4 3 3 3 3 4 4 5 3 4 4 4 6 6 6 4 4 4 3
4 0 2 3 3 3 4 3 3 3 0 3 5 5 4 5 4 3 3 3 4 4 5 3 4 3 3 5 6 5 4 5 4 3
4 0 2 2 3 3 4 3 3 3 0 3 5 5 4 4 3 3 3 3 4 4 5 3 4 3 3 5 5 5 4 5 3 3
4 0 3 3 3 3 4 3 3 3 0 3 5 5 4 5 4 3 3 3 4 4 6 4 4 4 3 6 6 5 5 5 4 3
4 0 3 3 4 3 4 3 3 3 0 3 6 5 4 5 4 3 3 3 4 4 6 3 4 4 4 6 6 5 4 5 4 3
4 0 3 3 3 3 5 3 3 3 0 4 6 5 4 5 4 3 3 4 4 4 6 3 4 3 3 6 6 6 4 4 4 3
4 0 2 3 3 4 4 3 3 3 0 4 6 5 4 5 4 3 3 3 4 5 6 3 4 3 4 6 6 6 5 5 4 3
4 0 3 3 3 4 5 3 3 3 0 3 5 5 4 5 4 3 3 3 4 5 6 3 4 3 3 6 6 5 4 5 4 3
4 0 3 3 3 4 5 4 3 3 0 3 5 5 4 5 4 3 3 3 4 5 6 4 4 3 3 6 6 5 4 5 4 3
4 0 2 3 3 4 4 3 3 3 0 3 5 4 4 5 4 3 3 3 4 5 6 3 4 3 3 5 5 5 4 4 3 3
4 0 2 3 3 4 4 3 3 3 0 3 5 4 4 5 3 3 3 3 4 5 6 3 4 3 3 6 6 5 4 5 3 3
4 0 2 3 3 4 5 3 3 3 0 3 5 4 4 4 3 3 3 3 4 4 6 4 4 3 3 6 6 5 4 4 3 3
4 0 3 3 3 4 5 3 3 3 0 4 6 5 4 4 3 3 3 3 4 5 6 4 4 3 3 7 6 6 4 4 3 3
4 0 2 3 3 4 5 3 3 3 0 3 5 4 4 4 3 3 3 3 4 4 5 3 4 4 3 6 6 5 4 4 3 3
4 0 3 3 3 4 4 3 3 3 0 3 5 5 5 5 3 3 3 3 4 5 6 4 4 4 3 6 6 5 4 4 3 3
4 0 2 3 3 3 4 3 3 3 0 3 5 4 4 5 3 3 3 3 4 4 6 4 4 4 4 6 5 5 4 4 3 3
4 0 3 3 4 4 4 3 3 3 0 4 6 6 5 5 4 3 3 3 4 4 6 3 4 3 4 6 6 5 5 5 3 3
4 0 3 3 3 4 4 3 3 3 0 3 5 5 4 5 4 3 3 4 4 4 5 3 4 4 4 6 6 5 4 4 3 3
4 0 2 3 4 3 4 3 3 3 0 3 5 5 4 5 3 3 3 3 4 4 5 3 4 3 3 6 6 5 4 5 3 3
4 0 3 3 4 4 4 3 3 3 0 4 6 5 5 5 4 4 3 4 5 5 5 4 4 3 3 6 6 5 4 5 4 4
4 0 2 3 3 3 4 3 3 3 0 3 5 5 4 5 3 3 3 3 4 4 5 3 4 3 3 6 6 5 4 4 3 3
4 0 2 3 3 3 4 3 3 3 0 3 5 4 3 4 3 3 3 3 4 4 5 3 4 3 3 6 5 5 4 4 3 3
4 0 2 3 3 3 4 3 3 3 0 3 5 4 4 4 3 3 3 3 4 4 5 3 4 3 3 6 6 5 3 4 3 3
4 0 2 3 3 3 4 3 3 3 0 3 5 4 4 5 3 3 3 3 4 4 5 3 4 3 3 6 6 5 4 5 3 3
4 0 2 3 3 3 4 3 3 3 0 3 5 4 4 5 3 3 3 3 4 4 5 3 4 3 3 5 5 5 4 4 3 3
4 0 2 3 4 3 4 3 3 3 0 3 5 4 4 5 3 3 3 3 4 4 6 4 4 3 3 5 5 5 4 4 3 3
4 0 2 3 3 3 4 3 3 3 0 3 5 4 5 5 3 3 3 3 4 4 6 4 4 3 3 5 5 5 4 5 3 3
4 0 3 3 3 3 4 3 3 3 0 3 5 4 4 5 3 3 3 3 4 4 5 4 4 3 3 5 5 5 4 5 3 3
4 0 3 3 5 5 6 4 4 4 0 3 4 4 4 4 3 3 3 4 5 6 6 4 5 5 4 6 5 5 4 4 3 3
4 0 3 3 4 4 5 4 4 4 0 3 4 4 4 4 3 3 3 4 5 5 6 4 5 5 4 6 5 5 3 4 3 3
4 0 3 3 4 4 5 4 4 4 0 3 5 4 4 4 3 3 3 4 5 5 6 4 5 5 4 6 5 5 3 4 3 3
4 0 3 4 5 5 5 4 4 4 0 4 6 5 5 5 4 4 3 4 5 6 6 4 5 5 4 6 6 6 4 4 4 3
4 0 2 3 4 5 5 4 4 4 0 3 5 4 4 4 3 3 3 4 5 5 7 4 5 4 4 6 6 5 4 4 3 3
4 0 2 3 4 4 6 4 4 4 0 3 5 4 4 4 4 3 3 4 5 6 6 5 5 4 4 6 5 5 4 4 3 3
4 0 3 3 4 4 5 4 4 4 0 4 5 5 4 4 3 3 3 4 5 5 6 4 5 4 4 6 5 5 4 4 3 3
4 0 3 3 4 4 5 4 4 4 0 4 5 5 4 4 3 3 3 4 5 5 6 4 5 4 4 6 5 5 4 4 3 3
4 0 3 3 4 4 5 4 4 4 0 4 5 5 4 4 3 3 3 4 5 5 6 4 5 4 4 6 6 5 4 4 3 3
4 0 3 3 4 5 5 4 4 4 0 4 5 4 4 4 4 3 3 4 5 5 6 4 5 5 4 6 6 5 4 4 4 3
4 0 3 3 4 4 5 4 4 4 0 3 5 4 4 4 3 3 3 4 5 5 6 4 5 5 4 6 6 5 3 4 3 3
4 0 3 3 4 5 5 4 4 4 0 3 5 4 4 4 3 3 3 4 5 5 6 4 5 4 4 7 6 5 4 4 3 3
4 0 3 3 4 4 5 4 4 4 0 3 5 4 4 5 4 3 3 4 5 5 6 4 4 4 4 5 5 5 4 4 3 3
4 0 3 3 4 4 6 4 4 4 0 3 4 4 4 4 3 3 3 4 4 5 6 4 4 4 4 5 5 5 4 4 3 3
4 0 2 3 4 4 5 3 4 3 0 3 5 5 4 4 3 3 3 4 5 4 6 4 4 4 4 5 6 5 4 4 3 3
4 0 3 3 4 4 5 4 4 4 0 3 5 5 4 4 3 3 3 4 5 4 7 4 5 4 4 5 5 5 4 4 3 3
4 0 3 3 4 4 5 3 4 3 0 3 4 4 4 4 3 3 3 4 5 4 6 4 4 4 4 5 5 5 4 4 3 3
4 0 3 3 4 4 5 3 4 3 0 3 4 4 3 4 3 3 3 4 5 4 6 4 4 4 4 5 5 5 3 4 3 3
4 0 3 3 4 4 5 3 4 3 0 3 4 4 4 4 3 3 3 4 4 4 6 4 4 4 4 5 5 5 4 4 3 3
4 0 3 3 4 4 5 3 4 4 0 3 4 4 3 4 3 3 3 4 4 4 6 4 5 5 4 5 5 5 3 4 3 3
4 0 3 3 4 3 5 3 3 3 0 3 4 4 4 4 3 3 3 4 4 4 5 4 4 4 4 5 5 5 4 4 3 3
4 0 3 3 4 4 5 4 4 3 0 3 5 4 4 4 3 3 3 4 4 4 6 4 5 4 4 5 5 5 3 4 3 3
4 0 3 3 4 4 5 4 3 3 0 3 5 5 4 4 3 3 3 4 4 4 5 4 4 4 3 5 5 5 4 4 3 3
4 0 3 3 4 4 5 3 4 3 0 3 4 4 3 4 3 3 3 4 5 5 6 4 4 4 4 5 5 4 3 4 3 3
4 0 3 3 4 4 5 3 3 3 0 3 4 4 4 4 3 3 3 4 5 5 6 4 4 4 3 5 5 5 4 4 3 3
4 0 3 3 4 4 5 3 3 3 0 4 5 5 4 4 3 3 3 4 5 5 6 4 4 4 4 5 5 5 4 4 3 3
4 0 3 3 4 4 5 4 3 3 0 3 4 4 4 5 3 3 3 4 4 5 6 4 4 4 3 5 5 5 4 4 3 3
4 0 3 3 4 4 6 4 4 3 0 3 4 4 4 4 4 3 3 4 5 5 6 4 4 4 3 5 5 5 3 4 3 3
4 0 3 3 4 4 5 3 3 3 0 3 4 4 4 4 4 3 3 4 5 5 6 4 4 4 3 5 5 5 3 4 3 3
4 0 3 3 4 4 5 4 3 3 0 3 5 4 4 5 3 3 3 4 5 5 6 4 4 4 3 5 5 5 4 4 3 3
4 0 3 3 4 5 6 3 3 3 0 3 4 4 4 4 3 3 3 4 5 5 6 4 4 4 3 4 5 4 3 4 3 3
4 0 3 3 4 4 5 3 3 4 0 3 4 4 4 4 3 3 3 4 4 4 6 4 4 4 3 4 5 4 4 4 3 3
4 0 3 3 4 3 5 3 3 3 0 3 5 5 4 4 3 3 3 4 4 4 6 4 4 3 3 5 5 5 3 4 3 3
4 0 3 3 4 3 5 3 3 3 0 3 5 4 4 5 4 3 3 4 4 4 6 4 4 4 3 5 5 5 3 4 4 3
4 0 3 3 4 3 5 3 3 3 0 3 4 4 4 4 3 3 3 4 4 4 6 4 4 4 3 5 5 4 4 4 3 3
4 0 3 3 4 3 5 4 3 3 0 3 5 5 4 4 3 3 3 5 4 4 6 4 4 4 3 5 5 5 4 4 3 3
4 0 3 3 4 3 5 4 3 3 0 3 5 5 4 4 3 3 3 4 4 4 6 4 4 4 3 5 5 4 4 4 3 3
4 0 3 3 4 3 5 3 3 3 0 3 4 5 4 5 3 3 3 4 4 4 5 4 4 3 3 4 5 4 4 4 3 3
4 0 2 3 4 3 5 3 3 3 0 3 5 5 5 5 3 3 3 4 4 4 5 4 4 3 3 4 5 4 4 4 3 3
4 0 2 3 4 3 5 3 3 3 0 3 4 4 4 4 3 3 3 4 4 4 5 4 4 3 3 4 5 4 4 4 3 3
4 0 2 3 4 3 5 3 3 3 0 3 5 5 4 4 3 3 3 4 4 5 6 4 4 3 3 5 5 5 3 4 3 3
4 0 3 3 4 3 5 4 3 3 0 3 5 4 4 4 3 3 3 4 4 5 6 4 4 3 3 5 5 5 4 5 3 3
4 0 2 3 4 4 5 4 4 3 0 4 5 6 4 5 3 3 3 4 5 5 6 4 4 4 4 5 5 5 5 5 3 3
4 0 2 3 4 3 5 3 3 3 0 3 4 4 4 5 4 3 3 4 5 5 6 4 4 4 3 4 5 5 4 5 4 3
4 0 2 3 4 3 5 3 3 3 0 3 4 4 4 4 3 3 3 4 5 4 5 4 4 4 3 4 5 5 4 4 3 3
4 0 3 3 4 4 5 4 4 4 0 4 5 5 5 5 4 3 3 4 5 5 5 4 4 4 4 5 6 6 5 5 4 3
4 0 2 3 4 3 5 4 3 3 0 3 5 5 4 5 4 3 3 4 4 5 5 4 4 4 3 5 6 5 4 5 4 3
4 0 2 3 4 3 5 4 3 3 0 3 5 5 4 5 3 3 3 4 4 5 5 4 4 4 4 5 6 5 4 5 3 3
4 0 3 3 4 4 5 4 3 3 0 4 5 5 5 5 4 3 3 4 5 5 5 4 4 4 4 5 6 6 5 5 4 3
4 0 3 3 4 3 5 4 3 3 0 3 5 5 4 5 4 3 3 4 5 5 5 4 4 4 3 5 5 5 4 5 4 3
4 0 2 3 4 3 5 4 3 3 0 3 5 5 4 5 3 3 3 4 5 5 5 4 4 4 3 5 5 5 4 5 3 3
4 0 2 3 4 3 5 4 4 4 0 3 5 5 4 5 4 3 3 4 5 5 5 4 5 4 4 5 5 5 4 5 4 3
4 0 2 3 4 3 5 3 3 3 0 4 7 6 5 5 4 3 3 3 4 4 5 3 4 4 3 6 8 8 5 5 4 3
4 0 2 3 4 3 5 3 3 3 0 3 5 5 4 5 3 3 3 3 5 4 5 4 4 4 3 5 6 6 4 5 3 3
4 0 2 3 4 3 4 3 3 3 0 4 6 6 5 5 4 3 3 3 5 4 5 4 4 4 3 5 6 6 5 5 4 3
4 0 2 3 4 3 6 3 3 3 0 4 5 5 5 5 4 3 3 3 4 4 6 4 4 4 3 5 6 6 5 5 4 3
4 0 2 3 4 4 5 4 3 3 0 3 5 5 4 5 4 3 3 3 4 4 5 4 4 4 3 5 6 6 4 5 4 3
4 0 2 3 4 3 5 4 3 3 0 3 6 5 5 5 4 3 3 3 4 4 5 4 4 4 3 5 6 6 4 5 4 3
4 0 2 3 4 3 4 3 3 3 0 3 6 5 5 5 4 3 3 3 4 4 5 4 4 4 3 5 6 6 4 5 4 3
4 0 2 3 4 3 4 3 3 3 0 3 6 5 5 5 4 3 3 3 4 4 5 4 4 4 3 5 6 6 5 5 4 3
4 0 2 3 4 3 4 3 3 3 0 3 6 6 5 5 4 3 3 3 4 4 5 4 4 4 3 5 6 6 5 5 4 3
4 0 2 3 4 3 4 3 3 3 0 4 6 6 6 6 4 3 3 3 4 4 5 4 4 4 4 5 7 7 5 5 4 3
4 0 2 3 4 3 4 3 3 3 0 3 6 5 5 5 4 3 3 3 4 5 5 3 4 4 3 5 6 6 5 5 4 3
4 0 2 3 4 3 4 3 3 3 0 3 6 5 5 5 4 3 3 3 4 4 5 3 4 4 3 5 6 6 5 5 4 3
4 0 2 3 4 3 4 3 3 3 0 3 6 5 5 5 4 3 3 3 4 4 5 4 4 4 3 5 6 6 5 5 4 3
4 0 2 3 4 3 4 4 3 3 0 4 6 6 5 5 4 3 3 3 4 5 5 4 4 4 3 5 6 6 5 5 4 3
4 0 3 3 4 3 4 4 3 3 0 4 6 6 5 5 4 3 3 3 4 4 5 4 4 4 3 5 6 6 4 5 4 3
4 0 3 3 4 3 4 4 4 4 0 4 6 6 5 5 4 3 3 3 5 5 5 4 4 4 4 5 6 6 5 5 4 3
4 0 3 3 4 3 4 3 3 3 0 4 6 6 5 6 4 3 3 3 4 4 5 3 4 4 4 6 7 6 5 5 4 4
4 0 3 3 4 3 4 4 4 3 0 4 6 6 6 6 4 3 3 3 4 4 5 4 5 4 4 6 7 7 5 6 4 3
4 0 2 3 4 3 4 4 3 3 0 4 6 5 5 5 4 3 3 3 5 5 5 4 4 4 4 5 6 6 4 5 4 3
4 0 2 3 3 3 4 3 3 3 0 3 6 6 5 6 4 3 3 3 4 4 5 3 4 3 3 5 7 6 4 5 4 3
4 0 2 3 3 3 4 3 3 3 0 3 6 6 5 6 4 3 3 3 4 4 5 3 4 3 3 6 7 7 5 6 4 3
4 0 3 3 3 3 4 3 3 3 0 4 6 6 5 5 4 3 3 3 4 4 5 3 4 3 3 5 7 8 4 5 4 3
4 0 2 2 3 3 4 3 3 3 0 3 6 5 5 5 4 3 3 3 4 4 5 3 4 3 3 5 6 6 5 5 4 3
4 0 2 2 3 3 4 3 3 3 0 3 6 6 5 5 3 3 3 3 4 4 5 3 4 4 3 5 6 6 5 5 3 3
4 0 2 2 3 3 4 3 3 3 0 3 6 6 5 6 3 3 3 3 4 4 4 3 4 3 3 5 6 6 4 5 3 3
4 0 2 2 3 3 4 3 3 3 0 3 6 5 5 5 4 3 3 3 4 4 5 4 4 4 3 6 7 6 4 4 3 3
4 0 3 3 3 3 4 4 4 3 0 3 6 6 5 5 4 3 3 3 4 4 5 4 4 4 3 5 6 6 4 5 4 3
4 0 2 3 3 3 4 3 3 3 0 4 6 6 5 6 4 3 3 3 4 4 5 3 4 4 4 6 7 6 4 5 4 3
4 0 2 3 4 3 4 3 3 3 0 4 6 6 5 5 4 3 3 3 4 4 4 3 4 4 3 5 6 7 4 4 4 3
4 0 2 2 3 3 4 3 3 3 0 3 6 5 5 5 4 3 3 3 4 4 5 3 4 4 3 5 6 5 4 4 3 3
4 0 2 2 3 3 4 3 3 3 0 3 6 6 5 5 4 3 3 3 4 4 4 3 4 4 3 5 6 5 4 5 4 3
4 0 2 2 3 3 4 3 3 3 0 3 6 5 5 5 4 3 3 3 4 4 4 3 4 4 3 5 6 6 4 4 3 3
4 0 2 2 3 4 4 3 3 3 0 3 6 5 5 5 4 3 3 3 4 4 5 4 4 4 3 5 6 5 4 4 4 3
4 0 2 2 3 3 4 3 3 3 0 3 6 5 5 5 3 3 3 3 4 3 4 3 4 4 3 5 6 5 4 4 3 3
4 0 2 2 3 3 4 3 3 3 0 3 6 6 5 5 4 3 3 3 4 3 4 3 4 4 3 5 6 5 4 5 4 3
4 0 4 4 5 5 7 5 4 4 0 3 4 3 4 4 6 5 5 6 6 6 7 5 4 4 3 4 5 4 3 4 5 6
4 0 4 4 5 5 7 5 4 4 0 3 4 3 4 4 6 6 5 6 6 6 8 5 4 4 3 4 5 4 3 4 5 6
4 0 4 4 5 5 7 5 4 4 0 3 4 3 3 4 6 6 5 5 6 6 7 5 4 4 3 4 5 4 3 4 5 6
4 0 4 4 5 5 7 5 4 4 0 3 4 3 4 4 6 6 5 6 6 6 8 5 4 4 3 4 5 4 3 4 6 6
4 0 4 4 5 5 7 5 4 4 0 3 4 3 4 5 6 6 5 6 6 6 7 5 4 4 3 4 5 4 3 5 6 6
4 0 4 4 6 6 7 5 5 4 0 3 4 4 4 5 7 7 5 6 6 6 7 6 5 5 4 5 5 4 4 5 6 6
4 0 4 4 5 5 7 5 4 4 0 3 4 3 3 4 5 5 4 5 6 6 7 5 4 4 3 4 5 4 3 4 5 6
4 0 4 4 5 5 7 5 4 4 0 3 4 4 4 4 5 6 4 5 6 6 7 5 4 4 3 4 5 4 3 5 5 6
4 0 4 4 5 5 7 5 4 4 0 3 4 3 4 5 6 6 4 5 6 6 7 5 4 4 3 4 6 4 3 5 6 6
4 0 4 4 5 5 7 5 4 4 0 3 4 3 4 4 6 6 5 5 6 6 7 5 4 4 3 4 5 4 3 4 5 6
4 0 4 4 5 5 7 5 4 4 0 3 4 4 4 4 5 6 4 5 6 6 7 5 4 4 3 4 5 4 3 4 5 5
4 0 4 4 5 5 7 6 4 4 0 4 5 4 4 5 6 6 5 6 9 7 7 6 5 4 4 4 6 4 4 4 5 6
4 0 4 4 5 5 6 5 4 4 0 3 4 3 4 4 6 6 4 5 5 6 7 5 4 4 3 4 5 4 3 4 5 6
4 0 3 4 5 5 7 5 4 4 0 3 4 3 3 4 6 6 4 5 6 6 8 6 5 4 3 4 5 4 3 4 5 6
4 0 3 4 5 5 6 4 4 3 0 3 4 3 3 4 5 5 4 5 5 5 7 5 4 4 3 4 5 4 3 4 5 6
4 0 3 4 5 5 7 5 4 3 0 3 4 3 3 4 6 6 4 5 5 5 7 5 4 4 3 4 6 4 3 4 5 6
4 0 4 4 5 5 6 5 3 3 0 3 4 3 3 5 6 6 4 5 5 6 7 5 4 4 3 4 5 4 3 4 5 5
4 0 3 4 5 5 6 4 4 3 0 3 4 3 3 4 5 5 4 5 5 6 7 5 4 4 3 4 5 4 3 4 5 6
4 0 3 4 5 5 7 5 4 3 0 3 4 3 3 4 6 6 4 5 5 6 8 5 4 4 3 4 6 4 3 4 5 5
4 0 4 4 5 5 6 5 4 4 0 3 4 3 3 5 6 6 4 5 5 6 7 5 4 4 3 4 6 4 3 4 5 6
4 0 4 4 5 5 7 5 4 4 0 3 4 3 4 4 6 6 4 5 5 6 7 5 4 4 3 4 6 4 3 4 5 6
4 0 4 4 5 5 7 5 4 4 0 3 5 4 4 4 6 6 4 5 6 6 7 5 4 4 4 4 6 4 4 4 5 5
4 0 4 4 5 5 7 5 4 4 0 3 4 3 4 4 6 6 4 5 5 6 7 5 4 4 3 4 6 4 3 4 5 6
4 0 4 4 5 5 7 5 4 4 0 3 4 3 4 4 6 6 4 5 5 6 7 5 4 4 3 4 6 4 3 4 5 6
4 0 4 4 5 5 7 5 4 4 0 3 5 4 4 4 6 6 4 5 6 6 7 5 4 4 3 4 6 4 3 4 5 6
4 0 4 4 5 5 6 5 4 4 0 3 4 3 3 4 6 6 4 5 5 5 7 5 4 4 3 4 6 4 3 4 5 6
4 0 4 4 5 5 7 5 4 3 0 3 5 3 4 5 6 6 5 5 6 6 7 5 5 4 4 4 6 4 3 5 6 6
4 0 4 4 5 5 7 5 4 4 0 3 5 4 4 5 6 6 5 6 6 6 7 5 4 4 4 4 6 4 4 5 6 6
4 0 4 4 5 5 7 5 4 4 0 4 5 4 5 5 7 6 5 6 6 6 7 5 5 4 4 5 6 5 4 6 6 8
4 0 4 4 5 5 7 5 4 4 0 3 4 4 4 5 6 6 5 5 6 6 7 5 4 4 4 4 6 4 4 5 6 7
4 0 4 4 5 5 7 5 4 4 0 3 4 4 4 5 6 6 5 5 6 6 8 6 4 4 4 4 6 4 4 5 6 7
4 0 4 4 6 5 7 5 4 4 0 3 5 4 4 5 6 6 5 6 6 6 8 6 5 4 4 5 6 5 4 5 6 7
4 0 4 4 5 5 7 4 4 3 0 3 4 3 4 4 6 5 4 5 6 6 7 5 4 4 3 4 6 4 3 5 6 7
4 0 4 4 5 5 7 5 4 4 0 3 4 3 4 5 7 6 5 5 6 6 7 5 5 4 3 4 6 4 4 5 6 7
4 0 4 4 5 5 7 5 4 4 0 3 5 3 4 5 6 5 5 5 6 6 7 5 4 4 3 4 6 4 4 5 6 7
4 0 4 4 5 5 6 4 4 3 0 3 4 3 4 5 6 5 5 5 6 6 7 5 4 4 3 4 6 4 3 5 6 6
4 0 4 4 5 5 7 4 4 4 0 3 5 3 4 5 6 5 5 5 6 6 7 5 4 4 4 5 6 4 3 5 6 7
4 0 4 4 5 5 6 4 3 3 0 3 4 3 4 4 6 5 4 5 5 6 7 5 4 4 3 4 6 4 3 4 5 6
4 0 4 4 5 5 6 4 4 3 0 3 4 4 4 5 7 6 4 5 6 6 7 5 4 4 3 4 6 4 4 5 6 6
4 0 4 4 5 5 6 4 4 3 0 3 5 4 4 5 6 5 4 5 6 6 7 5 4 4 3 4 6 4 4 5 6 7
4 0 4 4 5 5 7 4 4 3 0 3 5 4 4 5 6 5 5 6 6 6 7 5 4 4 3 4 6 4 4 5 5 7
4 0 4 4 5 5 6 5 4 3 0 3 5 3 4 5 6 5 4 5 6 6 7 5 5 4 3 4 6 4 3 5 5 6
4 0 4 4 5 5 6 5 4 4 0 3 4 3 4 5 6 5 5 5 6 6 7 5 4 4 4 4 6 4 3 5 5 6
4 0 4 4 5 5 6 4 4 4 0 3 4 3 4 5 6 5 4 5 6 6 7 5 4 4 3 4 6 4 3 5 5 6
4 0 4 4 5 5 6 4 4 3 0 3 4 3 4 5 6 5 4 5 5 5 7 5 4 4 4 4 6 4 3 5 5 6
4 0 4 4 6 5 6 5 4 4 0 3 5 3 4 5 6 6 5 5 6 6 7 5 5 4 4 5 6 5 4 5 6 7
4 0 4 4 5 5 6 4 3 3 0 3 4 3 4 4 5 5 4 5 5 5 7 5 4 4 3 4 5 4 3 4 5 6
4 0 4 4 5 4 6 4 3 3 0 3 4 3 4 4 5 5 5 5 5 5 6 5 4 4 3 4 6 4 3 4 5 6
4 0 3 3 5 4 6 4 3 3 0 3 4 3 3 4 5 5 4 5 5 5 6 5 4 4 3 4 6 4 3 4 5 6
4 0 3 3 5 4 6 4 4 3 0 3 4 3 3 4 5 5 4 5 5 5 6 4 4 4 3 4 5 4 3 4 5 6
4 0 3 3 5 4 6 4 4 3 0 3 4 3 4 4 5 5 4 5 5 5 6 5 4 4 3 4 5 4 3 4 5 6
4 0 4 4 5 4 6 4 4 4 0 3 4 3 4 4 5 5 5 5 5 5 6 5 4 4 3 4 5 4 3 4 5 6
4 0 3 3 5 4 6 4 4 3 0 3 4 3 3 4 5 5 4 5 5 5 6 4 4 4 3 4 5 4 3 4 5 6
4 0 3 3 5 4 6 4 4 3 0 3 5 3 4 4 5 5 4 5 5 5 6 5 4 4 3 4 7 4 3 4 5 6
4 0 3 3 5 4 6 4 4 3 0 3 4 3 4 5 5 5 4 5 5 5 6 5 4 4 3 4 5 4 3 4 5 6
4 0 3 3 4 4 6 4 3 3 0 3 4 3 3 4 5 5 4 5 5 5 6 4 4 4 3 4 5 4 3 4 5 6
4 0 3 3 4 4 5 4 3 3 0 3 4 3 3 4 5 5 4 5 5 5 7 4 4 4 3 4 5 3 3 4 5 5
4 0 3 3 4 4 6 4 3 3 0 3 4 3 3 4 5 5 4 5 5 5 7 4 4 4 3 4 5 4 3 4 4 5
4 0 3 3 4 4 5 4 3 3 0 3 4 3 3 4 5 5 4 5 6 5 6 4 4 4 3 4 5 3 3 4 4 5
4 0 3 3 5 4 5 4 4 3 0 3 4 3 3 4 5 5 4 5 5 5 6 4 4 4 3 4 5 4 3 4 4 5
4 0 3 3 4 4 5 4 3 3 0 3 4 3 3 4 6 5 4 5 5 5 6 4 4 3 3 4 5 3 3 4 4 5
4 0 4 4 5 5 6 4 4 4 0 4 4 4 4 4 6 5 4 5 5 5 6 5 4 4 4 4 5 4 4 4 5 5
4 0 4 4 5 5 6 4 4 4 0 4 4 4 4 5 5 5 5 6 5 6 7 5 5 4 4 5 5 4 4 4 4 5
4 0 3 4 5 4 5 4 4 3 0 3 4 3 3 4 5 5 4 5 5 5 6 4 4 4 3 4 5 4 3 4 4 5
4 0 3 3 5 4 5 4 3 3 0 3 4 3 3 4 5 5 4 5 5 5 6 4 4 4 3 4 5 4 3 4 4 5
4 0 3 4 5 4 6 4 4 4 0 3 4 3 4 5 6 6 4 5 6 6 6 5 5 4 3 4 5 4 4 5 5 6
4 0 3 4 5 4 6 4 4 4 0 3 4 4 4 6 8 6 4 5 6 6 7 5 5 5 4 4 6 4 4 5 6 6
4 0 3 4 5 4 5 4 3 3 0 3 4 3 3 4 6 5 4 5 5 5 6 4 4 4 3 4 5 4 3 4 5 5
4 0 3 4 5 4 5 4 4 4 0 3 4 3 4 5 6 6 4 5 6 5 7 5 5 4 3 4 5 4 3 4 5 5
4 0 3 4 5 4 6 4 4 4 0 3 4 3 4 5 6 6 4 5 6 6 7 4 4 4 3 4 6 4 3 5 6 7
4 0 3 4 5 4 5 4 4 3 0 3 4 3 4 4 6 6 4 5 5 5 6 4 4 4 3 4 5 4 3 4 5 6
4 0 4 5 5 5 6 4 4 4 0 4 4 4 4 5 6 6 5 6 6 6 7 4 5 4 4 4 5 4 4 5 5 6
4 0 3 4 5 5 5 4 4 4 0 3 4 3 4 5 6 6 4 5 6 6 7 5 5 4 3 4 5 4 3 4 5 6
4 0 4 4 5 4 6 4 4 4 0 3 4 3 4 5 6 6 4 5 5 6 6 5 5 4 3 4 5 4 3 4 6 6
4 0 3 4 5 4 5 4 4 4 0 3 4 3 4 5 6 6 4 5 6 6 7 4 4 4 3 4 5 4 3 4 6 6
4 0 3 4 5 4 5 4 4 4 0 3 4 3 3 4 6 6 4 5 6 5 7 5 4 4 3 4 5 4 3 4 5 6
4 0 3 4 5 4 5 4 3 3 0 3 4 3 3 4 6 6 4 5 6 6 7 5 4 4 3 4 5 3 3 4 5 6
4 0 3 4 5 5 6 4 4 4 0 3 4 3 4 5 6 6 4 5 6 6 7 5 4 4 3 4 5 4 3 4 5 6
4 0 3 4 5 4 6 4 4 4 0 3 4 3 4 5 6 6 4 5 6 6 7 5 4 4 3 4 5 4 3 4 6 7
4 0 3 4 5 4 6 4 4 3 0 3 4 3 4 5 6 5 4 5 6 6 7 5 4 4 3 4 5 4 3 4 5 6
4 0 3 4 5 4 5 4 4 4 0 3 4 3 4 5 6 6 5 6 6 6 7 5 4 4 3 4 5 4 3 4 6 6
4 0 3 4 5 4 6 4 4 3 0 3 4 3 4 5 7 6 4 5 6 6 7 5 4 4 3 4 5 4 3 4 5 6
4 0 4 4 5 4 6 4 4 4 0 3 4 3 4 5 6 6 5 6 6 6 7 5 5 4 3 4 5 4 3 5 6 7
4 0 4 4 5 4 6 4 4 4 0 3 4 3 4 5 6 5 5 6 6 6 7 5 4 4 3 4 5 4 3 5 6 7
4 0 4 4 5 4 6 4 4 4 0 3 4 3 4 5 6 6 5 6 6 6 7 5 5 4 3 4 5 4 3 5 6 7
4 0 4 4 6 5 6 4 4 4 0 3 4 3 4 5 7 6 5 6 6 6 7 5 5 4 3 4 5 4 3 5 6 7
4 0 4 4 5 4 6 4 4 4 0 3 4 3 4 5 6 6 5 6 6 6 7 5 5 4 3 4 6 4 3 5 6 7
4 0 3 3 4 4 5 4 4 3 0 3 3 3 3 4 5 5 4 5 6 6 7 5 4 4 3 4 4 3 3 4 5 5
4 0 4 4 5 4 6 4 3 3 0 3 3 3 3 4 5 5 4 5 6 5 6 5 4 4 3 4 4 3 3 4 5 5
4 0 4 4 5 4 5 4 3 3 0 3 3 3 3 4 5 5 5 5 6 5 6 4 4 4 3 4 4 3 3 4 5 5
4 0 4 4 5 4 5 4 4 4 0 3 4 4 4 5 6 5 5 6 6 5 6 5 4 4 4 4 5 4 4 5 5 6
4 0 4 4 5 5 5 4 4 3 0 3 4 4 4 5 6 5 5 5 6 7 7 5 4 4 4 4 5 4 4 5 5 6
4 0 4 4 5 4 5 4 3 3 0 3 4 3 4 5 6 5 5 5 6 6 6 4 4 4 3 4 5 4 3 5 5 6
4 0 4 4 5 4 5 4 4 4 0 3 4 3 4 5 6 5 4 5 6 6 7 5 5 4 4 4 5 4 3 5 5 6
4 0 3 3 4 4 4 4 3 3 0 2 3 3 3 4 5 4 4 5 6 5 6 4 4 3 3 3 4 3 3 4 4 5
4 0 3 3 4 4 4 3 3 3 0 3 3 3 3 4 5 5 4 4 5 5 6 4 4 3 3 4 4 3 3 4 5 5
4 0 3 3 4 4 4 4 3 3 0 3 4 3 3 4 5 5 4 5 5 5 6 4 4 4 3 4 5 3 3 4 5 5
4 0 3 3 4 4 5 4 3 3 0 3 3 3 3 4 5 5 4 5 6 5 6 4 4 4 3 4 4 3 3 4 5 5
4 0 4 4 4 4 5 4 4 3 0 3 4 4 4 4 5 5 4 5 6 6 6 5 4 4 4 4 5 4 4 4 5 5
4 0 3 3 4 4 5 4 4 3 0 3 3 3 3 4 5 5 4 4 6 5 6 4 4 4 3 4 4 3 3 4 5 5
4 0 3 3 4 4 5 4 3 3 0 3 3 3 3 4 5 5 4 5 5 5 6 4 4 4 3 4 5 3 3 4 4 5
4 0 3 3 5 4 5 4 3 3 0 3 4 3 3 4 5 5 4 5 6 5 6 4 4 4 3 4 5 3 3 4 5 5
4 0 3 4 5 4 5 4 4 4 0 3 5 3 4 4 6 5 4 5 6 5 6 5 4 4 3 4 6 4 4 5 5 6
4 0 3 4 5 5 6 4 4 4 0 3 4 3 4 4 5 5 4 5 6 6 6 5 4 4 3 4 5 4 3 4 5 5
4 0 4 4 5 5 6 4 4 4 0 3 4 3 3 4 5 5 5 6 6 6 6 5 4 4 3 4 5 4 3 4 5 6
4 0 4 4 5 5 5 4 4 4 0 3 4 3 4 4 5 5 5 5 6 6 7 5 4 4 3 4 5 4 3 5 5 5
4 0 3 4 5 5 6 4 4 4 0 3 4 3 4 4 5 5 4 5 6 6 7 5 4 4 3 4 5 4 3 4 5 6
4 0 3 4 5 5 6 4 4 4 0 3 4 3 3 4 5 5 4 5 6 7 7 5 4 4 3 4 5 4 3 4 5 5
4 0 3 4 5 5 6 4 4 4 0 3 4 3 3 4 5 5 4 6 5 6 6 5 4 4 3 4 5 3 3 4 5 5
4 0 4 4 4 5 6 4 4 4 0 3 4 3 3 4 6 5 5 6 5 6 7 5 4 4 3 4 5 4 3 4 5 6
4 0 4 4 5 5 5 4 4 3 0 3 4 3 3 4 5 5 4 5 5 6 6 5 4 4 3 4 5 3 3 4 5 5
4 0 3 4 4 5 6 4 4 3 0 3 4 3 3 4 5 5 4 6 5 6 7 4 4 4 3 4 5 3 3 4 5 5
4 0 3 4 4 5 6 4 4 3 0 3 4 3 3 4 5 5 4 5 5 6 6 5 4 4 3 4 5 4 3 4 4 5
4 0 3 4 4 5 6 4 4 3 0 3 4 3 3 4 5 5 4 6 5 6 7 5 4 4 3 4 5 4 3 4 4 5
4 0 3 4 4 5 6 4 4 3 0 3 4 3 3 4 5 5 4 6 6 6 7 5 4 4 3 4 5 3 3 4 4 5
4 0 3 4 4 5 6 4 4 3 0 3 4 3 3 4 5 5 4 5 5 6 7 5 4 4 3 4 5 3 3 4 4 5
4 0 3 4 4 5 6 4 4 3 0 3 4 3 3 4 5 5 4 5 5 6 7 5 4 4 3 4 5 4 3 4 4 5
4 0 3 4 4 5 6 4 4 3 0 3 4 3 3 4 5 5 4 6 5 6 7 5 4 4 3 4 5 4 3 4 4 5
4 0 4 4 5 5 6 5 4 4 0 3 4 4 4 4 6 5 5 6 6 6 7 5 5 4 3 4 5 4 3 4 4 5
4 0 4 4 4 5 6 4 4 4 0 3 4 3 3 4 5 5 4 6 6 7 7 5 4 4 3 4 5 4 3 4 4 5
4 0 4 4 4 5 6 4 4 4 0 3 4 3 4 4 5 5 5 6 6 6 7 5 5 4 3 4 6 4 4 4 5 5
4 0 4 4 5 5 6 4 4 4 0 3 4 3 4 4 5 5 4 6 5 6 7 5 5 4 3 4 5 4 3 4 5 5
4 0 3 4 4 5 6 5 4 4 0 3 4 3 3 4 5 5 4 6 5 7 7 5 4 4 3 4 5 4 3 4 4 5
4 0 3 4 4 5 6 4 4 4 0 3 4 3 4 4 5 5 4 6 5 6 7 5 4 4 3 4 5 3 3 4 4 5
4 0 3 4 4 5 6 4 4 4 0 3 4 3 3 4 5 5 4 6 5 6 7 5 4 4 3 4 5 3 3 4 4 5
4 0 3 4 4 5 6 4 3 3 0 3 4 3 3 4 5 5 4 5 5 6 7 5 4 4 3 4 5 3 3 4 4 5
4 0 3 4 4 5 6 4 4 4 0 3 4 3 3 4 5 5 4 5 5 6 7 5 4 4 3 4 5 3 3 4 5 6
4 0 3 4 4 5 6 5 4 4 0 3 4 3 3 4 5 5 4 5 5 6 7 5 4 4 3 4 5 3 3 4 5 5
4 0 3 4 4 5 6 4 4 4 0 3 4 3 4 4 5 5 4 5 5 6 7 5 4 4 3 4 5 4 3 4 5 6
4 0 4 4 5 5 6 5 4 4 0 3 4 4 4 4 5 5 4 6 6 7 7 5 4 4 3 4 5 4 4 4 5 5
4 0 4 4 5 5 6 4 4 4 0 3 4 3 4 4 5 5 4 6 5 7 7 5 4 4 3 4 5 4 3 4 5 6
4 0 3 4 4 5 6 4 3 3 0 3 4 3 3 4 5 5 4 5 5 7 7 5 4 4 3 4 5 4 3 4 4 5
4 0 4 4 4 5 6 4 3 3 0 3 4 3 3 4 5 5 4 6 6 7 7 5 4 4 3 4 5 4 3 4 5 5
4 0 3 4 4 5 6 4 3 3 0 3 4 3 3 4 5 5 4 5 6 7 8 5 4 4 3 4 5 4 3 4 4 5
4 0 3 4 4 5 5 4 3 3 0 3 4 3 3 4 5 5 4 5 5 6 7 5 4 4 3 4 5 3 3 4 4 5
4 0 3 3 4 4 5 4 3 3 0 3 3 3 3 4 5 5 4 5 5 7 7 4 4 4 3 4 4 3 3 4 4 5
4 0 3 3 4 4 6 4 3 3 0 3 3 3 3 4 5 5 4 6 6 6 7 5 4 4 3 4 4 3 3 4 4 5
4 0 3 4 4 4 6 4 3 3 0 3 3 3 3 4 5 4 4 5 5 6 7 5 4 4 3 4 4 3 3 4 4 5
4 0 3 3 4 4 6 4 4 3 0 3 3 3 3 4 5 5 4 5 5 6 6 5 4 4 3 4 4 3 3 4 4 5
4 0 3 4 4 4 6 4 3 3 0 3 3 3 3 4 5 5 4 5 6 6 7 5 4 4 3 4 5 3 3 4 4 5
4 0 3 4 5 5 6 4 3 3 0 3 4 3 4 4 5 5 4 5 6 6 7 5 4 4 3 4 5 4 3 4 5 5
4 0 3 4 5 5 6 4 4 4 0 3 4 3 4 4 5 6 4 5 6 7 8 5 4 4 3 4 5 4 3 4 5 5
4 0 3 4 5 5 6 4 3 3 0 3 4 3 3 4 5 5 4 5 6 6 7 5 4 4 3 4 5 4 3 4 5 5
4 0 3 4 5 5 6 4 3 3 0 3 4 3 3 4 5 5 4 5 6 6 7 5 4 4 3 4 5 4 3 4 5 5
4 0 3 4 5 5 6 4 3 3 0 3 4 3 3 4 5 5 4 5 6 6 7 5 4 4 3 4 5 4 3 4 5 5
4 0 3 4 5 5 6 4 3 3 0 3 4 3 3 4 5 5 4 5 6 6 7 5 4 4 3 4 5 4 3 4 5 5
4 0 4 4 5 5 6 5 4 4 0 3 4 3 4 4 5 5 4 6 6 7 7 5 4 4 3 4 5 4 3 4 5 6
4 0 4 4 5 5 6 4 4 4 0 3 4 3 4 4 5 5 4 6 6 6 7 5 4 4 3 4 5 4 3 4 5 6
4 0 4 4 5 5 6 5 4 4 0 3 4 4 4 5 5 5 5 6 6 7 7 5 5 4 4 5 5 4 4 5 5 6
4 0 4 4 5 5 6 5 4 4 0 3 4 3 4 4 5 5 4 6 6 7 7 5 5 4 4 4 5 4 3 4 5 6
4 0 3 4 5 5 6 4 4 4 0 3 4 3 3 4 5 5 4 5 6 6 7 5 4 4 3 4 5 4 3 4 5 5
4 0 3 4 5 5 6 5 4 4 0 3 4 3 3 4 5 5 4 5 6 6 7 5 5 4 3 4 5 4 3 4 5 6
4 0 3 4 5 5 6 4 4 4 0 3 4 3 3 4 5 5 4 5 6 6 7 5 4 4 3 4 5 4 3 4 5 5
4 0 4 4 5 5 6 4 4 4 0 3 4 3 3 4 5 5 4 5 6 6 7 5 4 4 3 4 5 4 3 4 5 6
4 0 3 4 5 5 6 5 4 4 0 3 4 3 3 4 5 5 4 5 6 6 7 5 5 4 4 4 5 4 3 4 5 6
4 0 4 4 5 5 6 5 4 4 0 3 4 3 3 4 5 5 4 5 6 6 7 5 5 4 3 4 5 4 3 4 5 6
4 0 4 4 5 5 6 5 4 4 0 3 4 4 4 4 5 5 5 6 6 7 8 5 5 4 4 4 5 4 4 4 5 6
4 0 4 4 5 5 6 5 4 4 0 3 4 4 4 4 5 5 4 6 6 7 7 6 5 4 4 4 6 4 4 4 5 5
4 0 3 4 5 5 6 4 4 4 0 3 4 3 3 4 5 5 4 5 6 6 7 5 5 4 3 4 5 4 3 4 5 5
4 0 3 4 5 5 6 4 4 4 0 3 4 3 3 4 5 5 4 5 6 6 7 5 4 4 3 4 5 4 3 4 5 5
4 0 3 4 5 5 6 5 4 4 0 3 4 3 3 4 5 5 4 5 6 6 7 5 4 4 3 4 5 4 3 4 5 6
4 0 3 4 5 5 6 4 4 4 0 3 4 3 3 4 5 5 4 5 6 6 8 5 4 4 3 4 5 4 3 4 5 6
4 0 3 4 5 5 6 4 4 3 0 3 4 3 3 4 5 5 4 5 6 6 7 5 4 4 3 4 5 4 3 4 5 6
4 0 3 4 5 5 6 5 4 4 0 3 4 3 3 4 5 5 4 5 6 6 7 5 5 4 3 4 5 4 3 4 5 5
4 0 3 4 5 5 6 4 4 4 0 3 4 3 3 4 5 5 4 5 6 6 7 5 4 4 3 4 5 4 3 4 5 6
4 0 3 4 5 5 6 5 4 4 0 3 4 3 4 4 5 5 4 5 6 6 7 5 4 4 3 4 5 4 3 4 5 6
4 0 3 4 5 5 6 5 4 4 0 3 4 3 4 4 5 5 4 5 6 6 7 5 5 4 3 4 6 4 3 4 5 6
4 0 4 4 5 5 6 5 4 4 0 3 4 3 4 4 5 6 5 6 6 6 7 5 5 4 3 4 5 4 3 4 5 6
4 0 4 4 5 5 6 5 4 4 0 3 4 3 4 4 5 5 4 6 6 6 7 5 5 4 3 4 5 4 3 4 5 6
4 0 4 4 5 5 6 4 4 4 0 3 4 3 3 4 5 6 5 6 6 5 7 5 5 4 3 4 5 4 3 4 5 6
4 0 4 4 5 5 6 5 4 4 0 3 4 3 4 5 6 6 5 6 6 5 7 5 5 4 4 4 6 4 3 4 5 6
4 0 4 4 6 5 6 5 4 4 0 3 4 3 4 5 6 6 5 6 7 6 7 5 5 4 3 4 6 4 3 5 5 6
4 0 4 4 5 5 6 5 4 4 0 3 4 3 4 4 5 6 5 6 6 6 7 5 5 4 4 4 6 4 3 4 5 6
4 0 4 4 5 4 6 4 4 4 0 3 4 3 4 4 5 6 5 6 5 5 7 5 4 4 3 4 5 4 3 4 5 6
4 0 3 3 5 4 5 4 4 4 0 4 7 5 5 5 4 4 4 4 5 5 6 4 5 4 4 6 7 6 4 5 4 4
4 0 4 4 6 4 5 4 4 4 0 4 6 4 4 5 5 5 4 5 5 5 6 4 5 4 4 6 7 5 4 5 4 4
4 0 3 3 4 4 5 4 4 3 0 4 6 4 4 5 4 4 4 4 5 5 6 4 4 4 4 6 6 5 4 5 4 4
4 0 3 3 4 4 5 4 4 4 0 4 6 4 4 5 4 4 4 4 5 4 5 4 4 4 4 6 6 5 4 5 4 4
4 0 3 4 5 4 5 4 4 4 0 4 6 4 4 5 4 4 4 5 5 5 6 4 4 4 4 6 6 5 4 5 4 4
4 0 3 3 5 4 5 4 4 4 0 5 7 5 4 5 5 4 4 5 5 5 6 5 5 4 4 7 8 6 5 5 5 4
4 0 4 4 5 4 5 4 4 4 0 4 6 4 4 6 5 5 4 4 5 5 6 4 5 4 4 6 7 5 4 5 5 4
4 0 4 4 5 5 5 5 5 4 0 6 7 6 6 7 5 5 4 5 5 5 6 5 6 5 5 7 8 6 5 6 5 5
4 0 4 3 4 4 5 4 4 4 0 4 6 4 4 5 5 4 4 4 5 5 6 5 5 4 4 6 7 6 5 5 5 4
4 0 4 4 5 4 5 4 4 4 0 4 6 4 4 5 5 4 4 5 5 5 6 4 5 4 4 6 6 5 4 5 4 4
4 0 3 3 4 4 5 4 4 4 0 4 6 5 5 5 4 4 4 4 5 5 6 4 5 5 4 6 7 6 5 5 4 4
4 0 3 3 4 4 5 4 4 4 0 4 6 4 4 5 5 4 4 4 5 5 6 4 5 4 4 6 6 5 4 5 5 4
4 0 3 3 4 4 5 4 4 4 0 4 6 5 5 5 4 4 4 4 5 5 6 4 4 4 4 6 7 6 4 5 4 4
4 0 4 4 4 4 5 4 4 4 0 4 6 4 5 5 5 4 4 4 5 5 7 4 5 5 4 6 7 6 4 6 5 4
4 0 3 3 4 4 5 4 4 4 0 4 6 5 5 5 5 4 4 4 5 5 6 4 5 4 4 6 7 6 5 5 5 4
4 0 4 4 5 4 5 4 4 4 0 4 6 4 4 5 5 5 4 5 5 5 6 4 5 4 4 6 7 6 4 5 5 5
4 0 3 3 4 4 5 4 4 4 0 4 6 4 4 5 5 4 4 4 5 5 6 4 5 4 4 6 7 6 4 5 5 4
4 0 4 4 5 4 5 4 4 4 0 4 6 4 5 6 5 5 4 5 5 5 6 5 5 5 4 6 7 5 4 5 5 5
4 0 4 4 5 4 5 4 4 4 0 4 6 4 4 5 5 5 4 5 5 5 6 5 5 5 4 6 7 6 4 6 5 5
4 0 4 4 5 4 5 4 4 4 0 4 6 4 4 5 5 4 4 4 5 5 6 4 5 5 4 6 7 5 4 6 5 4
4 0 3 3 4 4 5 4 4 4 0 4 6 4 4 5 5 4 4 4 5 5 6 4 5 5 4 6 6 5 4 5 5 4
4 0 4 4 5 4 5 4 4 4 0 5 7 5 4 5 5 4 4 5 5 5 6 5 5 5 5 7 7 6 5 5 5 4
4 0 4 4 5 4 5 4 4 4 0 4 5 4 4 5 5 4 4 5 5 5 6 5 5 5 4 6 6 5 4 5 4 4
4 0 4 4 5 4 5 4 4 4 0 4 5 4 4 5 5 4 4 5 5 5 6 5 5 5 4 6 7 5 4 5 5 4
4 0 4 4 5 4 5 4 5 4 0 4 5 4 4 5 5 4 4 5 5 5 6 5 5 5 4 6 6 5 4 5 5 4
4 0 4 4 5 4 5 4 5 4 0 4 5 4 5 6 5 5 5 5 5 5 6 5 6 5 4 6 7 6 4 5 5 5
4 0 4 4 5 4 5 4 4 4 0 4 6 4 4 5 5 5 4 5 5 5 6 5 5 5 4 6 7 6 4 5 5 5
4 0 4 4 5 4 5 4 4 4 0 4 6 5 5 6 5 5 5 5 5 5 6 5 5 5 4 6 7 6 5 5 5 5
4 0 4 4 5 4 6 4 5 4 0 4 6 4 5 5 5 5 4 5 5 5 6 5 6 6 5 6 7 6 4 5 5 5
4 0 4 4 5 4 5 4 5 4 0 4 6 4 4 5 5 5 4 5 5 5 6 5 6 5 5 6 7 7 4 5 5 5
4 0 4 4 5 4 5 5 5 4 0 4 6 5 5 5 5 5 5 5 5 5 6 5 6 5 5 6 7 6 4 6 5 5
4 0 4 4 5 4 5 5 5 4 0 4 6 5 5 6 5 5 5 5 5 5 6 5 6 5 5 6 7 6 4 6 5 5
4 0 4 4 5 4 5 5 5 4 0 4 6 4 5 6 5 5 5 5 5 5 6 5 6 5 5 6 7 6 4 6 5 5
4 0 4 4 5 4 6 5 5 4 0 5 6 5 5 6 5 5 5 5 5 5 6 5 6 5 5 7 8 6 5 6 5 5
4 0 4 4 5 4 5 4 5 4 0 4 6 4 5 6 5 5 5 5 5 5 6 5 6 5 5 6 7 6 4 6 5 5
4 0 4 4 5 4 6 5 4 4 0 5 6 5 5 6 5 5 5 5 5 5 7 5 5 5 4 6 7 6 4 6 5 5
4 0 4 4 5 4 5 4 4 4 0 4 6 5 5 5 5 4 4 5 5 5 6 4 6 5 4 7 8 6 5 6 5 4
4 0 4 4 5 4 5 4 4 4 0 4 6 5 4 5 5 5 4 5 5 4 6 4 5 5 4 7 7 6 4 5 5 4
4 0 4 4 5 4 5 4 4 4 0 4 6 4 4 5 5 4 4 5 5 5 5 4 5 5 4 6 7 6 4 5 5 4
4 0 4 4 5 4 5 4 4 4 0 4 6 4 4 5 5 4 4 5 5 5 5 4 5 5 4 7 7 6 4 5 5 4
4 0 4 4 5 4 5 4 4 4 0 4 6 4 4 5 5 4 4 5 5 5 5 4 5 5 4 6 7 6 4 6 5 4
4 0 4 4 5 4 5 4 4 4 0 4 6 4 4 5 5 5 5 5 5 5 6 5 5 5 4 6 7 6 5 6 5 5
4 0 4 4 5 4 5 4 4 5 0 4 6 4 4 5 5 4 5 5 5 5 5 5 5 5 5 7 7 6 4 5 5 4
4 0 4 4 4 4 5 4 4 4 0 4 5 4 4 5 5 4 4 5 5 4 5 4 5 5 4 6 7 5 4 5 5 4
4 0 4 4 5 4 5 4 4 4 0 4 6 4 4 5 4 4 4 5 5 4 5 4 6 5 4 6 7 6 4 5 4 4
4 0 4 4 5 4 5 4 4 4 0 4 6 5 4 5 5 4 4 5 5 5 5 4 5 5 4 6 7 6 4 5 4 4
4 0 4 4 4 4 5 4 4 4 0 4 6 4 4 5 4 4 4 5 5 5 5 4 5 5 4 6 7 6 4 5 4 4
4 0 4 4 4 4 5 4 4 4 0 4 6 4 4 5 4 4 4 5 5 5 5 4 5 5 4 7 7 6 4 5 4 4
4 0 4 4 5 4 5 4 4 4 0 4 6 5 4 5 5 5 5 5 5 5 6 5 6 5 4 6 7 6 4 5 5 5
4 0 4 4 5 4 5 4 4 4 0 4 6 5 4 5 5 5 4 5 5 5 5 4 5 5 4 6 7 6 5 6 5 5
4 0 4 4 5 4 5 4 4 4 0 4 6 4 5 6 5 4 4 5 5 5 5 4 5 5 4 6 7 6 4 5 5 4
4 0 3 3 4 4 5 4 4 4 0 4 6 4 4 5 4 4 4 5 5 5 6 4 5 4 4 6 7 6 4 5 4 4
4 0 3 3 4 4 5 4 4 4 0 4 5 4 4 5 4 4 4 4 5 5 6 4 5 4 4 6 7 5 4 5 4 4
4 0 3 3 4 4 4 4 4 4 0 4 5 4 4 5 4 4 4 4 5 4 5 4 4 4 4 6 7 5 4 5 4 4
4 0 3 3 4 4 4 4 4 4 0 4 5 4 4 5 4 4 4 4 4 4 5 4 4 4 4 6 7 5 4 5 4 4
4 0 4 4 4 4 5 4 4 4 0 4 5 4 4 5 4 4 4 5 5 5 5 5 5 5 4 6 7 5 4 5 4 4
4 0 3 3 4 4 4 4 4 4 0 4 6 5 4 5 4 4 4 5 4 4 5 4 5 5 4 6 7 6 4 5 4 4
4 0 4 4 4 4 4 4 4 4 0 4 6 4 4 5 4 4 4 5 5 5 5 4 5 5 4 6 7 6 4 5 4 4
4 0 4 4 4 4 4 4 4 4 0 4 5 4 4 5 4 4 4 5 4 4 5 4 4 4 4 6 6 5 4 5 4 4
4 0 3 3 4 4 4 4 4 4 0 4 5 4 4 5 4 4 4 4 5 4 5 4 4 4 4 6 6 5 4 5 4 4
4 0 3 3 4 4 5 4 4 4 0 4 5 4 4 5 4 4 4 4 4 4 5 4 4 4 4 6 6 5 4 5 4 4
4 0 3 4 4 4 5 4 4 4 0 4 5 4 4 5 4 4 4 5 5 4 6 4 4 4 4 6 6 5 4 5 4 4
4 0 4 4 4 4 4 4 4 4 0 4 6 4 4 5 4 4 4 5 5 5 5 4 5 5 4 6 7 5 4 5 5 4
4 0 4 4 4 4 5 4 4 4 0 4 6 4 4 6 4 4 4 5 4 4 5 4 5 5 4 6 7 5 4 5 4 4
4 0 4 4 4 4 5 4 4 4 0 4 5 4 4 5 4 4 5 5 5 5 6 4 5 5 4 6 7 5 4 5 4 4
4 0 4 4 4 4 5 4 4 5 0 4 5 4 4 5 5 4 5 5 5 5 6 5 5 5 5 6 6 5 4 5 4 4
4 0 4 4 4 4 5 4 4 4 0 4 5 4 4 5 4 4 4 5 5 5 6 4 5 4 4 6 6 5 4 5 4 4
4 0 4 4 4 4 5 4 4 4 0 4 5 4 4 5 4 4 4 5 5 5 6 4 5 4 4 6 6 5 4 5 4 4
4 0 4 4 5 4 5 4 4 4 0 4 5 4 4 5 5 4 5 5 5 5 6 4 5 4 4 6 6 5 4 5 5 4
4 0 4 4 4 4 5 4 4 4 0 4 5 4 4 5 4 4 4 5 5 5 5 4 5 4 4 6 6 5 4 5 4 4
4 0 4 4 5 4 5 4 4 4 0 4 5 4 4 5 4 4 4 5 5 5 6 4 5 4 4 6 6 5 4 5 4 4
4 0 4 4 4 4 5 4 4 4 0 4 5 4 4 5 4 4 4 4 5 5 6 4 5 4 4 6 6 5 4 5 4 4
4 0 4 4 4 4 5 4 4 4 0 4 6 4 4 5 4 4 4 5 5 5 6 4 5 4 4 6 6 5 5 5 5 4
4 0 4 4 5 4 5 4 4 4 0 4 5 4 4 6 5 4 5 5 5 5 6 4 5 4 4 5 6 5 4 5 5 4
4 0 4 4 4 4 5 4 4 4 0 4 5 4 5 6 5 5 5 5 5 5 6 4 5 4 4 6 6 5 4 6 5 5
4 0 4 4 4 4 5 4 4 4 0 4 5 4 4 6 5 4 4 5 5 5 6 4 5 4 4 5 6 5 4 5 4 4
4 0 4 4 5 4 5 4 4 4 0 4 5 4 4 6 5 4 4 5 5 5 6 4 5 5 4 5 5 5 4 5 4 4
4 0 4 4 4 4 5 4 4 4 0 4 5 4 4 6 5 4 4 5 5 5 6 4 5 4 4 5 6 5 4 5 5 4
4 0 4 4 5 4 5 4 4 4 0 4 5 4 4 6 5 5 4 5 5 5 6 5 5 4 4 5 6 5 4 6 5 5
4 0 4 4 5 4 5 4 4 4 0 4 5 4 4 6 5 5 5 5 5 5 6 4 5 5 4 5 6 5 4 6 5 5
4 0 4 4 5 4 5 4 4 4 0 4 5 4 5 6 5 5 5 5 5 5 6 4 5 5 4 5 6 5 4 6 5 5
4 0 4 4 5 4 5 4 4 4 0 4 5 4 4 6 5 5 5 5 5 5 6 5 5 5 4 6 6 5 4 6 5 5
4 0 4 4 5 4 5 4 4 4 0 4 5 4 5 6 5 5 4 5 5 5 6 5 5 4 4 6 6 5 4 6 5 5
4 0 4 4 5 5 5 4 4 4 0 4 5 4 5 7 5 5 5 5 5 5 6 4 5 5 4 5 6 5 4 6 5 5
4 0 4 4 5 4 5 4 4 4 0 4 5 4 5 6 5 5 5 5 5 5 6 4 5 5 4 6 6 5 4 6 5 5
4 0 4 4 5 5 5 4 4 4 0 4 5 4 5 6 5 5 5 5 5 5 6 5 5 5 4 6 6 5 4 6 5 5
4 0 4 4 4 4 5 4 4 4 0 4 5 4 5 6 5 5 4 5 5 5 6 4 5 5 4 6 6 5 4 6 5 5
4 0 3 3 4 4 5 4 4 3 0 4 6 5 4 4 4 4 4 4 4 4 5 4 5 4 4 6 7 5 4 4 4 4
4 0 3 3 4 4 5 4 4 4 0 3 5 4 4 4 4 4 4 4 4 4 5 4 5 4 4 6 7 5 4 4 4 4
4 0 3 3 4 4 5 4 4 3 0 3 5 4 4 4 4 4 4 4 4 4 5 4 5 4 4 6 7 5 4 4 4 4
4 0 3 3 4 4 4 4 4 3 0 4 6 4 4 5 4 4 4 4 5 4 5 4 5 4 4 6 7 5 4 4 4 4
4 0 3 3 4 4 5 4 4 3 0 4 6 4 4 4 4 4 4 4 4 4 5 4 5 4 4 6 7 5 4 4 4 4
4 0 3 3 4 4 5 4 4 3 0 4 7 5 5 5 4 4 4 4 4 4 5 4 5 4 4 7 7 5 4 5 4 4
4 0 3 3 4 4 5 4 4 4 0 4 6 4 4 4 4 4 4 4 4 4 6 4 5 5 4 6 7 5 4 4 4 4
4 0 3 3 4 4 5 3 4 3 0 3 5 4 4 4 4 3 4 4 5 5 6 4 5 4 4 5 6 5 4 4 4 3
4 0 3 3 4 4 5 4 4 3 0 4 6 4 4 4 4 4 4 4 5 5 6 4 5 4 4 6 7 5 4 4 4 4
4 0 3 3 4 4 5 4 4 4 0 4 6 5 4 4 4 4 4 4 5 5 6 4 5 4 4 5 7 6 4 4 4 4
4 0 3 3 4 4 5 4 4 3 0 3 5 4 4 5 4 4 4 4 5 5 5 4 5 4 4 6 7 6 4 5 4 4
4 0 3 4 4 4 5 4 4 4 0 3 5 4 4 5 4 4 4 5 5 5 5 4 6 5 4 6 7 5 4 5 4 4
4 0 3 3 4 4 5 4 4 4 0 4 5 4 4 5 4 4 4 4 5 5 6 4 5 4 4 6 7 5 4 5 4 4
4 0 3 3 4 4 5 4 4 4 0 4 6 4 4 5 4 4 4 4 5 5 6 4 5 5 4 6 7 5 4 5 4 4
4 0 4 3 4 4 5 4 4 4 0 4 5 4 4 5 4 4 4 4 5 5 6 4 5 4 4 6 7 5 4 5 5 4
4 0 4 4 4 4 5 4 4 4 0 4 5 4 4 5 4 4 4 4 5 5 6 4 5 5 4 5 6 5 4 5 4 4
4 0 3 3 4 4 5 4 4 4 0 4 5 4 4 5 4 4 4 4 5 5 6 4 5 5 4 5 6 5 4 5 4 4
4 0 3 3 4 4 5 4 4 4 0 4 5 4 4 5 4 4 4 4 5 5 6 4 5 4 4 5 6 5 4 5 4 4
4 0 3 4 5 4 5 4 4 4 0 4 5 4 4 5 4 4 4 4 5 5 6 4 5 5 4 6 6 5 4 5 4 4
4 0 3 3 4 4 5 4 4 4 0 4 6 4 4 5 4 4 4 4 5 5 6 4 5 4 4 6 7 5 4 5 4 4
4 0 4 4 5 4 5 4 4 4 0 4 7 6 6 7 5 4 4 5 5 5 6 4 5 5 4 6 7 5 5 6 5 4
4 0 3 3 4 4 5 4 4 4 0 4 6 4 4 6 4 4 4 4 5 5 6 4 5 4 4 5 6 5 4 5 4 4
4 0 3 4 4 4 5 4 4 4 0 4 6 4 4 6 4 4 4 4 5 5 6 4 5 5 4 6 6 5 4 5 4 4
4 0 3 3 4 4 5 4 4 4 0 4 6 4 4 5 4 4 4 4 5 5 6 4 5 5 4 5 7 5 4 5 4 4
4 0 3 3 4 4 5 4 4 4 0 4 6 4 4 5 4 4 4 4 5 5 6 4 5 5 4 5 7 5 4 5 4 4
4 0 3 3 4 4 5 4 4 4 0 4 6 4 4 5 4 4 4 4 5 5 6 4 5 5 4 6 7 5 4 5 4 4
4 0 3 4 5 4 5 4 4 4 0 4 6 4 4 6 4 4 4 4 5 5 6 4 5 5 4 6 7 5 4 5 4 4
4 0 3 3 4 4 5 4 4 4 0 4 6 5 5 6 4 4 4 4 5 5 6 4 5 5 4 6 7 5 4 5 4 4
4 0 3 4 5 4 5 4 4 4 0 4 6 5 5 6 5 4 4 4 5 5 6 4 5 5 4 6 7 5 4 5 4 4
4 0 3 3 4 4 5 4 4 4 0 4 6 4 5 6 4 4 4 4 5 5 6 4 5 4 4 5 7 5 4 5 4 4
4 0 4 4 5 4 5 4 4 4 0 4 6 4 5 6 4 4 4 4 5 5 6 4 5 4 4 5 6 5 4 5 4 4
4 0 3 3 4 4 5 4 4 4 0 4 6 4 4 6 5 4 4 4 5 5 6 4 5 5 4 5 7 5 4 5 5 4
4 0 3 4 5 4 5 4 4 4 0 4 6 5 5 6 5 4 4 4 5 5 6 4 5 5 4 6 7 5 4 5 5 4
4 0 3 3 4 4 5 4 4 4 0 4 6 4 4 6 4 4 4 4 5 5 6 4 5 5 4 6 7 5 4 5 4 4
4 0 3 3 4 4 5 4 4 4 0 4 6 4 4 6 4 4 4 4 5 5 6 4 5 5 4 6 7 5 4 5 4 4
4 0 3 4 5 4 5 4 4 4 0 4 6 4 4 6 5 4 4 4 5 5 6 4 5 5 4 6 7 5 4 5 4 4
4 0 3 3 4 4 5 4 4 4 0 4 6 5 4 6 4 4 4 4 5 4 6 4 5 5 4 6 7 5 4 5 4 4
4 0 3 4 4 4 5 4 4 4 0 4 7 5 5 6 4 4 4 4 5 4 6 4 5 5 4 6 8 6 5 5 5 4
4 0 3 4 4 4 5 4 4 4 0 4 6 5 5 6 4 4 4 4 5 4 5 4 5 5 5 7 7 5 4 5 4 4
4 0 3 3 4 4 5 4 4 4 0 4 6 5 5 6 4 4 4 4 5 4 6 4 5 5 4 6 7 5 4 5 4 4
4 0 3 3 4 4 5 4 4 4 0 4 6 4 4 6 4 4 4 4 5 4 6 4 5 5 4 6 7 5 4 5 4 4
4 0 3 3 4 4 5 4 4 4 0 4 6 5 5 6 4 4 4 4 5 4 5 4 5 5 4 7 7 5 4 5 4 4
4 0 3 3 4 4 5 4 4 4 0 4 6 5 5 6 5 4 4 4 5 4 5 4 5 5 4 6 7 5 4 5 5 4
4 0 3 4 4 4 5 4 4 4 0 4 6 5 5 6 5 4 4 4 5 4 6 4 5 5 4 7 7 5 4 5 4 4
4 0 3 3 4 4 5 4 4 4 0 4 6 5 5 6 4 4 4 4 5 5 5 4 5 5 4 6 7 5 4 5 4 4
4 0 4 4 5 4 5 4 4 4 0 4 7 5 4 6 5 4 4 4 5 5 5 4 5 5 4 7 7 5 4 5 4 4
4 0 3 3 5 4 5 4 4 4 0 4 6 5 4 6 5 4 4 4 5 5 6 4 5 5 5 7 7 5 4 5 4 4
4 0 3 3 4 4 5 4 4 4 0 4 6 5 4 6 4 4 4 4 5 4 6 4 5 5 4 7 7 5 4 5 4 4
4 0 4 4 4 4 5 4 4 4 0 5 7 6 5 7 5 5 4 4 5 4 6 5 5 5 4 7 7 5 4 6 5 4
4 0 4 4 5 5 6 5 5 4 0 5 6 4 4 6 5 4 4 4 5 5 6 5 5 5 4 7 7 6 4 5 5 4
4 0 4 4 5 4 5 4 4 4 0 4 6 4 4 6 5 4 4 4 5 5 6 5 5 6 4 7 7 6 4 5 4 4
4 0 4 4 5 4 5 4 4 4 0 4 6 5 5 6 5 4 4 4 5 5 6 4 5 5 5 7 7 6 4 5 4 4
4 0 3 4 5 4 5 4 4 4 0 4 6 4 4 6 4 4 4 4 5 5 6 4 5 5 4 7 7 5 4 5 4 4
4 0 4 4 5 4 5 4 5 4 0 4 6 5 5 6 5 4 4 4 5 5 6 5 5 5 4 7 7 5 4 5 5 4
4 0 4 4 5 4 5 4 4 4 0 4 6 4 4 6 5 4 4 4 5 5 6 4 5 5 4 7 7 5 4 5 5 4
4 0 3 3 4 4 5 4 4 4 0 4 6 5 4 5 4 4 4 4 5 4 6 4 5 5 5 7 7 6 4 5 4 4
4 0 4 4 5 4 5 5 5 4 0 5 6 5 4 6 5 4 4 4 5 5 6 5 6 5 5 7 7 6 4 6 5 4
4 0 3 3 5 4 5 4 4 4 0 4 6 4 4 5 4 4 4 4 5 5 6 5 6 5 4 7 7 6 4 5 4 4
4 0 3 3 5 4 5 4 4 4 0 4 6 4 4 5 4 4 4 4 5 5 6 5 6 5 4 7 7 6 4 5 4 4
4 0 3 4 4 4 5 4 5 4 0 5 6 5 5 6 4 4 4 4 5 4 6 5 6 5 5 7 7 6 4 5 4 4
4 0 3 4 5 4 5 4 4 4 0 4 6 4 4 5 4 4 4 4 5 5 5 5 5 5 4 6 7 6 4 5 4 4
4 0 4 4 5 4 5 4 4 4 0 4 6 4 4 5 4 4 4 4 5 5 6 5 5 5 4 7 7 6 4 5 4 4
4 0 4 4 5 4 5 5 5 4 0 4 6 5 4 5 4 4 4 4 5 5 6 5 6 5 5 7 7 6 4 5 4 4
4 0 4 4 5 4 5 5 5 4 0 4 6 4 4 5 4 4 4 4 5 5 6 5 6 5 5 7 7 6 4 5 4 4
4 0 4 4 5 5 6 5 5 4 0 5 6 5 5 6 5 4 4 5 5 5 7 5 6 5 5 7 7 6 5 5 5 4
4 0 4 4 5 4 6 5 5 4 0 4 6 5 5 6 5 5 4 5 5 5 6 5 6 5 5 7 8 6 4 6 5 4
4 0 4 4 5 4 5 5 5 4 0 4 6 4 4 5 5 4 4 4 5 5 6 5 6 5 5 7 7 6 4 5 5 4
4 0 4 4 5 4 5 5 5 4 0 4 6 5 4 5 4 4 4 5 5 5 6 5 6 5 5 7 7 6 4 5 4 4
4 0 4 4 5 4 6 5 5 4 0 5 7 5 5 5 5 4 4 5 5 5 6 5 6 5 5 7 8 6 5 5 5 4
4 0 4 4 5 4 5 5 5 4 0 4 6 4 5 5 5 4 4 5 5 5 6 5 6 5 4 7 7 6 4 6 5 4
4 0 4 4 5 5 6 5 5 5 0 4 6 5 5 7 5 5 4 5 5 5 6 5 6 5 5 7 7 6 5 6 5 5
4 0 4 4 5 5 6 5 4 5 0 4 7 4 4 6 5 5 4 5 5 5 6 5 5 5 4 7 7 6 5 6 5 5
4 0 4 4 5 4 6 5 5 4 0 4 6 4 4 5 5 4 4 4 5 5 6 5 5 5 4 6 7 6 5 5 5 4
4 0 4 4 5 4 5 5 5 4 0 4 6 4 4 5 5 4 4 5 5 5 6 5 5 5 4 6 7 6 4 5 5 4
4 0 3 4 5 4 5 4 5 4 0 4 6 4 4 5 4 4 4 4 5 5 6 5 6 5 4 6 7 6 4 5 4 4
4 0 4 4 5 4 5 5 5 4 0 4 6 4 4 5 5 4 4 5 5 5 6 5 5 5 4 6 7 6 4 5 5 5
4 0 3 4 4 4 6 4 4 4 0 4 6 4 4 5 4 4 4 4 5 5 6 5 5 5 4 6 7 5 4 5 4 4
4 0 4 4 6 5 6 5 5 5 0 5 7 5 5 6 5 5 5 5 5 6 7 5 6 5 4 7 8 6 5 5 5 5
4 0 4 4 4 4 5 4 5 4 0 4 6 4 4 5 4 4 4 5 5 5 6 5 5 5 4 6 7 5 4 5 4 4
4 0 4 4 4 4 5 5 5 4 0 4 6 4 4 5 4 4 4 5 5 5 6 5 6 5 4 6 7 5 4 5 5 4
4 0 3 3 4 4 5 5 5 4 0 4 6 4 4 5 4 4 4 5 4 4 6 5 6 5 4 6 7 5 4 5 4 4
4 0 4 4 4 4 5 5 5 4 0 4 6 5 5 5 4 4 4 5 5 4 6 5 6 5 4 6 7 5 4 5 5 4
4 0 4 4 4 4 5 4 5 4 0 4 6 4 5 5 4 4 4 5 5 4 6 5 5 5 4 6 7 6 4 5 5 4
4 0 4 4 4 4 5 5 5 4 0 4 7 5 5 5 5 4 4 5 5 4 6 5 6 6 4 7 8 7 5 6 5 4
4 0 4 4 5 4 5 5 5 4 0 4 6 4 4 5 5 5 5 5 5 5 6 6 6 6 5 7 7 6 4 6 5 5
4 0 3 4 4 4 5 4 5 4 0 4 6 4 5 5 4 4 4 5 4 4 6 4 5 5 4 6 7 5 4 5 4 4
4 0 3 4 4 4 5 4 5 4 0 4 6 4 4 5 4 4 4 5 4 4 6 4 5 6 5 6 7 6 4 5 4 4
4 0 9 8 10 8 9 8 7 7 0 7 8 8 10 12 19 18 10 10 9 9 9 8 9 8 7 10 10 10 9 13 18 18
4 0 9 8 10 9 10 9 8 8 0 8 9 9 10 13 20 19 10 10 10 9 10 9 9 9 8 10 11 11 10 13 20 18
4 0 10 8 9 8 8 7 7 7 0 6 8 8 10 13 20 19 11 9 9 8 9 8 8 8 7 9 10 10 9 13 18 18
4 0 11 9 10 8 9 8 7 7 0 7 8 8 10 12 20 19 12 10 9 9 9 9 8 8 7 9 10 9 9 12 18 18
4 0 9 8 9 8 8 7 6 7 0 6 8 8 9 12 20 18 10 9 9 8 9 8 8 7 7 9 9 9 8 12 18 17
4 0 10 8 10 9 9 8 7 7 0 7 8 8 10 13 20 19 11 10 10 9 10 9 9 8 7 10 10 10 9 13 18 17
4 0 10 9 10 9 10 8 7 8 0 7 9 9 10 13 21 20 13 11 10 9 10 9 9 9 8 10 11 10 9 13 19 19
4 0 10 8 10 8 9 8 7 7 0 7 8 8 10 12 20 19 11 10 9 9 9 9 9 8 7 10 10 10 9 13 18 18
4 0 9 8 9 8 9 8 7 7 0 7 8 8 10 12 20 19 11 9 9 9 9 8 8 8 7 9 10 10 9 12 18 18
4 0 9 8 9 8 9 8 7 7 0 7 8 8 10 12 19 19 10 9 9 8 9 8 8 8 7 9 10 10 9 12 18 17
4 0 10 9 10 9 10 8 7 8 0 7 9 9 10 13 20 20 11 10 10 9 10 9 9 9 8 10 11 11 10 13 19 18
4 0 10 8 10 8 9 8 7 7 0 7 8 8 10 12 21 20 11 10 9 9 9 9 9 8 7 10 10 10 9 13 19 18
4 0 10 9 10 9 9 8 7 8 0 7 9 9 10 13 21 21 12 10 10 9 10 9 9 8 8 10 11 10 10 13 20 21
4 0 10 9 10 9 9 8 7 8 0 7 8 8 10 13 20 20 11 10 9 9 9 9 9 8 8 10 10 10 9 13 19 19
4 0 10 9 10 9 9 8 7 8 0 7 9 9 10 13 20 20 11 10 10 9 10 9 9 8 8 10 10 10 9 13 19 18
4 0 10 9 10 9 10 9 8 8 0 7 9 9 11 13 21 20 11 10 10 9 10 9 9 9 8 10 11 11 10 13 20 18
4 0 10 9 10 9 9 8 7 8 0 7 9 9 10 13 20 20 11 10 10 9 10 9 9 8 8 10 11 10 10 13 19 18
4 0 10 9 10 9 9 8 7 8 0 7 9 9 10 13 21 20 12 10 10 9 10 9 9 8 8 10 11 10 10 13 19 19
4 0 10 9 10 9 9 8 7 8 0 7 9 9 10 13 21 20 12 10 10 9 10 9 9 8 8 10 11 10 10 13 20 19
4 0 10 9 10 9 10 9 8 8 0 7 9 9 10 13 21 20 11 10 10 9 10 9 9 9 8 10 11 10 10 13 20 19
4 0 10 9 10 9 10 9 8 8 0 7 9 9 10 13 20 20 11 10 10 9 10 9 9 9 8 10 11 10 10 13 19 19
4 0 10 9 10 9 10 9 8 8 0 7 9 9 10 13 21 20 11 10 10 9 10 9 9 9 8 10 11 11 10 13 19 19
4 0 10 9 10 9 10 9 8 8 0 7 9 9 10 13 20 20 11 10 10 9 10 9 9 9 8 10 11 11 10 13 19 18
4 0 10 9 10 9 10 9 8 8 0 7 9 9 10 13 20 20 11 10 10 9 10 9 9 9 8 10 11 10 10 13 20 19
4 0 10 9 11 9 10 9 8 8 0 7 9 9 11 13 21 20 12 10 10 10 10 9 9 9 8 10 11 11 10 14 20 18
4 0 10 10 11 10 10 9 8 9 0 8 10 10 11 14 20 21 12 11 11 10 11 10 10 10 9 11 12 12 11 14 21 18
4 0 10 9 10 9 10 8 7 8 0 7 9 9 10 13 20 21 12 10 10 9 10 9 9 9 8 10 11 10 9 13 21 19
4 0 10 9 10 9 10 9 8 8 0 7 9 9 10 12 20 20 11 10 10 9 10 9 9 9 8 10 11 10 9 13 19 18
4 0 9 9 10 9 10 9 8 8 0 7 9 9 10 12 18 18 11 10 10 9 10 9 9 9 8 10 11 10 9 13 17 16
4 0 9 9 11 10 10 9 8 8 0 8 9 9 10 12 18 18 11 10 10 10 10 10 10 9 8 11 11 10 10 13 17 16
4 0 8 8 9 8 9 8 7 7 0 6 8 8 9 11 17 18 10 9 9 9 9 8 8 8 7 9 10 9 8 11 17 16
4 0 8 8 9 8 9 8 7 7 0 6 7 7 8 11 17 18 10 9 9 8 9 8 8 8 7 9 9 9 8 11 16 16
4 0 8 8 9 8 9 8 7 7 0 6 8 8 9 11 17 17 10 9 9 8 9 8 8 8 7 9 10 9 8 11 17 16
4 0 8 8 9 8 9 8 7 7 0 6 8 8 9 11 17 17 10 9 9 8 9 8 8 8 7 9 10 9 8 11 16 14
4 0 8 7 8 7 8 7 6 6 0 6 7 7 8 10 20 19 11 8 8 7 8 7 7 7 6 8 9 8 8 10 17 16
4 0 8 7 8 7 8 7 7 7 0 6 7 7 8 10 17 17 9 8 8 8 8 7 8 7 7 8 9 8 8 10 16 14
4 0 8 7 9 8 8 7 7 7 0 6 7 7 8 11 18 18 10 9 8 8 8 8 8 7 7 9 9 9 8 11 16 15
4 0 8 7 9 8 8 7 7 7 0 6 8 7 8 11 19 21 10 9 8 8 8 8 8 7 7 9 9 9 8 11 17 15
4 0 8 7 9 8 8 7 7 7 0 6 8 8 9 12 18 18 10 9 9 8 9 8 8 8 7 9 10 9 8 12 16 16
4 0 8 7 8 7 8 7 6 6 0 6 7 7 8 10 17 17 10 8 8 7 8 7 7 7 6 8 8 8 7 10 16 15
4 0 8 7 8 7 8 7 6 6 0 6 7 7 8 10 18 17 10 8 8 8 8 7 7 7 6 8 8 8 7 10 16 15
4 0 8 7 9 8 8 7 6 7 0 6 7 7 8 10 17 17 9 8 8 8 8 8 8 7 7 8 9 8 7 10 16 15
4 0 8 7 8 7 8 7 6 6 0 6 7 7 8 11 18 18 10 8 8 8 8 7 7 7 6 8 8 8 7 11 16 15
4 0 8 7 9 8 8 7 7 7 0 6 7 7 8 11 18 18 9 8 8 8 8 8 8 7 7 8 9 9 8 11 16 15
4 0 8 8 9 8 8 7 7 7 0 6 8 8 9 12 18 18 9 9 9 8 9 8 8 8 7 9 9 9 9 12 18 16
4 0 8 7 9 8 8 7 6 7 0 6 7 7 8 11 18 18 9 8 8 8 8 8 8 7 7 8 9 8 8 11 16 16
4 0 8 8 9 8 9 8 7 7 0 6 7 7 9 11 18 18 9 9 9 8 9 8 8 8 7 9 9 9 8 12 17 17
4 0 7 7 8 7 8 7 6 7 0 6 7 7 8 11 17 17 9 8 8 8 8 7 8 7 7 8 9 8 8 11 16 15
4 0 7 7 8 7 8 7 6 7 0 6 7 7 8 11 17 18 9 8 8 8 8 8 8 7 6 8 9 8 8 11 17 18
4 0 8 7 9 8 8 7 7 7 0 6 7 7 9 12 18 18 9 9 8 8 9 8 8 8 7 9 9 9 8 11 16 16
4 0 8 7 9 8 8 7 7 7 0 6 8 7 9 12 18 18 9 8 8 8 9 8 8 8 7 9 9 9 8 12 17 17
4 0 8 7 9 8 9 8 7 7 0 7 8 8 10 12 18 18 10 9 9 8 9 8 8 8 7 9 10 10 9 12 17 18
4 0 7 7 8 7 8 7 6 7 0 6 7 7 8 12 18 18 9 8 8 8 8 8 8 7 6 8 9 8 8 11 17 19
4 0 7 7 9 7 8 7 6 7 0 6 7 7 8 11 17 17 9 8 8 8 8 8 8 7 7 8 9 8 8 11 16 17
4 0 7 7 8 7 8 7 6 7 0 6 7 7 8 11 17 16 9 8 8 8 8 8 8 7 7 8 9 8 8 11 17 17
4 0 7 7 8 7 8 7 6 7 0 6 7 7 9 12 17 16 9 8 8 8 8 8 8 7 7 8 9 8 8 11 17 18
4 0 7 7 8 7 8 7 6 7 0 6 7 7 8 11 17 17 9 8 8 8 8 8 8 7 7 8 9 8 8 11 16 18
4 0 7 7 8 7 8 7 6 6 0 6 7 7 8 11 17 17 9 8 8 7 8 7 7 7 6 8 8 8 8 11 16 18
4 0 7 7 8 7 8 7 6 6 0 6 7 7 8 11 17 17 9 8 8 8 8 7 7 7 6 8 8 8 8 11 16 17
4 0 8 7 8 7 8 7 6 7 0 6 7 7 8 11 17 18 10 8 8 8 8 7 7 7 6 8 9 8 8 11 17 18
4 0 7 7 8 7 8 7 6 7 0 6 7 7 8 12 18 17 9 8 8 8 8 7 7 7 6 8 9 8 8 11 17 18
4 0 7 7 8 7 8 7 6 6 0 6 7 7 8 11 16 16 9 8 8 7 8 7 7 7 6 8 8 8 7 11 16 18
4 0 7 7 8 7 8 7 6 6 0 5 7 7 8 12 18 18 9 8 8 7 8 7 7 7 6 8 8 8 7 11 16 19
4 0 7 7 8 7 8 7 6 6 0 6 7 6 8 11 16 17 9 8 8 7 8 7 7 7 6 7 8 8 7 11 17 18
4 0 7 7 8 7 7 7 6 6 0 5 7 6 8 11 16 16 9 8 8 7 8 7 7 7 6 8 8 8 7 11 16 18
4 0 7 7 8 7 7 6 6 6 0 5 6 6 8 11 16 16 9 8 7 7 7 7 7 6 6 7 8 7 7 11 16 18
4 0 7 7 8 7 8 7 6 6 0 5 7 7 8 11 16 16 10 8 8 8 8 7 7 7 6 8 8 8 7 11 17 17
4 0 7 6 7 6 7 6 6 6 0 5 6 6 8 11 16 16 9 7 7 7 7 6 7 6 6 7 8 7 7 11 16 17
4 0 7 6 8 7 7 6 6 6 0 5 6 6 8 11 16 16 8 7 7 7 7 7 7 6 6 7 8 7 7 11 17 18
4 0 7 6 8 7 7 7 6 7 0 5 7 6 8 11 16 16 9 8 8 7 8 7 7 7 6 7 8 8 7 11 16 18
4 0 7 6 7 6 7 6 5 6 0 5 6 6 7 11 16 17 9 7 7 6 7 6 6 6 5 7 7 7 7 11 16 18
4 0 7 6 7 6 6 6 5 6 0 5 6 6 7 10 16 16 8 7 6 6 6 6 6 6 5 6 7 7 6 10 16 18
4 0 6 6 7 6 6 6 5 6 0 5 6 6 8 11 16 16 8 7 6 6 6 6 6 6 5 6 7 7 7 11 17 18
4 0 6 6 6 6 6 6 5 5 0 4 6 5 7 10 15 15 8 6 6 6 6 6 6 6 5 6 7 6 6 10 15 17
4 0 6 6 7 6 6 6 5 6 0 4 6 5 7 10 15 15 8 7 6 6 6 6 6 6 5 6 7 7 6 10 16 18
4 0 6 6 7 6 6 6 5 5 0 4 6 5 7 10 15 16 8 7 6 6 6 6 6 6 5 6 7 6 6 10 15 17
4 0 6 6 7 6 7 6 5 6 0 5 6 6 7 10 15 15 8 7 7 7 7 6 6 6 5 7 7 7 6 10 15 16
4 0 6 6 7 6 6 6 5 6 0 5 6 6 7 10 15 15 8 7 6 6 6 6 6 6 5 6 7 7 6 10 15 16
4 0 6 6 7 6 6 6 5 6 0 5 6 6 7 10 15 15 8 7 6 6 6 6 6 6 5 7 7 7 7 10 15 16
4 0 7 6 7 6 7 6 5 6 0 5 6 6 8 10 15 16 9 7 7 7 7 6 6 6 6 7 8 7 7 11 15 16
4 0 6 5 6 5 6 5 5 5 0 4 5 5 7 10 15 15 7 6 6 5 6 5 5 5 4 6 6 6 6 10 14 15
4 0 6 5 6 5 6 5 5 5 0 4 5 5 6 9 15 15 7 6 6 6 6 5 5 5 5 6 6 6 6 9 14 15
4 0 6 5 6 5 5 5 4 5 0 4 5 5 6 9 14 14 7 6 6 5 6 5 5 5 4 5 6 6 6 9 14 14
4 0 6 5 6 5 5 5 4 5 0 4 5 5 6 10 15 14 8 6 6 5 6 5 5 5 4 5 6 6 6 10 15 15
4 0 6 5 6 6 6 5 5 5 0 5 5 5 7 9 14 15 8 7 6 6 6 6 6 5 5 6 6 6 6 10 13 14
4 0 6 5 6 5 6 5 5 5 0 4 5 5 6 9 14 14 8 6 6 5 6 5 5 5 4 6 6 6 6 9 13 14
4 0 6 5 6 5 6 5 4 5 0 4 5 5 6 9 13 13 10 7 6 6 6 5 5 5 4 6 6 6 6 9 13 14
4 0 10 9 11 9 10 9 8 8 0 7 8 8 9 14 23 23 10 10 10 10 10 9 9 9 8 10 10 10 9 13 24 22
4 0 10 9 11 9 10 9 8 8 0 7 8 8 9 14 23 22 11 10 10 10 10 9 9 9 8 10 10 10 9 13 24 22
4 0 11 10 11 10 11 9 8 9 0 8 9 9 10 15 24 22 11 11 11 10 11 10 10 9 8 10 11 10 10 15 25 22
4 0 11 9 11 9 10 9 8 8 0 7 9 8 10 14 23 22 11 10 10 10 10 9 9 9 8 10 10 10 9 14 24 22
4 0 10 9 11 9 10 9 8 8 0 7 9 8 10 14 23 22 11 10 10 10 10 9 10 9 8 10 11 10 9 13 24 23
4 0 10 8 10 9 9 8 7 8 0 7 8 8 9 13 23 21 11 9 9 9 9 9 9 8 8 9 10 9 8 13 24 22
4 0 10 8 10 9 10 9 8 8 0 7 8 8 9 13 23 22 11 9 9 9 10 9 9 9 8 10 10 10 8 13 23 21
4 0 10 8 10 9 10 9 8 8 0 7 8 8 9 13 24 22 11 10 10 9 10 9 9 9 8 10 11 10 9 13 24 22
4 0 10 8 10 9 10 9 8 8 0 7 9 8 9 14 24 22 12 10 9 9 10 9 9 9 8 10 11 10 9 13 26 23
4 0 10 9 10 9 9 8 8 8 0 7 8 8 9 13 24 22 11 9 9 9 9 9 9 8 8 10 10 9 8 13 25 22
4 0 10 8 9 8 9 8 7 7 0 7 8 8 9 13 25 22 12 9 9 9 9 8 8 8 7 9 9 9 8 13 25 22
4 0 10 9 11 10 10 9 8 8 0 8 9 9 9 13 24 22 12 10 10 10 10 9 10 9 8 10 11 10 9 13 24 23
4 0 9 8 9 8 8 8 7 7 0 6 8 8 9 12 24 23 11 8 8 8 9 8 8 8 7 9 9 9 8 12 22 21
4 0 9 7 9 8 8 7 7 7 0 6 7 7 8 12 23 21 11 8 8 8 8 8 8 7 7 9 9 9 8 12 22 21
4 0 9 7 9 8 8 7 7 7 0 6 7 7 9 13 22 21 11 9 8 8 8 8 8 7 7 9 9 9 8 12 23 22
4 0 9 7 8 7 8 7 6 7 0 6 7 7 9 12 23 21 10 8 8 8 8 8 8 7 7 8 9 9 8 12 22 21
4 0 9 7 8 7 8 7 6 6 0 6 7 7 8 12 22 21 10 8 8 7 8 7 7 7 6 8 8 8 7 11 22 21
4 0 9 7 9 8 8 7 7 7 0 6 7 7 8 12 23 23 10 8 8 8 8 8 8 7 7 8 9 8 8 12 22 21
4 0 9 7 8 7 8 7 6 7 0 6 7 7 8 12 22 21 10 8 8 7 8 7 7 7 6 8 8 8 7 11 21 20
4 0 9 7 8 7 8 7 6 6 0 6 7 6 8 12 22 21 10 8 8 7 8 7 7 7 6 8 8 8 7 12 21 20
4 0 9 7 8 7 8 7 6 6 0 5 7 6 8 12 22 21 10 8 8 7 8 7 7 7 6 8 8 8 7 12 22 20
4 0 9 7 9 7 8 7 6 6 0 6 7 7 8 12 23 22 10 8 8 8 8 8 8 7 6 8 9 8 8 12 22 20
4 0 10 8 9 8 9 8 7 7 0 6 8 8 9 13 24 24 11 9 9 8 9 8 8 8 7 9 10 10 9 13 22 20
4 0 10 8 9 8 9 8 7 7 0 6 8 8 9 13 24 22 11 9 9 8 9 8 8 8 7 9 10 10 9 13 23 20
4 0 9 7 9 8 8 8 7 7 0 6 7 7 9 13 23 21 11 9 8 8 9 8 8 8 7 9 9 9 8 12 22 20
4 0 10 8 9 8 8 8 7 7 0 6 8 7 9 13 23 21 11 9 9 8 9 8 8 8 7 9 9 9 8 12 21 20
4 0 10 8 9 8 8 8 7 7 0 6 7 7 9 13 25 21 11 9 8 8 9 8 8 7 7 8 9 9 8 12 24 22
4 0 10 8 9 8 9 8 7 7 0 6 7 7 8 12 21 19 11 9 9 8 9 8 8 8 7 9 9 9 8 11 21 20
4 0 9 7 8 7 8 7 7 7 0 6 7 7 8 12 20 19 10 8 8 8 8 8 8 7 7 8 9 8 7 11 20 19
4 0 10 9 10 8 9 8 7 7 0 6 8 7 9 12 20 19 11 10 9 9 9 8 8 8 7 9 9 9 8 11 21 19
4 0 9 7 9 8 8 8 7 7 0 6 7 7 8 12 20 18 10 8 8 8 8 8 8 7 7 8 9 8 8 11 20 19
4 0 9 8 9 8 9 8 7 7 0 6 8 8 9 12 20 18 10 9 9 8 9 8 8 8 7 9 9 9 8 12 20 19
4 0 9 8 9 8 8 8 7 7 0 6 7 7 9 12 22 22 10 8 8 8 9 8 8 8 7 9 9 9 8 12 21 20
4 0 9 8 9 8 9 8 7 7 0 6 7 7 8 12 21 20 10 9 9 8 9 8 8 8 7 9 9 9 8 12 20 18
4 0 10 8 9 8 9 8 7 7 0 7 8 8 9 13 23 24 10 9 9 8 9 8 8 8 7 9 10 9 9 12 20 20
4 0 9 8 9 8 9 8 7 7 0 6 8 7 9 13 20 20 11 9 9 8 9 8 8 8 7 9 9 9 8 12 19 19
4 0 10 8 9 8 9 8 7 7 0 6 7 7 8 12 20 20 11 9 9 8 9 8 8 8 7 9 9 9 8 12 20 21
4 0 10 8 9 8 9 8 7 7 0 6 8 7 9 12 20 20 11 9 9 8 9 8 8 8 7 9 9 9 8 12 19 19
4 0 10 8 9 8 8 7 7 7 0 6 7 7 9 13 20 21 12 9 8 8 9 8 8 7 7 8 9 9 8 13 22 21
4 0 10 8 9 8 8 8 7 7 0 6 8 7 9 13 20 21 11 9 9 8 9 8 8 8 7 9 9 9 8 14 22 20
4 0 10 8 9 8 9 8 7 7 0 7 8 8 9 13 20 20 11 9 9 8 9 8 8 8 7 9 10 9 9 13 20 22
4 0 12 10 11 10 10 9 8 9 0 7 9 9 13 18 24 23 12 11 11 10 11 10 10 9 8 10 11 11 12 19 29 24
4 0 11 9 10 9 9 8 8 8 0 7 9 8 10 14 20 20 12 10 10 9 10 9 9 8 8 10 10 10 9 14 22 20
4 0 11 9 10 9 9 8 7 8 0 7 9 8 10 14 20 21 12 10 10 9 10 9 9 9 8 10 10 10 10 15 23 20
4 0 11 8 10 8 9 8 7 7 0 6 8 8 10 14 21 21 12 10 9 9 9 8 8 8 7 9 10 9 9 14 22 21
4 0 11 8 9 8 9 8 7 7 0 7 8 8 10 14 21 22 12 10 9 9 9 8 8 8 7 9 10 9 9 15 23 23
4 0 11 8 9 8 9 8 7 7 0 6 8 8 9 13 20 21 12 10 9 9 9 8 8 8 7 9 10 9 9 14 22 23
4 0 13 10 11 9 10 9 8 9 0 7 9 8 10 14 22 23 14 11 10 10 10 9 9 9 8 10 10 10 10 15 23 25
4 0 12 10 11 9 10 9 8 8 0 7 9 8 10 14 21 22 13 11 10 10 10 9 9 9 8 10 10 10 10 16 24 23
4 0 11 9 10 8 9 8 7 8 0 7 8 8 10 13 20 21 12 10 9 9 9 9 9 8 7 9 10 10 9 14 22 22
4 0 11 9 10 8 9 8 7 8 0 7 8 8 10 13 20 21 12 10 10 9 10 9 9 8 7 10 10 10 9 15 22 23
4 0 11 9 10 9 10 8 8 8 0 7 9 9 10 14 20 21 13 11 10 9 10 9 9 9 8 10 11 10 10 15 22 23
4 0 11 8 10 8 9 8 7 8 0 6 8 8 10 13 21 23 13 10 9 9 9 8 8 8 7 9 10 9 9 14 23 24
4 0 12 9 10 9 9 8 7 8 0 7 8 8 10 14 19 20 13 10 10 9 10 9 9 8 7 9 10 9 9 14 21 22
4 0 11 8 10 8 9 8 7 8 0 6 8 8 9 13 19 20 12 10 9 9 9 8 8 8 7 9 10 9 9 14 21 22
4 0 11 8 10 8 9 8 7 7 0 6 8 8 9 13 19 20 12 10 9 9 9 8 8 8 7 9 10 9 9 15 22 23
4 0 11 8 10 8 9 8 7 8 0 6 8 8 10 14 20 20 13 10 9 9 9 8 8 8 7 9 10 9 9 15 22 23
4 0 11 9 10 9 9 8 7 8 0 7 8 8 10 13 20 21 13 10 10 9 10 9 9 8 7 9 10 9 9 15 22 23
4 0 11 8 9 8 8 7 7 7 0 6 7 7 9 14 20 21 12 9 9 8 9 8 8 8 7 9 9 9 9 15 22 22
4 0 11 8 9 8 8 7 6 7 0 6 7 7 9 13 19 20 12 9 9 8 9 8 8 7 7 8 9 9 9 15 21 22
4 0 11 8 9 7 8 7 6 7 0 6 7 7 9 13 21 26 11 9 8 8 8 7 7 7 6 8 9 9 9 14 21 22
4 0 10 8 9 8 8 7 6 7 0 6 7 7 9 13 19 19 11 9 9 8 8 8 8 7 7 8 9 9 9 14 21 23
4 0 11 8 9 8 8 7 7 7 0 6 8 7 10 13 19 19 12 10 9 8 9 8 8 8 7 9 9 9 9 14 21 23
4 0 10 8 9 7 8 7 6 7 0 6 7 7 9 12 19 18 11 9 8 8 8 8 8 7 7 8 9 8 9 14 21 21
4 0 10 8 9 8 8 7 6 7 0 6 7 7 9 12 18 18 11 9 9 8 8 8 8 7 7 8 9 9 8 14 21 21
4 0 10 7 8 7 8 7 6 7 0 6 7 7 9 13 19 18 10 9 8 8 8 7 7 7 6 8 9 8 9 14 21 22
4 0 11 8 8 7 8 7 6 7 0 6 7 7 9 13 20 20 11 9 8 8 8 7 7 7 6 8 9 8 8 14 24 21
4 0 11 8 9 7 8 7 6 7 0 6 7 7 10 14 20 18 11 9 8 8 8 7 7 7 6 8 9 8 9 16 23 23
4 0 10 8 9 7 8 7 6 7 0 6 7 7 9 12 19 18 10 9 8 8 8 7 8 7 7 8 9 8 8 13 20 21
4 0 10 8 9 8 8 7 6 7 0 6 7 7 9 13 19 18 10 9 8 8 8 8 7 7 6 8 9 8 9 15 21 20
4 0 9 7 7 6 7 6 5 6 0 5 6 6 7 10 17 17 9 8 7 7 7 6 6 6 6 7 7 7 7 11 17 20
4 0 10 7 8 7 7 6 6 6 0 5 6 6 7 10 17 17 10 8 8 7 7 7 7 6 6 7 8 7 7 11 17 19
4 0 8 7 7 6 7 6 5 6 0 5 6 6 8 12 20 19 8 7 7 7 7 7 6 6 5 7 7 7 8 12 18 20
4 0 9 6 8 7 7 6 6 6 0 5 6 6 8 12 22 21 9 7 7 7 7 7 7 6 6 7 8 7 7 12 21 25
4 0 8 6 8 6 7 6 5 6 0 5 6 6 7 10 17 17 8 7 7 7 7 6 6 6 5 7 7 7 7 11 16 17
4 0 9 7 8 7 8 7 6 7 0 5 7 6 8 11 17 16 10 8 8 8 8 7 7 7 6 8 8 8 7 11 15 18
4 0 7 5 7 6 6 6 5 5 0 5 6 6 7 11 17 15 7 6 6 6 6 6 6 6 5 7 7 7 7 11 15 16
4 0 7 6 7 6 6 6 5 5 0 4 6 6 7 11 18 15 7 7 6 6 6 6 6 6 5 7 7 7 7 11 15 16
4 0 7 5 6 6 6 5 5 5 0 4 5 5 7 11 18 15 7 6 6 6 6 6 6 5 5 6 7 6 7 10 17 18
4 0 7 6 7 6 6 6 5 5 0 5 6 6 7 11 17 15 7 6 6 6 6 6 6 6 5 6 7 7 7 11 16 17
4 0 7 6 7 6 6 6 5 5 0 5 6 6 7 10 18 15 7 6 6 6 6 6 6 6 5 6 7 7 7 10 16 17
4 0 7 6 7 6 7 6 5 6 0 5 6 6 7 10 17 15 8 7 7 7 7 6 6 6 6 7 8 7 7 10 15 16
4 0 7 6 7 6 6 6 5 6 0 5 6 6 8 11 17 15 7 6 6 6 6 6 6 6 5 7 7 7 7 11 16 17
4 0 7 6 6 6 6 5 5 6 0 5 6 6 7 10 17 16 7 6 6 6 6 6 6 6 5 6 7 7 7 11 17 20
4 0 7 6 7 6 6 6 5 5 0 5 6 6 7 10 17 16 8 7 6 6 7 6 6 6 5 7 7 7 7 10 16 16
4 0 7 6 7 6 7 6 5 5 0 5 7 7 7 10 19 17 8 7 7 7 7 6 7 6 6 7 8 8 7 10 18 17
4 0 7 6 7 6 6 6 5 5 0 5 6 6 8 10 18 16 8 7 7 6 7 6 6 6 5 7 8 7 7 11 16 16
4 0 1 1 0 1 1 1 1 1 0 1 1 1 1 0 0 0 0 1 0 1 0 1 1 1 1 0 0 1 1 0 0 0
4 0 1 1 0 1 1 1 1 1 0 1 1 1 1 0 0 0 0 0 0 1 0 1 1 1 1 0 0 1 1 1 0 0
4 0 1 1 0 1 1 1 1 1 0 1 1 1 1 0 0 0 0 0 0 1 0 1 1 1 1 1 0 1 1 1 0 0
4 0 1 1 0 1 1 1 1 1 0 1 1 1 1 0 0 0 0 0 0 1 0 1 1 1 1 1 0 1 1 1 0 0
4 0 1 1 0 1 1 1 1 1 0 1 1 1 1 0 0 0 0 1 0 0 0 1 1 1 1 0 0 1 1 0 0 0
4 0 1 1 0 1 1 1 1 1 0 1 1 1 1 0 0 0 0 1 0 0 0 1 1 1 1 0 0 0 1 0 0 0
4 0 1 1 0 1 1 1 1 1 0 1 1 1 1 0 0 0 0 0 0 0 0 1 1 1 1 0 0 0 1 0 0 0
4 0 1 1 0 1 1 1 1 1 0 1 1 1 1 0 0 0 0 0 0 0 0 1 1 1 1 0 0 1 1 0 0 0
4 0 1 1 0 1 1 1 1 2 0 1 1 1 1 0 0 0 1 1 0 1 0 1 1 1 1 0 0 1 1 0 0 0
4 0 1 1 0 1 1 1 1 2 0 1 1 1 1 1 0 0 1 1 0 1 0 1 1 1 1 1 0 1 1 1 0 0
4 0 1 1 0 1 1 1 1 1 0 1 1 1 1 0 0 0 1 1 0 1 0 1 1 1 1 0 0 1 1 1 0 0
4 0 1 1 0 1 1 1 1 1 0 1 1 1 1 0 0 0 0 0 0 1 0 1 1 1 1 0 0 1 1 1 0 0
4 0 1 1 0 1 1 1 1 2 0 1 1 1 1 0 0 0 1 0 0 1 0 1 1 1 1 0 0 1 1 1 0 0
4 0 1 1 1 1 1 1 2 2 0 1 1 1 1 1 0 0 1 1 1 1 1 1 1 1 1 1 1 1 1 1 0 0
4 0 1 1 0 1 1 1 1 1 0 1 1 1 1 0 0 0 0 1 0 0 0 1 1 1 1 0 0 0 1 0 0 0
4 0 1 1 0 1 1 1 1 2 0 1 1 1 1 0 0 0 0 0 0 0 0 1 1 1 1 0 0 0 1 0 0 0
4 0 1 1 0 1 1 1 1 1 0 1 1 1 1 0 0 0 0 0 0 0 0 1 1 1 1 0 0 0 1 0 0 0
4 0 1 1 0 1 1 1 1 1 0 1 1 1 1 0 0 0 0 0 0 0 0 1 1 1 1 0 0 0 1 0 0 0
4 0 1 1 0 1 1 1 1 1 0 1 1 1 1 0 0 0 0 0 0 0 0 1 1 1 1 0 0 0 1 0 0 0
4 0 1 1 0 1 1 1 1 1 0 1 1 1 1 0 0 0 0 0 0 0 0 1 1 1 1 0 0 1 1 0 0 0
4 0 1 1 0 1 1 1 1 1 0 1 1 1 1 0 0 0 1 1 0 0 0 1 1 1 1 0 0 1 1 0 0 0
4 0 1 1 0 1 1 1 1 1 0 1 1 1 1 0 0 0 1 0 0 1 0 1 1 1 1 0 0 1 1 0 0 0
4 0 1 1 0 1 1 1 1 1 0 1 1 1 1 0 0 0 1 1 0 0 0 1 1 1 1 0 0 0 1 0 0 0
4 0 1 1 0 1 1 1 1 1 0 1 1 1 1 0 0 0 1 1 0 0 0 1 1 1 1 0 0 1 1 1 0 0
4 0 1 1 0 1 1 1 1 1 0 1 1 1 1 0 0 0 1 1 0 0 0 1 1 1 1 0 0 0 1 0 0 0
4 0 1 1 0 1 0 1 1 1 0 1 1 1 1 0 0 0 0 0 0 0 0 1 1 1 1 0 0 0 1 0 0 0
4 0 1 1 0 1 1 1 1 1 0 1 1 1 1 0 0 0 0 1 0 0 0 1 1 1 1 0 0 0 1 0 0 0
4 0 1 1 0 1 1 1 1 1 0 1 1 1 1 0 0 0 0 0 0 0 0 1 1 1 1 0 0 1 1 0 0 0
4 0 1 1 0 1 1 1 1 1 0 1 1 1 1 0 0 0 0 1 0 0 0 1 1 1 1 0 0 0 1 0 0 0
4 0 1 1 0 1 1 1 1 1 0 1 1 1 1 0 0 0 1 1 0 1 0 1 1 1 1 0 0 1 1 0 0 0
4 0 1 1 0 1 1 1 1 1 0 1 1 1 1 0 0 0 0 1 0 1 0 1 1 1 1 0 0 1 1 0 0 0
4 0 1 1 0 1 1 1 1 1 0 1 1 1 1 0 0 0 1 1 0 0 0 1 1 1 1 0 0 1 1 0 0 0
4 0 1 1 0 1 1 1 1 2 0 1 1 1 1 1 0 0 1 1 0 1 0 1 1 1 1 0 0 1 1 1 0 0
4 0 1 1 0 1 1 1 1 2 0 1 1 1 1 0 0 0 1 1 0 0 0 1 1 1 1 0 0 1 1 0 0 0
4 0 1 1 0 1 1 1 1 2 0 1 1 1 1 0 0 0 1 1 0 0 0 1 1 1 1 0 0 1 1 0 0 0
4 0 1 1 1 1 1 1 1 2 0 1 1 1 1 0 0 0 1 1 0 0 0 1 1 1 1 0 0 1 1 0 0 0
4 0 1 1 0 1 1 1 1 2 0 1 1 1 1 0 0 0 0 1 0 0 0 1 1 1 1 0 0 1 1 0 0 0
4 0 1 1 0 1 1 1 1 2 0 1 1 1 1 0 0 0 0 1 0 0 0 1 1 1 1 0 0 1 1 0 0 0
4 0 1 1 0 1 1 1 1 2 0 1 1 1 1 0 0 0 0 1 0 1 0 1 1 1 1 0 0 1 1 0 0 0
4 0 1 1 1 1 1 1 2 2 0 1 1 1 1 1 0 0 1 1 0 1 0 1 1 1 1 1 0 1 1 1 0 0
4 0 1 1 1 1 1 1 2 2 0 1 1 1 1 1 0 0 1 1 1 1 1 1 1 1 1 1 1 1 1 1 0 0
4 0 1 1 1 1 1 1 1 2 0 1 1 1 1 0 0 0 1 1 0 1 0 1 1 1 1 0 0 1 1 0 0 0
4 0 1 1 1 1 1 1 2 2 0 1 1 1 1 1 0 0 1 1 1 1 1 1 1 1 1 1 1 1 1 1 0 0
4 0 1 1 1 1 1 1 2 2 0 1 1 1 1 0 0 0 1 1 0 1 0 1 1 1 1 1 1 1 1 1 0 0
4 0 1 1 1 1 1 1 1 2 0 1 1 1 1 0 0 0 1 1 0 1 0 1 1 1 1 1 0 1 1 1 0 0
4 0 1 1 1 1 1 1 1 2 0 1 1 1 1 0 0 0 1 1 0 1 0 1 1 1 1 0 0 1 1 0 0 0
4 0 1 1 1 1 1 1 1 2 0 1 1 1 1 0 0 0 1 1 0 1 0 1 1 1 1 0 0 1 1 0 0 0
4 0 1 1 1 1 1 1 1 2 0 1 1 1 1 0 0 0 1 1 0 1 0 1 1 1 1 1 0 1 1 0 0 0
4 0 1 1 0 1 1 1 1 2 0 1 1 1 1 0 0 0 1 1 0 1 0 1 1 1 1 0 0 1 1 0 0 0
4 0 1 1 0 1 1 1 1 2 0 1 1 1 1 0 0 0 1 1 0 1 0 1 1 1 1 0 0 1 1 1 0 0
4 0 1 1 0 1 1 1 1 2 0 1 1 1 1 0 0 0 1 1 0 1 0 1 1 1 1 1 0 1 1 1 0 0
4 0 1 1 0 1 1 1 1 2 0 1 1 1 1 0 0 0 1 1 0 1 0 1 1 1 1 1 0 1 1 1 0 0
4 0 1 1 0 1 1 1 1 2 0 1 1 1 1 0 0 0 1 1 0 1 0 1 1 1 1 0 0 1 1 1 0 0
4 0 1 1 1 1 1 1 1 2 0 1 1 1 1 0 0 0 1 1 0 1 0 1 1 1 1 1 1 1 1 1 0 0
4 0 1 1 1 1 1 1 1 2 0 1 1 1 1 1 0 0 1 1 0 1 1 1 1 1 1 1 1 1 1 1 0 0
4 0 1 1 1 1 1 1 2 2 0 1 1 1 1 1 0 0 1 1 1 1 1 1 1 1 1 1 1 1 1 1 0 0
4 0 1 1 1 1 1 1 1 2 0 1 1 1 1 0 0 0 1 1 0 1 0 1 1 1 1 1 0 1 1 0 0 0
4 0 1 1 0 1 1 1 1 2 0 1 1 1 1 0 0 0 1 1 0 1 0 1 1 1 1 0 0 1 1 0 0 0
4 0 1 1 0 1 1 1 1 2 0 1 1 1 1 0 0 0 1 1 0 1 0 1 1 1 1 0 0 1 1 0 0 0
4 0 1 1 0 1 1 1 1 2 0 1 1 1 1 0 0 0 1 1 0 1 0 1 1 1 1 0 0 1 1 0 0 0
4 0 1 1 0 1 1 1 1 2 0 1 1 1 1 0 0 0 1 1 0 1 0 1 1 1 1 0 0 1 1 1 0 0
4 0 1 1 0 1 1 1 1 2 0 1 1 1 1 0 0 0 1 0 0 0 0 1 1 1 1 0 0 1 1 0 0 0
4 0 1 1 0 1 1 1 1 2 0 1 1 1 1 0 0 0 1 1 0 1 0 1 1 1 1 0 0 1 1 1 0 0
4 0 1 1 0 1 1 1 1 1 0 1 1 1 1 0 0 0 1 0 0 1 0 1 1 1 1 0 0 1 1 1 0 0
4 0 1 1 0 1 1 1 1 2 0 1 1 1 1 0 0 0 1 1 0 1 0 1 1 1 1 0 0 1 1 1 0 0
4 0 1 1 0 1 1 1 1 2 0 1 1 1 1 0 0 0 1 1 0 1 0 1 1 1 1 1 0 1 1 1 0 0
4 0 1 1 0 1 1 1 1 1 0 1 1 1 1 0 0 0 1 1 0 0 0 1 1 1 1 0 0 1 1 0 0 0
4 0 1 1 0 1 1 1 1 1 0 1 1 1 1 0 0 0 0 0 0 0 0 1 1 1 1 0 0 1 1 0 0 0
4 0 1 1 0 1 1 1 1 1 0 1 1 1 1 0 0 0 0 0 0 0 0 1 1 1 1 0 0 0 1 0 0 0
4 0 1 1 0 1 1 1 1 1 0 1 1 1 1 0 0 0 0 0 0 1 0 1 1 1 1 0 0 1 1 0 0 0
4 0 1 1 0 1 0 1 1 1 0 1 1 1 1 0 0 0 0 0 0 0 0 1 1 1 1 0 0 0 1 0 0 0
4 0 1 1 0 1 0 1 1 1 0 1 1 1 1 0 0 0 0 0 0 1 0 1 1 1 1 0 0 1 1 0 0 0
4 0 1 1 0 1 0 1 1 1 0 1 1 1 1 0 0 0 0 0 0 1 0 1 1 1 1 0 0 1 1 0 0 0
4 0 1 1 0 1 0 1 1 1 0 1 1 1 1 0 0 0 0 1 0 0 0 0 1 1 1 0 0 0 1 0 0 0
4 0 1 1 0 1 0 1 1 1 0 1 1 1 1 0 0 0 0 0 0 0 0 0 1 1 1 0 0 0 1 0 0 0
4 0 1 1 0 1 0 1 1 1 0 1 1 1 1 0 0 0 0 0 0 0 0 0 0 1 1 0 0 0 1 0 0 0
4 0 1 1 0 1 0 1 1 1 0 1 1 1 1 0 0 0 0 0 0 0 0 0 1 1 1 0 0 0 1 0 0 0
4 0 1 1 0 1 1 1 1 1 0 1 1 1 1 0 0 0 0 0 0 0 0 1 1 1 1 0 0 0 1 0 0 0
4 0 1 1 0 1 1 1 1 1 0 1 1 1 1 0 0 0 0 1 0 0 0 1 1 1 1 0 0 0 1 0 0 0
4 0 1 1 0 1 1 1 1 1 0 1 1 1 1 0 0 0 1 1 0 0 0 1 1 1 1 0 0 1 1 0 0 0
4 0 1 1 0 1 1 1 1 1 0 1 1 1 1 0 0 0 0 0 0 1 0 1 1 1 1 0 0 1 1 0 0 0
4 0 1 1 0 1 1 1 1 1 0 1 1 1 1 0 0 0 0 0 0 1 0 1 1 1 1 0 0 1 1 0 0 0
4 0 1 1 0 1 1 1 1 1 0 1 1 1 1 0 0 0 0 0 0 1 0 1 1 1 1 0 0 1 1 0 0 0
4 0 1 1 0 1 1 1 1 1 0 1 1 1 1 0 0 0 0 0 0 0 0 1 1 1 1 0 0 1 1 0 0 0
4 0 1 1 0 1 1 1 1 1 0 1 1 1 1 0 0 0 0 0 0 0 0 1 1 1 1 0 0 0 1 0 0 0
4 0 1 1 0 1 1 1 1 1 0 1 1 1 1 0 0 0 0 0 0 0 0 1 1 1 1 0 0 0 1 0 0 0
4 0 1 1 0 1 1 1 1 1 0 1 1 1 1 0 0 0 0 0 0 0 0 1 1 1 1 0 0 0 1 0 0 0
4 0 1 1 0 1 1 1 1 1 0 1 1 1 1 0 0 0 0 0 0 0 0 1 1 1 1 0 0 0 1 0 0 0
4 0 1 1 0 1 1 1 1 2 0 1 1 1 1 0 0 0 0 0 0 1 0 1 1 1 1 0 0 1 1 1 0 0
4 0 1 1 0 1 1 1 1 1 0 1 1 1 1 0 0 0 0 0 0 1 0 1 1 1 1 0 0 1 1 0 0 0
4 0 1 1 0 1 1 1 1 1 0 1 1 1 1 0 0 0 0 0 0 1 0 1 1 1 1 0 0 1 1 0 0 0
4 0 1 1 1 1 1 1 2 2 0 1 1 1 1 1 0 0 1 1 0 1 1 1 1 1 1 1 1 1 1 1 0 0
4 0 1 1 0 1 1 1 1 2 0 1 1 1 1 0 0 0 0 0 0 1 0 1 1 1 1 0 0 1 1 0 0 0
4 0 1 1 0 1 1 1 1 1 0 1 1 1 1 0 0 0 0 1 0 0 0 1 1 1 1 0 0 1 1 0 0 0
4 0 1 1 0 1 1 1 1 1 0 1 1 1 1 0 0 0 0 0 0 0 0 1 1 1 1 0 0 0 1 0 0 0
4 0 1 1 0 1 1 1 1 1 0 1 1 1 1 0 0 0 0 0 0 0 0 1 1 1 1 0 0 1 1 0 0 0
4 0 1 1 0 1 1 1 1 1 0 1 1 1 1 0 0 0 0 0 0 0 0 1 1 1 1 0 0 1 1 0 0 0
4 0 1 1 0 1 0 1 1 1 0 1 1 1 1 0 0 0 0 1 0 0 0 1 1 1 1 0 0 1 1 0 0 0
4 0 1 1 0 1 0 1 1 1 0 1 1 1 1 0 0 0 0 0 0 1 0 1 1 1 1 0 0 1 1 1 0 0
4 0 1 1 0 1 0 1 1 1 0 1 1 1 1 0 0 0 0 0 0 1 0 1 1 1 1 0 0 1 1 0 0 0
4 0 1 1 0 1 0 1 1 1 0 1 1 1 1 0 0 0 0 0 0 0 0 1 1 1 1 0 0 0 1 0 0 0
4 0 1 1 0 1 0 1 1 1 0 1 1 1 1 0 0 0 0 0 0 0 0 1 0 1 1 0 0 0 1 0 0 0
4 0 1 1 0 1 0 1 1 1 0 1 1 1 1 0 0 0 0 0 0 0 0 1 1 1 1 0 0 0 1 0 0 0
4 0 1 1 0 1 1 1 1 1 0 1 1 1 1 0 0 0 0 0 0 0 0 1 1 1 1 0 0 1 1 0 0 0
4 0 1 1 0 1 1 1 1 2 0 1 1 1 1 0 0 0 0 0 0 0 0 1 1 1 1 0 0 0 1 0 0 0
4 0 1 1 0 1 1 1 1 1 0 1 1 1 1 0 0 0 0 0 0 0 0 1 1 1 1 0 0 0 1 0 0 0
4 0 1 1 0 1 1 1 1 1 0 1 1 1 1 0 0 0 0 0 0 0 0 1 1 1 1 0 0 0 1 0 0 0
4 0 1 1 0 1 1 1 1 1 0 1 1 1 1 0 0 0 0 0 0 1 0 1 1 1 1 0 0 1 1 0 0 0
4 0 1 1 0 1 0 1 1 1 0 1 1 1 1 0 0 0 0 0 0 1 0 1 1 1 1 0 0 1 1 1 0 0
4 0 1 1 0 1 0 1 1 1 0 1 1 1 1 0 0 0 0 0 0 1 0 1 1 1 1 0 0 1 1 0 0 0
4 0 1 1 0 1 0 1 1 1 0 1 1 1 1 0 0 0 0 0 0 1 0 1 1 1 1 0 0 0 1 0 0 0
4 0 1 1 0 1 0 1 1 1 0 1 1 1 1 0 0 0 0 0 0 0 0 1 1 1 1 0 0 0 1 0 0 0
4 0 1 1 0 1 0 1 1 1 0 1 1 1 1 0 0 0 0 0 0 0 0 1 1 1 1 0 0 0 1 0 0 0
4 0 1 1 0 0 0 1 1 1 0 1 1 1 1 0 0 0 0 0 0 0 0 1 0 1 1 0 0 0 1 0 0 0
4 0 1 1 0 1 1 1 1 1 0 1 1 1 1 0 0 0 0 1 0 0 0 1 1 1 1 0 0 0 1 0 0 0
4 0 1 1 0 1 1 1 1 1 0 1 1 1 1 0 0 0 0 0 0 0 0 1 1 1 1 0 0 0 1 0 0 0
4 0 1 1 0 1 1 1 1 1 0 1 1 1 1 0 0 0 0 0 0 0 0 1 1 1 1 0 0 0 1 0 0 0
4 0 1 1 0 1 1 1 1 1 0 1 1 1 1 0 0 0 0 0 0 0 0 1 1 1 1 0 0 1 1 0 0 0
4 0 1 1 0 1 1 1 1 1 0 1 1 1 1 0 0 0 0 0 0 1 0 1 1 1 1 0 0 1 1 0 0 0
4 0 1 1 0 1 0 1 1 1 0 1 1 1 1 0 0 0 0 0 0 1 0 1 1 1 1 0 0 1 1 0 0 0
4 0 1 1 0 1 0 1 1 1 0 1 1 1 1 0 0 0 0 0 0 1 0 1 1 1 1 0 0 1 1 1 0 0
4 0 1 1 0 1 0 1 1 1 0 1 1 1 1 0 0 0 0 0 0 1 0 1 1 1 1 0 0 0 1 0 0 0
4 0 1 1 0 0 0 1 1 1 0 1 1 1 1 0 0 0 0 0 0 0 0 0 1 1 1 0 0 0 1 0 0 0
4 0 1 1 0 0 0 1 1 1 0 1 1 1 1 0 0 0 0 0 0 0 0 0 1 1 1 0 0 0 1 0 0 0
4 0 1 1 0 1 0 1 1 1 0 1 1 1 1 0 0 0 0 0 0 0 0 1 1 1 1 0 0 0 1 0 0 0
4 0 1 1 0 1 0 1 1 1 0 1 1 1 1 0 0 0 0 0 0 0 0 1 1 1 1 0 0 0 1 0 0 0
4 0 1 1 0 1 1 1 1 1 0 1 1 1 1 0 0 0 0 1 0 0 0 1 1 1 1 0 0 1 1 0 0 0
4 0 1 1 0 1 1 1 1 1 0 1 1 1 1 0 0 0 1 1 0 0 0 1 1 1 1 0 0 0 1 0 0 0
4 0 1 1 0 1 1 1 1 1 0 1 1 1 1 0 0 0 1 1 0 1 0 1 1 1 1 0 0 1 1 0 0 0
4 0 1 1 0 1 1 1 1 1 0 1 1 1 1 0 0 0 0 1 0 1 0 1 1 1 1 0 0 1 1 0 0 0
4 0 1 1 0 1 1 1 1 2 0 1 1 1 1 0 0 0 0 0 0 1 0 1 1 1 1 0 0 1 1 1 0 0
4 0 1 1 0 1 0 1 1 1 0 1 1 1 1 0 0 0 0 0 0 0 0 1 1 1 1 0 0 0 1 0 0 0
4 0 1 1 0 1 0 1 1 1 0 1 1 1 1 0 0 0 1 1 0 0 0 1 1 1 1 0 0 1 1 0 0 0
4 0 1 1 0 0 0 1 1 1 0 1 1 1 1 0 0 0 0 1 0 0 0 0 0 1 1 0 0 0 1 0 0 0
4 0 1 1 0 1 1 1 1 2 0 1 1 1 1 0 0 0 0 1 0 0 0 1 1 1 1 0 0 0 1 0 0 0
4 0 1 1 0 1 0 1 1 1 0 1 1 1 1 0 0 0 0 1 0 0 0 1 1 1 1 0 0 0 1 0 0 0
4 0 1 1 0 1 0 1 1 1 0 1 1 1 1 0 0 0 0 1 0 0 0 1 1 1 1 0 0 1 1 0 0 0
4 0 1 1 0 1 1 1 1 2 0 1 1 1 1 0 0 0 1 1 0 1 0 1 1 1 1 0 0 1 1 0 0 0
4 0 1 1 0 1 1 1 1 1 0 1 1 1 1 0 0 0 1 1 0 0 0 1 1 1 1 0 0 1 1 0 0 0
4 0 1 1 0 1 1 1 1 1 0 1 1 1 1 0 0 0 0 1 0 1 0 1 1 1 1 0 0 1 1 0 0 0
4 0 1 1 0 1 1 1 1 1 0 1 1 1 1 0 0 0 1 1 0 1 0 1 1 1 1 0 0 1 1 1 0 0
4 0 1 1 0 1 1 1 1 1 0 1 1 1 1 0 0 0 0 0 0 1 0 1 1 1 1 0 0 1 1 1 0 0
4 0 1 1 0 1 0 1 1 1 0 1 1 1 1 0 0 0 0 0 0 0 0 1 1 1 1 0 0 0 1 0 0 0
4 0 1 1 0 1 0 1 1 1 0 1 1 1 1 0 0 0 0 1 0 0 0 1 1 1 1 0 0 0 1 0 0 0
4 0 1 1 0 1 0 1 1 1 0 1 1 1 1 0 0 0 0 0 0 0 0 1 1 1 1 0 0 1 1 0 0 0
4 0 1 1 0 1 0 1 1 1 0 1 1 1 1 0 0 0 0 0 0 0 0 1 1 1 1 0 0 0 1 0 0 0
4 0 1 1 0 1 0 1 1 1 0 1 1 1 1 0 0 0 0 0 0 0 0 1 1 1 1 0 0 0 1 0 0 0
4 0 1 1 0 1 0 1 1 1 0 1 1 1 1 0 0 0 0 1 0 0 0 1 1 1 1 0 0 0 1 0 0 0
4 0 1 1 0 1 1 1 1 2 0 1 1 1 1 0 0 0 1 1 0 1 0 1 1 1 1 0 0 1 1 1 0 0
4 0 1 1 0 1 1 1 1 1 0 1 1 1 1 0 0 0 0 1 0 1 0 1 1 1 1 0 0 1 1 0 0 0
4 0 1 1 0 1 1 1 1 1 0 1 1 1 1 0 0 0 0 0 0 1 0 1 1 1 1 0 0 1 1 1 0 0
4 0 1 1 0 1 1 1 1 1 0 1 1 1 1 0 0 0 0 0 0 1 0 1 1 1 1 0 0 1 1 0 0 0
4 0 1 1 0 1 1 1 1 1 0 1 1 1 1 0 0 0 0 0 0 0 0 1 1 1 1 0 0 0 1 0 0 0
4 0 1 1 0 1 1 1 1 2 0 1 1 1 1 0 0 0 1 1 0 1 0 1 1 1 1 0 0 1 1 0 0 0
4 0 1 1 0 1 1 1 1 1 0 1 1 1 1 0 0 0 0 0 0 0 0 1 1 1 1 0 0 0 1 0 0 0
4 0 1 1 0 1 1 1 1 2 0 1 1 1 1 0 0 0 0 0 0 0 0 1 0 1 1 0 0 0 1 0 0 0
4 0 1 1 0 1 0 1 1 1 0 1 1 1 1 0 0 0 0 0 0 0 0 1 1 1 1 0 0 0 1 0 0 0
4 0 1 1 0 1 1 1 1 1 0 1 1 1 1 0 0 0 0 0 0 0 0 1 1 1 1 0 0 0 1 0 0 0
4 0 1 1 0 1 0 1 1 1 0 1 1 1 1 0 0 0 0 0 0 1 0 1 1 1 1 0 0 1 1 0 0 0
4 0 1 1 0 1 1 1 1 1 0 1 1 1 1 0 0 0 0 0 0 1 0 1 1 1 1 0 0 1 1 1 0 0
4 0 1 1 0 1 1 1 1 1 0 1 1 1 1 0 0 0 0 0 0 1 0 1 1 1 1 0 0 1 1 1 0 0
4 0 1 1 0 1 1 1 1 1 0 1 1 1 1 0 0 0 0 0 0 0 0 1 1 1 1 0 0 0 1 0 0 0
4 0 1 1 0 1 1 1 1 1 0 1 1 1 1 0 0 0 0 0 0 1 0 1 1 1 1 0 0 0 1 0 0 0
4 0 1 1 0 1 1 1 1 1 0 1 1 1 1 0 0 0 0 0 0 0 0 1 1 1 1 0 0 0 1 0 0 0
4 0 1 1 0 1 1 1 1 1 0 1 1 1 1 0 0 0 0 0 0 0 0 1 1 1 1 0 0 0 1 0 0 0
4 0 1 1 0 1 1 1 1 1 0 1 1 1 1 0 0 0 0 0 0 0 0 1 1 1 1 0 0 0 1 0 0 0
4 0 1 1 0 1 0 1 1 1 0 1 1 1 1 0 0 0 0 0 0 0 0 1 1 1 1 0 0 0 1 0 0 0
4 0 1 1 0 1 0 1 1 1 0 1 1 1 1 0 0 0 0 0 0 1 0 1 1 1 1 0 0 1 1 0 0 0
4 0 1 1 0 1 1 1 1 1 0 1 1 1 1 0 0 0 0 0 0 1 0 1 1 1 1 0 0 1 1 0 0 0
4 0 1 1 0 1 1 1 1 1 0 1 1 1 1 0 0 0 0 0 0 1 0 1 1 1 1 0 0 1 1 1 0 0
4 0 1 1 0 1 0 1 1 1 0 1 1 1 1 0 0 0 0 1 0 1 0 1 1 1 1 0 0 0 1 0 0 0
4 0 1 1 0 1 1 1 1 1 0 1 1 1 1 0 0 0 0 0 0 1 0 1 1 1 1 0 0 1 1 1 0 0
4 0 1 1 0 1 1 1 1 1 0 1 1 1 1 0 0 0 0 0 0 0 0 1 1 1 1 0 0 0 1 0 0 0
4 0 1 1 0 1 1 1 1 1 0 1 1 1 1 0 0 0 0 0 0 0 0 1 1 1 1 0 0 0 1 0 0 0
